<?xml version="1.0" encoding="UTF-8"?>
<gpx creator="StravaGPX" version="1.1" xmlns="http://www.topografix.com/GPX/1/1" xmlns:xsi="http://www.w3.org/2001/XMLSchema-instance" xsi:schemaLocation="http://www.topografix.com/GPX/1/1 http://www.topografix.com/GPX/1/1/gpx.xsd">
 <metadata>
  <name>Austria 7</name>
  <author>
   <name>Xander Staal</name>
   <link href="https://www.strava.com/athletes/2830409"/>
  </author>
  <copyright author="OpenStreetMap contributors">
   <year>2020</year>
   <license>https://www.openstreetmap.org/copyright</license>
  </copyright>
  <link href="https://www.strava.com/routes/3477047562784999514"/>
 </metadata>
 <trk>
  <name>Austria 7</name>
  <link href="https://www.strava.com/routes/3477047562784999514"/>
  <type>cycling</type>
  <trkseg>
   <trkpt lat="47.51753" lon="12.424460000000002">
    <ele>668.83</ele>
   </trkpt>
   <trkpt lat="47.517790000000005" lon="12.42384">
    <ele>666.52</ele>
   </trkpt>
   <trkpt lat="47.51805" lon="12.423390000000001">
    <ele>665.36</ele>
   </trkpt>
   <trkpt lat="47.51831000000001" lon="12.42284">
    <ele>665.21</ele>
   </trkpt>
   <trkpt lat="47.51788333816831" lon="12.422093321169823">
    <ele>664.64</ele>
   </trkpt>
   <trkpt lat="47.51745667149011" lon="12.421346654483134">
    <ele>664.49</ele>
   </trkpt>
   <trkpt lat="47.517030000000005" lon="12.4206">
    <ele>664.76</ele>
   </trkpt>
   <trkpt lat="47.516690000000004" lon="12.41994">
    <ele>665.1400000000001</ele>
   </trkpt>
   <trkpt lat="47.51652000000001" lon="12.419580000000002">
    <ele>665.5300000000001</ele>
   </trkpt>
   <trkpt lat="47.51644" lon="12.419360000000001">
    <ele>665.6</ele>
   </trkpt>
   <trkpt lat="47.51628" lon="12.41815">
    <ele>666.4000000000001</ele>
   </trkpt>
   <trkpt lat="47.51623000000001" lon="12.417990000000001">
    <ele>666.45</ele>
   </trkpt>
   <trkpt lat="47.51612" lon="12.41773">
    <ele>666.45</ele>
   </trkpt>
   <trkpt lat="47.51561" lon="12.4167">
    <ele>666.5500000000001</ele>
   </trkpt>
   <trkpt lat="47.51547" lon="12.41637">
    <ele>666.63</ele>
   </trkpt>
   <trkpt lat="47.51531000000001" lon="12.41591">
    <ele>666.64</ele>
   </trkpt>
   <trkpt lat="47.515240000000006" lon="12.41558">
    <ele>666.71</ele>
   </trkpt>
   <trkpt lat="47.51505" lon="12.414530000000001">
    <ele>667.57</ele>
   </trkpt>
   <trkpt lat="47.51487" lon="12.41398">
    <ele>668.37</ele>
   </trkpt>
   <trkpt lat="47.514450000000004" lon="12.413210000000001">
    <ele>669.2600000000001</ele>
   </trkpt>
   <trkpt lat="47.51410000164192" lon="12.412604996052949">
    <ele>670.3100000000001</ele>
   </trkpt>
   <trkpt lat="47.51375" lon="12.412">
    <ele>672.25</ele>
   </trkpt>
   <trkpt lat="47.51345500133547" lon="12.411414996409956">
    <ele>673.3100000000001</ele>
   </trkpt>
   <trkpt lat="47.513160000000006" lon="12.41083">
    <ele>676.74</ele>
   </trkpt>
   <trkpt lat="47.51297" lon="12.410390000000001">
    <ele>677.6700000000001</ele>
   </trkpt>
   <trkpt lat="47.512705002013995" lon="12.40969999637147">
    <ele>676.8700000000001</ele>
   </trkpt>
   <trkpt lat="47.512440000000005" lon="12.40901">
    <ele>674.9300000000001</ele>
   </trkpt>
   <trkpt lat="47.51218" lon="12.40839">
    <ele>673.79</ele>
   </trkpt>
   <trkpt lat="47.51196" lon="12.408080000000002">
    <ele>672.9900000000001</ele>
   </trkpt>
   <trkpt lat="47.511440001101725" lon="12.407549994627045">
    <ele>672.61</ele>
   </trkpt>
   <trkpt lat="47.510920000000006" lon="12.407020000000001">
    <ele>673.07</ele>
   </trkpt>
   <trkpt lat="47.510630000000006" lon="12.406600000000001">
    <ele>673.61</ele>
   </trkpt>
   <trkpt lat="47.510450000000006" lon="12.406540000000001">
    <ele>673.6800000000001</ele>
   </trkpt>
   <trkpt lat="47.51000000058813" lon="12.406174996877786">
    <ele>673.34</ele>
   </trkpt>
   <trkpt lat="47.509550000000004" lon="12.40581">
    <ele>673.3</ele>
   </trkpt>
   <trkpt lat="47.50940000000001" lon="12.405640000000002">
    <ele>673.32</ele>
   </trkpt>
   <trkpt lat="47.509260000000005" lon="12.405450000000002">
    <ele>673.45</ele>
   </trkpt>
   <trkpt lat="47.509170000000005" lon="12.40526">
    <ele>673.72</ele>
   </trkpt>
   <trkpt lat="47.509060000000005" lon="12.405100000000001">
    <ele>673.72</ele>
   </trkpt>
   <trkpt lat="47.508700000000005" lon="12.404800000000002">
    <ele>674.13</ele>
   </trkpt>
   <trkpt lat="47.50858" lon="12.404660000000002">
    <ele>674.3800000000001</ele>
   </trkpt>
   <trkpt lat="47.50842" lon="12.404420000000002">
    <ele>674.69</ele>
   </trkpt>
   <trkpt lat="47.50836" lon="12.404380000000002">
    <ele>674.69</ele>
   </trkpt>
   <trkpt lat="47.508280000000006" lon="12.404390000000001">
    <ele>674.69</ele>
   </trkpt>
   <trkpt lat="47.508190000000006" lon="12.404490000000001">
    <ele>674.79</ele>
   </trkpt>
   <trkpt lat="47.507895001928176" lon="12.405150003631666">
    <ele>674.98</ele>
   </trkpt>
   <trkpt lat="47.507600000000004" lon="12.40581">
    <ele>676.0100000000001</ele>
   </trkpt>
   <trkpt lat="47.50752000000001" lon="12.40595">
    <ele>676.7700000000001</ele>
   </trkpt>
   <trkpt lat="47.50746" lon="12.40601">
    <ele>676.7700000000001</ele>
   </trkpt>
   <trkpt lat="47.507400000000004" lon="12.40604">
    <ele>677.01</ele>
   </trkpt>
   <trkpt lat="47.507290000000005" lon="12.406030000000001">
    <ele>677.22</ele>
   </trkpt>
   <trkpt lat="47.50721" lon="12.40596">
    <ele>677.44</ele>
   </trkpt>
   <trkpt lat="47.50699" lon="12.405650000000001">
    <ele>677.6800000000001</ele>
   </trkpt>
   <trkpt lat="47.506780000000006" lon="12.405380000000001">
    <ele>678.08</ele>
   </trkpt>
   <trkpt lat="47.50672" lon="12.405330000000001">
    <ele>678.2900000000001</ele>
   </trkpt>
   <trkpt lat="47.50648" lon="12.405280000000001">
    <ele>679.19</ele>
   </trkpt>
   <trkpt lat="47.50641" lon="12.405240000000001">
    <ele>679.3100000000001</ele>
   </trkpt>
   <trkpt lat="47.50582000000001" lon="12.40469">
    <ele>679.88</ele>
   </trkpt>
   <trkpt lat="47.50547" lon="12.404420000000002">
    <ele>681.0600000000001</ele>
   </trkpt>
   <trkpt lat="47.50502" lon="12.403950000000002">
    <ele>681.47</ele>
   </trkpt>
   <trkpt lat="47.504830000000005" lon="12.40371">
    <ele>681.3100000000001</ele>
   </trkpt>
   <trkpt lat="47.50452000115181" lon="12.40321499721533">
    <ele>681.36</ele>
   </trkpt>
   <trkpt lat="47.50421" lon="12.40272">
    <ele>680.73</ele>
   </trkpt>
   <trkpt lat="47.50417" lon="12.40263">
    <ele>680.73</ele>
   </trkpt>
   <trkpt lat="47.50414000000001" lon="12.402450000000002">
    <ele>680.03</ele>
   </trkpt>
   <trkpt lat="47.50417" lon="12.40221">
    <ele>679.8000000000001</ele>
   </trkpt>
   <trkpt lat="47.504310000000004" lon="12.401700000000002">
    <ele>679.4300000000001</ele>
   </trkpt>
   <trkpt lat="47.504310000000004" lon="12.401570000000001">
    <ele>679.52</ele>
   </trkpt>
   <trkpt lat="47.504250000000006" lon="12.4014">
    <ele>679.64</ele>
   </trkpt>
   <trkpt lat="47.504160000000006" lon="12.40127">
    <ele>679.74</ele>
   </trkpt>
   <trkpt lat="47.503840000000004" lon="12.400970000000001">
    <ele>680.51</ele>
   </trkpt>
   <trkpt lat="47.503640000000004" lon="12.400720000000002">
    <ele>681.07</ele>
   </trkpt>
   <trkpt lat="47.503170000000004" lon="12.3999">
    <ele>682.83</ele>
   </trkpt>
   <trkpt lat="47.502880000000005" lon="12.399320000000001">
    <ele>686.39</ele>
   </trkpt>
   <trkpt lat="47.502790000000005" lon="12.399180000000001">
    <ele>686.39</ele>
   </trkpt>
   <trkpt lat="47.50265" lon="12.39901">
    <ele>686.9200000000001</ele>
   </trkpt>
   <trkpt lat="47.50238" lon="12.39877">
    <ele>688.22</ele>
   </trkpt>
   <trkpt lat="47.50168" lon="12.398230000000002">
    <ele>692.11</ele>
   </trkpt>
   <trkpt lat="47.501200000000004" lon="12.397720000000001">
    <ele>695.6000000000001</ele>
   </trkpt>
   <trkpt lat="47.500820000000004" lon="12.39736">
    <ele>693.1400000000001</ele>
   </trkpt>
   <trkpt lat="47.50056000000001" lon="12.397150000000002">
    <ele>690.5500000000001</ele>
   </trkpt>
   <trkpt lat="47.50014" lon="12.396880000000001">
    <ele>689.06</ele>
   </trkpt>
   <trkpt lat="47.4998" lon="12.396550000000001">
    <ele>688.46</ele>
   </trkpt>
   <trkpt lat="47.49963" lon="12.39642">
    <ele>688.4</ele>
   </trkpt>
   <trkpt lat="47.499210000000005" lon="12.3962">
    <ele>688.6000000000001</ele>
   </trkpt>
   <trkpt lat="47.49872500068318" lon="12.39576999592107">
    <ele>690.89</ele>
   </trkpt>
   <trkpt lat="47.49824" lon="12.395340000000001">
    <ele>693.98</ele>
   </trkpt>
   <trkpt lat="47.49803000000001" lon="12.395100000000001">
    <ele>692.52</ele>
   </trkpt>
   <trkpt lat="47.497890000000005" lon="12.394900000000002">
    <ele>691.5100000000001</ele>
   </trkpt>
   <trkpt lat="47.49774000000001" lon="12.39465">
    <ele>690.7</ele>
   </trkpt>
   <trkpt lat="47.497240000000005" lon="12.393930000000001">
    <ele>689.47</ele>
   </trkpt>
   <trkpt lat="47.497080000000004" lon="12.393600000000001">
    <ele>689.22</ele>
   </trkpt>
   <trkpt lat="47.49673000000001" lon="12.393020000000002">
    <ele>688.4800000000001</ele>
   </trkpt>
   <trkpt lat="47.496570000000006" lon="12.392650000000001">
    <ele>688.4100000000001</ele>
   </trkpt>
   <trkpt lat="47.496410000000004" lon="12.392430000000001">
    <ele>688.58</ele>
   </trkpt>
   <trkpt lat="47.49627" lon="12.39245">
    <ele>688.5600000000001</ele>
   </trkpt>
   <trkpt lat="47.495900000000006" lon="12.392570000000001">
    <ele>688.84</ele>
   </trkpt>
   <trkpt lat="47.49584" lon="12.392570000000001">
    <ele>688.9300000000001</ele>
   </trkpt>
   <trkpt lat="47.49550000000001" lon="12.392360000000002">
    <ele>689.3900000000001</ele>
   </trkpt>
   <trkpt lat="47.49531" lon="12.39217">
    <ele>689.64</ele>
   </trkpt>
   <trkpt lat="47.49515" lon="12.39198">
    <ele>689.64</ele>
   </trkpt>
   <trkpt lat="47.49452" lon="12.39112">
    <ele>691.62</ele>
   </trkpt>
   <trkpt lat="47.494170000000004" lon="12.39089">
    <ele>693.89</ele>
   </trkpt>
   <trkpt lat="47.49389" lon="12.39076">
    <ele>696.49</ele>
   </trkpt>
   <trkpt lat="47.49345" lon="12.390830000000001">
    <ele>698.8000000000001</ele>
   </trkpt>
   <trkpt lat="47.49270666707662" lon="12.390616660631496">
    <ele>704.4200000000001</ele>
   </trkpt>
   <trkpt lat="47.49196333375757" lon="12.39040332730237">
    <ele>707.64</ele>
   </trkpt>
   <trkpt lat="47.491220000000006" lon="12.39019">
    <ele>713.4200000000001</ele>
   </trkpt>
   <trkpt lat="47.49082000000001" lon="12.390030000000001">
    <ele>716.32</ele>
   </trkpt>
   <trkpt lat="47.49042000000001" lon="12.3899">
    <ele>720.31</ele>
   </trkpt>
   <trkpt lat="47.48998" lon="12.389830000000002">
    <ele>723.96</ele>
   </trkpt>
   <trkpt lat="47.489670000000004" lon="12.38982">
    <ele>727.7</ele>
   </trkpt>
   <trkpt lat="47.48935" lon="12.38986">
    <ele>729.44</ele>
   </trkpt>
   <trkpt lat="47.489110000000004" lon="12.38995">
    <ele>731.22</ele>
   </trkpt>
   <trkpt lat="47.488710000000005" lon="12.39015">
    <ele>736.89</ele>
   </trkpt>
   <trkpt lat="47.488600000000005" lon="12.390170000000001">
    <ele>736.89</ele>
   </trkpt>
   <trkpt lat="47.488420000000005" lon="12.390130000000001">
    <ele>739.0500000000001</ele>
   </trkpt>
   <trkpt lat="47.4879" lon="12.38991">
    <ele>742.72</ele>
   </trkpt>
   <trkpt lat="47.48754" lon="12.389850000000001">
    <ele>747.5500000000001</ele>
   </trkpt>
   <trkpt lat="47.4874" lon="12.389890000000001">
    <ele>749.44</ele>
   </trkpt>
   <trkpt lat="47.48722" lon="12.390060000000002">
    <ele>750.45</ele>
   </trkpt>
   <trkpt lat="47.48693" lon="12.390500000000001">
    <ele>755.65</ele>
   </trkpt>
   <trkpt lat="47.48651" lon="12.391070000000001">
    <ele>763.12</ele>
   </trkpt>
   <trkpt lat="47.486360000000005" lon="12.391190000000002">
    <ele>766.35</ele>
   </trkpt>
   <trkpt lat="47.48617" lon="12.391430000000001">
    <ele>768.4300000000001</ele>
   </trkpt>
   <trkpt lat="47.48594000000001" lon="12.391810000000001">
    <ele>770.35</ele>
   </trkpt>
   <trkpt lat="47.485710000000005" lon="12.392280000000001">
    <ele>776.66</ele>
   </trkpt>
   <trkpt lat="47.48557" lon="12.392740000000002">
    <ele>778.57</ele>
   </trkpt>
   <trkpt lat="47.48469" lon="12.39249">
    <ele>778.23</ele>
   </trkpt>
   <trkpt lat="47.484260000000006" lon="12.392410000000002">
    <ele>776.6</ele>
   </trkpt>
   <trkpt lat="47.48384" lon="12.392380000000001">
    <ele>776.24</ele>
   </trkpt>
   <trkpt lat="47.48339000000001" lon="12.392090000000001">
    <ele>773.5600000000001</ele>
   </trkpt>
   <trkpt lat="47.48333" lon="12.392030000000002">
    <ele>772.9800000000001</ele>
   </trkpt>
   <trkpt lat="47.483050000000006" lon="12.39151">
    <ele>766.41</ele>
   </trkpt>
   <trkpt lat="47.482890000000005" lon="12.391280000000002">
    <ele>764.9</ele>
   </trkpt>
   <trkpt lat="47.482800000000005" lon="12.39112">
    <ele>763.7100000000002</ele>
   </trkpt>
   <trkpt lat="47.482870000000005" lon="12.390880000000001">
    <ele>761.4200000000001</ele>
   </trkpt>
   <trkpt lat="47.48313" lon="12.390220000000001">
    <ele>753.1000000000001</ele>
   </trkpt>
   <trkpt lat="47.483160000000005" lon="12.39">
    <ele>753.1000000000001</ele>
   </trkpt>
   <trkpt lat="47.4830100040352" lon="12.389034997162256">
    <ele>743.1</ele>
   </trkpt>
   <trkpt lat="47.48286" lon="12.38807">
    <ele>735.7600000000001</ele>
   </trkpt>
   <trkpt lat="47.482505005634664" lon="12.386934992441475">
    <ele>728.72</ele>
   </trkpt>
   <trkpt lat="47.482150000000004" lon="12.385800000000001">
    <ele>722.96</ele>
   </trkpt>
   <trkpt lat="47.48199" lon="12.385890000000002">
    <ele>722.96</ele>
   </trkpt>
   <trkpt lat="47.48160000000001" lon="12.38602">
    <ele>723.34</ele>
   </trkpt>
   <trkpt lat="47.4814" lon="12.386130000000001">
    <ele>723.83</ele>
   </trkpt>
   <trkpt lat="47.481210000000004" lon="12.386280000000001">
    <ele>724.22</ele>
   </trkpt>
   <trkpt lat="47.48106000000001" lon="12.386420000000001">
    <ele>724.22</ele>
   </trkpt>
   <trkpt lat="47.480760000000004" lon="12.386650000000001">
    <ele>723.99</ele>
   </trkpt>
   <trkpt lat="47.48057000000001" lon="12.386840000000001">
    <ele>724.08</ele>
   </trkpt>
   <trkpt lat="47.48046" lon="12.386970000000002">
    <ele>724.1800000000001</ele>
   </trkpt>
   <trkpt lat="47.480250000000005" lon="12.38729">
    <ele>724.3000000000001</ele>
   </trkpt>
   <trkpt lat="47.480070000000005" lon="12.387440000000002">
    <ele>724.34</ele>
   </trkpt>
   <trkpt lat="47.4793" lon="12.38793">
    <ele>725.1200000000001</ele>
   </trkpt>
   <trkpt lat="47.478570000000005" lon="12.388250000000001">
    <ele>728.7</ele>
   </trkpt>
   <trkpt lat="47.47823" lon="12.38831">
    <ele>731.83</ele>
   </trkpt>
   <trkpt lat="47.47778" lon="12.38845">
    <ele>734.28</ele>
   </trkpt>
   <trkpt lat="47.47767" lon="12.388520000000002">
    <ele>735.8</ele>
   </trkpt>
   <trkpt lat="47.477360000000004" lon="12.388610000000002">
    <ele>737.33</ele>
   </trkpt>
   <trkpt lat="47.477000000000004" lon="12.388770000000001">
    <ele>738.04</ele>
   </trkpt>
   <trkpt lat="47.47664" lon="12.38902">
    <ele>740.16</ele>
   </trkpt>
   <trkpt lat="47.476490000000005" lon="12.389190000000001">
    <ele>740.5400000000001</ele>
   </trkpt>
   <trkpt lat="47.476400000000005" lon="12.389240000000001">
    <ele>740.97</ele>
   </trkpt>
   <trkpt lat="47.47583" lon="12.38943">
    <ele>743.6100000000001</ele>
   </trkpt>
   <trkpt lat="47.47545" lon="12.3894">
    <ele>745.14</ele>
   </trkpt>
   <trkpt lat="47.47518" lon="12.389460000000001">
    <ele>745.71</ele>
   </trkpt>
   <trkpt lat="47.47437" lon="12.389800000000001">
    <ele>744.74</ele>
   </trkpt>
   <trkpt lat="47.47406" lon="12.38996">
    <ele>744.41</ele>
   </trkpt>
   <trkpt lat="47.47386" lon="12.389990000000001">
    <ele>744.35</ele>
   </trkpt>
   <trkpt lat="47.473650000000006" lon="12.389970000000002">
    <ele>744.5200000000001</ele>
   </trkpt>
   <trkpt lat="47.473440000000004" lon="12.389930000000001">
    <ele>744.58</ele>
   </trkpt>
   <trkpt lat="47.47334000000001" lon="12.389940000000001">
    <ele>744.75</ele>
   </trkpt>
   <trkpt lat="47.473130000000005" lon="12.39">
    <ele>744.99</ele>
   </trkpt>
   <trkpt lat="47.472930000000005" lon="12.3901">
    <ele>745.6</ele>
   </trkpt>
   <trkpt lat="47.472730000000006" lon="12.39015">
    <ele>745.98</ele>
   </trkpt>
   <trkpt lat="47.47221000020215" lon="12.390195000428532">
    <ele>747.4300000000001</ele>
   </trkpt>
   <trkpt lat="47.47169" lon="12.39024">
    <ele>751.0100000000001</ele>
   </trkpt>
   <trkpt lat="47.47137000000001" lon="12.390200000000002">
    <ele>752.1300000000001</ele>
   </trkpt>
   <trkpt lat="47.471050000000005" lon="12.39004">
    <ele>753.6700000000001</ele>
   </trkpt>
   <trkpt lat="47.47073" lon="12.389850000000001">
    <ele>756.4200000000001</ele>
   </trkpt>
   <trkpt lat="47.470380000000006" lon="12.38977">
    <ele>759.38</ele>
   </trkpt>
   <trkpt lat="47.46981" lon="12.389840000000001">
    <ele>760.58</ele>
   </trkpt>
   <trkpt lat="47.469550000000005" lon="12.38995">
    <ele>762.6500000000001</ele>
   </trkpt>
   <trkpt lat="47.46908000065935" lon="12.390305003090319">
    <ele>767.2800000000001</ele>
   </trkpt>
   <trkpt lat="47.468610000000005" lon="12.39066">
    <ele>770.1500000000001</ele>
   </trkpt>
   <trkpt lat="47.46816500038291" lon="12.390920002149253">
    <ele>774.48</ele>
   </trkpt>
   <trkpt lat="47.46772000000001" lon="12.39118">
    <ele>777.9200000000001</ele>
   </trkpt>
   <trkpt lat="47.46746" lon="12.391300000000001">
    <ele>779.8000000000001</ele>
   </trkpt>
   <trkpt lat="47.46734000000001" lon="12.391330000000002">
    <ele>782.3800000000001</ele>
   </trkpt>
   <trkpt lat="47.467150000000004" lon="12.391420000000002">
    <ele>782.3800000000001</ele>
   </trkpt>
   <trkpt lat="47.467530000000004" lon="12.392050000000001">
    <ele>786.4000000000001</ele>
   </trkpt>
   <trkpt lat="47.46759" lon="12.39211">
    <ele>786.4000000000001</ele>
   </trkpt>
   <trkpt lat="47.46766" lon="12.39215">
    <ele>786.85</ele>
   </trkpt>
   <trkpt lat="47.46781000000001" lon="12.39215">
    <ele>786.85</ele>
   </trkpt>
   <trkpt lat="47.468160000000005" lon="12.39206">
    <ele>788.1300000000001</ele>
   </trkpt>
   <trkpt lat="47.468340000000005" lon="12.392030000000002">
    <ele>788.42</ele>
   </trkpt>
   <trkpt lat="47.46844" lon="12.392040000000001">
    <ele>789.34</ele>
   </trkpt>
   <trkpt lat="47.46853" lon="12.39206">
    <ele>789.34</ele>
   </trkpt>
   <trkpt lat="47.46887" lon="12.392230000000001">
    <ele>790.3100000000001</ele>
   </trkpt>
   <trkpt lat="47.46896" lon="12.39226">
    <ele>790.9</ele>
   </trkpt>
   <trkpt lat="47.469480000000004" lon="12.39235">
    <ele>792.36</ele>
   </trkpt>
   <trkpt lat="47.470090000000006" lon="12.392570000000001">
    <ele>795.42</ele>
   </trkpt>
   <trkpt lat="47.47028" lon="12.392610000000001">
    <ele>797.08</ele>
   </trkpt>
   <trkpt lat="47.47090000000001" lon="12.392660000000001">
    <ele>803.9000000000001</ele>
   </trkpt>
   <trkpt lat="47.47151" lon="12.392800000000001">
    <ele>813.22</ele>
   </trkpt>
   <trkpt lat="47.47184000000001" lon="12.39291">
    <ele>818.0400000000001</ele>
   </trkpt>
   <trkpt lat="47.47214" lon="12.39296">
    <ele>823.07</ele>
   </trkpt>
   <trkpt lat="47.47234" lon="12.393020000000002">
    <ele>825.5100000000001</ele>
   </trkpt>
   <trkpt lat="47.473090000000006" lon="12.393360000000001">
    <ele>836.1800000000001</ele>
   </trkpt>
   <trkpt lat="47.473180000000006" lon="12.393440000000002">
    <ele>838.0000000000001</ele>
   </trkpt>
   <trkpt lat="47.4733" lon="12.39361">
    <ele>838.9700000000001</ele>
   </trkpt>
   <trkpt lat="47.47335" lon="12.3938">
    <ele>838.9700000000001</ele>
   </trkpt>
   <trkpt lat="47.47332" lon="12.393970000000001">
    <ele>842.47</ele>
   </trkpt>
   <trkpt lat="47.47327000000001" lon="12.394150000000002">
    <ele>842.47</ele>
   </trkpt>
   <trkpt lat="47.473090000000006" lon="12.394660000000002">
    <ele>849.1500000000001</ele>
   </trkpt>
   <trkpt lat="47.472970000000004" lon="12.39516">
    <ele>854.1500000000001</ele>
   </trkpt>
   <trkpt lat="47.472910000000006" lon="12.395280000000001">
    <ele>854.1500000000001</ele>
   </trkpt>
   <trkpt lat="47.47285" lon="12.39531">
    <ele>857.8500000000001</ele>
   </trkpt>
   <trkpt lat="47.471990000000005" lon="12.39539">
    <ele>867.74</ele>
   </trkpt>
   <trkpt lat="47.471880000000006" lon="12.39536">
    <ele>868.9000000000001</ele>
   </trkpt>
   <trkpt lat="47.471590000000006" lon="12.39526">
    <ele>873.95</ele>
   </trkpt>
   <trkpt lat="47.471360000000004" lon="12.395150000000001">
    <ele>876.98</ele>
   </trkpt>
   <trkpt lat="47.470710000000004" lon="12.394730000000001">
    <ele>886.62</ele>
   </trkpt>
   <trkpt lat="47.47048" lon="12.39461">
    <ele>891.3900000000001</ele>
   </trkpt>
   <trkpt lat="47.47041" lon="12.3946">
    <ele>891.3900000000001</ele>
   </trkpt>
   <trkpt lat="47.47036000000001" lon="12.394630000000001">
    <ele>893.38</ele>
   </trkpt>
   <trkpt lat="47.47032" lon="12.394680000000001">
    <ele>893.38</ele>
   </trkpt>
   <trkpt lat="47.470180000000006" lon="12.395000000000001">
    <ele>898.32</ele>
   </trkpt>
   <trkpt lat="47.470090000000006" lon="12.395130000000002">
    <ele>898.32</ele>
   </trkpt>
   <trkpt lat="47.46954" lon="12.395750000000001">
    <ele>908.07</ele>
   </trkpt>
   <trkpt lat="47.469500000000004" lon="12.39583">
    <ele>909.14</ele>
   </trkpt>
   <trkpt lat="47.46951000000001" lon="12.395940000000001">
    <ele>910.1500000000001</ele>
   </trkpt>
   <trkpt lat="47.46956" lon="12.39597">
    <ele>910.1500000000001</ele>
   </trkpt>
   <trkpt lat="47.46974" lon="12.395930000000002">
    <ele>912.07</ele>
   </trkpt>
   <trkpt lat="47.46985" lon="12.395930000000002">
    <ele>913.6</ele>
   </trkpt>
   <trkpt lat="47.470090000000006" lon="12.396020000000002">
    <ele>916.93</ele>
   </trkpt>
   <trkpt lat="47.470180000000006" lon="12.396070000000002">
    <ele>918.7400000000001</ele>
   </trkpt>
   <trkpt lat="47.47046" lon="12.39628">
    <ele>923.8900000000001</ele>
   </trkpt>
   <trkpt lat="47.470620000000004" lon="12.396370000000001">
    <ele>925.1400000000001</ele>
   </trkpt>
   <trkpt lat="47.470650000000006" lon="12.39643">
    <ele>926.2900000000001</ele>
   </trkpt>
   <trkpt lat="47.470650000000006" lon="12.396500000000001">
    <ele>926.2900000000001</ele>
   </trkpt>
   <trkpt lat="47.47059" lon="12.396560000000001">
    <ele>926.2900000000001</ele>
   </trkpt>
   <trkpt lat="47.47039" lon="12.396550000000001">
    <ele>929.6500000000001</ele>
   </trkpt>
   <trkpt lat="47.470290000000006" lon="12.39658">
    <ele>929.6500000000001</ele>
   </trkpt>
   <trkpt lat="47.470220000000005" lon="12.396630000000002">
    <ele>933.9100000000001</ele>
   </trkpt>
   <trkpt lat="47.46981" lon="12.397210000000001">
    <ele>939.2900000000001</ele>
   </trkpt>
   <trkpt lat="47.469530000000006" lon="12.397680000000001">
    <ele>948.6000000000001</ele>
   </trkpt>
   <trkpt lat="47.469460000000005" lon="12.397860000000001">
    <ele>948.6000000000001</ele>
   </trkpt>
   <trkpt lat="47.46945" lon="12.398390000000001">
    <ele>954.5400000000001</ele>
   </trkpt>
   <trkpt lat="47.469350000000006" lon="12.39905">
    <ele>961.22</ele>
   </trkpt>
   <trkpt lat="47.469370000000005" lon="12.399120000000002">
    <ele>961.8900000000001</ele>
   </trkpt>
   <trkpt lat="47.46940000000001" lon="12.399140000000001">
    <ele>962.49</ele>
   </trkpt>
   <trkpt lat="47.46945" lon="12.399140000000001">
    <ele>963.0400000000001</ele>
   </trkpt>
   <trkpt lat="47.46981" lon="12.398330000000001">
    <ele>971.9200000000001</ele>
   </trkpt>
   <trkpt lat="47.46987000000001" lon="12.398280000000002">
    <ele>973.2</ele>
   </trkpt>
   <trkpt lat="47.47037" lon="12.398200000000001">
    <ele>978.9200000000001</ele>
   </trkpt>
   <trkpt lat="47.47059" lon="12.39825">
    <ele>981.94</ele>
   </trkpt>
   <trkpt lat="47.47093" lon="12.3983">
    <ele>987.45</ele>
   </trkpt>
   <trkpt lat="47.47099" lon="12.398340000000001">
    <ele>987.45</ele>
   </trkpt>
   <trkpt lat="47.47104" lon="12.3984">
    <ele>990.5200000000001</ele>
   </trkpt>
   <trkpt lat="47.471140000000005" lon="12.398620000000001">
    <ele>991.96</ele>
   </trkpt>
   <trkpt lat="47.47124" lon="12.39905">
    <ele>997.2200000000001</ele>
   </trkpt>
   <trkpt lat="47.471410000000006" lon="12.39943">
    <ele>1002.0200000000001</ele>
   </trkpt>
   <trkpt lat="47.471450000000004" lon="12.399830000000001">
    <ele>1005.19</ele>
   </trkpt>
   <trkpt lat="47.47142" lon="12.399960000000002">
    <ele>1006.8000000000001</ele>
   </trkpt>
   <trkpt lat="47.471270000000004" lon="12.400340000000002">
    <ele>1008.7600000000001</ele>
   </trkpt>
   <trkpt lat="47.47113" lon="12.400590000000001">
    <ele>1009.63</ele>
   </trkpt>
   <trkpt lat="47.47079" lon="12.401090000000002">
    <ele>1013.3700000000001</ele>
   </trkpt>
   <trkpt lat="47.47054000000001" lon="12.401580000000001">
    <ele>1014.91</ele>
   </trkpt>
   <trkpt lat="47.47054000000001" lon="12.401670000000001">
    <ele>1018.7700000000002</ele>
   </trkpt>
   <trkpt lat="47.470560000000006" lon="12.401760000000001">
    <ele>1018.7700000000002</ele>
   </trkpt>
   <trkpt lat="47.470780000000005" lon="12.40202">
    <ele>1023.5300000000001</ele>
   </trkpt>
   <trkpt lat="47.47099" lon="12.40243">
    <ele>1028.54</ele>
   </trkpt>
   <trkpt lat="47.47111" lon="12.40262">
    <ele>1030.8300000000002</ele>
   </trkpt>
   <trkpt lat="47.47119000000001" lon="12.402660000000001">
    <ele>1030.8300000000002</ele>
   </trkpt>
   <trkpt lat="47.471360000000004" lon="12.40268">
    <ele>1034.0200000000002</ele>
   </trkpt>
   <trkpt lat="47.47146" lon="12.402660000000001">
    <ele>1034.74</ele>
   </trkpt>
   <trkpt lat="47.47158" lon="12.40268">
    <ele>1037.74</ele>
   </trkpt>
   <trkpt lat="47.471650000000004" lon="12.402740000000001">
    <ele>1038.46</ele>
   </trkpt>
   <trkpt lat="47.47171" lon="12.402840000000001">
    <ele>1040.33</ele>
   </trkpt>
   <trkpt lat="47.47187" lon="12.402930000000001">
    <ele>1042.0</ele>
   </trkpt>
   <trkpt lat="47.47193" lon="12.402920000000002">
    <ele>1043.15</ele>
   </trkpt>
   <trkpt lat="47.472280000000005" lon="12.402740000000001">
    <ele>1049.0600000000002</ele>
   </trkpt>
   <trkpt lat="47.47261" lon="12.40268">
    <ele>1054.84</ele>
   </trkpt>
   <trkpt lat="47.47308500014123" lon="12.402625000482299">
    <ele>1062.2500000000002</ele>
   </trkpt>
   <trkpt lat="47.473560000000006" lon="12.40257">
    <ele>1064.9700000000003</ele>
   </trkpt>
   <trkpt lat="47.47422" lon="12.40257">
    <ele>1078.5</ele>
   </trkpt>
   <trkpt lat="47.47444" lon="12.402540000000002">
    <ele>1081.6100000000001</ele>
   </trkpt>
   <trkpt lat="47.474500000000006" lon="12.402560000000001">
    <ele>1083.0700000000002</ele>
   </trkpt>
   <trkpt lat="47.474540000000005" lon="12.402600000000001">
    <ele>1083.0700000000002</ele>
   </trkpt>
   <trkpt lat="47.474540000000005" lon="12.402660000000001">
    <ele>1083.7400000000002</ele>
   </trkpt>
   <trkpt lat="47.474500000000006" lon="12.40271">
    <ele>1083.7400000000002</ele>
   </trkpt>
   <trkpt lat="47.47422" lon="12.402830000000002">
    <ele>1088.2500000000002</ele>
   </trkpt>
   <trkpt lat="47.474050000000005" lon="12.40299">
    <ele>1093.17</ele>
   </trkpt>
   <trkpt lat="47.473760000000006" lon="12.403350000000001">
    <ele>1097.82</ele>
   </trkpt>
   <trkpt lat="47.47337" lon="12.403770000000002">
    <ele>1105.3600000000001</ele>
   </trkpt>
   <trkpt lat="47.473310000000005" lon="12.403870000000001">
    <ele>1105.3600000000001</ele>
   </trkpt>
   <trkpt lat="47.473200000000006" lon="12.404140000000002">
    <ele>1109.34</ele>
   </trkpt>
   <trkpt lat="47.473110000000005" lon="12.404470000000002">
    <ele>1112.12</ele>
   </trkpt>
   <trkpt lat="47.472570000000005" lon="12.405280000000001">
    <ele>1125.8100000000002</ele>
   </trkpt>
   <trkpt lat="47.47243" lon="12.40572">
    <ele>1131.2</ele>
   </trkpt>
   <trkpt lat="47.4724" lon="12.406350000000002">
    <ele>1137.46</ele>
   </trkpt>
   <trkpt lat="47.47236" lon="12.406410000000001">
    <ele>1137.46</ele>
   </trkpt>
   <trkpt lat="47.472080000000005" lon="12.406680000000001">
    <ele>1144.9</ele>
   </trkpt>
   <trkpt lat="47.47171" lon="12.40745">
    <ele>1154.92</ele>
   </trkpt>
   <trkpt lat="47.471360000000004" lon="12.408030000000002">
    <ele>1162.9900000000002</ele>
   </trkpt>
   <trkpt lat="47.471120000000006" lon="12.40835">
    <ele>1167.5900000000001</ele>
   </trkpt>
   <trkpt lat="47.470980000000004" lon="12.408570000000001">
    <ele>1167.5900000000001</ele>
   </trkpt>
   <trkpt lat="47.470890000000004" lon="12.40877">
    <ele>1171.64</ele>
   </trkpt>
   <trkpt lat="47.47082" lon="12.409">
    <ele>1173.5500000000002</ele>
   </trkpt>
   <trkpt lat="47.470800000000004" lon="12.409160000000002">
    <ele>1175.98</ele>
   </trkpt>
   <trkpt lat="47.47086" lon="12.409580000000002">
    <ele>1178.74</ele>
   </trkpt>
   <trkpt lat="47.47081000000001" lon="12.4097">
    <ele>1180.18</ele>
   </trkpt>
   <trkpt lat="47.47054000000001" lon="12.410110000000001">
    <ele>1182.4800000000002</ele>
   </trkpt>
   <trkpt lat="47.47023" lon="12.4105">
    <ele>1185.8300000000002</ele>
   </trkpt>
   <trkpt lat="47.46992" lon="12.410950000000001">
    <ele>1189.9</ele>
   </trkpt>
   <trkpt lat="47.469710000000006" lon="12.41149">
    <ele>1194.16</ele>
   </trkpt>
   <trkpt lat="47.46945" lon="12.411810000000001">
    <ele>1197.5</ele>
   </trkpt>
   <trkpt lat="47.46942000000001" lon="12.411890000000001">
    <ele>1197.5</ele>
   </trkpt>
   <trkpt lat="47.46942000000001" lon="12.41197">
    <ele>1197.5</ele>
   </trkpt>
   <trkpt lat="47.46945" lon="12.412040000000001">
    <ele>1200.89</ele>
   </trkpt>
   <trkpt lat="47.46952" lon="12.41205">
    <ele>1200.89</ele>
   </trkpt>
   <trkpt lat="47.4697" lon="12.41192">
    <ele>1203.3400000000001</ele>
   </trkpt>
   <trkpt lat="47.469910000000006" lon="12.41186">
    <ele>1208.6000000000001</ele>
   </trkpt>
   <trkpt lat="47.470220000000005" lon="12.41192">
    <ele>1208.6000000000001</ele>
   </trkpt>
   <trkpt lat="47.470330000000004" lon="12.411900000000001">
    <ele>1213.26</ele>
   </trkpt>
   <trkpt lat="47.47083000000001" lon="12.41153">
    <ele>1219.3400000000001</ele>
   </trkpt>
   <trkpt lat="47.471050000000005" lon="12.411510000000002">
    <ele>1225.0</ele>
   </trkpt>
   <trkpt lat="47.471140000000005" lon="12.411480000000001">
    <ele>1225.0</ele>
   </trkpt>
   <trkpt lat="47.47138" lon="12.4113">
    <ele>1227.7</ele>
   </trkpt>
   <trkpt lat="47.471520000000005" lon="12.41122">
    <ele>1230.69</ele>
   </trkpt>
   <trkpt lat="47.47171" lon="12.41116">
    <ele>1234.99</ele>
   </trkpt>
   <trkpt lat="47.471810000000005" lon="12.41117">
    <ele>1234.99</ele>
   </trkpt>
   <trkpt lat="47.471970000000006" lon="12.411150000000001">
    <ele>1237.67</ele>
   </trkpt>
   <trkpt lat="47.47204000000001" lon="12.41112">
    <ele>1240.78</ele>
   </trkpt>
   <trkpt lat="47.47211" lon="12.41103">
    <ele>1240.78</ele>
   </trkpt>
   <trkpt lat="47.47216" lon="12.410660000000002">
    <ele>1246.2700000000002</ele>
   </trkpt>
   <trkpt lat="47.47222000000001" lon="12.41055">
    <ele>1246.2700000000002</ele>
   </trkpt>
   <trkpt lat="47.47233000000001" lon="12.41045">
    <ele>1248.2300000000002</ele>
   </trkpt>
   <trkpt lat="47.47241" lon="12.41041">
    <ele>1249.44</ele>
   </trkpt>
   <trkpt lat="47.47247" lon="12.410430000000002">
    <ele>1250.0200000000002</ele>
   </trkpt>
   <trkpt lat="47.47252" lon="12.410490000000001">
    <ele>1251.1000000000001</ele>
   </trkpt>
   <trkpt lat="47.47252" lon="12.410800000000002">
    <ele>1252.0600000000002</ele>
   </trkpt>
   <trkpt lat="47.47260000000001" lon="12.41112">
    <ele>1254.7700000000002</ele>
   </trkpt>
   <trkpt lat="47.472590000000004" lon="12.411240000000001">
    <ele>1256.19</ele>
   </trkpt>
   <trkpt lat="47.47252" lon="12.4114">
    <ele>1257.21</ele>
   </trkpt>
   <trkpt lat="47.4724" lon="12.411600000000002">
    <ele>1260.1200000000001</ele>
   </trkpt>
   <trkpt lat="47.472150000000006" lon="12.411800000000001">
    <ele>1265.2</ele>
   </trkpt>
   <trkpt lat="47.47209" lon="12.411890000000001">
    <ele>1265.91</ele>
   </trkpt>
   <trkpt lat="47.47204000000001" lon="12.412">
    <ele>1266.5700000000002</ele>
   </trkpt>
   <trkpt lat="47.471990000000005" lon="12.41229">
    <ele>1269.12</ele>
   </trkpt>
   <trkpt lat="47.471720000000005" lon="12.41253">
    <ele>1274.5900000000001</ele>
   </trkpt>
   <trkpt lat="47.471630000000005" lon="12.412820000000002">
    <ele>1279.1100000000001</ele>
   </trkpt>
   <trkpt lat="47.471610000000005" lon="12.41295">
    <ele>1279.1100000000001</ele>
   </trkpt>
   <trkpt lat="47.471560000000004" lon="12.41305">
    <ele>1279.1100000000001</ele>
   </trkpt>
   <trkpt lat="47.47148000000001" lon="12.413170000000001">
    <ele>1283.94</ele>
   </trkpt>
   <trkpt lat="47.471270000000004" lon="12.413300000000001">
    <ele>1285.88</ele>
   </trkpt>
   <trkpt lat="47.471180000000004" lon="12.41342">
    <ele>1288.28</ele>
   </trkpt>
   <trkpt lat="47.471120000000006" lon="12.41355">
    <ele>1288.28</ele>
   </trkpt>
   <trkpt lat="47.47110000000001" lon="12.413670000000002">
    <ele>1289.44</ele>
   </trkpt>
   <trkpt lat="47.47113" lon="12.413760000000002">
    <ele>1290.51</ele>
   </trkpt>
   <trkpt lat="47.471160000000005" lon="12.4138">
    <ele>1290.51</ele>
   </trkpt>
   <trkpt lat="47.47122" lon="12.41379">
    <ele>1292.0600000000002</ele>
   </trkpt>
   <trkpt lat="47.47146" lon="12.41355">
    <ele>1297.08</ele>
   </trkpt>
   <trkpt lat="47.47167" lon="12.41341">
    <ele>1299.18</ele>
   </trkpt>
   <trkpt lat="47.472080000000005" lon="12.413240000000002">
    <ele>1302.72</ele>
   </trkpt>
   <trkpt lat="47.47231000000001" lon="12.41323">
    <ele>1305.3700000000001</ele>
   </trkpt>
   <trkpt lat="47.472480000000004" lon="12.41318">
    <ele>1307.0900000000001</ele>
   </trkpt>
   <trkpt lat="47.47269000000001" lon="12.41305">
    <ele>1311.29</ele>
   </trkpt>
   <trkpt lat="47.47292" lon="12.413010000000002">
    <ele>1313.93</ele>
   </trkpt>
   <trkpt lat="47.47352" lon="12.4128">
    <ele>1320.27</ele>
   </trkpt>
   <trkpt lat="47.47395" lon="12.412550000000001">
    <ele>1330.51</ele>
   </trkpt>
   <trkpt lat="47.474090000000004" lon="12.412320000000001">
    <ele>1333.62</ele>
   </trkpt>
   <trkpt lat="47.47413" lon="12.412320000000001">
    <ele>1333.62</ele>
   </trkpt>
   <trkpt lat="47.474180000000004" lon="12.412400000000002">
    <ele>1334.77</ele>
   </trkpt>
   <trkpt lat="47.474180000000004" lon="12.412510000000001">
    <ele>1334.77</ele>
   </trkpt>
   <trkpt lat="47.47381000000001" lon="12.413290000000002">
    <ele>1341.46</ele>
   </trkpt>
   <trkpt lat="47.47328" lon="12.414060000000001">
    <ele>1352.7600000000002</ele>
   </trkpt>
   <trkpt lat="47.473130000000005" lon="12.41422">
    <ele>1356.5</ele>
   </trkpt>
   <trkpt lat="47.472860000000004" lon="12.41445">
    <ele>1358.91</ele>
   </trkpt>
   <trkpt lat="47.472730000000006" lon="12.41464">
    <ele>1363.1200000000001</ele>
   </trkpt>
   <trkpt lat="47.472640000000006" lon="12.41502">
    <ele>1367.5900000000001</ele>
   </trkpt>
   <trkpt lat="47.47258" lon="12.415090000000001">
    <ele>1367.5900000000001</ele>
   </trkpt>
   <trkpt lat="47.47249" lon="12.415130000000001">
    <ele>1368.81</ele>
   </trkpt>
   <trkpt lat="47.47243" lon="12.415210000000002">
    <ele>1369.92</ele>
   </trkpt>
   <trkpt lat="47.472350000000006" lon="12.41533">
    <ele>1369.92</ele>
   </trkpt>
   <trkpt lat="47.47231000000001" lon="12.41549">
    <ele>1373.49</ele>
   </trkpt>
   <trkpt lat="47.471900000000005" lon="12.41609">
    <ele>1383.39</ele>
   </trkpt>
   <trkpt lat="47.47176" lon="12.416340000000002">
    <ele>1383.39</ele>
   </trkpt>
   <trkpt lat="47.47157000000001" lon="12.41652">
    <ele>1385.31</ele>
   </trkpt>
   <trkpt lat="47.47138" lon="12.41675">
    <ele>1388.14</ele>
   </trkpt>
   <trkpt lat="47.47131" lon="12.416860000000002">
    <ele>1392.16</ele>
   </trkpt>
   <trkpt lat="47.47105000145346" lon="12.41745000305443">
    <ele>1397.7400000000002</ele>
   </trkpt>
   <trkpt lat="47.47079" lon="12.418040000000001">
    <ele>1405.7700000000002</ele>
   </trkpt>
   <trkpt lat="47.47077" lon="12.41815">
    <ele>1405.7700000000002</ele>
   </trkpt>
   <trkpt lat="47.47079" lon="12.41825">
    <ele>1405.7700000000002</ele>
   </trkpt>
   <trkpt lat="47.47083000000001" lon="12.418260000000002">
    <ele>1408.7500000000002</ele>
   </trkpt>
   <trkpt lat="47.47102" lon="12.41801">
    <ele>1410.93</ele>
   </trkpt>
   <trkpt lat="47.471590000000006" lon="12.417700000000002">
    <ele>1422.26</ele>
   </trkpt>
   <trkpt lat="47.471700000000006" lon="12.417530000000001">
    <ele>1422.26</ele>
   </trkpt>
   <trkpt lat="47.47175000000001" lon="12.417510000000002">
    <ele>1422.26</ele>
   </trkpt>
   <trkpt lat="47.471790000000006" lon="12.417530000000001">
    <ele>1422.26</ele>
   </trkpt>
   <trkpt lat="47.471830000000004" lon="12.417610000000002">
    <ele>1424.0400000000002</ele>
   </trkpt>
   <trkpt lat="47.47184000000001" lon="12.41801">
    <ele>1427.5800000000002</ele>
   </trkpt>
   <trkpt lat="47.47182" lon="12.41807">
    <ele>1427.5800000000002</ele>
   </trkpt>
   <trkpt lat="47.47175000000001" lon="12.418220000000002">
    <ele>1428.8200000000002</ele>
   </trkpt>
   <trkpt lat="47.471540000000005" lon="12.41854">
    <ele>1436.86</ele>
   </trkpt>
   <trkpt lat="47.471430000000005" lon="12.418790000000001">
    <ele>1436.86</ele>
   </trkpt>
   <trkpt lat="47.471340000000005" lon="12.41914">
    <ele>1441.88</ele>
   </trkpt>
   <trkpt lat="47.47131" lon="12.41937">
    <ele>1446.3300000000002</ele>
   </trkpt>
   <trkpt lat="47.471250000000005" lon="12.41952">
    <ele>1446.3300000000002</ele>
   </trkpt>
   <trkpt lat="47.471120000000006" lon="12.4197">
    <ele>1447.74</ele>
   </trkpt>
   <trkpt lat="47.47101000000001" lon="12.419920000000001">
    <ele>1451.14</ele>
   </trkpt>
   <trkpt lat="47.47093" lon="12.420010000000001">
    <ele>1451.14</ele>
   </trkpt>
   <trkpt lat="47.470530000000004" lon="12.420280000000002">
    <ele>1459.0200000000002</ele>
   </trkpt>
   <trkpt lat="47.470380000000006" lon="12.420340000000001">
    <ele>1463.0100000000002</ele>
   </trkpt>
   <trkpt lat="47.470180000000006" lon="12.420580000000001">
    <ele>1467.6200000000001</ele>
   </trkpt>
   <trkpt lat="47.469950000000004" lon="12.420670000000001">
    <ele>1471.5600000000002</ele>
   </trkpt>
   <trkpt lat="47.46983" lon="12.420670000000001">
    <ele>1475.63</ele>
   </trkpt>
   <trkpt lat="47.469680000000004" lon="12.420630000000001">
    <ele>1475.63</ele>
   </trkpt>
   <trkpt lat="47.46949" lon="12.420660000000002">
    <ele>1479.6200000000001</ele>
   </trkpt>
   <trkpt lat="47.46933000000001" lon="12.42073">
    <ele>1485.3400000000001</ele>
   </trkpt>
   <trkpt lat="47.469150000000006" lon="12.420760000000001">
    <ele>1487.7300000000002</ele>
   </trkpt>
   <trkpt lat="47.469030000000004" lon="12.420810000000001">
    <ele>1487.7300000000002</ele>
   </trkpt>
   <trkpt lat="47.46887" lon="12.421000000000001">
    <ele>1490.8300000000002</ele>
   </trkpt>
   <trkpt lat="47.46844" lon="12.42173">
    <ele>1503.0700000000002</ele>
   </trkpt>
   <trkpt lat="47.468270000000004" lon="12.422070000000001">
    <ele>1509.2800000000002</ele>
   </trkpt>
   <trkpt lat="47.46813" lon="12.422490000000002">
    <ele>1509.2800000000002</ele>
   </trkpt>
   <trkpt lat="47.46802" lon="12.4227">
    <ele>1520.0200000000002</ele>
   </trkpt>
   <trkpt lat="47.467890000000004" lon="12.423390000000001">
    <ele>1526.8799999999999</ele>
   </trkpt>
   <trkpt lat="47.46782" lon="12.424370000000001">
    <ele>1536.42</ele>
   </trkpt>
   <trkpt lat="47.467850000000006" lon="12.42472">
    <ele>1540.69</ele>
   </trkpt>
   <trkpt lat="47.46782" lon="12.424790000000002">
    <ele>1540.69</ele>
   </trkpt>
   <trkpt lat="47.467780000000005" lon="12.424850000000001">
    <ele>1545.6900000000003</ele>
   </trkpt>
   <trkpt lat="47.46754000000001" lon="12.424970000000002">
    <ele>1549.97</ele>
   </trkpt>
   <trkpt lat="47.46725000000001" lon="12.424990000000001">
    <ele>1549.97</ele>
   </trkpt>
   <trkpt lat="47.46714" lon="12.425080000000001">
    <ele>1560.1</ele>
   </trkpt>
   <trkpt lat="47.46705" lon="12.4252">
    <ele>1560.1</ele>
   </trkpt>
   <trkpt lat="47.46688" lon="12.42552">
    <ele>1560.1</ele>
   </trkpt>
   <trkpt lat="47.466660000000005" lon="12.42608">
    <ele>1568.7700000000002</ele>
   </trkpt>
   <trkpt lat="47.46660000000001" lon="12.42613">
    <ele>1573.89</ele>
   </trkpt>
   <trkpt lat="47.46625" lon="12.42631">
    <ele>1575.9900000000002</ele>
   </trkpt>
   <trkpt lat="47.46609" lon="12.426480000000002">
    <ele>1580.68</ele>
   </trkpt>
   <trkpt lat="47.465810000000005" lon="12.426860000000001">
    <ele>1586.9400000000003</ele>
   </trkpt>
   <trkpt lat="47.46571" lon="12.42706">
    <ele>1588.23</ele>
   </trkpt>
   <trkpt lat="47.465610000000005" lon="12.427380000000001">
    <ele>1592.0100000000002</ele>
   </trkpt>
   <trkpt lat="47.465500000000006" lon="12.42763">
    <ele>1595.6100000000001</ele>
   </trkpt>
   <trkpt lat="47.46547" lon="12.427760000000001">
    <ele>1595.6100000000001</ele>
   </trkpt>
   <trkpt lat="47.46549" lon="12.427810000000001">
    <ele>1596.98</ele>
   </trkpt>
   <trkpt lat="47.46553" lon="12.42783">
    <ele>1596.98</ele>
   </trkpt>
   <trkpt lat="47.465630000000004" lon="12.427810000000001">
    <ele>1597.97</ele>
   </trkpt>
   <trkpt lat="47.465810000000005" lon="12.427850000000001">
    <ele>1601.6500000000003</ele>
   </trkpt>
   <trkpt lat="47.466" lon="12.42773">
    <ele>1603.3400000000001</ele>
   </trkpt>
   <trkpt lat="47.46603" lon="12.42773">
    <ele>1603.3400000000001</ele>
   </trkpt>
   <trkpt lat="47.466060000000006" lon="12.427760000000001">
    <ele>1603.3400000000001</ele>
   </trkpt>
   <trkpt lat="47.46607" lon="12.427800000000001">
    <ele>1604.75</ele>
   </trkpt>
   <trkpt lat="47.46604000000001" lon="12.427940000000001">
    <ele>1605.2400000000002</ele>
   </trkpt>
   <trkpt lat="47.465740000000004" lon="12.42852">
    <ele>1612.2200000000003</ele>
   </trkpt>
   <trkpt lat="47.46571" lon="12.428630000000002">
    <ele>1612.8200000000002</ele>
   </trkpt>
   <trkpt lat="47.46573" lon="12.42872">
    <ele>1613.94</ele>
   </trkpt>
   <trkpt lat="47.4658" lon="12.428820000000002">
    <ele>1615.52</ele>
   </trkpt>
   <trkpt lat="47.46591" lon="12.428840000000001">
    <ele>1616.6100000000001</ele>
   </trkpt>
   <trkpt lat="47.466" lon="12.4288">
    <ele>1617.76</ele>
   </trkpt>
   <trkpt lat="47.46627" lon="12.42844">
    <ele>1623.2300000000002</ele>
   </trkpt>
   <trkpt lat="47.46632" lon="12.428400000000002">
    <ele>1623.88</ele>
   </trkpt>
   <trkpt lat="47.466370000000005" lon="12.42838">
    <ele>1624.98</ele>
   </trkpt>
   <trkpt lat="47.46640000000001" lon="12.428400000000002">
    <ele>1624.98</ele>
   </trkpt>
   <trkpt lat="47.46642000000001" lon="12.42847">
    <ele>1625.91</ele>
   </trkpt>
   <trkpt lat="47.46632" lon="12.429730000000001">
    <ele>1639.0500000000002</ele>
   </trkpt>
   <trkpt lat="47.46627" lon="12.43002">
    <ele>1642.71</ele>
   </trkpt>
   <trkpt lat="47.466240000000006" lon="12.43007">
    <ele>1642.71</ele>
   </trkpt>
   <trkpt lat="47.466150000000006" lon="12.430150000000001">
    <ele>1642.71</ele>
   </trkpt>
   <trkpt lat="47.466100000000004" lon="12.43017">
    <ele>1642.71</ele>
   </trkpt>
   <trkpt lat="47.46584000000001" lon="12.430200000000001">
    <ele>1647.8600000000001</ele>
   </trkpt>
   <trkpt lat="47.4658" lon="12.43022">
    <ele>1647.8600000000001</ele>
   </trkpt>
   <trkpt lat="47.46578" lon="12.430280000000002">
    <ele>1647.8600000000001</ele>
   </trkpt>
   <trkpt lat="47.46578" lon="12.43036">
    <ele>1648.24</ele>
   </trkpt>
   <trkpt lat="47.465860000000006" lon="12.43041">
    <ele>1648.24</ele>
   </trkpt>
   <trkpt lat="47.46614" lon="12.430470000000001">
    <ele>1652.2</ele>
   </trkpt>
   <trkpt lat="47.466370000000005" lon="12.430480000000001">
    <ele>1655.8400000000001</ele>
   </trkpt>
   <trkpt lat="47.46651000000001" lon="12.430460000000002">
    <ele>1656.83</ele>
   </trkpt>
   <trkpt lat="47.466620000000006" lon="12.430420000000002">
    <ele>1658.71</ele>
   </trkpt>
   <trkpt lat="47.466710000000006" lon="12.430340000000001">
    <ele>1660.15</ele>
   </trkpt>
   <trkpt lat="47.46683" lon="12.430150000000001">
    <ele>1661.42</ele>
   </trkpt>
   <trkpt lat="47.46696000000001" lon="12.429850000000002">
    <ele>1663.46</ele>
   </trkpt>
   <trkpt lat="47.467020000000005" lon="12.429630000000001">
    <ele>1663.95</ele>
   </trkpt>
   <trkpt lat="47.4671" lon="12.4295">
    <ele>1664.2</ele>
   </trkpt>
   <trkpt lat="47.46721" lon="12.429430000000002">
    <ele>1664.43</ele>
   </trkpt>
   <trkpt lat="47.467420000000004" lon="12.42894">
    <ele>1666.8200000000002</ele>
   </trkpt>
   <trkpt lat="47.467490000000005" lon="12.428920000000002">
    <ele>1666.8200000000002</ele>
   </trkpt>
   <trkpt lat="47.46752" lon="12.428960000000002">
    <ele>1668.5100000000002</ele>
   </trkpt>
   <trkpt lat="47.46754000000001" lon="12.429070000000001">
    <ele>1669.2900000000002</ele>
   </trkpt>
   <trkpt lat="47.46752" lon="12.429150000000002">
    <ele>1670.7600000000002</ele>
   </trkpt>
   <trkpt lat="47.46734000000001" lon="12.42955">
    <ele>1675.8000000000002</ele>
   </trkpt>
   <trkpt lat="47.46735" lon="12.4296">
    <ele>1676.6200000000001</ele>
   </trkpt>
   <trkpt lat="47.46737" lon="12.42961">
    <ele>1676.6200000000001</ele>
   </trkpt>
   <trkpt lat="47.46741" lon="12.4296">
    <ele>1676.6200000000001</ele>
   </trkpt>
   <trkpt lat="47.46755" lon="12.42947">
    <ele>1680.0700000000002</ele>
   </trkpt>
   <trkpt lat="47.46779" lon="12.429400000000001">
    <ele>1686.5</ele>
   </trkpt>
   <trkpt lat="47.468050000000005" lon="12.429240000000002">
    <ele>1691.4900000000002</ele>
   </trkpt>
   <trkpt lat="47.468250000000005" lon="12.428870000000002">
    <ele>1697.0800000000002</ele>
   </trkpt>
   <trkpt lat="47.468320000000006" lon="12.428780000000001">
    <ele>1697.0800000000002</ele>
   </trkpt>
   <trkpt lat="47.46866000000001" lon="12.428590000000002">
    <ele>1700.97</ele>
   </trkpt>
   <trkpt lat="47.468740000000004" lon="12.42853">
    <ele>1700.97</ele>
   </trkpt>
   <trkpt lat="47.46885" lon="12.428300000000002">
    <ele>1711.1900000000003</ele>
   </trkpt>
   <trkpt lat="47.468900000000005" lon="12.428130000000001">
    <ele>1711.1900000000003</ele>
   </trkpt>
   <trkpt lat="47.46893000000001" lon="12.427980000000002">
    <ele>1713.51</ele>
   </trkpt>
   <trkpt lat="47.46894" lon="12.42764">
    <ele>1716.77</ele>
   </trkpt>
   <trkpt lat="47.468990000000005" lon="12.42753">
    <ele>1718.2700000000002</ele>
   </trkpt>
   <trkpt lat="47.469030000000004" lon="12.42753">
    <ele>1718.2700000000002</ele>
   </trkpt>
   <trkpt lat="47.469060000000006" lon="12.427560000000001">
    <ele>1720.2100000000003</ele>
   </trkpt>
   <trkpt lat="47.46911" lon="12.42792">
    <ele>1723.6200000000001</ele>
   </trkpt>
   <trkpt lat="47.46933000000001" lon="12.428490000000002">
    <ele>1728.8200000000002</ele>
   </trkpt>
   <trkpt lat="47.46941" lon="12.429070000000001">
    <ele>1735.24</ele>
   </trkpt>
   <trkpt lat="47.46941" lon="12.429260000000001">
    <ele>1737.0400000000002</ele>
   </trkpt>
   <trkpt lat="47.46933000000001" lon="12.429640000000001">
    <ele>1740.1200000000001</ele>
   </trkpt>
   <trkpt lat="47.46934" lon="12.42969">
    <ele>1740.1200000000001</ele>
   </trkpt>
   <trkpt lat="47.46936" lon="12.429710000000002">
    <ele>1740.1200000000001</ele>
   </trkpt>
   <trkpt lat="47.46940000000001" lon="12.429710000000002">
    <ele>1742.3200000000002</ele>
   </trkpt>
   <trkpt lat="47.469680000000004" lon="12.429350000000001">
    <ele>1746.99</ele>
   </trkpt>
   <trkpt lat="47.46972" lon="12.429240000000002">
    <ele>1748.5300000000002</ele>
   </trkpt>
   <trkpt lat="47.46979" lon="12.428910000000002">
    <ele>1754.8500000000001</ele>
   </trkpt>
   <trkpt lat="47.46988" lon="12.42862">
    <ele>1754.8500000000001</ele>
   </trkpt>
   <trkpt lat="47.46999" lon="12.42848">
    <ele>1759.4</ele>
   </trkpt>
   <trkpt lat="47.4703" lon="12.42828">
    <ele>1764.19</ele>
   </trkpt>
   <trkpt lat="47.47037" lon="12.428270000000001">
    <ele>1764.19</ele>
   </trkpt>
   <trkpt lat="47.47052" lon="12.428360000000001">
    <ele>1769.2200000000003</ele>
   </trkpt>
   <trkpt lat="47.47059" lon="12.428360000000001">
    <ele>1769.2200000000003</ele>
   </trkpt>
   <trkpt lat="47.470760000000006" lon="12.42824">
    <ele>1773.23</ele>
   </trkpt>
   <trkpt lat="47.47099" lon="12.427880000000002">
    <ele>1778.63</ele>
   </trkpt>
   <trkpt lat="47.471140000000005" lon="12.427710000000001">
    <ele>1778.63</ele>
   </trkpt>
   <trkpt lat="47.47126" lon="12.427460000000002">
    <ele>1783.5900000000001</ele>
   </trkpt>
   <trkpt lat="47.47142" lon="12.4273">
    <ele>1787.03</ele>
   </trkpt>
   <trkpt lat="47.4716" lon="12.42722">
    <ele>1788.1000000000001</ele>
   </trkpt>
   <trkpt lat="47.47166000000001" lon="12.42717">
    <ele>1788.5900000000001</ele>
   </trkpt>
   <trkpt lat="47.47177000000001" lon="12.426960000000001">
    <ele>1789.89</ele>
   </trkpt>
   <trkpt lat="47.47195000000001" lon="12.426440000000001">
    <ele>1794.0900000000001</ele>
   </trkpt>
   <trkpt lat="47.471990000000005" lon="12.42637">
    <ele>1794.0900000000001</ele>
   </trkpt>
   <trkpt lat="47.47204000000001" lon="12.426350000000001">
    <ele>1797.8600000000001</ele>
   </trkpt>
   <trkpt lat="47.47207" lon="12.426390000000001">
    <ele>1797.8600000000001</ele>
   </trkpt>
   <trkpt lat="47.472080000000005" lon="12.426480000000002">
    <ele>1797.8600000000001</ele>
   </trkpt>
   <trkpt lat="47.47202" lon="12.426680000000001">
    <ele>1800.46</ele>
   </trkpt>
   <trkpt lat="47.47202" lon="12.42703">
    <ele>1804.2600000000002</ele>
   </trkpt>
   <trkpt lat="47.471920000000004" lon="12.42736">
    <ele>1805.47</ele>
   </trkpt>
   <trkpt lat="47.471990000000005" lon="12.427690000000002">
    <ele>1808.4700000000003</ele>
   </trkpt>
   <trkpt lat="47.47205" lon="12.4288">
    <ele>1820.7900000000002</ele>
   </trkpt>
   <trkpt lat="47.472030000000004" lon="12.42908">
    <ele>1827.22</ele>
   </trkpt>
   <trkpt lat="47.472080000000005" lon="12.429520000000002">
    <ele>1827.22</ele>
   </trkpt>
   <trkpt lat="47.47222000000001" lon="12.429990000000002">
    <ele>1835.16</ele>
   </trkpt>
   <trkpt lat="47.472300000000004" lon="12.430140000000002">
    <ele>1836.4900000000002</ele>
   </trkpt>
   <trkpt lat="47.47243" lon="12.43031">
    <ele>1839.63</ele>
   </trkpt>
   <trkpt lat="47.472680000000004" lon="12.43072">
    <ele>1844.5500000000002</ele>
   </trkpt>
   <trkpt lat="47.4727" lon="12.43073">
    <ele>1844.5500000000002</ele>
   </trkpt>
   <trkpt lat="47.47274" lon="12.430710000000001">
    <ele>1844.5500000000002</ele>
   </trkpt>
   <trkpt lat="47.47276" lon="12.430370000000002">
    <ele>1849.32</ele>
   </trkpt>
   <trkpt lat="47.472840000000005" lon="12.42979">
    <ele>1855.5</ele>
   </trkpt>
   <trkpt lat="47.47292" lon="12.42946">
    <ele>1857.2700000000002</ele>
   </trkpt>
   <trkpt lat="47.473060000000004" lon="12.428650000000001">
    <ele>1864.4300000000003</ele>
   </trkpt>
   <trkpt lat="47.4731" lon="12.42853">
    <ele>1865.3100000000002</ele>
   </trkpt>
   <trkpt lat="47.47334000000001" lon="12.428160000000002">
    <ele>1868.1100000000001</ele>
   </trkpt>
   <trkpt lat="47.47346" lon="12.428040000000001">
    <ele>1869.15</ele>
   </trkpt>
   <trkpt lat="47.47355" lon="12.427980000000002">
    <ele>1870.8000000000002</ele>
   </trkpt>
   <trkpt lat="47.47377" lon="12.42792">
    <ele>1873.8500000000001</ele>
   </trkpt>
   <trkpt lat="47.4739" lon="12.42783">
    <ele>1878.48</ele>
   </trkpt>
   <trkpt lat="47.47401000000001" lon="12.42778">
    <ele>1878.48</ele>
   </trkpt>
   <trkpt lat="47.47424" lon="12.427560000000001">
    <ele>1881.7400000000002</ele>
   </trkpt>
   <trkpt lat="47.474560000000004" lon="12.42731">
    <ele>1887.45</ele>
   </trkpt>
   <trkpt lat="47.47466000000001" lon="12.427180000000002">
    <ele>1889.7500000000002</ele>
   </trkpt>
   <trkpt lat="47.474700000000006" lon="12.42717">
    <ele>1889.7500000000002</ele>
   </trkpt>
   <trkpt lat="47.474720000000005" lon="12.427200000000001">
    <ele>1889.7500000000002</ele>
   </trkpt>
   <trkpt lat="47.474720000000005" lon="12.42725">
    <ele>1892.43</ele>
   </trkpt>
   <trkpt lat="47.47466000000001" lon="12.427430000000001">
    <ele>1893.55</ele>
   </trkpt>
   <trkpt lat="47.47446" lon="12.427890000000001">
    <ele>1898.8600000000001</ele>
   </trkpt>
   <trkpt lat="47.4742" lon="12.428650000000001">
    <ele>1909.1200000000001</ele>
   </trkpt>
   <trkpt lat="47.474160000000005" lon="12.428880000000001">
    <ele>1911.25</ele>
   </trkpt>
   <trkpt lat="47.47417" lon="12.429110000000001">
    <ele>1914.77</ele>
   </trkpt>
   <trkpt lat="47.474270000000004" lon="12.429540000000001">
    <ele>1919.93</ele>
   </trkpt>
   <trkpt lat="47.4744" lon="12.42979">
    <ele>1925.5300000000002</ele>
   </trkpt>
   <trkpt lat="47.47449" lon="12.43007">
    <ele>1928.2400000000002</ele>
   </trkpt>
   <trkpt lat="47.474540000000005" lon="12.43017">
    <ele>1928.2400000000002</ele>
   </trkpt>
   <trkpt lat="47.474610000000006" lon="12.430230000000002">
    <ele>1934.2</ele>
   </trkpt>
   <trkpt lat="47.47484" lon="12.430290000000001">
    <ele>1934.2</ele>
   </trkpt>
   <trkpt lat="47.474970000000006" lon="12.430380000000001">
    <ele>1941.1100000000001</ele>
   </trkpt>
   <trkpt lat="47.47505" lon="12.430530000000001">
    <ele>1941.1100000000001</ele>
   </trkpt>
   <trkpt lat="47.47516" lon="12.430840000000002">
    <ele>1944.32</ele>
   </trkpt>
   <trkpt lat="47.4752" lon="12.430840000000002">
    <ele>1948.0100000000002</ele>
   </trkpt>
   <trkpt lat="47.47523" lon="12.430760000000001">
    <ele>1948.0100000000002</ele>
   </trkpt>
   <trkpt lat="47.4752" lon="12.430510000000002">
    <ele>1950.26</ele>
   </trkpt>
   <trkpt lat="47.4752" lon="12.429780000000001">
    <ele>1957.2900000000002</ele>
   </trkpt>
   <trkpt lat="47.47524000000001" lon="12.429770000000001">
    <ele>1957.2900000000002</ele>
   </trkpt>
   <trkpt lat="47.47533000000001" lon="12.4298">
    <ele>1965.2</ele>
   </trkpt>
   <trkpt lat="47.475410000000004" lon="12.429860000000001">
    <ele>1965.2</ele>
   </trkpt>
   <trkpt lat="47.47545" lon="12.42984">
    <ele>1965.2</ele>
   </trkpt>
   <trkpt lat="47.47549" lon="12.429720000000001">
    <ele>1966.92</ele>
   </trkpt>
   <trkpt lat="47.475530000000006" lon="12.42941">
    <ele>1969.3200000000002</ele>
   </trkpt>
   <trkpt lat="47.47556" lon="12.429350000000001">
    <ele>1972.3300000000002</ele>
   </trkpt>
   <trkpt lat="47.475590000000004" lon="12.42937">
    <ele>1972.3300000000002</ele>
   </trkpt>
   <trkpt lat="47.47565" lon="12.429590000000001">
    <ele>1972.5</ele>
   </trkpt>
   <trkpt lat="47.475770000000004" lon="12.42979">
    <ele>1975.21</ele>
   </trkpt>
   <trkpt lat="47.475770000000004" lon="12.4298">
    <ele>1975.3700000000001</ele>
   </trkpt>
   <trkpt lat="47.47565" lon="12.429590000000001">
    <ele>1972.3300000000002</ele>
   </trkpt>
   <trkpt lat="47.475590000000004" lon="12.42937">
    <ele>1969.3200000000002</ele>
   </trkpt>
   <trkpt lat="47.47556" lon="12.429350000000001">
    <ele>1969.3200000000002</ele>
   </trkpt>
   <trkpt lat="47.475530000000006" lon="12.42941">
    <ele>1967.75</ele>
   </trkpt>
   <trkpt lat="47.47549" lon="12.429720000000001">
    <ele>1965.2</ele>
   </trkpt>
   <trkpt lat="47.47545" lon="12.42984">
    <ele>1965.2</ele>
   </trkpt>
   <trkpt lat="47.475410000000004" lon="12.429860000000001">
    <ele>1965.2</ele>
   </trkpt>
   <trkpt lat="47.47533000000001" lon="12.4298">
    <ele>1957.2900000000002</ele>
   </trkpt>
   <trkpt lat="47.47524000000001" lon="12.429770000000001">
    <ele>1957.2900000000002</ele>
   </trkpt>
   <trkpt lat="47.4752" lon="12.429780000000001">
    <ele>1957.2900000000002</ele>
   </trkpt>
   <trkpt lat="47.4752" lon="12.430510000000002">
    <ele>1948.0100000000002</ele>
   </trkpt>
   <trkpt lat="47.47523" lon="12.430760000000001">
    <ele>1944.32</ele>
   </trkpt>
   <trkpt lat="47.4752" lon="12.430840000000002">
    <ele>1944.32</ele>
   </trkpt>
   <trkpt lat="47.47516" lon="12.430840000000002">
    <ele>1944.32</ele>
   </trkpt>
   <trkpt lat="47.47505" lon="12.430530000000001">
    <ele>1941.1100000000001</ele>
   </trkpt>
   <trkpt lat="47.474970000000006" lon="12.430380000000001">
    <ele>1934.2</ele>
   </trkpt>
   <trkpt lat="47.47484" lon="12.430290000000001">
    <ele>1934.2</ele>
   </trkpt>
   <trkpt lat="47.474610000000006" lon="12.430230000000002">
    <ele>1928.2400000000002</ele>
   </trkpt>
   <trkpt lat="47.474540000000005" lon="12.43017">
    <ele>1928.2400000000002</ele>
   </trkpt>
   <trkpt lat="47.47449" lon="12.43007">
    <ele>1928.2400000000002</ele>
   </trkpt>
   <trkpt lat="47.4744" lon="12.42979">
    <ele>1921.7700000000002</ele>
   </trkpt>
   <trkpt lat="47.474270000000004" lon="12.429540000000001">
    <ele>1918.1800000000003</ele>
   </trkpt>
   <trkpt lat="47.47417" lon="12.429110000000001">
    <ele>1911.25</ele>
   </trkpt>
   <trkpt lat="47.474160000000005" lon="12.428880000000001">
    <ele>1909.5400000000002</ele>
   </trkpt>
   <trkpt lat="47.4742" lon="12.428650000000001">
    <ele>1907.55</ele>
   </trkpt>
   <trkpt lat="47.47446" lon="12.427890000000001">
    <ele>1896.7200000000003</ele>
   </trkpt>
   <trkpt lat="47.47466000000001" lon="12.427430000000001">
    <ele>1892.43</ele>
   </trkpt>
   <trkpt lat="47.474720000000005" lon="12.42725">
    <ele>1889.7500000000002</ele>
   </trkpt>
   <trkpt lat="47.474720000000005" lon="12.427200000000001">
    <ele>1889.7500000000002</ele>
   </trkpt>
   <trkpt lat="47.474700000000006" lon="12.42717">
    <ele>1889.7500000000002</ele>
   </trkpt>
   <trkpt lat="47.47466000000001" lon="12.427180000000002">
    <ele>1887.45</ele>
   </trkpt>
   <trkpt lat="47.474560000000004" lon="12.42731">
    <ele>1885.96</ele>
   </trkpt>
   <trkpt lat="47.47424" lon="12.427560000000001">
    <ele>1881.7400000000002</ele>
   </trkpt>
   <trkpt lat="47.47401000000001" lon="12.42778">
    <ele>1878.48</ele>
   </trkpt>
   <trkpt lat="47.4739" lon="12.42783">
    <ele>1873.8500000000001</ele>
   </trkpt>
   <trkpt lat="47.47377" lon="12.42792">
    <ele>1872.5500000000002</ele>
   </trkpt>
   <trkpt lat="47.47355" lon="12.427980000000002">
    <ele>1869.15</ele>
   </trkpt>
   <trkpt lat="47.47346" lon="12.428040000000001">
    <ele>1868.1100000000001</ele>
   </trkpt>
   <trkpt lat="47.47334000000001" lon="12.428160000000002">
    <ele>1867.1200000000001</ele>
   </trkpt>
   <trkpt lat="47.4731" lon="12.42853">
    <ele>1864.4300000000003</ele>
   </trkpt>
   <trkpt lat="47.473060000000004" lon="12.428650000000001">
    <ele>1863.49</ele>
   </trkpt>
   <trkpt lat="47.47292" lon="12.42946">
    <ele>1857.2700000000002</ele>
   </trkpt>
   <trkpt lat="47.472840000000005" lon="12.42979">
    <ele>1852.3300000000002</ele>
   </trkpt>
   <trkpt lat="47.47276" lon="12.430370000000002">
    <ele>1847.3600000000001</ele>
   </trkpt>
   <trkpt lat="47.47274" lon="12.430710000000001">
    <ele>1844.5500000000002</ele>
   </trkpt>
   <trkpt lat="47.4727" lon="12.43073">
    <ele>1844.5500000000002</ele>
   </trkpt>
   <trkpt lat="47.472680000000004" lon="12.43072">
    <ele>1841.63</ele>
   </trkpt>
   <trkpt lat="47.47243" lon="12.43031">
    <ele>1837.77</ele>
   </trkpt>
   <trkpt lat="47.472300000000004" lon="12.430140000000002">
    <ele>1835.16</ele>
   </trkpt>
   <trkpt lat="47.47222000000001" lon="12.429990000000002">
    <ele>1832.3500000000001</ele>
   </trkpt>
   <trkpt lat="47.472080000000005" lon="12.429520000000002">
    <ele>1827.22</ele>
   </trkpt>
   <trkpt lat="47.472030000000004" lon="12.42908">
    <ele>1820.7900000000002</ele>
   </trkpt>
   <trkpt lat="47.47205" lon="12.4288">
    <ele>1820.7900000000002</ele>
   </trkpt>
   <trkpt lat="47.471990000000005" lon="12.427690000000002">
    <ele>1808.4700000000003</ele>
   </trkpt>
   <trkpt lat="47.471920000000004" lon="12.42736">
    <ele>1805.47</ele>
   </trkpt>
   <trkpt lat="47.47202" lon="12.42703">
    <ele>1800.46</ele>
   </trkpt>
   <trkpt lat="47.47202" lon="12.426680000000001">
    <ele>1797.8600000000001</ele>
   </trkpt>
   <trkpt lat="47.472080000000005" lon="12.426480000000002">
    <ele>1794.0900000000001</ele>
   </trkpt>
   <trkpt lat="47.47207" lon="12.426390000000001">
    <ele>1794.0900000000001</ele>
   </trkpt>
   <trkpt lat="47.47204000000001" lon="12.426350000000001">
    <ele>1794.0900000000001</ele>
   </trkpt>
   <trkpt lat="47.471990000000005" lon="12.42637">
    <ele>1794.0900000000001</ele>
   </trkpt>
   <trkpt lat="47.47195000000001" lon="12.426440000000001">
    <ele>1792.93</ele>
   </trkpt>
   <trkpt lat="47.47177000000001" lon="12.426960000000001">
    <ele>1789.0400000000002</ele>
   </trkpt>
   <trkpt lat="47.47166000000001" lon="12.42717">
    <ele>1787.03</ele>
   </trkpt>
   <trkpt lat="47.4716" lon="12.42722">
    <ele>1787.03</ele>
   </trkpt>
   <trkpt lat="47.47142" lon="12.4273">
    <ele>1783.5900000000001</ele>
   </trkpt>
   <trkpt lat="47.47126" lon="12.427460000000002">
    <ele>1783.5900000000001</ele>
   </trkpt>
   <trkpt lat="47.471140000000005" lon="12.427710000000001">
    <ele>1778.63</ele>
   </trkpt>
   <trkpt lat="47.47099" lon="12.427880000000002">
    <ele>1775.77</ele>
   </trkpt>
   <trkpt lat="47.470760000000006" lon="12.42824">
    <ele>1771.8</ele>
   </trkpt>
   <trkpt lat="47.47059" lon="12.428360000000001">
    <ele>1769.2200000000003</ele>
   </trkpt>
   <trkpt lat="47.47052" lon="12.428360000000001">
    <ele>1769.2200000000003</ele>
   </trkpt>
   <trkpt lat="47.47037" lon="12.428270000000001">
    <ele>1764.19</ele>
   </trkpt>
   <trkpt lat="47.4703" lon="12.42828">
    <ele>1761.74</ele>
   </trkpt>
   <trkpt lat="47.46999" lon="12.42848">
    <ele>1754.8500000000001</ele>
   </trkpt>
   <trkpt lat="47.46988" lon="12.42862">
    <ele>1754.8500000000001</ele>
   </trkpt>
   <trkpt lat="47.46979" lon="12.428910000000002">
    <ele>1748.5300000000002</ele>
   </trkpt>
   <trkpt lat="47.46972" lon="12.429240000000002">
    <ele>1746.99</ele>
   </trkpt>
   <trkpt lat="47.469680000000004" lon="12.429350000000001">
    <ele>1744.82</ele>
   </trkpt>
   <trkpt lat="47.46940000000001" lon="12.429710000000002">
    <ele>1740.1200000000001</ele>
   </trkpt>
   <trkpt lat="47.46936" lon="12.429710000000002">
    <ele>1740.1200000000001</ele>
   </trkpt>
   <trkpt lat="47.46934" lon="12.42969">
    <ele>1740.1200000000001</ele>
   </trkpt>
   <trkpt lat="47.46933000000001" lon="12.429640000000001">
    <ele>1740.1200000000001</ele>
   </trkpt>
   <trkpt lat="47.46941" lon="12.429260000000001">
    <ele>1735.24</ele>
   </trkpt>
   <trkpt lat="47.46941" lon="12.429070000000001">
    <ele>1732.2700000000002</ele>
   </trkpt>
   <trkpt lat="47.46933000000001" lon="12.428490000000002">
    <ele>1726.8500000000001</ele>
   </trkpt>
   <trkpt lat="47.46911" lon="12.42792">
    <ele>1721.9700000000003</ele>
   </trkpt>
   <trkpt lat="47.469060000000006" lon="12.427560000000001">
    <ele>1718.2700000000002</ele>
   </trkpt>
   <trkpt lat="47.469030000000004" lon="12.42753">
    <ele>1717.54</ele>
   </trkpt>
   <trkpt lat="47.468990000000005" lon="12.42753">
    <ele>1716.77</ele>
   </trkpt>
   <trkpt lat="47.46894" lon="12.42764">
    <ele>1716.77</ele>
   </trkpt>
   <trkpt lat="47.46893000000001" lon="12.427980000000002">
    <ele>1711.1900000000003</ele>
   </trkpt>
   <trkpt lat="47.468900000000005" lon="12.428130000000001">
    <ele>1711.1900000000003</ele>
   </trkpt>
   <trkpt lat="47.46885" lon="12.428300000000002">
    <ele>1704.64</ele>
   </trkpt>
   <trkpt lat="47.468740000000004" lon="12.42853">
    <ele>1704.64</ele>
   </trkpt>
   <trkpt lat="47.46866000000001" lon="12.428590000000002">
    <ele>1700.97</ele>
   </trkpt>
   <trkpt lat="47.468320000000006" lon="12.428780000000001">
    <ele>1697.0800000000002</ele>
   </trkpt>
   <trkpt lat="47.468250000000005" lon="12.428870000000002">
    <ele>1697.0800000000002</ele>
   </trkpt>
   <trkpt lat="47.468050000000005" lon="12.429240000000002">
    <ele>1688.2400000000002</ele>
   </trkpt>
   <trkpt lat="47.46779" lon="12.429400000000001">
    <ele>1681.88</ele>
   </trkpt>
   <trkpt lat="47.46755" lon="12.42947">
    <ele>1680.0700000000002</ele>
   </trkpt>
   <trkpt lat="47.46741" lon="12.4296">
    <ele>1675.8000000000002</ele>
   </trkpt>
   <trkpt lat="47.46737" lon="12.42961">
    <ele>1674.2700000000002</ele>
   </trkpt>
   <trkpt lat="47.46735" lon="12.4296">
    <ele>1674.2700000000002</ele>
   </trkpt>
   <trkpt lat="47.46734000000001" lon="12.42955">
    <ele>1674.2700000000002</ele>
   </trkpt>
   <trkpt lat="47.46752" lon="12.429150000000002">
    <ele>1668.5100000000002</ele>
   </trkpt>
   <trkpt lat="47.46754000000001" lon="12.429070000000001">
    <ele>1666.8200000000002</ele>
   </trkpt>
   <trkpt lat="47.46752" lon="12.428960000000002">
    <ele>1666.8200000000002</ele>
   </trkpt>
   <trkpt lat="47.467490000000005" lon="12.428920000000002">
    <ele>1664.9900000000002</ele>
   </trkpt>
   <trkpt lat="47.467420000000004" lon="12.42894">
    <ele>1664.6900000000003</ele>
   </trkpt>
   <trkpt lat="47.46721" lon="12.429430000000002">
    <ele>1664.29</ele>
   </trkpt>
   <trkpt lat="47.4671" lon="12.4295">
    <ele>1663.95</ele>
   </trkpt>
   <trkpt lat="47.467020000000005" lon="12.429630000000001">
    <ele>1663.46</ele>
   </trkpt>
   <trkpt lat="47.46696000000001" lon="12.429850000000002">
    <ele>1662.5400000000002</ele>
   </trkpt>
   <trkpt lat="47.46683" lon="12.430150000000001">
    <ele>1660.15</ele>
   </trkpt>
   <trkpt lat="47.466710000000006" lon="12.430340000000001">
    <ele>1658.71</ele>
   </trkpt>
   <trkpt lat="47.466620000000006" lon="12.430420000000002">
    <ele>1656.83</ele>
   </trkpt>
   <trkpt lat="47.46651000000001" lon="12.430460000000002">
    <ele>1655.8400000000001</ele>
   </trkpt>
   <trkpt lat="47.466370000000005" lon="12.430480000000001">
    <ele>1654.7</ele>
   </trkpt>
   <trkpt lat="47.46614" lon="12.430470000000001">
    <ele>1650.9900000000002</ele>
   </trkpt>
   <trkpt lat="47.465860000000006" lon="12.43041">
    <ele>1648.24</ele>
   </trkpt>
   <trkpt lat="47.46578" lon="12.43036">
    <ele>1647.8600000000001</ele>
   </trkpt>
   <trkpt lat="47.46578" lon="12.430280000000002">
    <ele>1647.8600000000001</ele>
   </trkpt>
   <trkpt lat="47.4658" lon="12.43022">
    <ele>1646.5</ele>
   </trkpt>
   <trkpt lat="47.46584000000001" lon="12.430200000000001">
    <ele>1646.5</ele>
   </trkpt>
   <trkpt lat="47.466100000000004" lon="12.43017">
    <ele>1642.71</ele>
   </trkpt>
   <trkpt lat="47.466150000000006" lon="12.430150000000001">
    <ele>1642.71</ele>
   </trkpt>
   <trkpt lat="47.466240000000006" lon="12.43007">
    <ele>1639.0500000000002</ele>
   </trkpt>
   <trkpt lat="47.46627" lon="12.43002">
    <ele>1639.0500000000002</ele>
   </trkpt>
   <trkpt lat="47.46632" lon="12.429730000000001">
    <ele>1637.1200000000001</ele>
   </trkpt>
   <trkpt lat="47.46642000000001" lon="12.42847">
    <ele>1624.4600000000003</ele>
   </trkpt>
   <trkpt lat="47.46640000000001" lon="12.428400000000002">
    <ele>1623.88</ele>
   </trkpt>
   <trkpt lat="47.466370000000005" lon="12.42838">
    <ele>1623.2300000000002</ele>
   </trkpt>
   <trkpt lat="47.46632" lon="12.428400000000002">
    <ele>1622.54</ele>
   </trkpt>
   <trkpt lat="47.46627" lon="12.42844">
    <ele>1622.54</ele>
   </trkpt>
   <trkpt lat="47.466" lon="12.4288">
    <ele>1616.6100000000001</ele>
   </trkpt>
   <trkpt lat="47.46591" lon="12.428840000000001">
    <ele>1615.52</ele>
   </trkpt>
   <trkpt lat="47.4658" lon="12.428820000000002">
    <ele>1613.94</ele>
   </trkpt>
   <trkpt lat="47.46573" lon="12.42872">
    <ele>1612.8200000000002</ele>
   </trkpt>
   <trkpt lat="47.46571" lon="12.428630000000002">
    <ele>1612.2200000000003</ele>
   </trkpt>
   <trkpt lat="47.465740000000004" lon="12.42852">
    <ele>1611.5800000000002</ele>
   </trkpt>
   <trkpt lat="47.46604000000001" lon="12.427940000000001">
    <ele>1604.75</ele>
   </trkpt>
   <trkpt lat="47.46607" lon="12.427800000000001">
    <ele>1603.3400000000001</ele>
   </trkpt>
   <trkpt lat="47.466060000000006" lon="12.427760000000001">
    <ele>1602.8200000000002</ele>
   </trkpt>
   <trkpt lat="47.46603" lon="12.42773">
    <ele>1602.2600000000002</ele>
   </trkpt>
   <trkpt lat="47.466" lon="12.42773">
    <ele>1601.6500000000003</ele>
   </trkpt>
   <trkpt lat="47.465810000000005" lon="12.427850000000001">
    <ele>1599.11</ele>
   </trkpt>
   <trkpt lat="47.465630000000004" lon="12.427810000000001">
    <ele>1596.98</ele>
   </trkpt>
   <trkpt lat="47.46553" lon="12.42783">
    <ele>1595.6100000000001</ele>
   </trkpt>
   <trkpt lat="47.46549" lon="12.427810000000001">
    <ele>1595.6100000000001</ele>
   </trkpt>
   <trkpt lat="47.46547" lon="12.427760000000001">
    <ele>1594.66</ele>
   </trkpt>
   <trkpt lat="47.465500000000006" lon="12.42763">
    <ele>1594.66</ele>
   </trkpt>
   <trkpt lat="47.465610000000005" lon="12.427380000000001">
    <ele>1590.71</ele>
   </trkpt>
   <trkpt lat="47.46571" lon="12.42706">
    <ele>1586.9400000000003</ele>
   </trkpt>
   <trkpt lat="47.465810000000005" lon="12.426860000000001">
    <ele>1584.21</ele>
   </trkpt>
   <trkpt lat="47.46609" lon="12.426480000000002">
    <ele>1577.9900000000002</ele>
   </trkpt>
   <trkpt lat="47.46625" lon="12.42631">
    <ele>1575.9900000000002</ele>
   </trkpt>
   <trkpt lat="47.46660000000001" lon="12.42613">
    <ele>1568.7700000000002</ele>
   </trkpt>
   <trkpt lat="47.466660000000005" lon="12.42608">
    <ele>1568.7700000000002</ele>
   </trkpt>
   <trkpt lat="47.46688" lon="12.42552">
    <ele>1560.1</ele>
   </trkpt>
   <trkpt lat="47.46705" lon="12.4252">
    <ele>1553.86</ele>
   </trkpt>
   <trkpt lat="47.46714" lon="12.425080000000001">
    <ele>1553.86</ele>
   </trkpt>
   <trkpt lat="47.46725000000001" lon="12.424990000000001">
    <ele>1550.7700000000002</ele>
   </trkpt>
   <trkpt lat="47.46754000000001" lon="12.424970000000002">
    <ele>1545.6900000000003</ele>
   </trkpt>
   <trkpt lat="47.467780000000005" lon="12.424850000000001">
    <ele>1540.69</ele>
   </trkpt>
   <trkpt lat="47.46782" lon="12.424790000000002">
    <ele>1540.69</ele>
   </trkpt>
   <trkpt lat="47.467850000000006" lon="12.42472">
    <ele>1540.69</ele>
   </trkpt>
   <trkpt lat="47.46782" lon="12.424370000000001">
    <ele>1534.76</ele>
   </trkpt>
   <trkpt lat="47.467890000000004" lon="12.423390000000001">
    <ele>1520.0200000000002</ele>
   </trkpt>
   <trkpt lat="47.46802" lon="12.4227">
    <ele>1520.0200000000002</ele>
   </trkpt>
   <trkpt lat="47.46813" lon="12.422490000000002">
    <ele>1509.2800000000002</ele>
   </trkpt>
   <trkpt lat="47.468270000000004" lon="12.422070000000001">
    <ele>1509.2800000000002</ele>
   </trkpt>
   <trkpt lat="47.46844" lon="12.42173">
    <ele>1503.0700000000002</ele>
   </trkpt>
   <trkpt lat="47.46887" lon="12.421000000000001">
    <ele>1490.8300000000002</ele>
   </trkpt>
   <trkpt lat="47.469030000000004" lon="12.420810000000001">
    <ele>1487.7300000000002</ele>
   </trkpt>
   <trkpt lat="47.469150000000006" lon="12.420760000000001">
    <ele>1485.3400000000001</ele>
   </trkpt>
   <trkpt lat="47.46933000000001" lon="12.42073">
    <ele>1479.6200000000001</ele>
   </trkpt>
   <trkpt lat="47.46949" lon="12.420660000000002">
    <ele>1479.6200000000001</ele>
   </trkpt>
   <trkpt lat="47.469680000000004" lon="12.420630000000001">
    <ele>1475.63</ele>
   </trkpt>
   <trkpt lat="47.46983" lon="12.420670000000001">
    <ele>1471.5600000000002</ele>
   </trkpt>
   <trkpt lat="47.469950000000004" lon="12.420670000000001">
    <ele>1471.5600000000002</ele>
   </trkpt>
   <trkpt lat="47.470180000000006" lon="12.420580000000001">
    <ele>1467.6200000000001</ele>
   </trkpt>
   <trkpt lat="47.470380000000006" lon="12.420340000000001">
    <ele>1463.0100000000002</ele>
   </trkpt>
   <trkpt lat="47.470530000000004" lon="12.420280000000002">
    <ele>1459.0200000000002</ele>
   </trkpt>
   <trkpt lat="47.47093" lon="12.420010000000001">
    <ele>1451.14</ele>
   </trkpt>
   <trkpt lat="47.47101000000001" lon="12.419920000000001">
    <ele>1451.14</ele>
   </trkpt>
   <trkpt lat="47.471120000000006" lon="12.4197">
    <ele>1447.74</ele>
   </trkpt>
   <trkpt lat="47.471250000000005" lon="12.41952">
    <ele>1446.3300000000002</ele>
   </trkpt>
   <trkpt lat="47.47131" lon="12.41937">
    <ele>1441.88</ele>
   </trkpt>
   <trkpt lat="47.471340000000005" lon="12.41914">
    <ele>1438.3100000000002</ele>
   </trkpt>
   <trkpt lat="47.471430000000005" lon="12.418790000000001">
    <ele>1436.86</ele>
   </trkpt>
   <trkpt lat="47.471540000000005" lon="12.41854">
    <ele>1432.3300000000002</ele>
   </trkpt>
   <trkpt lat="47.47175000000001" lon="12.418220000000002">
    <ele>1427.5800000000002</ele>
   </trkpt>
   <trkpt lat="47.47182" lon="12.41807">
    <ele>1427.5800000000002</ele>
   </trkpt>
   <trkpt lat="47.47184000000001" lon="12.41801">
    <ele>1424.0400000000002</ele>
   </trkpt>
   <trkpt lat="47.471830000000004" lon="12.417610000000002">
    <ele>1422.26</ele>
   </trkpt>
   <trkpt lat="47.471790000000006" lon="12.417530000000001">
    <ele>1422.26</ele>
   </trkpt>
   <trkpt lat="47.47175000000001" lon="12.417510000000002">
    <ele>1422.26</ele>
   </trkpt>
   <trkpt lat="47.471700000000006" lon="12.417530000000001">
    <ele>1422.26</ele>
   </trkpt>
   <trkpt lat="47.471590000000006" lon="12.417700000000002">
    <ele>1413.8400000000001</ele>
   </trkpt>
   <trkpt lat="47.47102" lon="12.41801">
    <ele>1409.81</ele>
   </trkpt>
   <trkpt lat="47.47083000000001" lon="12.418260000000002">
    <ele>1405.7700000000002</ele>
   </trkpt>
   <trkpt lat="47.47079" lon="12.41825">
    <ele>1405.7700000000002</ele>
   </trkpt>
   <trkpt lat="47.47077" lon="12.41815">
    <ele>1405.7700000000002</ele>
   </trkpt>
   <trkpt lat="47.47079" lon="12.418040000000001">
    <ele>1405.7700000000002</ele>
   </trkpt>
   <trkpt lat="47.47105000157298" lon="12.417450002783244">
    <ele>1397.7400000000002</ele>
   </trkpt>
   <trkpt lat="47.47131" lon="12.416860000000002">
    <ele>1388.14</ele>
   </trkpt>
   <trkpt lat="47.47138" lon="12.41675">
    <ele>1388.14</ele>
   </trkpt>
   <trkpt lat="47.47157000000001" lon="12.41652">
    <ele>1384.65</ele>
   </trkpt>
   <trkpt lat="47.47176" lon="12.416340000000002">
    <ele>1383.39</ele>
   </trkpt>
   <trkpt lat="47.471900000000005" lon="12.41609">
    <ele>1375.1100000000001</ele>
   </trkpt>
   <trkpt lat="47.47231000000001" lon="12.41549">
    <ele>1369.92</ele>
   </trkpt>
   <trkpt lat="47.472350000000006" lon="12.41533">
    <ele>1369.92</ele>
   </trkpt>
   <trkpt lat="47.47243" lon="12.415210000000002">
    <ele>1368.81</ele>
   </trkpt>
   <trkpt lat="47.47249" lon="12.415130000000001">
    <ele>1367.5900000000001</ele>
   </trkpt>
   <trkpt lat="47.47258" lon="12.415090000000001">
    <ele>1364.33</ele>
   </trkpt>
   <trkpt lat="47.472640000000006" lon="12.41502">
    <ele>1364.33</ele>
   </trkpt>
   <trkpt lat="47.472730000000006" lon="12.41464">
    <ele>1361.3600000000001</ele>
   </trkpt>
   <trkpt lat="47.472860000000004" lon="12.41445">
    <ele>1358.91</ele>
   </trkpt>
   <trkpt lat="47.473130000000005" lon="12.41422">
    <ele>1353.9800000000002</ele>
   </trkpt>
   <trkpt lat="47.47328" lon="12.414060000000001">
    <ele>1352.7600000000002</ele>
   </trkpt>
   <trkpt lat="47.47381000000001" lon="12.413290000000002">
    <ele>1341.46</ele>
   </trkpt>
   <trkpt lat="47.474180000000004" lon="12.412510000000001">
    <ele>1333.62</ele>
   </trkpt>
   <trkpt lat="47.474180000000004" lon="12.412400000000002">
    <ele>1333.01</ele>
   </trkpt>
   <trkpt lat="47.47413" lon="12.412320000000001">
    <ele>1331.11</ele>
   </trkpt>
   <trkpt lat="47.474090000000004" lon="12.412320000000001">
    <ele>1331.11</ele>
   </trkpt>
   <trkpt lat="47.47395" lon="12.412550000000001">
    <ele>1328.8000000000002</ele>
   </trkpt>
   <trkpt lat="47.47352" lon="12.4128">
    <ele>1322.14</ele>
   </trkpt>
   <trkpt lat="47.47292" lon="12.413010000000002">
    <ele>1312.57</ele>
   </trkpt>
   <trkpt lat="47.47269000000001" lon="12.41305">
    <ele>1310.06</ele>
   </trkpt>
   <trkpt lat="47.472480000000004" lon="12.41318">
    <ele>1307.0900000000001</ele>
   </trkpt>
   <trkpt lat="47.47231000000001" lon="12.41323">
    <ele>1304.28</ele>
   </trkpt>
   <trkpt lat="47.472080000000005" lon="12.413240000000002">
    <ele>1302.72</ele>
   </trkpt>
   <trkpt lat="47.47167" lon="12.41341">
    <ele>1297.08</ele>
   </trkpt>
   <trkpt lat="47.47146" lon="12.41355">
    <ele>1294.25</ele>
   </trkpt>
   <trkpt lat="47.47122" lon="12.41379">
    <ele>1290.51</ele>
   </trkpt>
   <trkpt lat="47.471160000000005" lon="12.4138">
    <ele>1289.44</ele>
   </trkpt>
   <trkpt lat="47.47113" lon="12.413760000000002">
    <ele>1289.44</ele>
   </trkpt>
   <trkpt lat="47.47110000000001" lon="12.413670000000002">
    <ele>1288.28</ele>
   </trkpt>
   <trkpt lat="47.471120000000006" lon="12.41355">
    <ele>1288.28</ele>
   </trkpt>
   <trkpt lat="47.471180000000004" lon="12.41342">
    <ele>1285.88</ele>
   </trkpt>
   <trkpt lat="47.471270000000004" lon="12.413300000000001">
    <ele>1283.94</ele>
   </trkpt>
   <trkpt lat="47.47148000000001" lon="12.413170000000001">
    <ele>1280.46</ele>
   </trkpt>
   <trkpt lat="47.471560000000004" lon="12.41305">
    <ele>1279.1100000000001</ele>
   </trkpt>
   <trkpt lat="47.471610000000005" lon="12.41295">
    <ele>1279.1100000000001</ele>
   </trkpt>
   <trkpt lat="47.471630000000005" lon="12.412820000000002">
    <ele>1274.5900000000001</ele>
   </trkpt>
   <trkpt lat="47.471720000000005" lon="12.41253">
    <ele>1273.2400000000002</ele>
   </trkpt>
   <trkpt lat="47.471990000000005" lon="12.41229">
    <ele>1269.12</ele>
   </trkpt>
   <trkpt lat="47.47204000000001" lon="12.412">
    <ele>1265.91</ele>
   </trkpt>
   <trkpt lat="47.47209" lon="12.411890000000001">
    <ele>1265.2</ele>
   </trkpt>
   <trkpt lat="47.472150000000006" lon="12.411800000000001">
    <ele>1262.19</ele>
   </trkpt>
   <trkpt lat="47.4724" lon="12.411600000000002">
    <ele>1258.89</ele>
   </trkpt>
   <trkpt lat="47.47252" lon="12.4114">
    <ele>1256.19</ele>
   </trkpt>
   <trkpt lat="47.472590000000004" lon="12.411240000000001">
    <ele>1254.7700000000002</ele>
   </trkpt>
   <trkpt lat="47.47260000000001" lon="12.41112">
    <ele>1254.7700000000002</ele>
   </trkpt>
   <trkpt lat="47.47252" lon="12.410800000000002">
    <ele>1252.0600000000002</ele>
   </trkpt>
   <trkpt lat="47.47252" lon="12.410490000000001">
    <ele>1249.44</ele>
   </trkpt>
   <trkpt lat="47.47247" lon="12.410430000000002">
    <ele>1248.2300000000002</ele>
   </trkpt>
   <trkpt lat="47.47241" lon="12.41041">
    <ele>1248.2300000000002</ele>
   </trkpt>
   <trkpt lat="47.47233000000001" lon="12.41045">
    <ele>1246.2700000000002</ele>
   </trkpt>
   <trkpt lat="47.47222000000001" lon="12.41055">
    <ele>1246.2700000000002</ele>
   </trkpt>
   <trkpt lat="47.47216" lon="12.410660000000002">
    <ele>1242.0800000000002</ele>
   </trkpt>
   <trkpt lat="47.47211" lon="12.41103">
    <ele>1240.78</ele>
   </trkpt>
   <trkpt lat="47.47204000000001" lon="12.41112">
    <ele>1237.67</ele>
   </trkpt>
   <trkpt lat="47.471970000000006" lon="12.411150000000001">
    <ele>1236.3500000000001</ele>
   </trkpt>
   <trkpt lat="47.471810000000005" lon="12.41117">
    <ele>1234.99</ele>
   </trkpt>
   <trkpt lat="47.47171" lon="12.41116">
    <ele>1232.88</ele>
   </trkpt>
   <trkpt lat="47.471520000000005" lon="12.41122">
    <ele>1230.69</ele>
   </trkpt>
   <trkpt lat="47.47138" lon="12.4113">
    <ele>1227.7</ele>
   </trkpt>
   <trkpt lat="47.471140000000005" lon="12.411480000000001">
    <ele>1221.92</ele>
   </trkpt>
   <trkpt lat="47.471050000000005" lon="12.411510000000002">
    <ele>1221.92</ele>
   </trkpt>
   <trkpt lat="47.47083000000001" lon="12.41153">
    <ele>1219.3400000000001</ele>
   </trkpt>
   <trkpt lat="47.470330000000004" lon="12.411900000000001">
    <ele>1208.6000000000001</ele>
   </trkpt>
   <trkpt lat="47.470220000000005" lon="12.41192">
    <ele>1208.6000000000001</ele>
   </trkpt>
   <trkpt lat="47.469910000000006" lon="12.41186">
    <ele>1203.3400000000001</ele>
   </trkpt>
   <trkpt lat="47.4697" lon="12.41192">
    <ele>1200.89</ele>
   </trkpt>
   <trkpt lat="47.46952" lon="12.41205">
    <ele>1197.5</ele>
   </trkpt>
   <trkpt lat="47.46945" lon="12.412040000000001">
    <ele>1197.5</ele>
   </trkpt>
   <trkpt lat="47.46942000000001" lon="12.41197">
    <ele>1197.5</ele>
   </trkpt>
   <trkpt lat="47.46942000000001" lon="12.411890000000001">
    <ele>1196.41</ele>
   </trkpt>
   <trkpt lat="47.46945" lon="12.411810000000001">
    <ele>1195.9</ele>
   </trkpt>
   <trkpt lat="47.469710000000006" lon="12.41149">
    <ele>1192.66</ele>
   </trkpt>
   <trkpt lat="47.46992" lon="12.410950000000001">
    <ele>1188.5</ele>
   </trkpt>
   <trkpt lat="47.47023" lon="12.4105">
    <ele>1185.0200000000002</ele>
   </trkpt>
   <trkpt lat="47.47054000000001" lon="12.410110000000001">
    <ele>1182.4800000000002</ele>
   </trkpt>
   <trkpt lat="47.47081000000001" lon="12.4097">
    <ele>1178.74</ele>
   </trkpt>
   <trkpt lat="47.47086" lon="12.409580000000002">
    <ele>1177.7000000000003</ele>
   </trkpt>
   <trkpt lat="47.470800000000004" lon="12.409160000000002">
    <ele>1173.5500000000002</ele>
   </trkpt>
   <trkpt lat="47.47082" lon="12.409">
    <ele>1173.5500000000002</ele>
   </trkpt>
   <trkpt lat="47.470890000000004" lon="12.40877">
    <ele>1171.64</ele>
   </trkpt>
   <trkpt lat="47.470980000000004" lon="12.408570000000001">
    <ele>1167.5900000000001</ele>
   </trkpt>
   <trkpt lat="47.471120000000006" lon="12.40835">
    <ele>1162.9900000000002</ele>
   </trkpt>
   <trkpt lat="47.471360000000004" lon="12.408030000000002">
    <ele>1159.18</ele>
   </trkpt>
   <trkpt lat="47.47171" lon="12.40745">
    <ele>1153.0200000000002</ele>
   </trkpt>
   <trkpt lat="47.472080000000005" lon="12.406680000000001">
    <ele>1142.7200000000003</ele>
   </trkpt>
   <trkpt lat="47.47236" lon="12.406410000000001">
    <ele>1137.46</ele>
   </trkpt>
   <trkpt lat="47.4724" lon="12.406350000000002">
    <ele>1137.46</ele>
   </trkpt>
   <trkpt lat="47.47243" lon="12.40572">
    <ele>1129.69</ele>
   </trkpt>
   <trkpt lat="47.472570000000005" lon="12.405280000000001">
    <ele>1125.8100000000002</ele>
   </trkpt>
   <trkpt lat="47.473110000000005" lon="12.404470000000002">
    <ele>1112.12</ele>
   </trkpt>
   <trkpt lat="47.473200000000006" lon="12.404140000000002">
    <ele>1109.34</ele>
   </trkpt>
   <trkpt lat="47.473310000000005" lon="12.403870000000001">
    <ele>1105.3600000000001</ele>
   </trkpt>
   <trkpt lat="47.47337" lon="12.403770000000002">
    <ele>1105.3600000000001</ele>
   </trkpt>
   <trkpt lat="47.473760000000006" lon="12.403350000000001">
    <ele>1094.45</ele>
   </trkpt>
   <trkpt lat="47.474050000000005" lon="12.40299">
    <ele>1090.1100000000001</ele>
   </trkpt>
   <trkpt lat="47.47422" lon="12.402830000000002">
    <ele>1088.2500000000002</ele>
   </trkpt>
   <trkpt lat="47.474500000000006" lon="12.40271">
    <ele>1083.0700000000002</ele>
   </trkpt>
   <trkpt lat="47.474540000000005" lon="12.402660000000001">
    <ele>1082.36</ele>
   </trkpt>
   <trkpt lat="47.474540000000005" lon="12.402600000000001">
    <ele>1081.6100000000001</ele>
   </trkpt>
   <trkpt lat="47.474500000000006" lon="12.402560000000001">
    <ele>1081.6100000000001</ele>
   </trkpt>
   <trkpt lat="47.47444" lon="12.402540000000002">
    <ele>1079.25</ele>
   </trkpt>
   <trkpt lat="47.47422" lon="12.40257">
    <ele>1076.36</ele>
   </trkpt>
   <trkpt lat="47.473560000000006" lon="12.40257">
    <ele>1064.9700000000003</ele>
   </trkpt>
   <trkpt lat="47.473084999885074" lon="12.402625000511962">
    <ele>1058.99</ele>
   </trkpt>
   <trkpt lat="47.47261" lon="12.40268">
    <ele>1051.2</ele>
   </trkpt>
   <trkpt lat="47.472280000000005" lon="12.402740000000001">
    <ele>1046.99</ele>
   </trkpt>
   <trkpt lat="47.47193" lon="12.402920000000002">
    <ele>1042.0</ele>
   </trkpt>
   <trkpt lat="47.47187" lon="12.402930000000001">
    <ele>1040.33</ele>
   </trkpt>
   <trkpt lat="47.47171" lon="12.402840000000001">
    <ele>1038.46</ele>
   </trkpt>
   <trkpt lat="47.471650000000004" lon="12.402740000000001">
    <ele>1037.74</ele>
   </trkpt>
   <trkpt lat="47.47158" lon="12.40268">
    <ele>1034.74</ele>
   </trkpt>
   <trkpt lat="47.47146" lon="12.402660000000001">
    <ele>1034.0200000000002</ele>
   </trkpt>
   <trkpt lat="47.471360000000004" lon="12.40268">
    <ele>1032.04</ele>
   </trkpt>
   <trkpt lat="47.47119000000001" lon="12.402660000000001">
    <ele>1030.8300000000002</ele>
   </trkpt>
   <trkpt lat="47.47111" lon="12.40262">
    <ele>1028.54</ele>
   </trkpt>
   <trkpt lat="47.47099" lon="12.40243">
    <ele>1026.76</ele>
   </trkpt>
   <trkpt lat="47.470780000000005" lon="12.40202">
    <ele>1018.7700000000002</ele>
   </trkpt>
   <trkpt lat="47.470560000000006" lon="12.401760000000001">
    <ele>1014.91</ele>
   </trkpt>
   <trkpt lat="47.47054000000001" lon="12.401670000000001">
    <ele>1014.91</ele>
   </trkpt>
   <trkpt lat="47.47054000000001" lon="12.401580000000001">
    <ele>1014.91</ele>
   </trkpt>
   <trkpt lat="47.47079" lon="12.401090000000002">
    <ele>1010.81</ele>
   </trkpt>
   <trkpt lat="47.47113" lon="12.400590000000001">
    <ele>1009.25</ele>
   </trkpt>
   <trkpt lat="47.471270000000004" lon="12.400340000000002">
    <ele>1008.27</ele>
   </trkpt>
   <trkpt lat="47.47142" lon="12.399960000000002">
    <ele>1005.19</ele>
   </trkpt>
   <trkpt lat="47.471450000000004" lon="12.399830000000001">
    <ele>1003.9600000000002</ele>
   </trkpt>
   <trkpt lat="47.471410000000006" lon="12.39943">
    <ele>1002.0200000000001</ele>
   </trkpt>
   <trkpt lat="47.47124" lon="12.39905">
    <ele>995.89</ele>
   </trkpt>
   <trkpt lat="47.471140000000005" lon="12.398620000000001">
    <ele>990.5200000000001</ele>
   </trkpt>
   <trkpt lat="47.47104" lon="12.3984">
    <ele>987.45</ele>
   </trkpt>
   <trkpt lat="47.47099" lon="12.398340000000001">
    <ele>987.45</ele>
   </trkpt>
   <trkpt lat="47.47093" lon="12.3983">
    <ele>985.98</ele>
   </trkpt>
   <trkpt lat="47.47059" lon="12.39825">
    <ele>980.69</ele>
   </trkpt>
   <trkpt lat="47.47037" lon="12.398200000000001">
    <ele>977.2</ele>
   </trkpt>
   <trkpt lat="47.46987000000001" lon="12.398280000000002">
    <ele>971.9200000000001</ele>
   </trkpt>
   <trkpt lat="47.46981" lon="12.398330000000001">
    <ele>968.58</ele>
   </trkpt>
   <trkpt lat="47.46945" lon="12.399140000000001">
    <ele>961.8900000000001</ele>
   </trkpt>
   <trkpt lat="47.46940000000001" lon="12.399140000000001">
    <ele>960.49</ele>
   </trkpt>
   <trkpt lat="47.469370000000005" lon="12.399120000000002">
    <ele>960.49</ele>
   </trkpt>
   <trkpt lat="47.469350000000006" lon="12.39905">
    <ele>960.49</ele>
   </trkpt>
   <trkpt lat="47.46945" lon="12.398390000000001">
    <ele>951.86</ele>
   </trkpt>
   <trkpt lat="47.469460000000005" lon="12.397860000000001">
    <ele>948.6000000000001</ele>
   </trkpt>
   <trkpt lat="47.469530000000006" lon="12.397680000000001">
    <ele>943.8100000000001</ele>
   </trkpt>
   <trkpt lat="47.46981" lon="12.397210000000001">
    <ele>939.2900000000001</ele>
   </trkpt>
   <trkpt lat="47.470220000000005" lon="12.396630000000002">
    <ele>929.6500000000001</ele>
   </trkpt>
   <trkpt lat="47.470290000000006" lon="12.39658">
    <ele>929.6500000000001</ele>
   </trkpt>
   <trkpt lat="47.47039" lon="12.396550000000001">
    <ele>928.49</ele>
   </trkpt>
   <trkpt lat="47.47059" lon="12.396560000000001">
    <ele>926.2900000000001</ele>
   </trkpt>
   <trkpt lat="47.470650000000006" lon="12.396500000000001">
    <ele>925.1400000000001</ele>
   </trkpt>
   <trkpt lat="47.470650000000006" lon="12.39643">
    <ele>923.8900000000001</ele>
   </trkpt>
   <trkpt lat="47.470620000000004" lon="12.396370000000001">
    <ele>923.8900000000001</ele>
   </trkpt>
   <trkpt lat="47.47046" lon="12.39628">
    <ele>920.0</ele>
   </trkpt>
   <trkpt lat="47.470180000000006" lon="12.396070000000002">
    <ele>916.93</ele>
   </trkpt>
   <trkpt lat="47.470090000000006" lon="12.396020000000002">
    <ele>915.2300000000001</ele>
   </trkpt>
   <trkpt lat="47.46985" lon="12.395930000000002">
    <ele>912.07</ele>
   </trkpt>
   <trkpt lat="47.46974" lon="12.395930000000002">
    <ele>912.07</ele>
   </trkpt>
   <trkpt lat="47.46956" lon="12.39597">
    <ele>909.14</ele>
   </trkpt>
   <trkpt lat="47.46951000000001" lon="12.395940000000001">
    <ele>909.14</ele>
   </trkpt>
   <trkpt lat="47.469500000000004" lon="12.39583">
    <ele>908.07</ele>
   </trkpt>
   <trkpt lat="47.46954" lon="12.395750000000001">
    <ele>906.8900000000001</ele>
   </trkpt>
   <trkpt lat="47.470090000000006" lon="12.395130000000002">
    <ele>898.32</ele>
   </trkpt>
   <trkpt lat="47.470180000000006" lon="12.395000000000001">
    <ele>894.6500000000001</ele>
   </trkpt>
   <trkpt lat="47.47032" lon="12.394680000000001">
    <ele>891.3900000000001</ele>
   </trkpt>
   <trkpt lat="47.47036000000001" lon="12.394630000000001">
    <ele>891.3900000000001</ele>
   </trkpt>
   <trkpt lat="47.47041" lon="12.3946">
    <ele>891.3900000000001</ele>
   </trkpt>
   <trkpt lat="47.47048" lon="12.39461">
    <ele>889.33</ele>
   </trkpt>
   <trkpt lat="47.470710000000004" lon="12.394730000000001">
    <ele>886.62</ele>
   </trkpt>
   <trkpt lat="47.471360000000004" lon="12.395150000000001">
    <ele>875.1300000000001</ele>
   </trkpt>
   <trkpt lat="47.471590000000006" lon="12.39526">
    <ele>873.95</ele>
   </trkpt>
   <trkpt lat="47.471880000000006" lon="12.39536">
    <ele>868.9000000000001</ele>
   </trkpt>
   <trkpt lat="47.471990000000005" lon="12.39539">
    <ele>867.74</ele>
   </trkpt>
   <trkpt lat="47.47285" lon="12.39531">
    <ele>854.1500000000001</ele>
   </trkpt>
   <trkpt lat="47.472910000000006" lon="12.395280000000001">
    <ele>854.1500000000001</ele>
   </trkpt>
   <trkpt lat="47.472970000000004" lon="12.39516">
    <ele>852.2400000000001</ele>
   </trkpt>
   <trkpt lat="47.473090000000006" lon="12.394660000000002">
    <ele>849.1500000000001</ele>
   </trkpt>
   <trkpt lat="47.47327000000001" lon="12.394150000000002">
    <ele>842.47</ele>
   </trkpt>
   <trkpt lat="47.47335" lon="12.3938">
    <ele>838.9700000000001</ele>
   </trkpt>
   <trkpt lat="47.4733" lon="12.39361">
    <ele>838.0000000000001</ele>
   </trkpt>
   <trkpt lat="47.473180000000006" lon="12.393440000000002">
    <ele>836.1800000000001</ele>
   </trkpt>
   <trkpt lat="47.473090000000006" lon="12.393360000000001">
    <ele>833.9000000000001</ele>
   </trkpt>
   <trkpt lat="47.47287" lon="12.393250000000002">
    <ele>831.76</ele>
   </trkpt>
   <trkpt lat="47.47234" lon="12.393020000000002">
    <ele>823.07</ele>
   </trkpt>
   <trkpt lat="47.47214" lon="12.39296">
    <ele>819.2800000000001</ele>
   </trkpt>
   <trkpt lat="47.47184000000001" lon="12.39291">
    <ele>816.21</ele>
   </trkpt>
   <trkpt lat="47.47151" lon="12.392800000000001">
    <ele>811.3800000000001</ele>
   </trkpt>
   <trkpt lat="47.47090000000001" lon="12.392660000000001">
    <ele>803.9000000000001</ele>
   </trkpt>
   <trkpt lat="47.47028" lon="12.392610000000001">
    <ele>796.22</ele>
   </trkpt>
   <trkpt lat="47.470090000000006" lon="12.392570000000001">
    <ele>794.3800000000001</ele>
   </trkpt>
   <trkpt lat="47.469480000000004" lon="12.39235">
    <ele>791.8900000000001</ele>
   </trkpt>
   <trkpt lat="47.46896" lon="12.39226">
    <ele>790.3100000000001</ele>
   </trkpt>
   <trkpt lat="47.46887" lon="12.392230000000001">
    <ele>790.3100000000001</ele>
   </trkpt>
   <trkpt lat="47.46853" lon="12.39206">
    <ele>789.34</ele>
   </trkpt>
   <trkpt lat="47.468340000000005" lon="12.392030000000002">
    <ele>788.42</ele>
   </trkpt>
   <trkpt lat="47.468160000000005" lon="12.39206">
    <ele>787.73</ele>
   </trkpt>
   <trkpt lat="47.46781000000001" lon="12.39215">
    <ele>786.85</ele>
   </trkpt>
   <trkpt lat="47.46766" lon="12.39215">
    <ele>786.4000000000001</ele>
   </trkpt>
   <trkpt lat="47.46759" lon="12.39211">
    <ele>786.0100000000001</ele>
   </trkpt>
   <trkpt lat="47.467530000000004" lon="12.392050000000001">
    <ele>785.7900000000001</ele>
   </trkpt>
   <trkpt lat="47.467150000000004" lon="12.391420000000002">
    <ele>781.8100000000001</ele>
   </trkpt>
   <trkpt lat="47.46705" lon="12.391280000000002">
    <ele>781.99</ele>
   </trkpt>
   <trkpt lat="47.467020000000005" lon="12.39132">
    <ele>782.05</ele>
   </trkpt>
   <trkpt lat="47.46676" lon="12.39136">
    <ele>782.34</ele>
   </trkpt>
   <trkpt lat="47.46669000000001" lon="12.39141">
    <ele>782.6200000000001</ele>
   </trkpt>
   <trkpt lat="47.46645" lon="12.391190000000002">
    <ele>783.15</ele>
   </trkpt>
   <trkpt lat="47.46593000000001" lon="12.39118">
    <ele>787.7700000000001</ele>
   </trkpt>
   <trkpt lat="47.465270000000004" lon="12.39126">
    <ele>788.5200000000001</ele>
   </trkpt>
   <trkpt lat="47.46511" lon="12.39131">
    <ele>788.75</ele>
   </trkpt>
   <trkpt lat="47.46499000000001" lon="12.391380000000002">
    <ele>789.0500000000001</ele>
   </trkpt>
   <trkpt lat="47.46481000000001" lon="12.391520000000002">
    <ele>789.95</ele>
   </trkpt>
   <trkpt lat="47.46459" lon="12.39165">
    <ele>790.96</ele>
   </trkpt>
   <trkpt lat="47.46425000000001" lon="12.39179">
    <ele>792.63</ele>
   </trkpt>
   <trkpt lat="47.463860000000004" lon="12.39188">
    <ele>792.58</ele>
   </trkpt>
   <trkpt lat="47.463750000000005" lon="12.39192">
    <ele>792.0800000000002</ele>
   </trkpt>
   <trkpt lat="47.463710000000006" lon="12.392000000000001">
    <ele>791.6800000000001</ele>
   </trkpt>
   <trkpt lat="47.46359" lon="12.39258">
    <ele>791.34</ele>
   </trkpt>
   <trkpt lat="47.46345" lon="12.39278">
    <ele>792.49</ele>
   </trkpt>
   <trkpt lat="47.46313000000001" lon="12.392840000000001">
    <ele>794.36</ele>
   </trkpt>
   <trkpt lat="47.46287" lon="12.39286">
    <ele>795.63</ele>
   </trkpt>
   <trkpt lat="47.462360000000004" lon="12.39267">
    <ele>794.0400000000001</ele>
   </trkpt>
   <trkpt lat="47.46215" lon="12.392500000000002">
    <ele>792.6500000000001</ele>
   </trkpt>
   <trkpt lat="47.461920000000006" lon="12.39235">
    <ele>790.61</ele>
   </trkpt>
   <trkpt lat="47.46179" lon="12.392180000000002">
    <ele>788.57</ele>
   </trkpt>
   <trkpt lat="47.46164" lon="12.392030000000002">
    <ele>785.3800000000001</ele>
   </trkpt>
   <trkpt lat="47.461510000000004" lon="12.39193">
    <ele>783.6</ele>
   </trkpt>
   <trkpt lat="47.461360000000006" lon="12.391850000000002">
    <ele>782.27</ele>
   </trkpt>
   <trkpt lat="47.46117" lon="12.391800000000002">
    <ele>781.33</ele>
   </trkpt>
   <trkpt lat="47.46106" lon="12.391820000000001">
    <ele>781.34</ele>
   </trkpt>
   <trkpt lat="47.46063" lon="12.39178">
    <ele>783.8100000000001</ele>
   </trkpt>
   <trkpt lat="47.46043" lon="12.39178">
    <ele>786.1800000000001</ele>
   </trkpt>
   <trkpt lat="47.46036" lon="12.391820000000001">
    <ele>786.1800000000001</ele>
   </trkpt>
   <trkpt lat="47.46013000000001" lon="12.392050000000001">
    <ele>789.7</ele>
   </trkpt>
   <trkpt lat="47.459680000000006" lon="12.392330000000001">
    <ele>794.2900000000001</ele>
   </trkpt>
   <trkpt lat="47.45909" lon="12.392650000000001">
    <ele>797.47</ele>
   </trkpt>
   <trkpt lat="47.458960000000005" lon="12.39276">
    <ele>797.8100000000001</ele>
   </trkpt>
   <trkpt lat="47.458780000000004" lon="12.39296">
    <ele>798.22</ele>
   </trkpt>
   <trkpt lat="47.45839" lon="12.393630000000002">
    <ele>799.1</ele>
   </trkpt>
   <trkpt lat="47.45825000000001" lon="12.39381">
    <ele>798.7900000000001</ele>
   </trkpt>
   <trkpt lat="47.458110000000005" lon="12.393860000000002">
    <ele>798.82</ele>
   </trkpt>
   <trkpt lat="47.457770000000004" lon="12.393830000000001">
    <ele>799.15</ele>
   </trkpt>
   <trkpt lat="47.457570000000004" lon="12.393790000000001">
    <ele>799.42</ele>
   </trkpt>
   <trkpt lat="47.45732" lon="12.393770000000002">
    <ele>800.0600000000001</ele>
   </trkpt>
   <trkpt lat="47.457010000000004" lon="12.393920000000001">
    <ele>800.25</ele>
   </trkpt>
   <trkpt lat="47.456860000000006" lon="12.39403">
    <ele>800.51</ele>
   </trkpt>
   <trkpt lat="47.45669" lon="12.39418">
    <ele>800.7</ele>
   </trkpt>
   <trkpt lat="47.45647" lon="12.394330000000002">
    <ele>801.12</ele>
   </trkpt>
   <trkpt lat="47.456300000000006" lon="12.394390000000001">
    <ele>801.12</ele>
   </trkpt>
   <trkpt lat="47.45611" lon="12.394480000000001">
    <ele>800.6700000000001</ele>
   </trkpt>
   <trkpt lat="47.455600000000004" lon="12.394660000000002">
    <ele>800.49</ele>
   </trkpt>
   <trkpt lat="47.45544" lon="12.39474">
    <ele>800.42</ele>
   </trkpt>
   <trkpt lat="47.455130000000004" lon="12.39493">
    <ele>800.2800000000001</ele>
   </trkpt>
   <trkpt lat="47.45443" lon="12.395510000000002">
    <ele>799.6500000000001</ele>
   </trkpt>
   <trkpt lat="47.454240000000006" lon="12.395750000000001">
    <ele>799.48</ele>
   </trkpt>
   <trkpt lat="47.454" lon="12.396120000000002">
    <ele>799.49</ele>
   </trkpt>
   <trkpt lat="47.45373000000001" lon="12.396460000000001">
    <ele>799.1300000000001</ele>
   </trkpt>
   <trkpt lat="47.453160000000004" lon="12.39709">
    <ele>798.51</ele>
   </trkpt>
   <trkpt lat="47.453050000000005" lon="12.39719">
    <ele>798.0600000000001</ele>
   </trkpt>
   <trkpt lat="47.452690000000004" lon="12.39727">
    <ele>797.0100000000001</ele>
   </trkpt>
   <trkpt lat="47.452470000000005" lon="12.397310000000001">
    <ele>796.42</ele>
   </trkpt>
   <trkpt lat="47.452380000000005" lon="12.39733">
    <ele>795.7</ele>
   </trkpt>
   <trkpt lat="47.45226" lon="12.39732">
    <ele>795.7</ele>
   </trkpt>
   <trkpt lat="47.45185000000001" lon="12.39718">
    <ele>791.63</ele>
   </trkpt>
   <trkpt lat="47.45140000000001" lon="12.396980000000001">
    <ele>784.6800000000001</ele>
   </trkpt>
   <trkpt lat="47.4513" lon="12.397020000000001">
    <ele>784.6800000000001</ele>
   </trkpt>
   <trkpt lat="47.45112" lon="12.39719">
    <ele>779.9100000000001</ele>
   </trkpt>
   <trkpt lat="47.451" lon="12.39727">
    <ele>779.9100000000001</ele>
   </trkpt>
   <trkpt lat="47.45093000000001" lon="12.39728">
    <ele>779.9100000000001</ele>
   </trkpt>
   <trkpt lat="47.45082000000001" lon="12.39718">
    <ele>778.5600000000001</ele>
   </trkpt>
   <trkpt lat="47.45071" lon="12.39704">
    <ele>776.9</ele>
   </trkpt>
   <trkpt lat="47.45018" lon="12.39601">
    <ele>768.19</ele>
   </trkpt>
   <trkpt lat="47.44997000219712" lon="12.395294997058716">
    <ele>763.57</ele>
   </trkpt>
   <trkpt lat="47.449760000000005" lon="12.394580000000001">
    <ele>760.1600000000001</ele>
   </trkpt>
   <trkpt lat="47.449540000000006" lon="12.39403">
    <ele>754.45</ele>
   </trkpt>
   <trkpt lat="47.44948" lon="12.393830000000001">
    <ele>750.77</ele>
   </trkpt>
   <trkpt lat="47.44946" lon="12.393270000000001">
    <ele>747.7800000000001</ele>
   </trkpt>
   <trkpt lat="47.44944" lon="12.393070000000002">
    <ele>747.5500000000001</ele>
   </trkpt>
   <trkpt lat="47.449400000000004" lon="12.392930000000002">
    <ele>747.5</ele>
   </trkpt>
   <trkpt lat="47.44924" lon="12.392470000000001">
    <ele>746.86</ele>
   </trkpt>
   <trkpt lat="47.448750000000004" lon="12.391440000000001">
    <ele>747.0400000000001</ele>
   </trkpt>
   <trkpt lat="47.448660000000004" lon="12.391350000000001">
    <ele>747.1600000000001</ele>
   </trkpt>
   <trkpt lat="47.448640000000005" lon="12.39122">
    <ele>747.5600000000001</ele>
   </trkpt>
   <trkpt lat="47.44868" lon="12.39084">
    <ele>748.1800000000001</ele>
   </trkpt>
   <trkpt lat="47.44839" lon="12.39057">
    <ele>748.85</ele>
   </trkpt>
   <trkpt lat="47.44805" lon="12.39015">
    <ele>751.29</ele>
   </trkpt>
   <trkpt lat="47.44784000000001" lon="12.389990000000001">
    <ele>751.62</ele>
   </trkpt>
   <trkpt lat="47.447630000000004" lon="12.38976">
    <ele>752.9800000000001</ele>
   </trkpt>
   <trkpt lat="47.44746000000001" lon="12.389550000000002">
    <ele>754.0000000000001</ele>
   </trkpt>
   <trkpt lat="47.44745" lon="12.38944">
    <ele>754.0000000000001</ele>
   </trkpt>
   <trkpt lat="47.44733" lon="12.389370000000001">
    <ele>754.97</ele>
   </trkpt>
   <trkpt lat="47.44699000000001" lon="12.38943">
    <ele>755.7900000000001</ele>
   </trkpt>
   <trkpt lat="47.44639" lon="12.38948">
    <ele>761.7900000000001</ele>
   </trkpt>
   <trkpt lat="47.44594000000001" lon="12.38935">
    <ele>762.5400000000001</ele>
   </trkpt>
   <trkpt lat="47.44579" lon="12.3892">
    <ele>763.36</ele>
   </trkpt>
   <trkpt lat="47.44583" lon="12.38892">
    <ele>763.85</ele>
   </trkpt>
   <trkpt lat="47.44615" lon="12.388020000000001">
    <ele>764.94</ele>
   </trkpt>
   <trkpt lat="47.446250000000006" lon="12.387810000000002">
    <ele>764.94</ele>
   </trkpt>
   <trkpt lat="47.4467250021376" lon="12.38711000631044">
    <ele>766.09</ele>
   </trkpt>
   <trkpt lat="47.4472" lon="12.386410000000001">
    <ele>766.8900000000001</ele>
   </trkpt>
   <trkpt lat="47.44755000000001" lon="12.38555">
    <ele>767.97</ele>
   </trkpt>
   <trkpt lat="47.447630000000004" lon="12.385430000000001">
    <ele>767.97</ele>
   </trkpt>
   <trkpt lat="47.44805" lon="12.385050000000001">
    <ele>768.6500000000001</ele>
   </trkpt>
   <trkpt lat="47.44834" lon="12.384810000000002">
    <ele>769.46</ele>
   </trkpt>
   <trkpt lat="47.448370000000004" lon="12.38485">
    <ele>769.46</ele>
   </trkpt>
   <trkpt lat="47.448570000000004" lon="12.384590000000001">
    <ele>770.35</ele>
   </trkpt>
   <trkpt lat="47.448690000000006" lon="12.38438">
    <ele>770.7600000000001</ele>
   </trkpt>
   <trkpt lat="47.44899" lon="12.38358">
    <ele>773.88</ele>
   </trkpt>
   <trkpt lat="47.44908" lon="12.38319">
    <ele>775.49</ele>
   </trkpt>
   <trkpt lat="47.44915" lon="12.38302">
    <ele>776.12</ele>
   </trkpt>
   <trkpt lat="47.449250000000006" lon="12.382850000000001">
    <ele>776.69</ele>
   </trkpt>
   <trkpt lat="47.44948" lon="12.382620000000001">
    <ele>777.32</ele>
   </trkpt>
   <trkpt lat="47.449540000000006" lon="12.38254">
    <ele>778.1300000000001</ele>
   </trkpt>
   <trkpt lat="47.44993" lon="12.38221">
    <ele>779.46</ele>
   </trkpt>
   <trkpt lat="47.45026000000001" lon="12.38189">
    <ele>780.61</ele>
   </trkpt>
   <trkpt lat="47.450410000000005" lon="12.381710000000002">
    <ele>780.85</ele>
   </trkpt>
   <trkpt lat="47.450660000000006" lon="12.381290000000002">
    <ele>781.9800000000001</ele>
   </trkpt>
   <trkpt lat="47.450810000000004" lon="12.380910000000002">
    <ele>781.9800000000001</ele>
   </trkpt>
   <trkpt lat="47.45089" lon="12.38061">
    <ele>783.09</ele>
   </trkpt>
   <trkpt lat="47.450990000000004" lon="12.379890000000001">
    <ele>783.46</ele>
   </trkpt>
   <trkpt lat="47.45103" lon="12.379100000000001">
    <ele>785.02</ele>
   </trkpt>
   <trkpt lat="47.45116" lon="12.37856">
    <ele>786.61</ele>
   </trkpt>
   <trkpt lat="47.45107" lon="12.378400000000001">
    <ele>787.21</ele>
   </trkpt>
   <trkpt lat="47.45121500378125" lon="12.377470002427971">
    <ele>787.95</ele>
   </trkpt>
   <trkpt lat="47.45136" lon="12.37654">
    <ele>787.87</ele>
   </trkpt>
   <trkpt lat="47.451480000000004" lon="12.375890000000002">
    <ele>787.5200000000001</ele>
   </trkpt>
   <trkpt lat="47.45167000000001" lon="12.375210000000001">
    <ele>787.1600000000001</ele>
   </trkpt>
   <trkpt lat="47.45196000000001" lon="12.374390000000002">
    <ele>787.69</ele>
   </trkpt>
   <trkpt lat="47.45242334254284" lon="12.373360018182023">
    <ele>787.78</ele>
   </trkpt>
   <trkpt lat="47.452886675861635" lon="12.372330018214653">
    <ele>787.84</ele>
   </trkpt>
   <trkpt lat="47.45335" lon="12.371300000000002">
    <ele>787.09</ele>
   </trkpt>
   <trkpt lat="47.4536" lon="12.370930000000001">
    <ele>786.84</ele>
   </trkpt>
   <trkpt lat="47.453610000000005" lon="12.370870000000002">
    <ele>786.84</ele>
   </trkpt>
   <trkpt lat="47.453660000000006" lon="12.37082">
    <ele>786.84</ele>
   </trkpt>
   <trkpt lat="47.45355000000001" lon="12.370690000000002">
    <ele>787.2600000000001</ele>
   </trkpt>
   <trkpt lat="47.45375000000001" lon="12.370070000000002">
    <ele>786.7400000000001</ele>
   </trkpt>
   <trkpt lat="47.45411500381367" lon="12.369145006182164">
    <ele>785.19</ele>
   </trkpt>
   <trkpt lat="47.454480000000004" lon="12.36822">
    <ele>784.2000000000002</ele>
   </trkpt>
   <trkpt lat="47.45497" lon="12.367210000000002">
    <ele>781.1600000000001</ele>
   </trkpt>
   <trkpt lat="47.45523000221134" lon="12.366490003677166">
    <ele>781.4000000000001</ele>
   </trkpt>
   <trkpt lat="47.455490000000005" lon="12.365770000000001">
    <ele>781.6400000000001</ele>
   </trkpt>
   <trkpt lat="47.45585000495683" lon="12.364695007559918">
    <ele>781.9200000000001</ele>
   </trkpt>
   <trkpt lat="47.456210000000006" lon="12.363620000000001">
    <ele>781.7700000000001</ele>
   </trkpt>
   <trkpt lat="47.45626" lon="12.363560000000001">
    <ele>781.7700000000001</ele>
   </trkpt>
   <trkpt lat="47.456450000000004" lon="12.36345">
    <ele>782.11</ele>
   </trkpt>
   <trkpt lat="47.45653" lon="12.363320000000002">
    <ele>782.11</ele>
   </trkpt>
   <trkpt lat="47.456590000000006" lon="12.36316">
    <ele>782.39</ele>
   </trkpt>
   <trkpt lat="47.45664000000001" lon="12.363090000000001">
    <ele>782.5000000000001</ele>
   </trkpt>
   <trkpt lat="47.456700000000005" lon="12.363040000000002">
    <ele>782.5000000000001</ele>
   </trkpt>
   <trkpt lat="47.45675000000001" lon="12.36303">
    <ele>782.57</ele>
   </trkpt>
   <trkpt lat="47.457390000000004" lon="12.363130000000002">
    <ele>782.44</ele>
   </trkpt>
   <trkpt lat="47.457660000000004" lon="12.36312">
    <ele>782.2600000000001</ele>
   </trkpt>
   <trkpt lat="47.45778000000001" lon="12.363100000000001">
    <ele>782.22</ele>
   </trkpt>
   <trkpt lat="47.45801" lon="12.36303">
    <ele>781.8900000000001</ele>
   </trkpt>
   <trkpt lat="47.45815" lon="12.362960000000001">
    <ele>781.8900000000001</ele>
   </trkpt>
   <trkpt lat="47.45828" lon="12.362860000000001">
    <ele>781.8900000000001</ele>
   </trkpt>
   <trkpt lat="47.45841" lon="12.36273">
    <ele>781.45</ele>
   </trkpt>
   <trkpt lat="47.458540000000006" lon="12.36255">
    <ele>781.45</ele>
   </trkpt>
   <trkpt lat="47.458780000000004" lon="12.362070000000001">
    <ele>781.02</ele>
   </trkpt>
   <trkpt lat="47.45884" lon="12.36189">
    <ele>781.0400000000001</ele>
   </trkpt>
   <trkpt lat="47.45899000000001" lon="12.36124">
    <ele>781.19</ele>
   </trkpt>
   <trkpt lat="47.45904" lon="12.36082">
    <ele>781.4100000000001</ele>
   </trkpt>
   <trkpt lat="47.45906" lon="12.360380000000001">
    <ele>781.4100000000001</ele>
   </trkpt>
   <trkpt lat="47.45904" lon="12.35984">
    <ele>781.9800000000001</ele>
   </trkpt>
   <trkpt lat="47.45891" lon="12.358680000000001">
    <ele>782.9100000000001</ele>
   </trkpt>
   <trkpt lat="47.458850000000005" lon="12.358">
    <ele>783.8100000000001</ele>
   </trkpt>
   <trkpt lat="47.45882" lon="12.357830000000002">
    <ele>783.8600000000001</ele>
   </trkpt>
   <trkpt lat="47.458760000000005" lon="12.357700000000001">
    <ele>783.8000000000001</ele>
   </trkpt>
   <trkpt lat="47.4587" lon="12.35762">
    <ele>783.8000000000001</ele>
   </trkpt>
   <trkpt lat="47.45910000000001" lon="12.357180000000001">
    <ele>781.2600000000001</ele>
   </trkpt>
   <trkpt lat="47.45881000000001" lon="12.356610000000002">
    <ele>779.32</ele>
   </trkpt>
   <trkpt lat="47.458540000000006" lon="12.35622">
    <ele>779.58</ele>
   </trkpt>
   <trkpt lat="47.458360000000006" lon="12.35588">
    <ele>780.19</ele>
   </trkpt>
   <trkpt lat="47.458360000000006" lon="12.355860000000002">
    <ele>780.21</ele>
   </trkpt>
   <trkpt lat="47.45826" lon="12.355670000000002">
    <ele>780.82</ele>
   </trkpt>
   <trkpt lat="47.45816000000001" lon="12.355580000000002">
    <ele>780.82</ele>
   </trkpt>
   <trkpt lat="47.45796000000001" lon="12.35546">
    <ele>782.09</ele>
   </trkpt>
   <trkpt lat="47.45788" lon="12.355350000000001">
    <ele>782.36</ele>
   </trkpt>
   <trkpt lat="47.45785" lon="12.355030000000001">
    <ele>782.6</ele>
   </trkpt>
   <trkpt lat="47.4579" lon="12.353990000000001">
    <ele>782.4100000000001</ele>
   </trkpt>
   <trkpt lat="47.45792" lon="12.35284">
    <ele>782.5300000000001</ele>
   </trkpt>
   <trkpt lat="47.45794" lon="12.35255">
    <ele>782.33</ele>
   </trkpt>
   <trkpt lat="47.457980000000006" lon="12.35246">
    <ele>782.2900000000001</ele>
   </trkpt>
   <trkpt lat="47.45803" lon="12.352070000000001">
    <ele>782.2900000000001</ele>
   </trkpt>
   <trkpt lat="47.458020000000005" lon="12.35181">
    <ele>782.36</ele>
   </trkpt>
   <trkpt lat="47.457980000000006" lon="12.35148">
    <ele>782.44</ele>
   </trkpt>
   <trkpt lat="47.45794" lon="12.35139">
    <ele>782.44</ele>
   </trkpt>
   <trkpt lat="47.45796000000001" lon="12.350460000000002">
    <ele>782.73</ele>
   </trkpt>
   <trkpt lat="47.45785" lon="12.34917">
    <ele>783.2800000000001</ele>
   </trkpt>
   <trkpt lat="47.457730000000005" lon="12.34847">
    <ele>783.5600000000001</ele>
   </trkpt>
   <trkpt lat="47.457550000000005" lon="12.34768">
    <ele>783.76</ele>
   </trkpt>
   <trkpt lat="47.457530000000006" lon="12.347370000000002">
    <ele>782.7</ele>
   </trkpt>
   <trkpt lat="47.45740000000001" lon="12.347000000000001">
    <ele>780.6400000000001</ele>
   </trkpt>
   <trkpt lat="47.457280000000004" lon="12.346720000000001">
    <ele>780.69</ele>
   </trkpt>
   <trkpt lat="47.45709" lon="12.346860000000001">
    <ele>781.4700000000001</ele>
   </trkpt>
   <trkpt lat="47.45703" lon="12.34684">
    <ele>781.4700000000001</ele>
   </trkpt>
   <trkpt lat="47.456990000000005" lon="12.346800000000002">
    <ele>781.5900000000001</ele>
   </trkpt>
   <trkpt lat="47.456920000000004" lon="12.34664">
    <ele>781.5900000000001</ele>
   </trkpt>
   <trkpt lat="47.45693000000001" lon="12.34651">
    <ele>781.84</ele>
   </trkpt>
   <trkpt lat="47.45689" lon="12.346380000000002">
    <ele>781.84</ele>
   </trkpt>
   <trkpt lat="47.456770000000006" lon="12.346110000000001">
    <ele>782.4000000000001</ele>
   </trkpt>
   <trkpt lat="47.456770000000006" lon="12.34609">
    <ele>782.4300000000001</ele>
   </trkpt>
   <trkpt lat="47.4564550024397" lon="12.345339995493525">
    <ele>783.59</ele>
   </trkpt>
   <trkpt lat="47.456140000000005" lon="12.34459">
    <ele>784.3800000000001</ele>
   </trkpt>
   <trkpt lat="47.45582" lon="12.343620000000001">
    <ele>783.96</ele>
   </trkpt>
   <trkpt lat="47.45572000000001" lon="12.343250000000001">
    <ele>782.7</ele>
   </trkpt>
   <trkpt lat="47.45561000231159" lon="12.342519998439139">
    <ele>782.61</ele>
   </trkpt>
   <trkpt lat="47.4555" lon="12.341790000000001">
    <ele>782.84</ele>
   </trkpt>
   <trkpt lat="47.45546" lon="12.34172">
    <ele>782.44</ele>
   </trkpt>
   <trkpt lat="47.45512" lon="12.341420000000001">
    <ele>782.46</ele>
   </trkpt>
   <trkpt lat="47.45492" lon="12.34115">
    <ele>783.19</ele>
   </trkpt>
   <trkpt lat="47.45481" lon="12.34092">
    <ele>783.2500000000001</ele>
   </trkpt>
   <trkpt lat="47.45441" lon="12.33989">
    <ele>784.15</ele>
   </trkpt>
   <trkpt lat="47.45419000188151" lon="12.339229997202255">
    <ele>784.9</ele>
   </trkpt>
   <trkpt lat="47.453970000000005" lon="12.33857">
    <ele>785.34</ele>
   </trkpt>
   <trkpt lat="47.45374500223212" lon="12.337849996850489">
    <ele>786.4100000000001</ele>
   </trkpt>
   <trkpt lat="47.453520000000005" lon="12.33713">
    <ele>787.97</ele>
   </trkpt>
   <trkpt lat="47.45347" lon="12.33693">
    <ele>788.3100000000001</ele>
   </trkpt>
   <trkpt lat="47.45331" lon="12.33703">
    <ele>789.2</ele>
   </trkpt>
   <trkpt lat="47.452940000000005" lon="12.337190000000001">
    <ele>791.46</ele>
   </trkpt>
   <trkpt lat="47.45282" lon="12.337370000000002">
    <ele>791.59</ele>
   </trkpt>
   <trkpt lat="47.452400000000004" lon="12.337340000000001">
    <ele>792.69</ele>
   </trkpt>
   <trkpt lat="47.452290000000005" lon="12.337280000000002">
    <ele>793.07</ele>
   </trkpt>
   <trkpt lat="47.452130000000004" lon="12.337280000000002">
    <ele>793.9600000000002</ele>
   </trkpt>
   <trkpt lat="47.451950000000004" lon="12.337250000000001">
    <ele>794.86</ele>
   </trkpt>
   <trkpt lat="47.451800000000006" lon="12.337100000000001">
    <ele>795.72</ele>
   </trkpt>
   <trkpt lat="47.45156" lon="12.33669">
    <ele>797.6800000000001</ele>
   </trkpt>
   <trkpt lat="47.451280000000004" lon="12.336350000000001">
    <ele>801.25</ele>
   </trkpt>
   <trkpt lat="47.451190000000004" lon="12.336310000000001">
    <ele>801.25</ele>
   </trkpt>
   <trkpt lat="47.451150000000005" lon="12.335650000000001">
    <ele>802.07</ele>
   </trkpt>
   <trkpt lat="47.451080000000005" lon="12.335210000000002">
    <ele>803.3100000000001</ele>
   </trkpt>
   <trkpt lat="47.450950000000006" lon="12.334660000000001">
    <ele>805.61</ele>
   </trkpt>
   <trkpt lat="47.450880000000005" lon="12.33444">
    <ele>806.9300000000001</ele>
   </trkpt>
   <trkpt lat="47.4508" lon="12.334040000000002">
    <ele>807.8900000000001</ele>
   </trkpt>
   <trkpt lat="47.45078" lon="12.33331">
    <ele>809.35</ele>
   </trkpt>
   <trkpt lat="47.45078" lon="12.333210000000001">
    <ele>809.5600000000001</ele>
   </trkpt>
   <trkpt lat="47.45078" lon="12.33295">
    <ele>809.9300000000001</ele>
   </trkpt>
   <trkpt lat="47.450680000000006" lon="12.332260000000002">
    <ele>809.71</ele>
   </trkpt>
   <trkpt lat="47.45049" lon="12.33154">
    <ele>808.42</ele>
   </trkpt>
   <trkpt lat="47.450220002864604" lon="12.330734996008687">
    <ele>807.1600000000001</ele>
   </trkpt>
   <trkpt lat="47.44995" lon="12.329930000000001">
    <ele>804.12</ele>
   </trkpt>
   <trkpt lat="47.449870000000004" lon="12.32952">
    <ele>802.98</ele>
   </trkpt>
   <trkpt lat="47.449780000000004" lon="12.32873">
    <ele>801.4000000000001</ele>
   </trkpt>
   <trkpt lat="47.44979000000001" lon="12.32839">
    <ele>801.2600000000001</ele>
   </trkpt>
   <trkpt lat="47.44986" lon="12.327770000000001">
    <ele>801.3100000000001</ele>
   </trkpt>
   <trkpt lat="47.449720000000006" lon="12.327710000000002">
    <ele>801.7700000000001</ele>
   </trkpt>
   <trkpt lat="47.44953" lon="12.32759">
    <ele>801.7700000000001</ele>
   </trkpt>
   <trkpt lat="47.449470000000005" lon="12.327530000000001">
    <ele>802.03</ele>
   </trkpt>
   <trkpt lat="47.44939" lon="12.32741">
    <ele>802.03</ele>
   </trkpt>
   <trkpt lat="47.44934000000001" lon="12.327240000000002">
    <ele>802.2800000000001</ele>
   </trkpt>
   <trkpt lat="47.449190002050614" lon="12.326554998095306">
    <ele>802.69</ele>
   </trkpt>
   <trkpt lat="47.449040000000004" lon="12.325870000000002">
    <ele>803.13</ele>
   </trkpt>
   <trkpt lat="47.44887000000001" lon="12.325220000000002">
    <ele>803.76</ele>
   </trkpt>
   <trkpt lat="47.44868500181563" lon="12.324564997520827">
    <ele>804.36</ele>
   </trkpt>
   <trkpt lat="47.4485" lon="12.323910000000001">
    <ele>805.34</ele>
   </trkpt>
   <trkpt lat="47.448240000000006" lon="12.322750000000001">
    <ele>806.54</ele>
   </trkpt>
   <trkpt lat="47.44812" lon="12.321940000000001">
    <ele>807.64</ele>
   </trkpt>
   <trkpt lat="47.44805" lon="12.321110000000001">
    <ele>808.97</ele>
   </trkpt>
   <trkpt lat="47.44802000000001" lon="12.320870000000001">
    <ele>808.97</ele>
   </trkpt>
   <trkpt lat="47.447970000000005" lon="12.320670000000002">
    <ele>809.21</ele>
   </trkpt>
   <trkpt lat="47.44791000000001" lon="12.32052">
    <ele>809.21</ele>
   </trkpt>
   <trkpt lat="47.44776" lon="12.32028">
    <ele>809.6300000000001</ele>
   </trkpt>
   <trkpt lat="47.44755000000001" lon="12.319770000000002">
    <ele>810.3800000000001</ele>
   </trkpt>
   <trkpt lat="47.44733500185126" lon="12.319119997386824">
    <ele>810.8100000000001</ele>
   </trkpt>
   <trkpt lat="47.447120000000005" lon="12.318470000000001">
    <ele>811.7700000000001</ele>
   </trkpt>
   <trkpt lat="47.447030000000005" lon="12.317900000000002">
    <ele>812.52</ele>
   </trkpt>
   <trkpt lat="47.44704" lon="12.317440000000001">
    <ele>813.27</ele>
   </trkpt>
   <trkpt lat="47.447" lon="12.316820000000002">
    <ele>813.8700000000001</ele>
   </trkpt>
   <trkpt lat="47.447010000000006" lon="12.315990000000001">
    <ele>814.37</ele>
   </trkpt>
   <trkpt lat="47.44702" lon="12.31586">
    <ele>814.37</ele>
   </trkpt>
   <trkpt lat="47.44711" lon="12.315560000000001">
    <ele>814.58</ele>
   </trkpt>
   <trkpt lat="47.44718" lon="12.315380000000001">
    <ele>814.97</ele>
   </trkpt>
   <trkpt lat="47.44726000000001" lon="12.31526">
    <ele>814.97</ele>
   </trkpt>
   <trkpt lat="47.44718" lon="12.31506">
    <ele>815.2600000000001</ele>
   </trkpt>
   <trkpt lat="47.44718" lon="12.314860000000001">
    <ele>815.47</ele>
   </trkpt>
   <trkpt lat="47.44722" lon="12.314720000000001">
    <ele>815.94</ele>
   </trkpt>
   <trkpt lat="47.44722" lon="12.314630000000001">
    <ele>815.94</ele>
   </trkpt>
   <trkpt lat="47.447140000000005" lon="12.313820000000002">
    <ele>816.96</ele>
   </trkpt>
   <trkpt lat="47.44718" lon="12.31371">
    <ele>816.96</ele>
   </trkpt>
   <trkpt lat="47.447590000000005" lon="12.312920000000002">
    <ele>818.5400000000001</ele>
   </trkpt>
   <trkpt lat="47.447700000000005" lon="12.31276">
    <ele>818.6800000000001</ele>
   </trkpt>
   <trkpt lat="47.447790000000005" lon="12.31267">
    <ele>818.95</ele>
   </trkpt>
   <trkpt lat="47.44792" lon="12.312610000000001">
    <ele>818.95</ele>
   </trkpt>
   <trkpt lat="47.44803" lon="12.312610000000001">
    <ele>819.25</ele>
   </trkpt>
   <trkpt lat="47.44811000000001" lon="12.31263">
    <ele>819.25</ele>
   </trkpt>
   <trkpt lat="47.448150000000005" lon="12.311700000000002">
    <ele>819.3900000000001</ele>
   </trkpt>
   <trkpt lat="47.44816" lon="12.310830000000001">
    <ele>818.86</ele>
   </trkpt>
   <trkpt lat="47.448150000000005" lon="12.310250000000002">
    <ele>818.86</ele>
   </trkpt>
   <trkpt lat="47.44810000279082" lon="12.309449999375259">
    <ele>818.5300000000001</ele>
   </trkpt>
   <trkpt lat="47.44805" lon="12.308650000000002">
    <ele>818.25</ele>
   </trkpt>
   <trkpt lat="47.4480933406357" lon="12.307733334921508">
    <ele>817.7800000000001</ele>
   </trkpt>
   <trkpt lat="47.44813667396538" lon="12.306816668332464">
    <ele>817.7700000000001</ele>
   </trkpt>
   <trkpt lat="47.44818" lon="12.305900000000001">
    <ele>818.0200000000001</ele>
   </trkpt>
   <trkpt lat="47.448240000000006" lon="12.305010000000001">
    <ele>818.85</ele>
   </trkpt>
   <trkpt lat="47.448310000000006" lon="12.304990000000002">
    <ele>818.85</ele>
   </trkpt>
   <trkpt lat="47.44841" lon="12.304990000000002">
    <ele>818.85</ele>
   </trkpt>
   <trkpt lat="47.44856" lon="12.305050000000001">
    <ele>818.96</ele>
   </trkpt>
   <trkpt lat="47.448640000000005" lon="12.30414">
    <ele>819.1700000000001</ele>
   </trkpt>
   <trkpt lat="47.44863" lon="12.304060000000002">
    <ele>819.1700000000001</ele>
   </trkpt>
   <trkpt lat="47.44872" lon="12.30357">
    <ele>819.4200000000001</ele>
   </trkpt>
   <trkpt lat="47.448780000000006" lon="12.302900000000001">
    <ele>819.9300000000001</ele>
   </trkpt>
   <trkpt lat="47.44881" lon="12.30212">
    <ele>820.19</ele>
   </trkpt>
   <trkpt lat="47.448800000000006" lon="12.301860000000001">
    <ele>820.46</ele>
   </trkpt>
   <trkpt lat="47.448750000000004" lon="12.301400000000001">
    <ele>821.12</ele>
   </trkpt>
   <trkpt lat="47.44877" lon="12.301290000000002">
    <ele>821.12</ele>
   </trkpt>
   <trkpt lat="47.44883" lon="12.301110000000001">
    <ele>821.12</ele>
   </trkpt>
   <trkpt lat="47.4487" lon="12.301010000000002">
    <ele>821.3900000000001</ele>
   </trkpt>
   <trkpt lat="47.448220000000006" lon="12.30081">
    <ele>821.61</ele>
   </trkpt>
   <trkpt lat="47.44811000000001" lon="12.300500000000001">
    <ele>821.57</ele>
   </trkpt>
   <trkpt lat="47.44811000000001" lon="12.30033">
    <ele>821.52</ele>
   </trkpt>
   <trkpt lat="47.448150000000005" lon="12.30005">
    <ele>821.52</ele>
   </trkpt>
   <trkpt lat="47.44825" lon="12.299710000000001">
    <ele>821.5400000000001</ele>
   </trkpt>
   <trkpt lat="47.44827" lon="12.29953">
    <ele>821.59</ele>
   </trkpt>
   <trkpt lat="47.448285002993956" lon="12.29870000029024">
    <ele>822.61</ele>
   </trkpt>
   <trkpt lat="47.4483" lon="12.297870000000001">
    <ele>821.7700000000001</ele>
   </trkpt>
   <trkpt lat="47.44829000000001" lon="12.297250000000002">
    <ele>822.4</ele>
   </trkpt>
   <trkpt lat="47.44825" lon="12.296940000000001">
    <ele>821.85</ele>
   </trkpt>
   <trkpt lat="47.448080000000004" lon="12.2963">
    <ele>819.2900000000001</ele>
   </trkpt>
   <trkpt lat="47.44794" lon="12.29588">
    <ele>818.62</ele>
   </trkpt>
   <trkpt lat="47.44791000000001" lon="12.29573">
    <ele>818.46</ele>
   </trkpt>
   <trkpt lat="47.44794000465952" lon="12.294695000504975">
    <ele>817.94</ele>
   </trkpt>
   <trkpt lat="47.447970000000005" lon="12.293660000000001">
    <ele>818.12</ele>
   </trkpt>
   <trkpt lat="47.44803" lon="12.29335">
    <ele>818.27</ele>
   </trkpt>
   <trkpt lat="47.44811000000001" lon="12.29321">
    <ele>818.25</ele>
   </trkpt>
   <trkpt lat="47.448520001142924" lon="12.292685004163326">
    <ele>818.0400000000001</ele>
   </trkpt>
   <trkpt lat="47.448930000000004" lon="12.29216">
    <ele>818.23</ele>
   </trkpt>
   <trkpt lat="47.449070000000006" lon="12.291970000000001">
    <ele>818.03</ele>
   </trkpt>
   <trkpt lat="47.449110000000005" lon="12.291860000000002">
    <ele>818.03</ele>
   </trkpt>
   <trkpt lat="47.44912" lon="12.29155">
    <ele>817.88</ele>
   </trkpt>
   <trkpt lat="47.44911000641791" lon="12.29033499979197">
    <ele>818.01</ele>
   </trkpt>
   <trkpt lat="47.4491" lon="12.28912">
    <ele>818.57</ele>
   </trkpt>
   <trkpt lat="47.449020000000004" lon="12.288570000000002">
    <ele>819.18</ele>
   </trkpt>
   <trkpt lat="47.44903" lon="12.288120000000001">
    <ele>819.15</ele>
   </trkpt>
   <trkpt lat="47.449070000000006" lon="12.287630000000002">
    <ele>817.95</ele>
   </trkpt>
   <trkpt lat="47.44905000000001" lon="12.287410000000001">
    <ele>817.71</ele>
   </trkpt>
   <trkpt lat="47.44896000000001" lon="12.286980000000002">
    <ele>817.4100000000001</ele>
   </trkpt>
   <trkpt lat="47.44862501104029" lon="12.286059982424621">
    <ele>816.96</ele>
   </trkpt>
   <trkpt lat="47.44829001472114" lon="12.285139976568548">
    <ele>816.95</ele>
   </trkpt>
   <trkpt lat="47.4479550110427" lon="12.284219982431747">
    <ele>816.5400000000001</ele>
   </trkpt>
   <trkpt lat="47.44762" lon="12.2833">
    <ele>816.3800000000001</ele>
   </trkpt>
   <trkpt lat="47.447520000000004" lon="12.28298">
    <ele>816.4200000000001</ele>
   </trkpt>
   <trkpt lat="47.447430000000004" lon="12.2826">
    <ele>816.5000000000001</ele>
   </trkpt>
   <trkpt lat="47.447340000000004" lon="12.281690000000001">
    <ele>817.74</ele>
   </trkpt>
   <trkpt lat="47.44729500400905" lon="12.280729999231314">
    <ele>816.6600000000001</ele>
   </trkpt>
   <trkpt lat="47.447250000000004" lon="12.279770000000001">
    <ele>816.5000000000001</ele>
   </trkpt>
   <trkpt lat="47.447190000000006" lon="12.27904">
    <ele>816.7700000000001</ele>
   </trkpt>
   <trkpt lat="47.44711" lon="12.27866">
    <ele>816.7500000000001</ele>
   </trkpt>
   <trkpt lat="47.44686000316176" lon="12.277799995728126">
    <ele>816.39</ele>
   </trkpt>
   <trkpt lat="47.44661000000001" lon="12.276940000000002">
    <ele>816.01</ele>
   </trkpt>
   <trkpt lat="47.4465" lon="12.276290000000001">
    <ele>816.2900000000001</ele>
   </trkpt>
   <trkpt lat="47.44639" lon="12.276230000000002">
    <ele>816.4300000000001</ele>
   </trkpt>
   <trkpt lat="47.44628" lon="12.27621">
    <ele>816.58</ele>
   </trkpt>
   <trkpt lat="47.44601" lon="12.276100000000001">
    <ele>817.6000000000001</ele>
   </trkpt>
   <trkpt lat="47.44585000000001" lon="12.275960000000001">
    <ele>819.12</ele>
   </trkpt>
   <trkpt lat="47.44581" lon="12.275900000000002">
    <ele>819.12</ele>
   </trkpt>
   <trkpt lat="47.445800000000006" lon="12.27584">
    <ele>819.12</ele>
   </trkpt>
   <trkpt lat="47.4459" lon="12.275030000000001">
    <ele>820.03</ele>
   </trkpt>
   <trkpt lat="47.445930000000004" lon="12.274170000000002">
    <ele>819.8000000000001</ele>
   </trkpt>
   <trkpt lat="47.44599" lon="12.273460000000002">
    <ele>819.71</ele>
   </trkpt>
   <trkpt lat="47.44604" lon="12.273100000000001">
    <ele>819.71</ele>
   </trkpt>
   <trkpt lat="47.44604" lon="12.27294">
    <ele>819.7200000000001</ele>
   </trkpt>
   <trkpt lat="47.446000000000005" lon="12.272630000000001">
    <ele>819.74</ele>
   </trkpt>
   <trkpt lat="47.445980000000006" lon="12.272100000000002">
    <ele>820.4</ele>
   </trkpt>
   <trkpt lat="47.445980000000006" lon="12.27105">
    <ele>822.6600000000001</ele>
   </trkpt>
   <trkpt lat="47.44594000000001" lon="12.26998">
    <ele>823.91</ele>
   </trkpt>
   <trkpt lat="47.44595" lon="12.269860000000001">
    <ele>823.91</ele>
   </trkpt>
   <trkpt lat="47.446200000000005" lon="12.269">
    <ele>824.25</ele>
   </trkpt>
   <trkpt lat="47.446540000000006" lon="12.267990000000001">
    <ele>821.83</ele>
   </trkpt>
   <trkpt lat="47.446650000000005" lon="12.26721">
    <ele>818.7800000000001</ele>
   </trkpt>
   <trkpt lat="47.446740000000005" lon="12.266750000000002">
    <ele>817.13</ele>
   </trkpt>
   <trkpt lat="47.446830000000006" lon="12.266470000000002">
    <ele>817.13</ele>
   </trkpt>
   <trkpt lat="47.44698" lon="12.26612">
    <ele>815.57</ele>
   </trkpt>
   <trkpt lat="47.447160000000004" lon="12.265670000000002">
    <ele>814.88</ele>
   </trkpt>
   <trkpt lat="47.44726000000001" lon="12.26534">
    <ele>814.47</ele>
   </trkpt>
   <trkpt lat="47.44748000495401" lon="12.26427500434285">
    <ele>812.13</ele>
   </trkpt>
   <trkpt lat="47.447700000000005" lon="12.26321">
    <ele>811.39</ele>
   </trkpt>
   <trkpt lat="47.447990000000004" lon="12.26284">
    <ele>810.0600000000001</ele>
   </trkpt>
   <trkpt lat="47.44847" lon="12.26213">
    <ele>808.39</ele>
   </trkpt>
   <trkpt lat="47.44858000000001" lon="12.26191">
    <ele>808.39</ele>
   </trkpt>
   <trkpt lat="47.449020000000004" lon="12.26078">
    <ele>807.6</ele>
   </trkpt>
   <trkpt lat="47.44908" lon="12.26054">
    <ele>807.47</ele>
   </trkpt>
   <trkpt lat="47.44901000615286" lon="12.259349998357033">
    <ele>804.7900000000001</ele>
   </trkpt>
   <trkpt lat="47.44894" lon="12.25816">
    <ele>803.54</ele>
   </trkpt>
   <trkpt lat="47.448875003616585" lon="12.257249999106643">
    <ele>801.7400000000001</ele>
   </trkpt>
   <trkpt lat="47.44881" lon="12.256340000000002">
    <ele>799.15</ele>
   </trkpt>
   <trkpt lat="47.448735002737415" lon="12.255549999128343">
    <ele>794.5500000000001</ele>
   </trkpt>
   <trkpt lat="47.448660000000004" lon="12.254760000000001">
    <ele>791.4700000000001</ele>
   </trkpt>
   <trkpt lat="47.44868" lon="12.25458">
    <ele>791.2</ele>
   </trkpt>
   <trkpt lat="47.44874" lon="12.254410000000002">
    <ele>791.0</ele>
   </trkpt>
   <trkpt lat="47.44883" lon="12.254290000000001">
    <ele>791.1100000000001</ele>
   </trkpt>
   <trkpt lat="47.44905000000001" lon="12.25412">
    <ele>791.7400000000001</ele>
   </trkpt>
   <trkpt lat="47.44912" lon="12.254090000000001">
    <ele>792.4000000000001</ele>
   </trkpt>
   <trkpt lat="47.449360000000006" lon="12.254040000000002">
    <ele>793.9300000000001</ele>
   </trkpt>
   <trkpt lat="47.449450000000006" lon="12.254040000000002">
    <ele>793.9300000000001</ele>
   </trkpt>
   <trkpt lat="47.44997" lon="12.254150000000001">
    <ele>796.6200000000001</ele>
   </trkpt>
   <trkpt lat="47.45008000379971" lon="12.253215001962927">
    <ele>796.2300000000001</ele>
   </trkpt>
   <trkpt lat="47.450190000000006" lon="12.25228">
    <ele>795.0500000000001</ele>
   </trkpt>
   <trkpt lat="47.45026000000001" lon="12.25149">
    <ele>794.4000000000001</ele>
   </trkpt>
   <trkpt lat="47.45026000000001" lon="12.251320000000002">
    <ele>794.1800000000001</ele>
   </trkpt>
   <trkpt lat="47.4502" lon="12.25083">
    <ele>793.9600000000002</ele>
   </trkpt>
   <trkpt lat="47.450230000000005" lon="12.250330000000002">
    <ele>793.64</ele>
   </trkpt>
   <trkpt lat="47.45035000000001" lon="12.249440000000002">
    <ele>793.6500000000001</ele>
   </trkpt>
   <trkpt lat="47.450660000000006" lon="12.248240000000001">
    <ele>796.0200000000001</ele>
   </trkpt>
   <trkpt lat="47.45069" lon="12.247950000000001">
    <ele>795.94</ele>
   </trkpt>
   <trkpt lat="47.450700000000005" lon="12.247530000000001">
    <ele>795.0400000000001</ele>
   </trkpt>
   <trkpt lat="47.45067" lon="12.247240000000001">
    <ele>794.9100000000001</ele>
   </trkpt>
   <trkpt lat="47.4506" lon="12.24694">
    <ele>795.1</ele>
   </trkpt>
   <trkpt lat="47.450540000000004" lon="12.246770000000001">
    <ele>795.1</ele>
   </trkpt>
   <trkpt lat="47.45026500213815" lon="12.246064996255772">
    <ele>795.46</ele>
   </trkpt>
   <trkpt lat="47.44999000000001" lon="12.245360000000002">
    <ele>795.58</ele>
   </trkpt>
   <trkpt lat="47.44959" lon="12.244470000000002">
    <ele>793.86</ele>
   </trkpt>
   <trkpt lat="47.449470000000005" lon="12.244240000000001">
    <ele>793.5200000000001</ele>
   </trkpt>
   <trkpt lat="47.4491" lon="12.2436">
    <ele>790.2900000000001</ele>
   </trkpt>
   <trkpt lat="47.448715001354046" lon="12.243024995666627">
    <ele>787.96</ele>
   </trkpt>
   <trkpt lat="47.448330000000006" lon="12.242450000000002">
    <ele>785.3800000000001</ele>
   </trkpt>
   <trkpt lat="47.44827" lon="12.242310000000002">
    <ele>785.3800000000001</ele>
   </trkpt>
   <trkpt lat="47.44820000000001" lon="12.24206">
    <ele>785.09</ele>
   </trkpt>
   <trkpt lat="47.44816" lon="12.24173">
    <ele>784.59</ele>
   </trkpt>
   <trkpt lat="47.448150000000005" lon="12.241140000000001">
    <ele>783.75</ele>
   </trkpt>
   <trkpt lat="47.448130000000006" lon="12.240870000000001">
    <ele>783.3100000000001</ele>
   </trkpt>
   <trkpt lat="47.448100000000004" lon="12.240720000000001">
    <ele>783.3100000000001</ele>
   </trkpt>
   <trkpt lat="47.448040000000006" lon="12.240590000000001">
    <ele>782.69</ele>
   </trkpt>
   <trkpt lat="47.447810000000004" lon="12.240310000000001">
    <ele>781.57</ele>
   </trkpt>
   <trkpt lat="47.447395000351996" lon="12.239964997140426">
    <ele>780.49</ele>
   </trkpt>
   <trkpt lat="47.44698" lon="12.23962">
    <ele>779.8900000000001</ele>
   </trkpt>
   <trkpt lat="47.446780000000004" lon="12.239400000000002">
    <ele>779.5500000000001</ele>
   </trkpt>
   <trkpt lat="47.44662" lon="12.239130000000001">
    <ele>778.83</ele>
   </trkpt>
   <trkpt lat="47.44644" lon="12.238570000000001">
    <ele>778.5500000000001</ele>
   </trkpt>
   <trkpt lat="47.446340000000006" lon="12.23835">
    <ele>778.4700000000001</ele>
   </trkpt>
   <trkpt lat="47.446110000000004" lon="12.237990000000002">
    <ele>777.51</ele>
   </trkpt>
   <trkpt lat="47.44605000000001" lon="12.237820000000001">
    <ele>777.51</ele>
   </trkpt>
   <trkpt lat="47.44601" lon="12.237580000000001">
    <ele>776.8100000000001</ele>
   </trkpt>
   <trkpt lat="47.44595" lon="12.237470000000002">
    <ele>776.8100000000001</ele>
   </trkpt>
   <trkpt lat="47.445870000000006" lon="12.237380000000002">
    <ele>776.5900000000001</ele>
   </trkpt>
   <trkpt lat="47.44567000000001" lon="12.237340000000001">
    <ele>776.33</ele>
   </trkpt>
   <trkpt lat="47.44561" lon="12.236820000000002">
    <ele>776.1300000000001</ele>
   </trkpt>
   <trkpt lat="47.44547000000001" lon="12.236270000000001">
    <ele>776.1600000000001</ele>
   </trkpt>
   <trkpt lat="47.44525" lon="12.235460000000002">
    <ele>775.72</ele>
   </trkpt>
   <trkpt lat="47.444950000000006" lon="12.23459">
    <ele>775.07</ele>
   </trkpt>
   <trkpt lat="47.444660000000006" lon="12.23389">
    <ele>774.7400000000001</ele>
   </trkpt>
   <trkpt lat="47.444370000000006" lon="12.233250000000002">
    <ele>773.95</ele>
   </trkpt>
   <trkpt lat="47.44398000264202" lon="12.23247499431562">
    <ele>772.5000000000001</ele>
   </trkpt>
   <trkpt lat="47.44359" lon="12.231700000000002">
    <ele>769.95</ele>
   </trkpt>
   <trkpt lat="47.44339" lon="12.23122">
    <ele>768.61</ele>
   </trkpt>
   <trkpt lat="47.44319" lon="12.23043">
    <ele>767.85</ele>
   </trkpt>
   <trkpt lat="47.44314000000001" lon="12.23004">
    <ele>767.5600000000001</ele>
   </trkpt>
   <trkpt lat="47.443090002015836" lon="12.22935999942943">
    <ele>766.7100000000002</ele>
   </trkpt>
   <trkpt lat="47.44304" lon="12.22868">
    <ele>765.22</ele>
   </trkpt>
   <trkpt lat="47.442870000000006" lon="12.227580000000001">
    <ele>763.7900000000001</ele>
   </trkpt>
   <trkpt lat="47.44281" lon="12.22666">
    <ele>763.97</ele>
   </trkpt>
   <trkpt lat="47.44277" lon="12.226350000000002">
    <ele>763.97</ele>
   </trkpt>
   <trkpt lat="47.44256000000001" lon="12.225660000000001">
    <ele>764.14</ele>
   </trkpt>
   <trkpt lat="47.44234" lon="12.224990000000002">
    <ele>764.2700000000001</ele>
   </trkpt>
   <trkpt lat="47.44223" lon="12.22474">
    <ele>764.2500000000001</ele>
   </trkpt>
   <trkpt lat="47.44192" lon="12.224250000000001">
    <ele>764.08</ele>
   </trkpt>
   <trkpt lat="47.44173000000001" lon="12.223730000000002">
    <ele>764.07</ele>
   </trkpt>
   <trkpt lat="47.44146500290783" lon="12.22291499595667">
    <ele>763.87</ele>
   </trkpt>
   <trkpt lat="47.4412" lon="12.222100000000001">
    <ele>763.96</ele>
   </trkpt>
   <trkpt lat="47.44107" lon="12.221820000000001">
    <ele>764.3100000000001</ele>
   </trkpt>
   <trkpt lat="47.4408" lon="12.221390000000001">
    <ele>764.6200000000001</ele>
   </trkpt>
   <trkpt lat="47.44070000000001" lon="12.221190000000002">
    <ele>764.6500000000001</ele>
   </trkpt>
   <trkpt lat="47.440490000000004" lon="12.220580000000002">
    <ele>764.0</ele>
   </trkpt>
   <trkpt lat="47.440290000000005" lon="12.22015">
    <ele>763.78</ele>
   </trkpt>
   <trkpt lat="47.4401" lon="12.219180000000001">
    <ele>761.8900000000001</ele>
   </trkpt>
   <trkpt lat="47.439980000000006" lon="12.21884">
    <ele>760.6</ele>
   </trkpt>
   <trkpt lat="47.439690000000006" lon="12.21826">
    <ele>757.65</ele>
   </trkpt>
   <trkpt lat="47.43954" lon="12.217920000000001">
    <ele>756.2500000000001</ele>
   </trkpt>
   <trkpt lat="47.43938500183782" lon="12.217264997954688">
    <ele>753.0500000000001</ele>
   </trkpt>
   <trkpt lat="47.43923" lon="12.216610000000001">
    <ele>751.0400000000001</ele>
   </trkpt>
   <trkpt lat="47.43912" lon="12.216220000000002">
    <ele>747.99</ele>
   </trkpt>
   <trkpt lat="47.43900000000001" lon="12.21596">
    <ele>746.98</ele>
   </trkpt>
   <trkpt lat="47.43887" lon="12.21573">
    <ele>746.19</ele>
   </trkpt>
   <trkpt lat="47.43869" lon="12.215510000000002">
    <ele>745.57</ele>
   </trkpt>
   <trkpt lat="47.43854" lon="12.215390000000001">
    <ele>745.59</ele>
   </trkpt>
   <trkpt lat="47.438370000000006" lon="12.215280000000002">
    <ele>745.92</ele>
   </trkpt>
   <trkpt lat="47.438230000000004" lon="12.21522">
    <ele>746.5400000000001</ele>
   </trkpt>
   <trkpt lat="47.43753" lon="12.215050000000002">
    <ele>749.2</ele>
   </trkpt>
   <trkpt lat="47.43735" lon="12.21498">
    <ele>749.51</ele>
   </trkpt>
   <trkpt lat="47.437180000000005" lon="12.214870000000001">
    <ele>749.89</ele>
   </trkpt>
   <trkpt lat="47.43704" lon="12.21474">
    <ele>749.82</ele>
   </trkpt>
   <trkpt lat="47.43683" lon="12.214480000000002">
    <ele>749.46</ele>
   </trkpt>
   <trkpt lat="47.436640000000004" lon="12.2141">
    <ele>748.6</ele>
   </trkpt>
   <trkpt lat="47.436580000000006" lon="12.213920000000002">
    <ele>748.6</ele>
   </trkpt>
   <trkpt lat="47.4363" lon="12.212720000000001">
    <ele>747.2800000000001</ele>
   </trkpt>
   <trkpt lat="47.43625" lon="12.21255">
    <ele>747.2800000000001</ele>
   </trkpt>
   <trkpt lat="47.43614" lon="12.2123">
    <ele>747.1000000000001</ele>
   </trkpt>
   <trkpt lat="47.43568500253825" lon="12.21154499357124">
    <ele>746.4900000000001</ele>
   </trkpt>
   <trkpt lat="47.435230000000004" lon="12.210790000000001">
    <ele>744.87</ele>
   </trkpt>
   <trkpt lat="47.43480500199006" lon="12.210099994297645">
    <ele>744.1700000000001</ele>
   </trkpt>
   <trkpt lat="47.434380000000004" lon="12.209410000000002">
    <ele>743.02</ele>
   </trkpt>
   <trkpt lat="47.43421000000001" lon="12.208990000000002">
    <ele>743.02</ele>
   </trkpt>
   <trkpt lat="47.43412000000001" lon="12.208620000000002">
    <ele>742.68</ele>
   </trkpt>
   <trkpt lat="47.434020002602125" lon="12.207849998724999">
    <ele>742.4900000000001</ele>
   </trkpt>
   <trkpt lat="47.43392" lon="12.207080000000001">
    <ele>742.29</ele>
   </trkpt>
   <trkpt lat="47.43377" lon="12.206380000000001">
    <ele>742.38</ele>
   </trkpt>
   <trkpt lat="47.43357" lon="12.205620000000001">
    <ele>742.44</ele>
   </trkpt>
   <trkpt lat="47.433530000000005" lon="12.20541">
    <ele>742.44</ele>
   </trkpt>
   <trkpt lat="47.433405002891696" lon="12.204599998330192">
    <ele>741.11</ele>
   </trkpt>
   <trkpt lat="47.43328" lon="12.203790000000001">
    <ele>737.97</ele>
   </trkpt>
   <trkpt lat="47.433220000000006" lon="12.20298">
    <ele>737.1800000000001</ele>
   </trkpt>
   <trkpt lat="47.43316" lon="12.20171">
    <ele>736.44</ele>
   </trkpt>
   <trkpt lat="47.43319000773825" lon="12.200766667723812">
    <ele>735.6</ele>
   </trkpt>
   <trkpt lat="47.43322000773884" lon="12.199823334371946">
    <ele>735.02</ele>
   </trkpt>
   <trkpt lat="47.43325" lon="12.19888">
    <ele>734.35</ele>
   </trkpt>
   <trkpt lat="47.43332" lon="12.19837">
    <ele>733.44</ele>
   </trkpt>
   <trkpt lat="47.43343" lon="12.19795">
    <ele>733.44</ele>
   </trkpt>
   <trkpt lat="47.43356000000001" lon="12.197600000000001">
    <ele>732.74</ele>
   </trkpt>
   <trkpt lat="47.434006671970096" lon="12.196820013218042">
    <ele>731.9300000000001</ele>
   </trkpt>
   <trkpt lat="47.43445333865014" lon="12.196040013194871">
    <ele>731.1800000000001</ele>
   </trkpt>
   <trkpt lat="47.434900000000006" lon="12.195260000000001">
    <ele>730.2900000000001</ele>
   </trkpt>
   <trkpt lat="47.43533" lon="12.194600000000001">
    <ele>729.9100000000001</ele>
   </trkpt>
   <trkpt lat="47.4358" lon="12.19391">
    <ele>729.2400000000001</ele>
   </trkpt>
   <trkpt lat="47.436370000000004" lon="12.19317">
    <ele>728.9000000000001</ele>
   </trkpt>
   <trkpt lat="47.436960001700285" lon="12.19254000709108">
    <ele>727.7300000000001</ele>
   </trkpt>
   <trkpt lat="47.43755" lon="12.191910000000002">
    <ele>727.31</ele>
   </trkpt>
   <trkpt lat="47.4378" lon="12.191550000000001">
    <ele>727.0200000000001</ele>
   </trkpt>
   <trkpt lat="47.438050000000004" lon="12.19114">
    <ele>726.6</ele>
   </trkpt>
   <trkpt lat="47.438190000000006" lon="12.190840000000001">
    <ele>726.5200000000001</ele>
   </trkpt>
   <trkpt lat="47.438410000000005" lon="12.19025">
    <ele>726.2</ele>
   </trkpt>
   <trkpt lat="47.43853000000001" lon="12.189750000000002">
    <ele>725.6700000000001</ele>
   </trkpt>
   <trkpt lat="47.43865" lon="12.18909">
    <ele>724.95</ele>
   </trkpt>
   <trkpt lat="47.43869" lon="12.188400000000001">
    <ele>723.6400000000001</ele>
   </trkpt>
   <trkpt lat="47.438680000000005" lon="12.18806">
    <ele>723.07</ele>
   </trkpt>
   <trkpt lat="47.43864000000001" lon="12.18748">
    <ele>722.7500000000001</ele>
   </trkpt>
   <trkpt lat="47.43854500225627" lon="12.186764998962602">
    <ele>721.59</ele>
   </trkpt>
   <trkpt lat="47.43845" lon="12.186050000000002">
    <ele>719.95</ele>
   </trkpt>
   <trkpt lat="47.438430000000004" lon="12.185580000000002">
    <ele>719.95</ele>
   </trkpt>
   <trkpt lat="47.43845" lon="12.185220000000001">
    <ele>718.47</ele>
   </trkpt>
   <trkpt lat="47.438520000000004" lon="12.184800000000001">
    <ele>718.0000000000001</ele>
   </trkpt>
   <trkpt lat="47.43869" lon="12.18424">
    <ele>717.0500000000001</ele>
   </trkpt>
   <trkpt lat="47.43907" lon="12.183440000000001">
    <ele>715.59</ele>
   </trkpt>
   <trkpt lat="47.439150000000005" lon="12.183250000000001">
    <ele>714.9200000000001</ele>
   </trkpt>
   <trkpt lat="47.43921" lon="12.182910000000001">
    <ele>714.25</ele>
   </trkpt>
   <trkpt lat="47.43923" lon="12.182690000000001">
    <ele>714.25</ele>
   </trkpt>
   <trkpt lat="47.43925" lon="12.181750000000001">
    <ele>708.1500000000001</ele>
   </trkpt>
   <trkpt lat="47.4393" lon="12.1813">
    <ele>703.64</ele>
   </trkpt>
   <trkpt lat="47.439370000000004" lon="12.180950000000001">
    <ele>703.64</ele>
   </trkpt>
   <trkpt lat="47.439730000000004" lon="12.180040000000002">
    <ele>694.85</ele>
   </trkpt>
   <trkpt lat="47.43994000000001" lon="12.17937">
    <ele>691.5300000000001</ele>
   </trkpt>
   <trkpt lat="47.44001" lon="12.179020000000001">
    <ele>689.6800000000001</ele>
   </trkpt>
   <trkpt lat="47.440070000000006" lon="12.17811">
    <ele>685.2900000000001</ele>
   </trkpt>
   <trkpt lat="47.440290000000005" lon="12.177370000000002">
    <ele>683.0400000000001</ele>
   </trkpt>
   <trkpt lat="47.440340000000006" lon="12.17708">
    <ele>682.4100000000001</ele>
   </trkpt>
   <trkpt lat="47.44033" lon="12.17669">
    <ele>681.88</ele>
   </trkpt>
   <trkpt lat="47.44028" lon="12.17613">
    <ele>679.73</ele>
   </trkpt>
   <trkpt lat="47.44023000000001" lon="12.17514">
    <ele>673.0100000000001</ele>
   </trkpt>
   <trkpt lat="47.440160000000006" lon="12.17487">
    <ele>670.25</ele>
   </trkpt>
   <trkpt lat="47.44006" lon="12.174690000000002">
    <ele>670.25</ele>
   </trkpt>
   <trkpt lat="47.439930000000004" lon="12.174510000000001">
    <ele>665.75</ele>
   </trkpt>
   <trkpt lat="47.43936" lon="12.173860000000001">
    <ele>661.1400000000001</ele>
   </trkpt>
   <trkpt lat="47.43920000000001" lon="12.173610000000002">
    <ele>658.49</ele>
   </trkpt>
   <trkpt lat="47.439150000000005" lon="12.17342">
    <ele>656.84</ele>
   </trkpt>
   <trkpt lat="47.439130000000006" lon="12.17327">
    <ele>656.84</ele>
   </trkpt>
   <trkpt lat="47.43916" lon="12.173050000000002">
    <ele>654.51</ele>
   </trkpt>
   <trkpt lat="47.43916" lon="12.172780000000001">
    <ele>652.39</ele>
   </trkpt>
   <trkpt lat="47.43911000000001" lon="12.17242">
    <ele>651.0600000000001</ele>
   </trkpt>
   <trkpt lat="47.43905" lon="12.17224">
    <ele>650.1800000000001</ele>
   </trkpt>
   <trkpt lat="47.43889" lon="12.17195">
    <ele>646.73</ele>
   </trkpt>
   <trkpt lat="47.43856" lon="12.171450000000002">
    <ele>640.46</ele>
   </trkpt>
   <trkpt lat="47.4384" lon="12.171050000000001">
    <ele>635.17</ele>
   </trkpt>
   <trkpt lat="47.43826000000001" lon="12.17083">
    <ele>631.61</ele>
   </trkpt>
   <trkpt lat="47.43786" lon="12.17036">
    <ele>627.26</ele>
   </trkpt>
   <trkpt lat="47.437740000000005" lon="12.170140000000002">
    <ele>627.26</ele>
   </trkpt>
   <trkpt lat="47.43766" lon="12.169860000000002">
    <ele>626.17</ele>
   </trkpt>
   <trkpt lat="47.43763500203496" lon="12.169174999537162">
    <ele>625.58</ele>
   </trkpt>
   <trkpt lat="47.43761000000001" lon="12.16849">
    <ele>623.4200000000001</ele>
   </trkpt>
   <trkpt lat="47.43748" lon="12.16815">
    <ele>622.9200000000001</ele>
   </trkpt>
   <trkpt lat="47.43744" lon="12.167990000000001">
    <ele>622.44</ele>
   </trkpt>
   <trkpt lat="47.437430000000006" lon="12.167720000000001">
    <ele>621.53</ele>
   </trkpt>
   <trkpt lat="47.43750000000001" lon="12.16745">
    <ele>621.26</ele>
   </trkpt>
   <trkpt lat="47.43757" lon="12.167330000000002">
    <ele>620.9</ele>
   </trkpt>
   <trkpt lat="47.437960000000004" lon="12.166900000000002">
    <ele>619.53</ele>
   </trkpt>
   <trkpt lat="47.438280000000006" lon="12.166400000000001">
    <ele>618.85</ele>
   </trkpt>
   <trkpt lat="47.43871" lon="12.165870000000002">
    <ele>617.19</ele>
   </trkpt>
   <trkpt lat="47.439020000000006" lon="12.165560000000001">
    <ele>616.14</ele>
   </trkpt>
   <trkpt lat="47.439640000000004" lon="12.165130000000001">
    <ele>615.65</ele>
   </trkpt>
   <trkpt lat="47.4399" lon="12.16497">
    <ele>615.35</ele>
   </trkpt>
   <trkpt lat="47.44015" lon="12.164860000000001">
    <ele>614.47</ele>
   </trkpt>
   <trkpt lat="47.440400000000004" lon="12.164710000000001">
    <ele>613.9</ele>
   </trkpt>
   <trkpt lat="47.440650000000005" lon="12.1644">
    <ele>612.96</ele>
   </trkpt>
   <trkpt lat="47.440760000000004" lon="12.16421">
    <ele>612.2500000000001</ele>
   </trkpt>
   <trkpt lat="47.44086" lon="12.16397">
    <ele>611.9300000000001</ele>
   </trkpt>
   <trkpt lat="47.441120000000005" lon="12.163170000000001">
    <ele>610.92</ele>
   </trkpt>
   <trkpt lat="47.44127" lon="12.162920000000002">
    <ele>610.41</ele>
   </trkpt>
   <trkpt lat="47.44171" lon="12.162350000000002">
    <ele>609.33</ele>
   </trkpt>
   <trkpt lat="47.44207" lon="12.161810000000001">
    <ele>608.44</ele>
   </trkpt>
   <trkpt lat="47.44249500079111" lon="12.1613900033691">
    <ele>607.4000000000001</ele>
   </trkpt>
   <trkpt lat="47.44292" lon="12.16097">
    <ele>607.0500000000001</ele>
   </trkpt>
   <trkpt lat="47.443180000000005" lon="12.16075">
    <ele>606.84</ele>
   </trkpt>
   <trkpt lat="47.443450000000006" lon="12.1606">
    <ele>606.57</ele>
   </trkpt>
   <trkpt lat="47.44415" lon="12.16045">
    <ele>606.44</ele>
   </trkpt>
   <trkpt lat="47.44429" lon="12.16042">
    <ele>606.45</ele>
   </trkpt>
   <trkpt lat="47.444570000000006" lon="12.160290000000002">
    <ele>606.62</ele>
   </trkpt>
   <trkpt lat="47.44478" lon="12.16031">
    <ele>606.5200000000001</ele>
   </trkpt>
   <trkpt lat="47.44494" lon="12.160300000000001">
    <ele>606.5200000000001</ele>
   </trkpt>
   <trkpt lat="47.44509" lon="12.160260000000001">
    <ele>606.5100000000001</ele>
   </trkpt>
   <trkpt lat="47.44520000000001" lon="12.160210000000001">
    <ele>606.4900000000001</ele>
   </trkpt>
   <trkpt lat="47.44538000000001" lon="12.160060000000001">
    <ele>605.8</ele>
   </trkpt>
   <trkpt lat="47.44561" lon="12.159780000000001">
    <ele>605.24</ele>
   </trkpt>
   <trkpt lat="47.445730000000005" lon="12.159680000000002">
    <ele>604.9000000000001</ele>
   </trkpt>
   <trkpt lat="47.445800000000006" lon="12.15966">
    <ele>604.71</ele>
   </trkpt>
   <trkpt lat="47.445870000000006" lon="12.1597">
    <ele>604.71</ele>
   </trkpt>
   <trkpt lat="47.44614000000001" lon="12.159930000000001">
    <ele>604.7</ele>
   </trkpt>
   <trkpt lat="47.446270000000005" lon="12.159930000000001">
    <ele>604.89</ele>
   </trkpt>
   <trkpt lat="47.446380000000005" lon="12.159870000000002">
    <ele>605.1</ele>
   </trkpt>
   <trkpt lat="47.446490000000004" lon="12.15971">
    <ele>605.82</ele>
   </trkpt>
   <trkpt lat="47.446650000000005" lon="12.159400000000002">
    <ele>605.95</ele>
   </trkpt>
   <trkpt lat="47.447033338545054" lon="12.158623344720748">
    <ele>606.96</ele>
   </trkpt>
   <trkpt lat="47.44741667184536" lon="12.157846678121144">
    <ele>605.4900000000001</ele>
   </trkpt>
   <trkpt lat="47.4478" lon="12.157070000000001">
    <ele>603.92</ele>
   </trkpt>
   <trkpt lat="47.448130000000006" lon="12.15643">
    <ele>603.1500000000001</ele>
   </trkpt>
   <trkpt lat="47.448460000000004" lon="12.15595">
    <ele>602.1800000000001</ele>
   </trkpt>
   <trkpt lat="47.44868" lon="12.15568">
    <ele>601.53</ele>
   </trkpt>
   <trkpt lat="47.44935500237664" lon="12.154955009206232">
    <ele>599.36</ele>
   </trkpt>
   <trkpt lat="47.450030000000005" lon="12.154230000000002">
    <ele>598.49</ele>
   </trkpt>
   <trkpt lat="47.45017000000001" lon="12.154110000000001">
    <ele>598.48</ele>
   </trkpt>
   <trkpt lat="47.450430000000004" lon="12.15393">
    <ele>598.26</ele>
   </trkpt>
   <trkpt lat="47.45112" lon="12.153530000000002">
    <ele>597.02</ele>
   </trkpt>
   <trkpt lat="47.45129000000001" lon="12.153390000000002">
    <ele>596.32</ele>
   </trkpt>
   <trkpt lat="47.451530000000005" lon="12.15318">
    <ele>595.6700000000001</ele>
   </trkpt>
   <trkpt lat="47.45199" lon="12.15267">
    <ele>594.31</ele>
   </trkpt>
   <trkpt lat="47.45223000000001" lon="12.15244">
    <ele>593.71</ele>
   </trkpt>
   <trkpt lat="47.45271" lon="12.15202">
    <ele>592.9000000000001</ele>
   </trkpt>
   <trkpt lat="47.453200000595466" lon="12.151665003273301">
    <ele>592.35</ele>
   </trkpt>
   <trkpt lat="47.45369" lon="12.15131">
    <ele>591.77</ele>
   </trkpt>
   <trkpt lat="47.453990000000005" lon="12.151060000000001">
    <ele>591.3000000000001</ele>
   </trkpt>
   <trkpt lat="47.45448500103964" lon="12.150560004754265">
    <ele>590.64</ele>
   </trkpt>
   <trkpt lat="47.454980000000006" lon="12.150060000000002">
    <ele>590.01</ele>
   </trkpt>
   <trkpt lat="47.45553" lon="12.149560000000001">
    <ele>589.72</ele>
   </trkpt>
   <trkpt lat="47.45597500041618" lon="12.149190003280053">
    <ele>589.53</ele>
   </trkpt>
   <trkpt lat="47.45642" lon="12.14882">
    <ele>589.4100000000001</ele>
   </trkpt>
   <trkpt lat="47.45687" lon="12.148420000000002">
    <ele>590.5600000000001</ele>
   </trkpt>
   <trkpt lat="47.45702000000001" lon="12.14859">
    <ele>590.1</ele>
   </trkpt>
   <trkpt lat="47.45711000000001" lon="12.148470000000001">
    <ele>589.37</ele>
   </trkpt>
   <trkpt lat="47.45720000000001" lon="12.148240000000001">
    <ele>588.87</ele>
   </trkpt>
   <trkpt lat="47.45761" lon="12.147780000000001">
    <ele>586.99</ele>
   </trkpt>
   <trkpt lat="47.457980000000006" lon="12.14728">
    <ele>584.95</ele>
   </trkpt>
   <trkpt lat="47.458290000000005" lon="12.146840000000001">
    <ele>583.84</ele>
   </trkpt>
   <trkpt lat="47.458130000000004" lon="12.146510000000001">
    <ele>583.58</ele>
   </trkpt>
   <trkpt lat="47.45792" lon="12.146130000000001">
    <ele>584.0500000000001</ele>
   </trkpt>
   <trkpt lat="47.45835" lon="12.145760000000001">
    <ele>584.9000000000001</ele>
   </trkpt>
   <trkpt lat="47.458690000000004" lon="12.145370000000002">
    <ele>585.09</ele>
   </trkpt>
   <trkpt lat="47.4591200013911" lon="12.144805004616426">
    <ele>584.6999999999999</ele>
   </trkpt>
   <trkpt lat="47.45955000000001" lon="12.144240000000002">
    <ele>582.76</ele>
   </trkpt>
   <trkpt lat="47.45985" lon="12.1438">
    <ele>582.0600000000001</ele>
   </trkpt>
   <trkpt lat="47.46032000368954" lon="12.142875008328343">
    <ele>581.16</ele>
   </trkpt>
   <trkpt lat="47.46079" lon="12.141950000000001">
    <ele>580.6300000000001</ele>
   </trkpt>
   <trkpt lat="47.461240000000004" lon="12.14136">
    <ele>579.94</ele>
   </trkpt>
   <trkpt lat="47.4615" lon="12.141110000000001">
    <ele>579.77</ele>
   </trkpt>
   <trkpt lat="47.46220500100978" lon="12.140625006512801">
    <ele>579.4</ele>
   </trkpt>
   <trkpt lat="47.46291" lon="12.14014">
    <ele>578.98</ele>
   </trkpt>
   <trkpt lat="47.463" lon="12.14004">
    <ele>578.98</ele>
   </trkpt>
   <trkpt lat="47.463620000000006" lon="12.139190000000001">
    <ele>578.85</ele>
   </trkpt>
   <trkpt lat="47.463890000000006" lon="12.13873">
    <ele>577.65</ele>
   </trkpt>
   <trkpt lat="47.46397" lon="12.138630000000001">
    <ele>576.69</ele>
   </trkpt>
   <trkpt lat="47.46405000000001" lon="12.138570000000001">
    <ele>576.69</ele>
   </trkpt>
   <trkpt lat="47.46416000000001" lon="12.13854">
    <ele>576.1</ele>
   </trkpt>
   <trkpt lat="47.46426" lon="12.138560000000002">
    <ele>576.0900000000001</ele>
   </trkpt>
   <trkpt lat="47.46452000000001" lon="12.13887">
    <ele>576.5600000000001</ele>
   </trkpt>
   <trkpt lat="47.46514000011564" lon="12.139049997869638">
    <ele>576.58</ele>
   </trkpt>
   <trkpt lat="47.46576" lon="12.139230000000001">
    <ele>576.91</ele>
   </trkpt>
   <trkpt lat="47.46596" lon="12.13926">
    <ele>577.07</ele>
   </trkpt>
   <trkpt lat="47.46609" lon="12.13925">
    <ele>577.1</ele>
   </trkpt>
   <trkpt lat="47.4662" lon="12.139220000000002">
    <ele>576.74</ele>
   </trkpt>
   <trkpt lat="47.466280000000005" lon="12.139190000000001">
    <ele>576.74</ele>
   </trkpt>
   <trkpt lat="47.466330000000006" lon="12.139130000000002">
    <ele>576.74</ele>
   </trkpt>
   <trkpt lat="47.466350000000006" lon="12.13907">
    <ele>575.3900000000001</ele>
   </trkpt>
   <trkpt lat="47.466460000000005" lon="12.138470000000002">
    <ele>573.9300000000001</ele>
   </trkpt>
   <trkpt lat="47.46651000000001" lon="12.138370000000002">
    <ele>573.62</ele>
   </trkpt>
   <trkpt lat="47.46674" lon="12.13817">
    <ele>573.5</ele>
   </trkpt>
   <trkpt lat="47.46705" lon="12.137820000000001">
    <ele>574.44</ele>
   </trkpt>
   <trkpt lat="47.46719" lon="12.137550000000001">
    <ele>573.8700000000001</ele>
   </trkpt>
   <trkpt lat="47.46725000000001" lon="12.1371">
    <ele>572.37</ele>
   </trkpt>
   <trkpt lat="47.467270000000006" lon="12.136800000000001">
    <ele>571.2400000000001</ele>
   </trkpt>
   <trkpt lat="47.46726" lon="12.13587">
    <ele>568.37</ele>
   </trkpt>
   <trkpt lat="47.467220000000005" lon="12.135700000000002">
    <ele>568.52</ele>
   </trkpt>
   <trkpt lat="47.467020000000005" lon="12.135280000000002">
    <ele>570.2900000000001</ele>
   </trkpt>
   <trkpt lat="47.46699" lon="12.13516">
    <ele>570.76</ele>
   </trkpt>
   <trkpt lat="47.46699" lon="12.134440000000001">
    <ele>572.4200000000001</ele>
   </trkpt>
   <trkpt lat="47.467020000000005" lon="12.134220000000001">
    <ele>572.9399999999999</ele>
   </trkpt>
   <trkpt lat="47.467130000000004" lon="12.133980000000001">
    <ele>573.4200000000001</ele>
   </trkpt>
   <trkpt lat="47.46739" lon="12.133610000000001">
    <ele>574.83</ele>
   </trkpt>
   <trkpt lat="47.46745000000001" lon="12.133550000000001">
    <ele>574.9399999999999</ele>
   </trkpt>
   <trkpt lat="47.467780000000005" lon="12.133410000000001">
    <ele>574.2900000000001</ele>
   </trkpt>
   <trkpt lat="47.468210000000006" lon="12.13316">
    <ele>571.5300000000001</ele>
   </trkpt>
   <trkpt lat="47.46849" lon="12.133070000000002">
    <ele>569.84</ele>
   </trkpt>
   <trkpt lat="47.46918" lon="12.132890000000002">
    <ele>567.13</ele>
   </trkpt>
   <trkpt lat="47.46945" lon="12.132840000000002">
    <ele>566.7800000000001</ele>
   </trkpt>
   <trkpt lat="47.469750000000005" lon="12.13282">
    <ele>566.7</ele>
   </trkpt>
   <trkpt lat="47.469910000000006" lon="12.132850000000001">
    <ele>566.76</ele>
   </trkpt>
   <trkpt lat="47.470020000000005" lon="12.13292">
    <ele>566.8700000000001</ele>
   </trkpt>
   <trkpt lat="47.470130000000005" lon="12.13305">
    <ele>566.88</ele>
   </trkpt>
   <trkpt lat="47.470310000000005" lon="12.133180000000001">
    <ele>566.6800000000001</ele>
   </trkpt>
   <trkpt lat="47.47057" lon="12.13324">
    <ele>566.08</ele>
   </trkpt>
   <trkpt lat="47.470710000000004" lon="12.13325">
    <ele>566.0500000000001</ele>
   </trkpt>
   <trkpt lat="47.47086" lon="12.1332">
    <ele>566.15</ele>
   </trkpt>
   <trkpt lat="47.471090000000004" lon="12.133180000000001">
    <ele>566.7500000000001</ele>
   </trkpt>
   <trkpt lat="47.471360000000004" lon="12.133210000000002">
    <ele>567.4800000000001</ele>
   </trkpt>
   <trkpt lat="47.471680000000006" lon="12.133310000000002">
    <ele>567.7800000000001</ele>
   </trkpt>
   <trkpt lat="47.471880000000006" lon="12.13349">
    <ele>569.33</ele>
   </trkpt>
   <trkpt lat="47.472010000000004" lon="12.13372">
    <ele>570.07</ele>
   </trkpt>
   <trkpt lat="47.472120000000004" lon="12.134030000000001">
    <ele>570.1</ele>
   </trkpt>
   <trkpt lat="47.472170000000006" lon="12.13408">
    <ele>570.1</ele>
   </trkpt>
   <trkpt lat="47.47232" lon="12.13414">
    <ele>569.7</ele>
   </trkpt>
   <trkpt lat="47.47243" lon="12.1341">
    <ele>569.4</ele>
   </trkpt>
   <trkpt lat="47.472500000000004" lon="12.134030000000001">
    <ele>569.0400000000001</ele>
   </trkpt>
   <trkpt lat="47.47269000000001" lon="12.13376">
    <ele>568.1700000000001</ele>
   </trkpt>
   <trkpt lat="47.47316000000001" lon="12.133280000000001">
    <ele>563.8100000000001</ele>
   </trkpt>
   <trkpt lat="47.47335" lon="12.13343">
    <ele>562.24</ele>
   </trkpt>
   <trkpt lat="47.473440000000004" lon="12.13347">
    <ele>561.84</ele>
   </trkpt>
   <trkpt lat="47.47361" lon="12.13348">
    <ele>561.23</ele>
   </trkpt>
   <trkpt lat="47.47379" lon="12.133420000000001">
    <ele>560.6300000000001</ele>
   </trkpt>
   <trkpt lat="47.47408" lon="12.133230000000001">
    <ele>559.91</ele>
   </trkpt>
   <trkpt lat="47.474180000000004" lon="12.1332">
    <ele>559.61</ele>
   </trkpt>
   <trkpt lat="47.47424" lon="12.1332">
    <ele>559.61</ele>
   </trkpt>
   <trkpt lat="47.47433" lon="12.13324">
    <ele>558.9399999999999</ele>
   </trkpt>
   <trkpt lat="47.474470000000004" lon="12.133460000000001">
    <ele>559.25</ele>
   </trkpt>
   <trkpt lat="47.474590000000006" lon="12.133750000000001">
    <ele>559.61</ele>
   </trkpt>
   <trkpt lat="47.47464" lon="12.133930000000001">
    <ele>559.6800000000001</ele>
   </trkpt>
   <trkpt lat="47.47473" lon="12.13475">
    <ele>558.18</ele>
   </trkpt>
   <trkpt lat="47.474920000000004" lon="12.13512">
    <ele>557.5300000000001</ele>
   </trkpt>
   <trkpt lat="47.47509" lon="12.13531">
    <ele>557.48</ele>
   </trkpt>
   <trkpt lat="47.47518" lon="12.13535">
    <ele>557.03</ele>
   </trkpt>
   <trkpt lat="47.47525" lon="12.135420000000002">
    <ele>557.03</ele>
   </trkpt>
   <trkpt lat="47.47542000000001" lon="12.13526">
    <ele>556.6000000000001</ele>
   </trkpt>
   <trkpt lat="47.475590000000004" lon="12.135180000000002">
    <ele>555.5400000000001</ele>
   </trkpt>
   <trkpt lat="47.475730000000006" lon="12.135050000000001">
    <ele>555.2900000000001</ele>
   </trkpt>
   <trkpt lat="47.475930000000005" lon="12.135000000000002">
    <ele>555.03</ele>
   </trkpt>
   <trkpt lat="47.47616000000001" lon="12.13475">
    <ele>554.49</ele>
   </trkpt>
   <trkpt lat="47.47675" lon="12.134290000000002">
    <ele>552.76</ele>
   </trkpt>
   <trkpt lat="47.477230000000006" lon="12.133890000000001">
    <ele>550.9300000000001</ele>
   </trkpt>
   <trkpt lat="47.47778" lon="12.13329">
    <ele>550.5000000000001</ele>
   </trkpt>
   <trkpt lat="47.47786000000001" lon="12.133270000000001">
    <ele>550.5000000000001</ele>
   </trkpt>
   <trkpt lat="47.477990000000005" lon="12.13339">
    <ele>550.42</ele>
   </trkpt>
   <trkpt lat="47.478060000000006" lon="12.133350000000002">
    <ele>550.1100000000001</ele>
   </trkpt>
   <trkpt lat="47.47878" lon="12.132570000000001">
    <ele>549.24</ele>
   </trkpt>
   <trkpt lat="47.47916000000001" lon="12.13208">
    <ele>548.88</ele>
   </trkpt>
   <trkpt lat="47.47946" lon="12.13164">
    <ele>548.7700000000001</ele>
   </trkpt>
   <trkpt lat="47.47963000000001" lon="12.131340000000002">
    <ele>548.18</ele>
   </trkpt>
   <trkpt lat="47.479920002567724" lon="12.130565004393201">
    <ele>546.86</ele>
   </trkpt>
   <trkpt lat="47.48021000000001" lon="12.129790000000002">
    <ele>546.37</ele>
   </trkpt>
   <trkpt lat="47.48028" lon="12.129550000000002">
    <ele>545.82</ele>
   </trkpt>
   <trkpt lat="47.480450003263655" lon="12.128680002951082">
    <ele>545.7</ele>
   </trkpt>
   <trkpt lat="47.48062" lon="12.12781">
    <ele>546.1</ele>
   </trkpt>
   <trkpt lat="47.480760000000004" lon="12.127580000000002">
    <ele>545.73</ele>
   </trkpt>
   <trkpt lat="47.48120500520424" lon="12.126490009135601">
    <ele>544.96</ele>
   </trkpt>
   <trkpt lat="47.48165" lon="12.1254">
    <ele>545.5699999999999</ele>
   </trkpt>
   <trkpt lat="47.48171000000001" lon="12.12522">
    <ele>546.2600000000001</ele>
   </trkpt>
   <trkpt lat="47.481750000000005" lon="12.124770000000002">
    <ele>546.5300000000001</ele>
   </trkpt>
   <trkpt lat="47.48181" lon="12.12452">
    <ele>546.4300000000001</ele>
   </trkpt>
   <trkpt lat="47.482090001677406" lon="12.12389500337716">
    <ele>545.9000000000001</ele>
   </trkpt>
   <trkpt lat="47.48237" lon="12.123270000000002">
    <ele>545.12</ele>
   </trkpt>
   <trkpt lat="47.482420000000005" lon="12.1231">
    <ele>545.33</ele>
   </trkpt>
   <trkpt lat="47.48256000000001" lon="12.122840000000002">
    <ele>545.3</ele>
   </trkpt>
   <trkpt lat="47.48281" lon="12.12226">
    <ele>544.1100000000001</ele>
   </trkpt>
   <trkpt lat="47.48288" lon="12.122020000000001">
    <ele>543.32</ele>
   </trkpt>
   <trkpt lat="47.48286" lon="12.12185">
    <ele>543.09</ele>
   </trkpt>
   <trkpt lat="47.48257" lon="12.121220000000001">
    <ele>542.82</ele>
   </trkpt>
   <trkpt lat="47.48248" lon="12.120830000000002">
    <ele>542.23</ele>
   </trkpt>
   <trkpt lat="47.48286333979804" lon="12.119970012472885">
    <ele>541.25</ele>
   </trkpt>
   <trkpt lat="47.48324667316615" lon="12.119110012395016">
    <ele>540.76</ele>
   </trkpt>
   <trkpt lat="47.483630000000005" lon="12.118250000000002">
    <ele>540.13</ele>
   </trkpt>
   <trkpt lat="47.48384" lon="12.11772">
    <ele>539.6899999999999</ele>
   </trkpt>
   <trkpt lat="47.484195002848786" lon="12.116905005596244">
    <ele>538.59</ele>
   </trkpt>
   <trkpt lat="47.484550000000006" lon="12.116090000000002">
    <ele>538.0500000000001</ele>
   </trkpt>
   <trkpt lat="47.484940003470136" lon="12.115190006799331">
    <ele>537.7700000000001</ele>
   </trkpt>
   <trkpt lat="47.485330000000005" lon="12.11429">
    <ele>537.66</ele>
   </trkpt>
   <trkpt lat="47.485600000000005" lon="12.113570000000001">
    <ele>536.96</ele>
   </trkpt>
   <trkpt lat="47.48579" lon="12.112990000000002">
    <ele>536.39</ele>
   </trkpt>
   <trkpt lat="47.486090005517084" lon="12.111865006366923">
    <ele>535.63</ele>
   </trkpt>
   <trkpt lat="47.48639000000001" lon="12.110740000000002">
    <ele>535.81</ele>
   </trkpt>
   <trkpt lat="47.48650000000001" lon="12.110470000000001">
    <ele>535.84</ele>
   </trkpt>
   <trkpt lat="47.48657" lon="12.1104">
    <ele>535.74</ele>
   </trkpt>
   <trkpt lat="47.48662" lon="12.110460000000002">
    <ele>535.74</ele>
   </trkpt>
   <trkpt lat="47.48705" lon="12.11077">
    <ele>534.91</ele>
   </trkpt>
   <trkpt lat="47.48742000000001" lon="12.109960000000001">
    <ele>534.5500000000001</ele>
   </trkpt>
   <trkpt lat="47.487640000000006" lon="12.1096">
    <ele>533.98</ele>
   </trkpt>
   <trkpt lat="47.48783" lon="12.109340000000001">
    <ele>533.83</ele>
   </trkpt>
   <trkpt lat="47.4885350029029" lon="12.108525010921461">
    <ele>533.1</ele>
   </trkpt>
   <trkpt lat="47.48924" lon="12.10771">
    <ele>532.4000000000001</ele>
   </trkpt>
   <trkpt lat="47.48986500233087" lon="12.106980008670222">
    <ele>531.6500000000001</ele>
   </trkpt>
   <trkpt lat="47.49049" lon="12.106250000000001">
    <ele>530.8000000000001</ele>
   </trkpt>
   <trkpt lat="47.490680000000005" lon="12.106000000000002">
    <ele>530.8000000000001</ele>
   </trkpt>
   <trkpt lat="47.49087" lon="12.10571">
    <ele>530.19</ele>
   </trkpt>
   <trkpt lat="47.491440000000004" lon="12.104730000000002">
    <ele>529.5000000000001</ele>
   </trkpt>
   <trkpt lat="47.49200000240685" lon="12.103990007855796">
    <ele>529.02</ele>
   </trkpt>
   <trkpt lat="47.492560000000005" lon="12.103250000000001">
    <ele>528.2800000000001</ele>
   </trkpt>
   <trkpt lat="47.492810000000006" lon="12.102820000000001">
    <ele>528.12</ele>
   </trkpt>
   <trkpt lat="47.493280000000006" lon="12.1018">
    <ele>527.52</ele>
   </trkpt>
   <trkpt lat="47.493480000000005" lon="12.101360000000001">
    <ele>527.15</ele>
   </trkpt>
   <trkpt lat="47.493570000000005" lon="12.101120000000002">
    <ele>527.0400000000001</ele>
   </trkpt>
   <trkpt lat="47.493660000000006" lon="12.10063">
    <ele>526.9200000000001</ele>
   </trkpt>
   <trkpt lat="47.493660000000006" lon="12.09978">
    <ele>526.6899999999999</ele>
   </trkpt>
   <trkpt lat="47.49371000000001" lon="12.099210000000001">
    <ele>526.12</ele>
   </trkpt>
   <trkpt lat="47.493880000000004" lon="12.09848">
    <ele>525.72</ele>
   </trkpt>
   <trkpt lat="47.49403" lon="12.09772">
    <ele>524.14</ele>
   </trkpt>
   <trkpt lat="47.494200000000006" lon="12.096540000000001">
    <ele>523.32</ele>
   </trkpt>
   <trkpt lat="47.49432" lon="12.09547">
    <ele>522.75</ele>
   </trkpt>
   <trkpt lat="47.49436880014485" lon="12.094186258344777">
    <ele>521.94</ele>
   </trkpt>
   <trkpt lat="47.4944175859627" lon="12.092902514303915">
    <ele>521.0</ele>
   </trkpt>
   <trkpt lat="47.4944663574535" lon="12.091618767878106">
    <ele>520.1300000000001</ele>
   </trkpt>
   <trkpt lat="47.49451511461721" lon="12.090335019068043">
    <ele>519.5000000000001</ele>
   </trkpt>
   <trkpt lat="47.49456385745378" lon="12.089051267874419">
    <ele>518.61</ele>
   </trkpt>
   <trkpt lat="47.494612585963125" lon="12.087767514297923">
    <ele>518.0</ele>
   </trkpt>
   <trkpt lat="47.494661300145225" lon="12.086483758339249">
    <ele>517.46</ele>
   </trkpt>
   <trkpt lat="47.494710000000005" lon="12.0852">
    <ele>516.8900000000001</ele>
   </trkpt>
   <trkpt lat="47.494710000000005" lon="12.084980000000002">
    <ele>516.8900000000001</ele>
   </trkpt>
   <trkpt lat="47.494640000000004" lon="12.08435">
    <ele>516.51</ele>
   </trkpt>
   <trkpt lat="47.49449000384653" lon="12.08340999735061">
    <ele>515.7400000000001</ele>
   </trkpt>
   <trkpt lat="47.49434" lon="12.08247">
    <ele>515.8600000000001</ele>
   </trkpt>
   <trkpt lat="47.494310000000006" lon="12.08186">
    <ele>516.6200000000001</ele>
   </trkpt>
   <trkpt lat="47.49432" lon="12.08148">
    <ele>517.12</ele>
   </trkpt>
   <trkpt lat="47.494440000000004" lon="12.081090000000001">
    <ele>517.49</ele>
   </trkpt>
   <trkpt lat="47.49441" lon="12.081000000000001">
    <ele>517.49</ele>
   </trkpt>
   <trkpt lat="47.4943" lon="12.08084">
    <ele>517.5600000000001</ele>
   </trkpt>
   <trkpt lat="47.49425" lon="12.08041">
    <ele>517.78</ele>
   </trkpt>
   <trkpt lat="47.494220000000006" lon="12.079460000000001">
    <ele>518.81</ele>
   </trkpt>
   <trkpt lat="47.49423" lon="12.07919">
    <ele>519.22</ele>
   </trkpt>
   <trkpt lat="47.49428" lon="12.079130000000001">
    <ele>519.3100000000001</ele>
   </trkpt>
   <trkpt lat="47.494310000000006" lon="12.07904">
    <ele>519.3100000000001</ele>
   </trkpt>
   <trkpt lat="47.49427000000001" lon="12.07887">
    <ele>519.47</ele>
   </trkpt>
   <trkpt lat="47.49419" lon="12.07882">
    <ele>519.47</ele>
   </trkpt>
   <trkpt lat="47.494110000000006" lon="12.07868">
    <ele>519.5200000000001</ele>
   </trkpt>
   <trkpt lat="47.494040000000005" lon="12.07853">
    <ele>519.5200000000001</ele>
   </trkpt>
   <trkpt lat="47.493990000000004" lon="12.078460000000002">
    <ele>519.5200000000001</ele>
   </trkpt>
   <trkpt lat="47.493730000000006" lon="12.077620000000001">
    <ele>519.44</ele>
   </trkpt>
   <trkpt lat="47.493500000000004" lon="12.07708">
    <ele>519.3100000000001</ele>
   </trkpt>
   <trkpt lat="47.49335000000001" lon="12.076780000000001">
    <ele>518.98</ele>
   </trkpt>
   <trkpt lat="47.493140000000004" lon="12.07642">
    <ele>518.2800000000001</ele>
   </trkpt>
   <trkpt lat="47.492810000000006" lon="12.075930000000001">
    <ele>517.4000000000001</ele>
   </trkpt>
   <trkpt lat="47.492630000000005" lon="12.07572">
    <ele>517.4000000000001</ele>
   </trkpt>
   <trkpt lat="47.49232000000001" lon="12.075410000000002">
    <ele>516.66</ele>
   </trkpt>
   <trkpt lat="47.491550000000004" lon="12.07479">
    <ele>515.11</ele>
   </trkpt>
   <trkpt lat="47.49121" lon="12.074570000000001">
    <ele>514.6700000000001</ele>
   </trkpt>
   <trkpt lat="47.49105" lon="12.07436">
    <ele>513.94</ele>
   </trkpt>
   <trkpt lat="47.49103" lon="12.074300000000001">
    <ele>513.94</ele>
   </trkpt>
   <trkpt lat="47.490970000000004" lon="12.07422">
    <ele>512.12</ele>
   </trkpt>
   <trkpt lat="47.49116" lon="12.073830000000001">
    <ele>510.76</ele>
   </trkpt>
   <trkpt lat="47.49163" lon="12.07318">
    <ele>508.95</ele>
   </trkpt>
   <trkpt lat="47.4919" lon="12.072830000000002">
    <ele>508.49</ele>
   </trkpt>
   <trkpt lat="47.492140000000006" lon="12.072420000000001">
    <ele>508.33000000000004</ele>
   </trkpt>
   <trkpt lat="47.49244" lon="12.07169">
    <ele>508.17</ele>
   </trkpt>
   <trkpt lat="47.49282" lon="12.07094">
    <ele>507.51</ele>
   </trkpt>
   <trkpt lat="47.493120000000005" lon="12.070390000000002">
    <ele>507.51</ele>
   </trkpt>
   <trkpt lat="47.493480002543656" lon="12.069630005140512">
    <ele>506.63</ele>
   </trkpt>
   <trkpt lat="47.493840000000006" lon="12.06887">
    <ele>505.29</ele>
   </trkpt>
   <trkpt lat="47.494130000000006" lon="12.06825">
    <ele>505.0300000000001</ele>
   </trkpt>
   <trkpt lat="47.49423" lon="12.067910000000001">
    <ele>504.8</ele>
   </trkpt>
   <trkpt lat="47.494240000000005" lon="12.067810000000001">
    <ele>504.8</ele>
   </trkpt>
   <trkpt lat="47.494220000000006" lon="12.06761">
    <ele>504.8</ele>
   </trkpt>
   <trkpt lat="47.494130000000006" lon="12.06737">
    <ele>504.81000000000006</ele>
   </trkpt>
   <trkpt lat="47.493570000000005" lon="12.06634">
    <ele>505.39</ele>
   </trkpt>
   <trkpt lat="47.493370000000006" lon="12.0661">
    <ele>505.53999999999996</ele>
   </trkpt>
   <trkpt lat="47.493210000000005" lon="12.065850000000001">
    <ele>505.53999999999996</ele>
   </trkpt>
   <trkpt lat="47.49281000227177" lon="12.065119994358186">
    <ele>505.33000000000004</ele>
   </trkpt>
   <trkpt lat="47.49241000000001" lon="12.064390000000001">
    <ele>505.45000000000005</ele>
   </trkpt>
   <trkpt lat="47.49203000000001" lon="12.06367">
    <ele>505.48</ele>
   </trkpt>
   <trkpt lat="47.49162333892685" lon="12.062869987668615">
    <ele>505.49</ele>
   </trkpt>
   <trkpt lat="47.49121667228969" lon="12.062069987726803">
    <ele>505.25000000000006</ele>
   </trkpt>
   <trkpt lat="47.49081" lon="12.06127">
    <ele>504.95</ele>
   </trkpt>
   <trkpt lat="47.49028500433327" lon="12.060274990110198">
    <ele>503.61</ele>
   </trkpt>
   <trkpt lat="47.489760000000004" lon="12.059280000000001">
    <ele>503.18000000000006</ele>
   </trkpt>
   <trkpt lat="47.4898" lon="12.059190000000001">
    <ele>502.7600000000001</ele>
   </trkpt>
   <trkpt lat="47.48986000000001" lon="12.059140000000001">
    <ele>502.46</ele>
   </trkpt>
   <trkpt lat="47.489920000000005" lon="12.059050000000001">
    <ele>502.19</ele>
   </trkpt>
   <trkpt lat="47.490030000000004" lon="12.058950000000001">
    <ele>501.97</ele>
   </trkpt>
   <trkpt lat="47.490320000000004" lon="12.058580000000001">
    <ele>501.3500000000001</ele>
   </trkpt>
   <trkpt lat="47.490780001173334" lon="12.05806000455688">
    <ele>501.16</ele>
   </trkpt>
   <trkpt lat="47.491240000000005" lon="12.057540000000001">
    <ele>501.3500000000001</ele>
   </trkpt>
   <trkpt lat="47.49137" lon="12.057500000000001">
    <ele>501.19</ele>
   </trkpt>
   <trkpt lat="47.49157" lon="12.057630000000001">
    <ele>501.16</ele>
   </trkpt>
   <trkpt lat="47.49206" lon="12.057870000000001">
    <ele>501.55000000000007</ele>
   </trkpt>
   <trkpt lat="47.49221000000001" lon="12.057870000000001">
    <ele>502.49</ele>
   </trkpt>
   <trkpt lat="47.49230000000001" lon="12.057780000000001">
    <ele>502.63</ele>
   </trkpt>
   <trkpt lat="47.4924" lon="12.057630000000001">
    <ele>502.86000000000007</ele>
   </trkpt>
   <trkpt lat="47.49248" lon="12.057480000000002">
    <ele>503.2000000000001</ele>
   </trkpt>
   <trkpt lat="47.492490000000004" lon="12.057400000000001">
    <ele>503.2000000000001</ele>
   </trkpt>
   <trkpt lat="47.492470000000004" lon="12.05733">
    <ele>503.4200000000001</ele>
   </trkpt>
   <trkpt lat="47.49213000120153" lon="12.056794996469213">
    <ele>503.72</ele>
   </trkpt>
   <trkpt lat="47.49179" lon="12.056260000000002">
    <ele>503.5200000000001</ele>
   </trkpt>
   <trkpt lat="47.49121" lon="12.055390000000001">
    <ele>500.40000000000003</ele>
   </trkpt>
   <trkpt lat="47.490990000000004" lon="12.055000000000001">
    <ele>500.05</ele>
   </trkpt>
   <trkpt lat="47.49063" lon="12.054300000000001">
    <ele>499.76000000000005</ele>
   </trkpt>
   <trkpt lat="47.490175003757486" lon="12.053369991938757">
    <ele>500.02</ele>
   </trkpt>
   <trkpt lat="47.489720000000005" lon="12.05244">
    <ele>501.58000000000004</ele>
   </trkpt>
   <trkpt lat="47.489455001736374" lon="12.05181499693703">
    <ele>501.85</ele>
   </trkpt>
   <trkpt lat="47.48919" lon="12.051190000000002">
    <ele>501.70000000000005</ele>
   </trkpt>
   <trkpt lat="47.488866672242" lon="12.050389990178257">
    <ele>501.01000000000005</ele>
   </trkpt>
   <trkpt lat="47.48854333891992" lon="12.049589990206254">
    <ele>500.9800000000001</ele>
   </trkpt>
   <trkpt lat="47.488220000000005" lon="12.04879">
    <ele>501.31</ele>
   </trkpt>
   <trkpt lat="47.487980001828966" lon="12.048149997204886">
    <ele>501.43</ele>
   </trkpt>
   <trkpt lat="47.48774" lon="12.04751">
    <ele>501.70000000000005</ele>
   </trkpt>
   <trkpt lat="47.48748000272091" lon="12.04673499649181">
    <ele>501.95</ele>
   </trkpt>
   <trkpt lat="47.48722" lon="12.045960000000001">
    <ele>502.50000000000006</ele>
   </trkpt>
   <trkpt lat="47.48692000406858" lon="12.04499499455483">
    <ele>502.48</ele>
   </trkpt>
   <trkpt lat="47.48662" lon="12.044030000000001">
    <ele>502.06000000000006</ele>
   </trkpt>
   <trkpt lat="47.48634000420727" lon="12.043044994713512">
    <ele>501.73</ele>
   </trkpt>
   <trkpt lat="47.48606" lon="12.042060000000001">
    <ele>501.65999999999997</ele>
   </trkpt>
   <trkpt lat="47.48582667495875" lon="12.0410833246533">
    <ele>501.75</ele>
   </trkpt>
   <trkpt lat="47.48559334162461" lon="12.04010665798334">
    <ele>502.04</ele>
   </trkpt>
   <trkpt lat="47.48536000000001" lon="12.03913">
    <ele>502.11000000000007</ele>
   </trkpt>
   <trkpt lat="47.48518500319342" lon="12.038279997424548">
    <ele>502.24</ele>
   </trkpt>
   <trkpt lat="47.48501" lon="12.03743">
    <ele>502.46</ele>
   </trkpt>
   <trkpt lat="47.48487" lon="12.036410000000002">
    <ele>502.33000000000004</ele>
   </trkpt>
   <trkpt lat="47.4846" lon="12.035430000000002">
    <ele>501.74000000000007</ele>
   </trkpt>
   <trkpt lat="47.48445000426239" lon="12.03444499748206">
    <ele>501.7900000000001</ele>
   </trkpt>
   <trkpt lat="47.484300000000005" lon="12.033460000000002">
    <ele>501.81000000000006</ele>
   </trkpt>
   <trkpt lat="47.48415251376489" lon="12.032432491323659">
    <ele>501.6700000000001</ele>
   </trkpt>
   <trkpt lat="47.48400501835108" lon="12.031404988417144">
    <ele>501.70000000000005</ele>
   </trkpt>
   <trkpt lat="47.48385751375868" lon="12.030377491280758">
    <ele>501.43</ele>
   </trkpt>
   <trkpt lat="47.48371" lon="12.02935">
    <ele>502.27</ele>
   </trkpt>
   <trkpt lat="47.48351" lon="12.02833">
    <ele>507.0300000000001</ele>
   </trkpt>
   <trkpt lat="47.4834" lon="12.02795">
    <ele>508.44</ele>
   </trkpt>
   <trkpt lat="47.48321000000001" lon="12.02749">
    <ele>510.01000000000005</ele>
   </trkpt>
   <trkpt lat="47.48315" lon="12.02725">
    <ele>510.37</ele>
   </trkpt>
   <trkpt lat="47.483230000000006" lon="12.02691">
    <ele>510.83</ele>
   </trkpt>
   <trkpt lat="47.483320000000006" lon="12.02683">
    <ele>511.09000000000003</ele>
   </trkpt>
   <trkpt lat="47.48339000000001" lon="12.026670000000001">
    <ele>511.2300000000001</ele>
   </trkpt>
   <trkpt lat="47.48339000000001" lon="12.026580000000001">
    <ele>511.34000000000003</ele>
   </trkpt>
   <trkpt lat="47.48335" lon="12.0264">
    <ele>511.2300000000001</ele>
   </trkpt>
   <trkpt lat="47.48331" lon="12.026340000000001">
    <ele>511.2300000000001</ele>
   </trkpt>
   <trkpt lat="47.48326" lon="12.026290000000001">
    <ele>510.78000000000003</ele>
   </trkpt>
   <trkpt lat="47.483200000000004" lon="12.02626">
    <ele>510.78000000000003</ele>
   </trkpt>
   <trkpt lat="47.48313" lon="12.02626">
    <ele>510.4000000000001</ele>
   </trkpt>
   <trkpt lat="47.483070000000005" lon="12.026290000000001">
    <ele>510.4000000000001</ele>
   </trkpt>
   <trkpt lat="47.48302" lon="12.02626">
    <ele>510.12</ele>
   </trkpt>
   <trkpt lat="47.48295" lon="12.02617">
    <ele>510.12</ele>
   </trkpt>
   <trkpt lat="47.482960000000006" lon="12.02598">
    <ele>509.51</ele>
   </trkpt>
   <trkpt lat="47.48299" lon="12.025860000000002">
    <ele>509.2300000000001</ele>
   </trkpt>
   <trkpt lat="47.483250000000005" lon="12.025360000000001">
    <ele>507.95</ele>
   </trkpt>
   <trkpt lat="47.48331" lon="12.02509">
    <ele>506.99000000000007</ele>
   </trkpt>
   <trkpt lat="47.483340000000005" lon="12.024830000000001">
    <ele>506.46000000000004</ele>
   </trkpt>
   <trkpt lat="47.48338500430036" lon="12.023835000923498">
    <ele>503.77000000000004</ele>
   </trkpt>
   <trkpt lat="47.483430000000006" lon="12.02284">
    <ele>502.70000000000005</ele>
   </trkpt>
   <trkpt lat="47.48344000192503" lon="12.022174999946959">
    <ele>502.21000000000004</ele>
   </trkpt>
   <trkpt lat="47.483450000000005" lon="12.021510000000001">
    <ele>502.09000000000003</ele>
   </trkpt>
   <trkpt lat="47.483430000000006" lon="12.02142">
    <ele>502.09000000000003</ele>
   </trkpt>
   <trkpt lat="47.483410000000006" lon="12.021370000000001">
    <ele>502.09000000000003</ele>
   </trkpt>
   <trkpt lat="47.48337" lon="12.02134">
    <ele>501.70000000000005</ele>
   </trkpt>
   <trkpt lat="47.483320000000006" lon="12.021320000000001">
    <ele>501.70000000000005</ele>
   </trkpt>
   <trkpt lat="47.48326" lon="12.021320000000001">
    <ele>501.70000000000005</ele>
   </trkpt>
   <trkpt lat="47.48278000019976" lon="12.021450001153607">
    <ele>501.36</ele>
   </trkpt>
   <trkpt lat="47.4823" lon="12.02158">
    <ele>501.65999999999997</ele>
   </trkpt>
   <trkpt lat="47.482040000000005" lon="12.021590000000002">
    <ele>501.65000000000003</ele>
   </trkpt>
   <trkpt lat="47.48136" lon="12.021770000000002">
    <ele>502.14000000000004</ele>
   </trkpt>
   <trkpt lat="47.481228366752504" lon="12.020529984457403">
    <ele>502.17</ele>
   </trkpt>
   <trkpt lat="47.481096720136954" lon="12.01928997512897">
    <ele>502.36</ele>
   </trkpt>
   <trkpt lat="47.48096506015344" lon="12.018049972015278">
    <ele>502.41</ele>
   </trkpt>
   <trkpt lat="47.48083338680214" lon="12.016809975116894">
    <ele>502.31</ele>
   </trkpt>
   <trkpt lat="47.480701700083166" lon="12.015569984434393">
    <ele>502.39</ele>
   </trkpt>
   <trkpt lat="47.48057000000001" lon="12.014330000000001">
    <ele>502.29</ele>
   </trkpt>
   <trkpt lat="47.48048000000001" lon="12.01365">
    <ele>502.39</ele>
   </trkpt>
   <trkpt lat="47.48034651879902" lon="12.012386386816916">
    <ele>502.5200000000001</ele>
   </trkpt>
   <trkpt lat="47.4802130237163" lon="12.011122780054965">
    <ele>502.74000000000007</ele>
   </trkpt>
   <trkpt lat="47.48007951475197" lon="12.009859179714748">
    <ele>502.8</ele>
   </trkpt>
   <trkpt lat="47.47994599190621" lon="12.008595585796876">
    <ele>502.97</ele>
   </trkpt>
   <trkpt lat="47.4798124551791" lon="12.007331998301947">
    <ele>503.2300000000001</ele>
   </trkpt>
   <trkpt lat="47.47967890457081" lon="12.006068417230574">
    <ele>503.37000000000006</ele>
   </trkpt>
   <trkpt lat="47.47954534008146" lon="12.004804842583352">
    <ele>503.4200000000001</ele>
   </trkpt>
   <trkpt lat="47.4794117617112" lon="12.003541274360897">
    <ele>503.82000000000005</ele>
   </trkpt>
   <trkpt lat="47.479278169460144" lon="12.002277712563806">
    <ele>503.85</ele>
   </trkpt>
   <trkpt lat="47.47914456332844" lon="12.001014157192687">
    <ele>503.68</ele>
   </trkpt>
   <trkpt lat="47.47901094331623" lon="11.999750608248142">
    <ele>503.48</ele>
   </trkpt>
   <trkpt lat="47.47887730942364" lon="11.998487065730782">
    <ele>503.43</ele>
   </trkpt>
   <trkpt lat="47.47874366165082" lon="11.997223529641204">
    <ele>504.09999999999997</ele>
   </trkpt>
   <trkpt lat="47.47861" lon="11.99596">
    <ele>505.7900000000001</ele>
   </trkpt>
   <trkpt lat="47.47829" lon="11.996030000000001">
    <ele>506.49</ele>
   </trkpt>
   <trkpt lat="47.478030000000004" lon="11.995980000000001">
    <ele>506.41</ele>
   </trkpt>
   <trkpt lat="47.478080000000006" lon="11.995270000000001">
    <ele>506.4200000000001</ele>
   </trkpt>
   <trkpt lat="47.478080000000006" lon="11.99416">
    <ele>506.97999999999996</ele>
   </trkpt>
   <trkpt lat="47.478010000000005" lon="11.99342">
    <ele>507.85</ele>
   </trkpt>
   <trkpt lat="47.47793" lon="11.992820000000002">
    <ele>508.0300000000001</ele>
   </trkpt>
   <trkpt lat="47.47786000000001" lon="11.992510000000001">
    <ele>508.14000000000004</ele>
   </trkpt>
   <trkpt lat="47.47776" lon="11.99225">
    <ele>508.2300000000001</ele>
   </trkpt>
   <trkpt lat="47.47768000000001" lon="11.99191">
    <ele>508.4200000000001</ele>
   </trkpt>
   <trkpt lat="47.47762" lon="11.991200000000001">
    <ele>509.29</ele>
   </trkpt>
   <trkpt lat="47.47762" lon="11.990710000000002">
    <ele>510.18000000000006</ele>
   </trkpt>
   <trkpt lat="47.47764" lon="11.9905">
    <ele>510.29</ele>
   </trkpt>
   <trkpt lat="47.47769" lon="11.990250000000001">
    <ele>510.46000000000004</ele>
   </trkpt>
   <trkpt lat="47.477700000000006" lon="11.990160000000001">
    <ele>511.06000000000006</ele>
   </trkpt>
   <trkpt lat="47.47768000000001" lon="11.99005">
    <ele>511.06000000000006</ele>
   </trkpt>
   <trkpt lat="47.477610000000006" lon="11.98999">
    <ele>511.19</ele>
   </trkpt>
   <trkpt lat="47.476760000000006" lon="11.989740000000001">
    <ele>511.81</ele>
   </trkpt>
   <trkpt lat="47.47681" lon="11.98925">
    <ele>511.24</ele>
   </trkpt>
   <trkpt lat="47.476730005072014" lon="11.988169998377684">
    <ele>510.94000000000005</ele>
   </trkpt>
   <trkpt lat="47.47665000000001" lon="11.98709">
    <ele>509.73</ele>
   </trkpt>
   <trkpt lat="47.47710000000001" lon="11.986970000000001">
    <ele>508.46000000000004</ele>
   </trkpt>
   <trkpt lat="47.47722" lon="11.986880000000001">
    <ele>508.21999999999997</ele>
   </trkpt>
   <trkpt lat="47.47726" lon="11.986880000000001">
    <ele>508.21000000000004</ele>
   </trkpt>
   <trkpt lat="47.47728" lon="11.98684">
    <ele>508.21000000000004</ele>
   </trkpt>
   <trkpt lat="47.4776" lon="11.98671">
    <ele>508.68</ele>
   </trkpt>
   <trkpt lat="47.4776" lon="11.986680000000002">
    <ele>508.68</ele>
   </trkpt>
   <trkpt lat="47.47762" lon="11.986640000000001">
    <ele>508.68</ele>
   </trkpt>
   <trkpt lat="47.477500000000006" lon="11.98624">
    <ele>508.93</ele>
   </trkpt>
   <trkpt lat="47.477320000000006" lon="11.985330000000001">
    <ele>508.93</ele>
   </trkpt>
   <trkpt lat="47.477140000000006" lon="11.984610000000002">
    <ele>508.94000000000005</ele>
   </trkpt>
   <trkpt lat="47.4769" lon="11.983870000000001">
    <ele>509.12</ele>
   </trkpt>
   <trkpt lat="47.47661500233605" lon="11.983134995981612">
    <ele>509.73</ele>
   </trkpt>
   <trkpt lat="47.476330000000004" lon="11.9824">
    <ele>509.68</ele>
   </trkpt>
   <trkpt lat="47.47594" lon="11.981520000000002">
    <ele>509.6400000000001</ele>
   </trkpt>
   <trkpt lat="47.4756000020672" lon="11.980814995244707">
    <ele>509.6400000000001</ele>
   </trkpt>
   <trkpt lat="47.475260000000006" lon="11.980110000000002">
    <ele>509.37</ele>
   </trkpt>
   <trkpt lat="47.47513000000001" lon="11.979740000000001">
    <ele>509.34000000000003</ele>
   </trkpt>
   <trkpt lat="47.474700000000006" lon="11.978900000000001">
    <ele>510.69000000000005</ele>
   </trkpt>
   <trkpt lat="47.47442" lon="11.978240000000001">
    <ele>514.34</ele>
   </trkpt>
   <trkpt lat="47.47419000244766" lon="11.97750499710026">
    <ele>517.08</ele>
   </trkpt>
   <trkpt lat="47.473960000000005" lon="11.97677">
    <ele>514.36</ele>
   </trkpt>
   <trkpt lat="47.47395" lon="11.976650000000001">
    <ele>514.36</ele>
   </trkpt>
   <trkpt lat="47.47397" lon="11.976550000000001">
    <ele>511.71</ele>
   </trkpt>
   <trkpt lat="47.474070000000005" lon="11.9763">
    <ele>510.4700000000001</ele>
   </trkpt>
   <trkpt lat="47.474090000000004" lon="11.9762">
    <ele>510.39</ele>
   </trkpt>
   <trkpt lat="47.47408" lon="11.97601">
    <ele>510.39</ele>
   </trkpt>
   <trkpt lat="47.47401000000001" lon="11.97564">
    <ele>507.65999999999997</ele>
   </trkpt>
   <trkpt lat="47.474070000000005" lon="11.97512">
    <ele>507.11000000000007</ele>
   </trkpt>
   <trkpt lat="47.474160000000005" lon="11.97478">
    <ele>506.88</ele>
   </trkpt>
   <trkpt lat="47.474180000000004" lon="11.974570000000002">
    <ele>506.86000000000007</ele>
   </trkpt>
   <trkpt lat="47.47417" lon="11.97432">
    <ele>506.87</ele>
   </trkpt>
   <trkpt lat="47.47410000000001" lon="11.974060000000001">
    <ele>506.9100000000001</ele>
   </trkpt>
   <trkpt lat="47.474030000000006" lon="11.973930000000001">
    <ele>507.0800000000001</ele>
   </trkpt>
   <trkpt lat="47.4739" lon="11.97376">
    <ele>507.0800000000001</ele>
   </trkpt>
   <trkpt lat="47.47345000000001" lon="11.97328">
    <ele>507.14000000000004</ele>
   </trkpt>
   <trkpt lat="47.473330000000004" lon="11.973020000000002">
    <ele>507.15</ele>
   </trkpt>
   <trkpt lat="47.47327000000001" lon="11.972750000000001">
    <ele>507.19</ele>
   </trkpt>
   <trkpt lat="47.47323" lon="11.972290000000001">
    <ele>507.09999999999997</ele>
   </trkpt>
   <trkpt lat="47.47319" lon="11.972010000000001">
    <ele>507.11000000000007</ele>
   </trkpt>
   <trkpt lat="47.47312" lon="11.97174">
    <ele>507.11000000000007</ele>
   </trkpt>
   <trkpt lat="47.47298000000001" lon="11.97151">
    <ele>507.09000000000003</ele>
   </trkpt>
   <trkpt lat="47.472750000000005" lon="11.971240000000002">
    <ele>507.21000000000004</ele>
   </trkpt>
   <trkpt lat="47.47238" lon="11.97085">
    <ele>507.16</ele>
   </trkpt>
   <trkpt lat="47.47205" lon="11.970400000000001">
    <ele>507.11000000000007</ele>
   </trkpt>
   <trkpt lat="47.47166000000001" lon="11.969690000000002">
    <ele>507.33000000000004</ele>
   </trkpt>
   <trkpt lat="47.471610000000005" lon="11.969570000000001">
    <ele>507.33000000000004</ele>
   </trkpt>
   <trkpt lat="47.47151" lon="11.969140000000001">
    <ele>507.13000000000005</ele>
   </trkpt>
   <trkpt lat="47.47140500201708" lon="11.96845499848338">
    <ele>507.07</ele>
   </trkpt>
   <trkpt lat="47.47130000000001" lon="11.967770000000002">
    <ele>507.11000000000007</ele>
   </trkpt>
   <trkpt lat="47.47124" lon="11.96757">
    <ele>507.01000000000005</ele>
   </trkpt>
   <trkpt lat="47.47095500169359" lon="11.966929996334025">
    <ele>507.02000000000004</ele>
   </trkpt>
   <trkpt lat="47.470670000000005" lon="11.96629">
    <ele>506.97</ele>
   </trkpt>
   <trkpt lat="47.470470000000006" lon="11.96592">
    <ele>507.21000000000004</ele>
   </trkpt>
   <trkpt lat="47.47019" lon="11.965510000000002">
    <ele>507.16</ele>
   </trkpt>
   <trkpt lat="47.470130000000005" lon="11.96546">
    <ele>507.18000000000006</ele>
   </trkpt>
   <trkpt lat="47.469575000741415" lon="11.965079996065116">
    <ele>507.21000000000004</ele>
   </trkpt>
   <trkpt lat="47.46902" lon="11.9647">
    <ele>507.12</ele>
   </trkpt>
   <trkpt lat="47.46857447922464" lon="11.963699932189343">
    <ele>507.2000000000001</ele>
   </trkpt>
   <trkpt lat="47.468128949753975" lon="11.962699881332783">
    <ele>507.21999999999997</ele>
   </trkpt>
   <trkpt lat="47.467683411588304" lon="11.961699847430099">
    <ele>507.38000000000005</ele>
   </trkpt>
   <trkpt lat="47.46723786472788" lon="11.960699830481069">
    <ele>507.53999999999996</ele>
   </trkpt>
   <trkpt lat="47.46679230917302" lon="11.959699830485473">
    <ele>507.49</ele>
   </trkpt>
   <trkpt lat="47.46634674492398" lon="11.958699847443091">
    <ele>507.44</ele>
   </trkpt>
   <trkpt lat="47.465901171981066" lon="11.957699881353697">
    <ele>507.65999999999997</ele>
   </trkpt>
   <trkpt lat="47.46545559034455" lon="11.956699932217075">
    <ele>507.75</ele>
   </trkpt>
   <trkpt lat="47.46501000000001" lon="11.9557">
    <ele>507.71</ele>
   </trkpt>
   <trkpt lat="47.46455801852455" lon="11.954667964516782">
    <ele>507.86000000000007</ele>
   </trkpt>
   <trkpt lat="47.464106027788894" lon="11.953635946780834">
    <ele>507.99000000000007</ele>
   </trkpt>
   <trkpt lat="47.46365402779336" lon="11.952603946791934">
    <ele>508.05</ele>
   </trkpt>
   <trkpt lat="47.46320201853823" lon="11.951571964549858">
    <ele>508.0300000000001</ele>
   </trkpt>
   <trkpt lat="47.46275000000001" lon="11.95054">
    <ele>508.09000000000003</ele>
   </trkpt>
   <trkpt lat="47.46237750902861" lon="11.94970748228127">
    <ele>508.13000000000005</ele>
   </trkpt>
   <trkpt lat="47.46200501203131" lon="11.948874976360095">
    <ele>508.38000000000005</ele>
   </trkpt>
   <trkpt lat="47.4616325090083" lon="11.948042482236346">
    <ele>508.6</ele>
   </trkpt>
   <trkpt lat="47.46126" lon="11.94721">
    <ele>508.63</ele>
   </trkpt>
   <trkpt lat="47.46106" lon="11.946650000000002">
    <ele>508.69000000000005</ele>
   </trkpt>
   <trkpt lat="47.46085" lon="11.94593">
    <ele>508.58000000000004</ele>
   </trkpt>
   <trkpt lat="47.46055146070814" lon="11.944819962174162">
    <ele>508.6</ele>
   </trkpt>
   <trkpt lat="47.46025291070318" lon="11.943709936954956">
    <ele>508.6400000000001</ele>
   </trkpt>
   <trkpt lat="47.459954349985395" lon="11.942599924342566">
    <ele>508.61</ele>
   </trkpt>
   <trkpt lat="47.459655778554996" lon="11.941489924337166">
    <ele>508.53000000000003</ele>
   </trkpt>
   <trkpt lat="47.45935719641223" lon="11.940379936938934">
    <ele>508.53999999999996</ele>
   </trkpt>
   <trkpt lat="47.459058603557324" lon="11.93926996214805">
    <ele>508.62000000000006</ele>
   </trkpt>
   <trkpt lat="47.458760000000005" lon="11.938160000000002">
    <ele>510.13000000000005</ele>
   </trkpt>
   <trkpt lat="47.45873" lon="11.937970000000002">
    <ele>510.24</ele>
   </trkpt>
   <trkpt lat="47.45843000000001" lon="11.936910000000001">
    <ele>509.81000000000006</ele>
   </trkpt>
   <trkpt lat="47.45814145835492" lon="11.93584139338255">
    <ele>509.74000000000007</ele>
   </trkpt>
   <trkpt lat="47.45785290678147" lon="11.934772798493785">
    <ele>509.78</ele>
   </trkpt>
   <trkpt lat="47.45756434527987" lon="11.933704215333865">
    <ele>509.76</ele>
   </trkpt>
   <trkpt lat="47.45727577385034" lon="11.932635643902945">
    <ele>509.81000000000006</ele>
   </trkpt>
   <trkpt lat="47.45698719249306" lon="11.931567084201179">
    <ele>509.73</ele>
   </trkpt>
   <trkpt lat="47.45669860120827" lon="11.930498536228725">
    <ele>509.73</ele>
   </trkpt>
   <trkpt lat="47.456410000000005" lon="11.929430000000002">
    <ele>509.58000000000004</ele>
   </trkpt>
   <trkpt lat="47.456300000000006" lon="11.929110000000001">
    <ele>509.6400000000001</ele>
   </trkpt>
   <trkpt lat="47.456100000000006" lon="11.928690000000001">
    <ele>509.90000000000003</ele>
   </trkpt>
   <trkpt lat="47.455980000000004" lon="11.92852">
    <ele>510.15</ele>
   </trkpt>
   <trkpt lat="47.45564" lon="11.92814">
    <ele>509.97</ele>
   </trkpt>
   <trkpt lat="47.45589500255339" lon="11.927390003319344">
    <ele>510.32</ele>
   </trkpt>
   <trkpt lat="47.45615" lon="11.92664">
    <ele>510.2300000000001</ele>
   </trkpt>
   <trkpt lat="47.4562" lon="11.926290000000002">
    <ele>510.2300000000001</ele>
   </trkpt>
   <trkpt lat="47.45619000000001" lon="11.925980000000001">
    <ele>510.26000000000005</ele>
   </trkpt>
   <trkpt lat="47.456160000000004" lon="11.92572">
    <ele>510.38000000000005</ele>
   </trkpt>
   <trkpt lat="47.455905005803984" lon="11.924564994419551">
    <ele>510.7900000000001</ele>
   </trkpt>
   <trkpt lat="47.455650000000006" lon="11.92341">
    <ele>510.92</ele>
   </trkpt>
   <trkpt lat="47.45553" lon="11.923110000000001">
    <ele>510.8</ele>
   </trkpt>
   <trkpt lat="47.4549900094933" lon="11.922066645294084">
    <ele>510.8400000000001</ele>
   </trkpt>
   <trkpt lat="47.454450009521935" lon="11.921023312016453">
    <ele>510.81</ele>
   </trkpt>
   <trkpt lat="47.45391" lon="11.91998">
    <ele>510.8400000000001</ele>
   </trkpt>
   <trkpt lat="47.453530025789036" lon="11.918985671182625">
    <ele>510.99000000000007</ele>
   </trkpt>
   <trkpt lat="47.453150042981854" lon="11.917991356734483">
    <ele>511.46000000000004</ele>
   </trkpt>
   <trkpt lat="47.452770051578725" lon="11.916997056655507">
    <ele>511.90000000000003</ele>
   </trkpt>
   <trkpt lat="47.45239005157986" lon="11.91600277094562">
    <ele>511.78000000000003</ele>
   </trkpt>
   <trkpt lat="47.452010042985535" lon="11.915008499604747">
    <ele>511.75</ele>
   </trkpt>
   <trkpt lat="47.45163002579596" lon="11.914014242632817">
    <ele>512.1600000000001</ele>
   </trkpt>
   <trkpt lat="47.45125" lon="11.913020000000001">
    <ele>512.3100000000001</ele>
   </trkpt>
   <trkpt lat="47.45084251259671" lon="11.912037477179004">
    <ele>512.41</ele>
   </trkpt>
   <trkpt lat="47.45043501680009" lon="11.911054969583276">
    <ele>512.6700000000001</ele>
   </trkpt>
   <trkpt lat="47.450027512610376" lon="11.910072477212667">
    <ele>512.8000000000001</ele>
   </trkpt>
   <trkpt lat="47.44962" lon="11.90909">
    <ele>513.02</ele>
   </trkpt>
   <trkpt lat="47.4495" lon="11.90881">
    <ele>513.0300000000001</ele>
   </trkpt>
   <trkpt lat="47.449220000000004" lon="11.90831">
    <ele>512.97</ele>
   </trkpt>
   <trkpt lat="47.448793337952104" lon="11.907583321590614">
    <ele>513.0300000000001</ele>
   </trkpt>
   <trkpt lat="47.448366671312904" lon="11.906856654970873">
    <ele>513.11</ele>
   </trkpt>
   <trkpt lat="47.44794" lon="11.906130000000001">
    <ele>513.0100000000001</ele>
   </trkpt>
   <trkpt lat="47.447860000000006" lon="11.90606">
    <ele>513.0300000000001</ele>
   </trkpt>
   <trkpt lat="47.447590000000005" lon="11.905500000000002">
    <ele>513.21</ele>
   </trkpt>
   <trkpt lat="47.44724" lon="11.90492">
    <ele>513.24</ele>
   </trkpt>
   <trkpt lat="47.44693" lon="11.904280000000002">
    <ele>513.34</ele>
   </trkpt>
   <trkpt lat="47.446760000000005" lon="11.904000000000002">
    <ele>513.38</ele>
   </trkpt>
   <trkpt lat="47.44643000117515" lon="11.903499996996938">
    <ele>513.26</ele>
   </trkpt>
   <trkpt lat="47.4461" lon="11.903">
    <ele>513.33</ele>
   </trkpt>
   <trkpt lat="47.445890000000006" lon="11.902730000000002">
    <ele>513.26</ele>
   </trkpt>
   <trkpt lat="47.445800000000006" lon="11.90243">
    <ele>513.26</ele>
   </trkpt>
   <trkpt lat="47.445510000000006" lon="11.901700000000002">
    <ele>513.3199999999999</ele>
   </trkpt>
   <trkpt lat="47.445300002145736" lon="11.900994997134992">
    <ele>513.59</ele>
   </trkpt>
   <trkpt lat="47.44509" lon="11.900290000000002">
    <ele>513.6200000000001</ele>
   </trkpt>
   <trkpt lat="47.44491000000001" lon="11.899830000000001">
    <ele>513.7700000000001</ele>
   </trkpt>
   <trkpt lat="47.44454" lon="11.899030000000002">
    <ele>513.98</ele>
   </trkpt>
   <trkpt lat="47.444280000000006" lon="11.89816">
    <ele>514.48</ele>
   </trkpt>
   <trkpt lat="47.444120000000005" lon="11.89779">
    <ele>514.48</ele>
   </trkpt>
   <trkpt lat="47.44373" lon="11.897060000000002">
    <ele>514.58</ele>
   </trkpt>
   <trkpt lat="47.443380000000005" lon="11.8963">
    <ele>514.78</ele>
   </trkpt>
   <trkpt lat="47.443090000000005" lon="11.89582">
    <ele>514.6700000000001</ele>
   </trkpt>
   <trkpt lat="47.443000000000005" lon="11.89569">
    <ele>514.6700000000001</ele>
   </trkpt>
   <trkpt lat="47.442870000000006" lon="11.895550000000002">
    <ele>514.8000000000001</ele>
   </trkpt>
   <trkpt lat="47.44246000069205" lon="11.895194997358134">
    <ele>514.87</ele>
   </trkpt>
   <trkpt lat="47.44205" lon="11.89484">
    <ele>515.61</ele>
   </trkpt>
   <trkpt lat="47.44165" lon="11.894580000000001">
    <ele>516.6700000000001</ele>
   </trkpt>
   <trkpt lat="47.44153000000001" lon="11.894430000000002">
    <ele>516.17</ele>
   </trkpt>
   <trkpt lat="47.44144000000001" lon="11.894250000000001">
    <ele>515.93</ele>
   </trkpt>
   <trkpt lat="47.44136" lon="11.89431">
    <ele>515.93</ele>
   </trkpt>
   <trkpt lat="47.441210000000005" lon="11.894340000000001">
    <ele>515.69</ele>
   </trkpt>
   <trkpt lat="47.44104" lon="11.89431">
    <ele>515.61</ele>
   </trkpt>
   <trkpt lat="47.441140000000004" lon="11.894100000000002">
    <ele>515.4300000000001</ele>
   </trkpt>
   <trkpt lat="47.44116" lon="11.89395">
    <ele>515.4300000000001</ele>
   </trkpt>
   <trkpt lat="47.44113" lon="11.893770000000002">
    <ele>515.4000000000001</ele>
   </trkpt>
   <trkpt lat="47.440610001213834" lon="11.89326499511075">
    <ele>515.64</ele>
   </trkpt>
   <trkpt lat="47.440090000000005" lon="11.89276">
    <ele>515.66</ele>
   </trkpt>
   <trkpt lat="47.43950500163409" lon="11.892149993234579">
    <ele>515.6800000000001</ele>
   </trkpt>
   <trkpt lat="47.43892" lon="11.89154">
    <ele>516.6500000000001</ele>
   </trkpt>
   <trkpt lat="47.43872" lon="11.891280000000002">
    <ele>516.6500000000001</ele>
   </trkpt>
   <trkpt lat="47.43838" lon="11.890540000000001">
    <ele>516.84</ele>
   </trkpt>
   <trkpt lat="47.43808000000001" lon="11.889550000000002">
    <ele>516.98</ele>
   </trkpt>
   <trkpt lat="47.43797000000001" lon="11.88878">
    <ele>517.08</ele>
   </trkpt>
   <trkpt lat="47.437940000000005" lon="11.888100000000001">
    <ele>517.25</ele>
   </trkpt>
   <trkpt lat="47.438010009042955" lon="11.887080002763376">
    <ele>517.33</ele>
   </trkpt>
   <trkpt lat="47.43808000903959" lon="11.886060002812577">
    <ele>517.42</ele>
   </trkpt>
   <trkpt lat="47.43815000000001" lon="11.885040000000002">
    <ele>517.37</ele>
   </trkpt>
   <trkpt lat="47.43815000000001" lon="11.884310000000001">
    <ele>517.35</ele>
   </trkpt>
   <trkpt lat="47.43813" lon="11.88372">
    <ele>517.29</ele>
   </trkpt>
   <trkpt lat="47.43808000000001" lon="11.883140000000001">
    <ele>517.1600000000001</ele>
   </trkpt>
   <trkpt lat="47.43811" lon="11.882810000000001">
    <ele>517.5000000000001</ele>
   </trkpt>
   <trkpt lat="47.43806000000001" lon="11.882530000000001">
    <ele>517.5000000000001</ele>
   </trkpt>
   <trkpt lat="47.438" lon="11.882430000000001">
    <ele>517.66</ele>
   </trkpt>
   <trkpt lat="47.43786" lon="11.881710000000002">
    <ele>517.6500000000001</ele>
   </trkpt>
   <trkpt lat="47.43755" lon="11.880590000000002">
    <ele>517.88</ele>
   </trkpt>
   <trkpt lat="47.43726" lon="11.87986">
    <ele>518.05</ele>
   </trkpt>
   <trkpt lat="47.43704" lon="11.879370000000002">
    <ele>518.11</ele>
   </trkpt>
   <trkpt lat="47.436600000000006" lon="11.87859">
    <ele>518.3100000000001</ele>
   </trkpt>
   <trkpt lat="47.436220000000006" lon="11.87803">
    <ele>518.2800000000001</ele>
   </trkpt>
   <trkpt lat="47.435660000000006" lon="11.87729">
    <ele>520.66</ele>
   </trkpt>
   <trkpt lat="47.435230000000004" lon="11.876880000000002">
    <ele>521.58</ele>
   </trkpt>
   <trkpt lat="47.43491" lon="11.87653">
    <ele>522.14</ele>
   </trkpt>
   <trkpt lat="47.43433" lon="11.87598">
    <ele>520.85</ele>
   </trkpt>
   <trkpt lat="47.434200000000004" lon="11.87588">
    <ele>520.1999999999999</ele>
   </trkpt>
   <trkpt lat="47.434070000000006" lon="11.875850000000002">
    <ele>519.9100000000001</ele>
   </trkpt>
   <trkpt lat="47.433870000000006" lon="11.875610000000002">
    <ele>519.9100000000001</ele>
   </trkpt>
   <trkpt lat="47.43359" lon="11.875350000000001">
    <ele>519.95</ele>
   </trkpt>
   <trkpt lat="47.433370000000004" lon="11.87526">
    <ele>519.6700000000001</ele>
   </trkpt>
   <trkpt lat="47.43296000066396" lon="11.87485999685275">
    <ele>520.1800000000001</ele>
   </trkpt>
   <trkpt lat="47.432550000000006" lon="11.874460000000001">
    <ele>520.14</ele>
   </trkpt>
   <trkpt lat="47.432480000000005" lon="11.874350000000002">
    <ele>520.1600000000001</ele>
   </trkpt>
   <trkpt lat="47.43245" lon="11.87419">
    <ele>520.1600000000001</ele>
   </trkpt>
   <trkpt lat="47.4324" lon="11.874130000000001">
    <ele>520.25</ele>
   </trkpt>
   <trkpt lat="47.432080000000006" lon="11.87386">
    <ele>520.25</ele>
   </trkpt>
   <trkpt lat="47.4318" lon="11.873550000000002">
    <ele>520.2800000000001</ele>
   </trkpt>
   <trkpt lat="47.43112000000001" lon="11.872940000000002">
    <ele>520.4300000000001</ele>
   </trkpt>
   <trkpt lat="47.43081" lon="11.872710000000001">
    <ele>520.6800000000001</ele>
   </trkpt>
   <trkpt lat="47.43059" lon="11.8726">
    <ele>520.6800000000001</ele>
   </trkpt>
   <trkpt lat="47.430490000000006" lon="11.872570000000001">
    <ele>520.7</ele>
   </trkpt>
   <trkpt lat="47.43023" lon="11.87254">
    <ele>520.47</ele>
   </trkpt>
   <trkpt lat="47.429880000000004" lon="11.87245">
    <ele>520.4000000000001</ele>
   </trkpt>
   <trkpt lat="47.42965" lon="11.87231">
    <ele>520.0400000000001</ele>
   </trkpt>
   <trkpt lat="47.42943" lon="11.872240000000001">
    <ele>519.7400000000001</ele>
   </trkpt>
   <trkpt lat="47.42931" lon="11.872160000000001">
    <ele>519.72</ele>
   </trkpt>
   <trkpt lat="47.42913" lon="11.87208">
    <ele>519.72</ele>
   </trkpt>
   <trkpt lat="47.42886000000001" lon="11.871920000000001">
    <ele>519.5200000000001</ele>
   </trkpt>
   <trkpt lat="47.42877000000001" lon="11.87179">
    <ele>519.54</ele>
   </trkpt>
   <trkpt lat="47.428610000000006" lon="11.87176">
    <ele>519.6</ele>
   </trkpt>
   <trkpt lat="47.428490000000004" lon="11.8716">
    <ele>519.6</ele>
   </trkpt>
   <trkpt lat="47.427980000000005" lon="11.871200000000002">
    <ele>519.7400000000001</ele>
   </trkpt>
   <trkpt lat="47.427670000000006" lon="11.8709">
    <ele>520.1600000000001</ele>
   </trkpt>
   <trkpt lat="47.42741" lon="11.87062">
    <ele>520.23</ele>
   </trkpt>
   <trkpt lat="47.427200000000006" lon="11.870320000000001">
    <ele>520.26</ele>
   </trkpt>
   <trkpt lat="47.4269" lon="11.869760000000001">
    <ele>520.34</ele>
   </trkpt>
   <trkpt lat="47.42681" lon="11.86954">
    <ele>520.34</ele>
   </trkpt>
   <trkpt lat="47.42649500344838" lon="11.868654994825123">
    <ele>520.45</ele>
   </trkpt>
   <trkpt lat="47.42618" lon="11.86777">
    <ele>520.49</ele>
   </trkpt>
   <trkpt lat="47.42586501635744" lon="11.866649979879389">
    <ele>520.49</ele>
   </trkpt>
   <trkpt lat="47.42555002180713" lon="11.86552997316312">
    <ele>520.6200000000001</ele>
   </trkpt>
   <trkpt lat="47.42523501634934" lon="11.864409979851356">
    <ele>520.7400000000001</ele>
   </trkpt>
   <trkpt lat="47.42492000000001" lon="11.863290000000001">
    <ele>520.83</ele>
   </trkpt>
   <trkpt lat="47.42479" lon="11.86293">
    <ele>520.98</ele>
   </trkpt>
   <trkpt lat="47.4243" lon="11.861820000000002">
    <ele>521.11</ele>
   </trkpt>
   <trkpt lat="47.42402500118745" lon="11.861274996946946">
    <ele>521.03</ele>
   </trkpt>
   <trkpt lat="47.423750000000005" lon="11.86073">
    <ele>521.1</ele>
   </trkpt>
   <trkpt lat="47.42338" lon="11.859950000000001">
    <ele>521.45</ele>
   </trkpt>
   <trkpt lat="47.42286000000001" lon="11.859020000000001">
    <ele>521.46</ele>
   </trkpt>
   <trkpt lat="47.422250000000005" lon="11.858120000000001">
    <ele>521.45</ele>
   </trkpt>
   <trkpt lat="47.42189500062995" lon="11.857704997062646">
    <ele>521.3500000000001</ele>
   </trkpt>
   <trkpt lat="47.42154000000001" lon="11.85729">
    <ele>521.3500000000001</ele>
   </trkpt>
   <trkpt lat="47.42118000000001" lon="11.85693">
    <ele>521.4000000000001</ele>
   </trkpt>
   <trkpt lat="47.42069000077365" lon="11.856504996034353">
    <ele>521.24</ele>
   </trkpt>
   <trkpt lat="47.4202" lon="11.85608">
    <ele>521.24</ele>
   </trkpt>
   <trkpt lat="47.41956500061778" lon="11.855699995410909">
    <ele>521.37</ele>
   </trkpt>
   <trkpt lat="47.41893" lon="11.85532">
    <ele>521.48</ele>
   </trkpt>
   <trkpt lat="47.418290000000006" lon="11.854840000000001">
    <ele>521.4300000000001</ele>
   </trkpt>
   <trkpt lat="47.417680000000004" lon="11.85429">
    <ele>521.5000000000001</ele>
   </trkpt>
   <trkpt lat="47.4172" lon="11.853810000000001">
    <ele>521.7</ele>
   </trkpt>
   <trkpt lat="47.41661500180615" lon="11.853179993087435">
    <ele>521.8000000000001</ele>
   </trkpt>
   <trkpt lat="47.416030000000006" lon="11.85255">
    <ele>521.84</ele>
   </trkpt>
   <trkpt lat="47.41568" lon="11.85213">
    <ele>521.88</ele>
   </trkpt>
   <trkpt lat="47.415185001879195" lon="11.851469993776217">
    <ele>521.99</ele>
   </trkpt>
   <trkpt lat="47.41469000000001" lon="11.850810000000001">
    <ele>522.1800000000001</ele>
   </trkpt>
   <trkpt lat="47.41407001665528" lon="11.849934948506577">
    <ele>522.32</ele>
   </trkpt>
   <trkpt lat="47.41345002665229" lon="11.84905991761747">
    <ele>522.46</ele>
   </trkpt>
   <trkpt lat="47.41283002999134" lon="11.84818490733197">
    <ele>522.46</ele>
   </trkpt>
   <trkpt lat="47.41221002667274" lon="11.847309917649369">
    <ele>522.48</ele>
   </trkpt>
   <trkpt lat="47.411590016696785" lon="11.846434948568954">
    <ele>522.5300000000001</ele>
   </trkpt>
   <trkpt lat="47.410970000000006" lon="11.84556">
    <ele>522.7700000000001</ele>
   </trkpt>
   <trkpt lat="47.41055" lon="11.844930000000002">
    <ele>522.78</ele>
   </trkpt>
   <trkpt lat="47.41039000000001" lon="11.844570000000001">
    <ele>522.66</ele>
   </trkpt>
   <trkpt lat="47.409980000000004" lon="11.84392">
    <ele>522.61</ele>
   </trkpt>
   <trkpt lat="47.409740000000006" lon="11.84345">
    <ele>522.71</ele>
   </trkpt>
   <trkpt lat="47.40966" lon="11.84336">
    <ele>522.71</ele>
   </trkpt>
   <trkpt lat="47.40943" lon="11.843190000000002">
    <ele>522.93</ele>
   </trkpt>
   <trkpt lat="47.409090000000006" lon="11.84299">
    <ele>522.7400000000001</ele>
   </trkpt>
   <trkpt lat="47.409060000000004" lon="11.84285">
    <ele>522.7400000000001</ele>
   </trkpt>
   <trkpt lat="47.408970000000004" lon="11.84275">
    <ele>522.4100000000001</ele>
   </trkpt>
   <trkpt lat="47.4091" lon="11.842350000000001">
    <ele>522.3500000000001</ele>
   </trkpt>
   <trkpt lat="47.40912" lon="11.842210000000001">
    <ele>522.33</ele>
   </trkpt>
   <trkpt lat="47.409090000000006" lon="11.84205">
    <ele>522.33</ele>
   </trkpt>
   <trkpt lat="47.40862500445848" lon="11.841029990852144">
    <ele>522.6800000000001</ele>
   </trkpt>
   <trkpt lat="47.40816" lon="11.840010000000001">
    <ele>523.21</ele>
   </trkpt>
   <trkpt lat="47.40809" lon="11.839910000000001">
    <ele>523.21</ele>
   </trkpt>
   <trkpt lat="47.40798" lon="11.8398">
    <ele>523.21</ele>
   </trkpt>
   <trkpt lat="47.407360000000004" lon="11.839480000000002">
    <ele>523.5200000000001</ele>
   </trkpt>
   <trkpt lat="47.407070000000004" lon="11.83923">
    <ele>523.6200000000001</ele>
   </trkpt>
   <trkpt lat="47.40666" lon="11.83881">
    <ele>523.5200000000001</ele>
   </trkpt>
   <trkpt lat="47.40614000277201" lon="11.83824665555782">
    <ele>523.5300000000001</ele>
   </trkpt>
   <trkpt lat="47.40562000278439" lon="11.837683322238043">
    <ele>523.94</ele>
   </trkpt>
   <trkpt lat="47.405100000000004" lon="11.83712">
    <ele>524.0400000000001</ele>
   </trkpt>
   <trkpt lat="47.40489" lon="11.83694">
    <ele>524.02</ele>
   </trkpt>
   <trkpt lat="47.40473" lon="11.836860000000001">
    <ele>523.83</ele>
   </trkpt>
   <trkpt lat="47.404650000000004" lon="11.83685">
    <ele>523.75</ele>
   </trkpt>
   <trkpt lat="47.403980000000004" lon="11.83698">
    <ele>523.5500000000001</ele>
   </trkpt>
   <trkpt lat="47.403385000409855" lon="11.837250003007405">
    <ele>523.5300000000001</ele>
   </trkpt>
   <trkpt lat="47.40279" lon="11.837520000000001">
    <ele>523.5200000000001</ele>
   </trkpt>
   <trkpt lat="47.40236" lon="11.83769">
    <ele>523.1600000000001</ele>
   </trkpt>
   <trkpt lat="47.402300000000004" lon="11.83774">
    <ele>523.1600000000001</ele>
   </trkpt>
   <trkpt lat="47.40211" lon="11.83797">
    <ele>524.6700000000001</ele>
   </trkpt>
   <trkpt lat="47.402" lon="11.838040000000001">
    <ele>525.21</ele>
   </trkpt>
   <trkpt lat="47.40193000000001" lon="11.83805">
    <ele>526.37</ele>
   </trkpt>
   <trkpt lat="47.401970000000006" lon="11.838180000000001">
    <ele>526.37</ele>
   </trkpt>
   <trkpt lat="47.402170000000005" lon="11.83849">
    <ele>526.88</ele>
   </trkpt>
   <trkpt lat="47.40222000000001" lon="11.838640000000002">
    <ele>526.9</ele>
   </trkpt>
   <trkpt lat="47.40225" lon="11.838600000000001">
    <ele>526.9</ele>
   </trkpt>
   <trkpt lat="47.402240000000006" lon="11.83853">
    <ele>526.9</ele>
   </trkpt>
   <trkpt lat="47.402080000000005" lon="11.83816">
    <ele>527.02</ele>
   </trkpt>
   <trkpt lat="47.40175000194231" lon="11.837499995962482">
    <ele>527.2800000000001</ele>
   </trkpt>
   <trkpt lat="47.40142" lon="11.83684">
    <ele>523.0799999999999</ele>
   </trkpt>
   <trkpt lat="47.40106" lon="11.83636">
    <ele>523.23</ele>
   </trkpt>
   <trkpt lat="47.40111" lon="11.836530000000002">
    <ele>523.02</ele>
   </trkpt>
   <trkpt lat="47.401230000000005" lon="11.836780000000001">
    <ele>522.97</ele>
   </trkpt>
   <trkpt lat="47.401390000000006" lon="11.837050000000001">
    <ele>523.72</ele>
   </trkpt>
   <trkpt lat="47.401680000000006" lon="11.836870000000001">
    <ele>524.07</ele>
   </trkpt>
   <trkpt lat="47.401880000000006" lon="11.83684">
    <ele>523.94</ele>
   </trkpt>
   <trkpt lat="47.40237000036122" lon="11.836565002539626">
    <ele>523.9</ele>
   </trkpt>
   <trkpt lat="47.402860000000004" lon="11.836290000000002">
    <ele>523.9</ele>
   </trkpt>
   <trkpt lat="47.403110000000005" lon="11.83619">
    <ele>523.9</ele>
   </trkpt>
   <trkpt lat="47.403600000000004" lon="11.83604">
    <ele>523.94</ele>
   </trkpt>
   <trkpt lat="47.40417" lon="11.83594">
    <ele>523.93</ele>
   </trkpt>
   <trkpt lat="47.404560000000004" lon="11.835920000000002">
    <ele>523.7700000000001</ele>
   </trkpt>
   <trkpt lat="47.40516" lon="11.836">
    <ele>523.84</ele>
   </trkpt>
   <trkpt lat="47.405240000000006" lon="11.835960000000002">
    <ele>523.84</ele>
   </trkpt>
   <trkpt lat="47.405300000000004" lon="11.835830000000001">
    <ele>523.84</ele>
   </trkpt>
   <trkpt lat="47.405350000000006" lon="11.835180000000001">
    <ele>523.7900000000001</ele>
   </trkpt>
   <trkpt lat="47.405390000000004" lon="11.835040000000001">
    <ele>523.42</ele>
   </trkpt>
   <trkpt lat="47.40556" lon="11.83482">
    <ele>523.3500000000001</ele>
   </trkpt>
   <trkpt lat="47.405590000000004" lon="11.83469">
    <ele>523.2900000000001</ele>
   </trkpt>
   <trkpt lat="47.40537500149012" lon="11.834099997527657">
    <ele>523.2900000000001</ele>
   </trkpt>
   <trkpt lat="47.40516" lon="11.83351">
    <ele>523.27</ele>
   </trkpt>
   <trkpt lat="47.404876673456286" lon="11.832626657177988">
    <ele>523.42</ele>
   </trkpt>
   <trkpt lat="47.404593340127256" lon="11.831743323858237">
    <ele>523.42</ele>
   </trkpt>
   <trkpt lat="47.40431" lon="11.830860000000001">
    <ele>523.71</ele>
   </trkpt>
   <trkpt lat="47.40411" lon="11.83012">
    <ele>523.78</ele>
   </trkpt>
   <trkpt lat="47.40389000383841" lon="11.829184996253787">
    <ele>523.96</ele>
   </trkpt>
   <trkpt lat="47.403670000000005" lon="11.82825">
    <ele>524.07</ele>
   </trkpt>
   <trkpt lat="47.40332502743835" lon="11.827126629899748">
    <ele>523.98</ele>
   </trkpt>
   <trkpt lat="47.40298004390288" lon="11.826003274512297">
    <ele>524.14</ele>
   </trkpt>
   <trkpt lat="47.402635049393865" lon="11.824879933837748">
    <ele>524.0400000000001</ele>
   </trkpt>
   <trkpt lat="47.4022900439116" lon="11.823756607876197">
    <ele>524.1800000000001</ele>
   </trkpt>
   <trkpt lat="47.401945027456364" lon="11.822633296627743">
    <ele>524.2900000000001</ele>
   </trkpt>
   <trkpt lat="47.4016" lon="11.821510000000002">
    <ele>524.4100000000001</ele>
   </trkpt>
   <trkpt lat="47.40131" lon="11.820400000000001">
    <ele>524.4300000000001</ele>
   </trkpt>
   <trkpt lat="47.401160000000004" lon="11.81939">
    <ele>524.3800000000001</ele>
   </trkpt>
   <trkpt lat="47.401120000000006" lon="11.818600000000002">
    <ele>524.54</ele>
   </trkpt>
   <trkpt lat="47.4011257482747" lon="11.817458572182256">
    <ele>524.8000000000001</ele>
   </trkpt>
   <trkpt lat="47.40113148521973" lon="11.81631714411568">
    <ele>524.83</ele>
   </trkpt>
   <trkpt lat="47.401137210835074" lon="11.815175715800757">
    <ele>524.8900000000001</ele>
   </trkpt>
   <trkpt lat="47.401142925120745" lon="11.814034287237984">
    <ele>524.91</ele>
   </trkpt>
   <trkpt lat="47.401148628076754" lon="11.81289285842785">
    <ele>524.95</ele>
   </trkpt>
   <trkpt lat="47.40115431970306" lon="11.811751429370847">
    <ele>525.0600000000001</ele>
   </trkpt>
   <trkpt lat="47.401160000000004" lon="11.81061">
    <ele>525.02</ele>
   </trkpt>
   <trkpt lat="47.40115000216483" lon="11.809905000131886">
    <ele>525.2800000000001</ele>
   </trkpt>
   <trkpt lat="47.401140000000005" lon="11.8092">
    <ele>525.2900000000001</ele>
   </trkpt>
   <trkpt lat="47.40111" lon="11.80878">
    <ele>525.48</ele>
   </trkpt>
   <trkpt lat="47.401030000000006" lon="11.80816">
    <ele>525.54</ele>
   </trkpt>
   <trkpt lat="47.400920000000006" lon="11.807580000000002">
    <ele>525.6700000000001</ele>
   </trkpt>
   <trkpt lat="47.40070000335546" lon="11.806699996278732">
    <ele>525.7700000000001</ele>
   </trkpt>
   <trkpt lat="47.40048" lon="11.80582">
    <ele>525.4000000000001</ele>
   </trkpt>
   <trkpt lat="47.40034000000001" lon="11.80536">
    <ele>524.94</ele>
   </trkpt>
   <trkpt lat="47.40005000000001" lon="11.804620000000002">
    <ele>526.02</ele>
   </trkpt>
   <trkpt lat="47.399680000000004" lon="11.80377">
    <ele>526.1600000000001</ele>
   </trkpt>
   <trkpt lat="47.399300000000004" lon="11.803080000000001">
    <ele>526.2900000000001</ele>
   </trkpt>
   <trkpt lat="47.398880000000005" lon="11.802430000000001">
    <ele>526.27</ele>
   </trkpt>
   <trkpt lat="47.39857000000001" lon="11.802040000000002">
    <ele>526.33</ele>
   </trkpt>
   <trkpt lat="47.398230000000005" lon="11.801660000000002">
    <ele>526.3</ele>
   </trkpt>
   <trkpt lat="47.39786" lon="11.801300000000001">
    <ele>526.32</ele>
   </trkpt>
   <trkpt lat="47.397380000000005" lon="11.80089">
    <ele>526.4300000000001</ele>
   </trkpt>
   <trkpt lat="47.396800000000006" lon="11.80052">
    <ele>526.52</ele>
   </trkpt>
   <trkpt lat="47.39607500037858" lon="11.800204995643005">
    <ele>526.6700000000001</ele>
   </trkpt>
   <trkpt lat="47.39535" lon="11.799890000000001">
    <ele>526.63</ele>
   </trkpt>
   <trkpt lat="47.395050000000005" lon="11.799710000000001">
    <ele>526.59</ele>
   </trkpt>
   <trkpt lat="47.39459" lon="11.799360000000002">
    <ele>526.7</ele>
   </trkpt>
   <trkpt lat="47.39406" lon="11.798860000000001">
    <ele>526.6700000000001</ele>
   </trkpt>
   <trkpt lat="47.39351000141749" lon="11.79828999405598">
    <ele>526.6899999999999</ele>
   </trkpt>
   <trkpt lat="47.39296" lon="11.797720000000002">
    <ele>526.6</ele>
   </trkpt>
   <trkpt lat="47.392480001164714" lon="11.797194995181338">
    <ele>526.61</ele>
   </trkpt>
   <trkpt lat="47.392" lon="11.79667">
    <ele>526.47</ele>
   </trkpt>
   <trkpt lat="47.391850000000005" lon="11.79645">
    <ele>527.02</ele>
   </trkpt>
   <trkpt lat="47.391690000000004" lon="11.796310000000002">
    <ele>527.49</ele>
   </trkpt>
   <trkpt lat="47.391470000000005" lon="11.79606">
    <ele>528.49</ele>
   </trkpt>
   <trkpt lat="47.39141" lon="11.796050000000001">
    <ele>528.49</ele>
   </trkpt>
   <trkpt lat="47.391380000000005" lon="11.796100000000001">
    <ele>528.49</ele>
   </trkpt>
   <trkpt lat="47.39153" lon="11.79626">
    <ele>528.39</ele>
   </trkpt>
   <trkpt lat="47.39170000000001" lon="11.79639">
    <ele>528.2900000000001</ele>
   </trkpt>
   <trkpt lat="47.39193500220042" lon="11.795685003025797">
    <ele>528.0600000000001</ele>
   </trkpt>
   <trkpt lat="47.39217000000001" lon="11.79498">
    <ele>526.6500000000001</ele>
   </trkpt>
   <trkpt lat="47.39227" lon="11.794680000000001">
    <ele>526.32</ele>
   </trkpt>
   <trkpt lat="47.39227" lon="11.79462">
    <ele>526.32</ele>
   </trkpt>
   <trkpt lat="47.39224" lon="11.79457">
    <ele>526.32</ele>
   </trkpt>
   <trkpt lat="47.39186000066489" lon="11.794209997500278">
    <ele>526.7900000000001</ele>
   </trkpt>
   <trkpt lat="47.39148" lon="11.79385">
    <ele>527.2600000000001</ele>
   </trkpt>
   <trkpt lat="47.391310000000004" lon="11.79372">
    <ele>527.57</ele>
   </trkpt>
   <trkpt lat="47.39092" lon="11.79349">
    <ele>527.71</ele>
   </trkpt>
   <trkpt lat="47.39085" lon="11.79339">
    <ele>527.54</ele>
   </trkpt>
   <trkpt lat="47.390800000000006" lon="11.793270000000001">
    <ele>526.9200000000001</ele>
   </trkpt>
   <trkpt lat="47.39074" lon="11.793040000000001">
    <ele>526.4000000000001</ele>
   </trkpt>
   <trkpt lat="47.39061" lon="11.79268">
    <ele>526.22</ele>
   </trkpt>
   <trkpt lat="47.390060000000005" lon="11.791730000000001">
    <ele>526.03</ele>
   </trkpt>
   <trkpt lat="47.38985" lon="11.79127">
    <ele>526.34</ele>
   </trkpt>
   <trkpt lat="47.38958500354285" lon="11.79036999554561">
    <ele>526.7700000000001</ele>
   </trkpt>
   <trkpt lat="47.389320000000005" lon="11.789470000000001">
    <ele>526.85</ele>
   </trkpt>
   <trkpt lat="47.389043342205156" lon="11.788459989399144">
    <ele>527.09</ele>
   </trkpt>
   <trkpt lat="47.38876667553912" lon="11.787449989401566">
    <ele>527.2600000000001</ele>
   </trkpt>
   <trkpt lat="47.388490000000004" lon="11.78644">
    <ele>528.05</ele>
   </trkpt>
   <trkpt lat="47.3883" lon="11.785400000000001">
    <ele>528.51</ele>
   </trkpt>
   <trkpt lat="47.38793500263515" lon="11.784619994576657">
    <ele>528.75</ele>
   </trkpt>
   <trkpt lat="47.387570000000004" lon="11.783840000000001">
    <ele>528.7700000000001</ele>
   </trkpt>
   <trkpt lat="47.38724000133133" lon="11.783264996214896">
    <ele>528.37</ele>
   </trkpt>
   <trkpt lat="47.38691000000001" lon="11.78269">
    <ele>527.83</ele>
   </trkpt>
   <trkpt lat="47.38673000000001" lon="11.78226">
    <ele>527.9</ele>
   </trkpt>
   <trkpt lat="47.386320000000005" lon="11.781870000000001">
    <ele>527.8900000000001</ele>
   </trkpt>
   <trkpt lat="47.385810000000006" lon="11.78128">
    <ele>527.7400000000001</ele>
   </trkpt>
   <trkpt lat="47.385400000000004" lon="11.780690000000002">
    <ele>528.07</ele>
   </trkpt>
   <trkpt lat="47.385200000000005" lon="11.78044">
    <ele>528.15</ele>
   </trkpt>
   <trkpt lat="47.384910000000005" lon="11.78015">
    <ele>528.5000000000001</ele>
   </trkpt>
   <trkpt lat="47.38479" lon="11.77998">
    <ele>528.5600000000001</ele>
   </trkpt>
   <trkpt lat="47.38467000000001" lon="11.77968">
    <ele>528.57</ele>
   </trkpt>
   <trkpt lat="47.38448" lon="11.779330000000002">
    <ele>528.5500000000001</ele>
   </trkpt>
   <trkpt lat="47.384330000000006" lon="11.779140000000002">
    <ele>528.5500000000001</ele>
   </trkpt>
   <trkpt lat="47.384220000000006" lon="11.77889">
    <ele>528.54</ele>
   </trkpt>
   <trkpt lat="47.384100000000004" lon="11.778220000000001">
    <ele>528.49</ele>
   </trkpt>
   <trkpt lat="47.38405" lon="11.777690000000002">
    <ele>528.71</ele>
   </trkpt>
   <trkpt lat="47.38405" lon="11.77715">
    <ele>528.9</ele>
   </trkpt>
   <trkpt lat="47.38409" lon="11.776620000000001">
    <ele>529.46</ele>
   </trkpt>
   <trkpt lat="47.38416" lon="11.77627">
    <ele>530.11</ele>
   </trkpt>
   <trkpt lat="47.38427" lon="11.77589">
    <ele>530.61</ele>
   </trkpt>
   <trkpt lat="47.38434" lon="11.77574">
    <ele>530.6500000000001</ele>
   </trkpt>
   <trkpt lat="47.384530000000005" lon="11.775440000000001">
    <ele>530.51</ele>
   </trkpt>
   <trkpt lat="47.38448" lon="11.775360000000001">
    <ele>530.5300000000001</ele>
   </trkpt>
   <trkpt lat="47.38447000000001" lon="11.77528">
    <ele>530.5300000000001</ele>
   </trkpt>
   <trkpt lat="47.38481" lon="11.77449">
    <ele>530.81</ele>
   </trkpt>
   <trkpt lat="47.385130000000004" lon="11.773620000000001">
    <ele>531.02</ele>
   </trkpt>
   <trkpt lat="47.38533" lon="11.772960000000001">
    <ele>530.97</ele>
   </trkpt>
   <trkpt lat="47.385470000000005" lon="11.772380000000002">
    <ele>531.0400000000001</ele>
   </trkpt>
   <trkpt lat="47.38562" lon="11.771630000000002">
    <ele>531.3</ele>
   </trkpt>
   <trkpt lat="47.38577" lon="11.77053">
    <ele>531.37</ele>
   </trkpt>
   <trkpt lat="47.385810000000006" lon="11.770090000000001">
    <ele>531.34</ele>
   </trkpt>
   <trkpt lat="47.38584" lon="11.769520000000002">
    <ele>531.4000000000001</ele>
   </trkpt>
   <trkpt lat="47.385850000000005" lon="11.768600000000001">
    <ele>531.44</ele>
   </trkpt>
   <trkpt lat="47.385830000000006" lon="11.76781">
    <ele>531.32</ele>
   </trkpt>
   <trkpt lat="47.385760000000005" lon="11.766820000000001">
    <ele>531.24</ele>
   </trkpt>
   <trkpt lat="47.38561000000001" lon="11.765690000000001">
    <ele>531.39</ele>
   </trkpt>
   <trkpt lat="47.385470000000005" lon="11.7649">
    <ele>531.57</ele>
   </trkpt>
   <trkpt lat="47.38532000000001" lon="11.764240000000001">
    <ele>530.99</ele>
   </trkpt>
   <trkpt lat="47.385080005785106" lon="11.763423325846107">
    <ele>529.76</ele>
   </trkpt>
   <trkpt lat="47.38484000577012" lon="11.76260665912855">
    <ele>530.0100000000001</ele>
   </trkpt>
   <trkpt lat="47.384600000000006" lon="11.761790000000001">
    <ele>531.47</ele>
   </trkpt>
   <trkpt lat="47.38459" lon="11.76167">
    <ele>531.47</ele>
   </trkpt>
   <trkpt lat="47.384640000000005" lon="11.761370000000001">
    <ele>530.95</ele>
   </trkpt>
   <trkpt lat="47.38463" lon="11.761270000000001">
    <ele>530.88</ele>
   </trkpt>
   <trkpt lat="47.38443" lon="11.76107">
    <ele>530.93</ele>
   </trkpt>
   <trkpt lat="47.384330000000006" lon="11.76093">
    <ele>531.0400000000001</ele>
   </trkpt>
   <trkpt lat="47.38427" lon="11.76078">
    <ele>531.0400000000001</ele>
   </trkpt>
   <trkpt lat="47.38392" lon="11.75961">
    <ele>532.95</ele>
   </trkpt>
   <trkpt lat="47.38374" lon="11.759110000000002">
    <ele>532.84</ele>
   </trkpt>
   <trkpt lat="47.38347" lon="11.75843">
    <ele>532.95</ele>
   </trkpt>
   <trkpt lat="47.383120002509315" lon="11.757674995053678">
    <ele>532.8000000000001</ele>
   </trkpt>
   <trkpt lat="47.38277" lon="11.756920000000001">
    <ele>531.8000000000001</ele>
   </trkpt>
   <trkpt lat="47.382540000000006" lon="11.756490000000001">
    <ele>531.2900000000001</ele>
   </trkpt>
   <trkpt lat="47.38235" lon="11.75628">
    <ele>531.4100000000001</ele>
   </trkpt>
   <trkpt lat="47.38214000000001" lon="11.755870000000002">
    <ele>531.4100000000001</ele>
   </trkpt>
   <trkpt lat="47.381760001466574" lon="11.755279995674258">
    <ele>531.4000000000001</ele>
   </trkpt>
   <trkpt lat="47.38138000000001" lon="11.75469">
    <ele>531.49</ele>
   </trkpt>
   <trkpt lat="47.381050001040265" lon="11.754204996989845">
    <ele>531.7900000000001</ele>
   </trkpt>
   <trkpt lat="47.380720000000004" lon="11.753720000000001">
    <ele>531.91</ele>
   </trkpt>
   <trkpt lat="47.380335001063436" lon="11.753209996186305">
    <ele>531.99</ele>
   </trkpt>
   <trkpt lat="47.37995" lon="11.7527">
    <ele>531.97</ele>
   </trkpt>
   <trkpt lat="47.379415001998936" lon="11.752014992996205">
    <ele>532.25</ele>
   </trkpt>
   <trkpt lat="47.37888" lon="11.751330000000001">
    <ele>532.21</ele>
   </trkpt>
   <trkpt lat="47.37872" lon="11.75116">
    <ele>532.3</ele>
   </trkpt>
   <trkpt lat="47.37848" lon="11.750850000000002">
    <ele>532.61</ele>
   </trkpt>
   <trkpt lat="47.378280000000004" lon="11.750520000000002">
    <ele>532.66</ele>
   </trkpt>
   <trkpt lat="47.378190000000004" lon="11.750430000000001">
    <ele>532.66</ele>
   </trkpt>
   <trkpt lat="47.37802000000001" lon="11.75036">
    <ele>532.66</ele>
   </trkpt>
   <trkpt lat="47.3776500010845" lon="11.749874996677475">
    <ele>532.4100000000001</ele>
   </trkpt>
   <trkpt lat="47.377280000000006" lon="11.749390000000002">
    <ele>532.32</ele>
   </trkpt>
   <trkpt lat="47.377030000000005" lon="11.749020000000002">
    <ele>532.22</ele>
   </trkpt>
   <trkpt lat="47.376830000000005" lon="11.74863">
    <ele>532.2800000000001</ele>
   </trkpt>
   <trkpt lat="47.376670000000004" lon="11.748190000000001">
    <ele>532.61</ele>
   </trkpt>
   <trkpt lat="47.37653" lon="11.74768">
    <ele>532.88</ele>
   </trkpt>
   <trkpt lat="47.37637" lon="11.74736">
    <ele>532.95</ele>
   </trkpt>
   <trkpt lat="47.37576667405142" lon="11.74643997898367">
    <ele>532.84</ele>
   </trkpt>
   <trkpt lat="47.37516334074183" lon="11.745519979020253">
    <ele>532.81</ele>
   </trkpt>
   <trkpt lat="47.37456" lon="11.7446">
    <ele>533.08</ele>
   </trkpt>
   <trkpt lat="47.37435000000001" lon="11.744250000000001">
    <ele>532.83</ele>
   </trkpt>
   <trkpt lat="47.37402" lon="11.74383">
    <ele>532.8000000000001</ele>
   </trkpt>
   <trkpt lat="47.37350000000001" lon="11.743010000000002">
    <ele>532.82</ele>
   </trkpt>
   <trkpt lat="47.37293002003711" lon="11.742049948118902">
    <ele>532.8000000000001</ele>
   </trkpt>
   <trkpt lat="47.372360032058616" lon="11.741089916990482">
    <ele>533.03</ele>
   </trkpt>
   <trkpt lat="47.371790036064866" lon="11.740129906614172">
    <ele>533.22</ele>
   </trkpt>
   <trkpt lat="47.37122003205619" lon="11.739169916989402">
    <ele>533.24</ele>
   </trkpt>
   <trkpt lat="47.37065002003291" lon="11.738209948115596">
    <ele>533.39</ele>
   </trkpt>
   <trkpt lat="47.37008" lon="11.737250000000001">
    <ele>534.2600000000001</ele>
   </trkpt>
   <trkpt lat="47.3699" lon="11.73694">
    <ele>534.84</ele>
   </trkpt>
   <trkpt lat="47.36957" lon="11.73623">
    <ele>535.54</ele>
   </trkpt>
   <trkpt lat="47.36900201643574" lon="11.735257958133992">
    <ele>535.42</ele>
   </trkpt>
   <trkpt lat="47.36843402465436" lon="11.734285937203373">
    <ele>535.25</ele>
   </trkpt>
   <trkpt lat="47.36786602465614" lon="11.733313937207575">
    <ele>535.09</ele>
   </trkpt>
   <trkpt lat="47.367298016441445" lon="11.732341958146037">
    <ele>533.5300000000001</ele>
   </trkpt>
   <trkpt lat="47.366730000000004" lon="11.73137">
    <ele>533.45</ele>
   </trkpt>
   <trkpt lat="47.366600000000005" lon="11.731060000000001">
    <ele>533.46</ele>
   </trkpt>
   <trkpt lat="47.36625" lon="11.73038">
    <ele>533.95</ele>
   </trkpt>
   <trkpt lat="47.3658000043227" lon="11.729384991550713">
    <ele>534.0500000000001</ele>
   </trkpt>
   <trkpt lat="47.36535000000001" lon="11.728390000000001">
    <ele>534.12</ele>
   </trkpt>
   <trkpt lat="47.36509" lon="11.72775">
    <ele>534.2900000000001</ele>
   </trkpt>
   <trkpt lat="47.36489" lon="11.727160000000001">
    <ele>534.76</ele>
   </trkpt>
   <trkpt lat="47.36475" lon="11.72663">
    <ele>534.86</ele>
   </trkpt>
   <trkpt lat="47.364610000000006" lon="11.725810000000001">
    <ele>534.0100000000001</ele>
   </trkpt>
   <trkpt lat="47.36441000000001" lon="11.725150000000001">
    <ele>534.72</ele>
   </trkpt>
   <trkpt lat="47.3642650024552" lon="11.724389997614974">
    <ele>536.81</ele>
   </trkpt>
   <trkpt lat="47.36412000000001" lon="11.723630000000002">
    <ele>536.3800000000001</ele>
   </trkpt>
   <trkpt lat="47.36403000000001" lon="11.72333">
    <ele>536.2300000000001</ele>
   </trkpt>
   <trkpt lat="47.363850000000006" lon="11.72353">
    <ele>536.21</ele>
   </trkpt>
   <trkpt lat="47.36379" lon="11.723540000000002">
    <ele>536.21</ele>
   </trkpt>
   <trkpt lat="47.363760000000006" lon="11.723500000000001">
    <ele>536.24</ele>
   </trkpt>
   <trkpt lat="47.363560001583295" lon="11.722899997778773">
    <ele>536.58</ele>
   </trkpt>
   <trkpt lat="47.36336000000001" lon="11.7223">
    <ele>536.58</ele>
   </trkpt>
   <trkpt lat="47.363350000000004" lon="11.722190000000001">
    <ele>536.58</ele>
   </trkpt>
   <trkpt lat="47.3628400022134" lon="11.721459992794077">
    <ele>536.63</ele>
   </trkpt>
   <trkpt lat="47.36233000000001" lon="11.720730000000001">
    <ele>536.72</ele>
   </trkpt>
   <trkpt lat="47.36199500080041" lon="11.720269996914615">
    <ele>536.87</ele>
   </trkpt>
   <trkpt lat="47.36166" lon="11.71981">
    <ele>536.84</ele>
   </trkpt>
   <trkpt lat="47.36124500280149" lon="11.719024994055522">
    <ele>536.91</ele>
   </trkpt>
   <trkpt lat="47.36083000000001" lon="11.718240000000002">
    <ele>537.19</ele>
   </trkpt>
   <trkpt lat="47.360490000000006" lon="11.71751">
    <ele>537.3</ele>
   </trkpt>
   <trkpt lat="47.36000000293915" lon="11.716699992619558">
    <ele>537.3800000000001</ele>
   </trkpt>
   <trkpt lat="47.35951000000001" lon="11.715890000000002">
    <ele>537.24</ele>
   </trkpt>
   <trkpt lat="47.35911751026892" lon="11.71500248017853">
    <ele>537.5600000000001</ele>
   </trkpt>
   <trkpt lat="47.35872501368734" lon="11.71411497356145">
    <ele>537.51</ele>
   </trkpt>
   <trkpt lat="47.358332510255416" lon="11.713227480148612">
    <ele>537.6500000000001</ele>
   </trkpt>
   <trkpt lat="47.357940000000006" lon="11.712340000000001">
    <ele>537.72</ele>
   </trkpt>
   <trkpt lat="47.357710000000004" lon="11.71193">
    <ele>537.73</ele>
   </trkpt>
   <trkpt lat="47.357195002965774" lon="11.711104991957484">
    <ele>537.88</ele>
   </trkpt>
   <trkpt lat="47.356680000000004" lon="11.710280000000001">
    <ele>537.85</ele>
   </trkpt>
   <trkpt lat="47.35654" lon="11.710130000000001">
    <ele>537.9200000000001</ele>
   </trkpt>
   <trkpt lat="47.35603667481761" lon="11.709159981432794">
    <ele>537.82</ele>
   </trkpt>
   <trkpt lat="47.35553334145191" lon="11.70818998137074">
    <ele>537.96</ele>
   </trkpt>
   <trkpt lat="47.355030000000006" lon="11.707220000000001">
    <ele>538.08</ele>
   </trkpt>
   <trkpt lat="47.35461" lon="11.706600000000002">
    <ele>538.1400000000001</ele>
   </trkpt>
   <trkpt lat="47.35427000000001" lon="11.706140000000001">
    <ele>538.3</ele>
   </trkpt>
   <trkpt lat="47.35385" lon="11.70565">
    <ele>538.47</ele>
   </trkpt>
   <trkpt lat="47.353790000000004" lon="11.705520000000002">
    <ele>538.5600000000001</ele>
   </trkpt>
   <trkpt lat="47.353260000000006" lon="11.70503">
    <ele>538.0600000000001</ele>
   </trkpt>
   <trkpt lat="47.35298" lon="11.704830000000001">
    <ele>537.91</ele>
   </trkpt>
   <trkpt lat="47.35226" lon="11.704440000000002">
    <ele>538.18</ele>
   </trkpt>
   <trkpt lat="47.35174000000001" lon="11.704120000000001">
    <ele>538.5300000000001</ele>
   </trkpt>
   <trkpt lat="47.35179" lon="11.704">
    <ele>538.5300000000001</ele>
   </trkpt>
   <trkpt lat="47.351850000000006" lon="11.70391">
    <ele>538.33</ele>
   </trkpt>
   <trkpt lat="47.35186" lon="11.70387">
    <ele>538.33</ele>
   </trkpt>
   <trkpt lat="47.35179" lon="11.70372">
    <ele>538.33</ele>
   </trkpt>
   <trkpt lat="47.35103500220854" lon="11.703014989958602">
    <ele>538.2800000000001</ele>
   </trkpt>
   <trkpt lat="47.350280000000005" lon="11.70231">
    <ele>539.49</ele>
   </trkpt>
   <trkpt lat="47.35022000000001" lon="11.70231">
    <ele>539.49</ele>
   </trkpt>
   <trkpt lat="47.349970000000006" lon="11.70207">
    <ele>539.1700000000001</ele>
   </trkpt>
   <trkpt lat="47.34987" lon="11.702150000000001">
    <ele>539.1700000000001</ele>
   </trkpt>
   <trkpt lat="47.34976" lon="11.702050000000002">
    <ele>539.22</ele>
   </trkpt>
   <trkpt lat="47.349720000000005" lon="11.702060000000001">
    <ele>539.22</ele>
   </trkpt>
   <trkpt lat="47.34964" lon="11.70199">
    <ele>539.22</ele>
   </trkpt>
   <trkpt lat="47.3496" lon="11.701880000000001">
    <ele>539.2800000000001</ele>
   </trkpt>
   <trkpt lat="47.34948000000001" lon="11.701920000000001">
    <ele>539.2800000000001</ele>
   </trkpt>
   <trkpt lat="47.34942" lon="11.701910000000002">
    <ele>539.32</ele>
   </trkpt>
   <trkpt lat="47.349380000000004" lon="11.70176">
    <ele>539.32</ele>
   </trkpt>
   <trkpt lat="47.349090000000004" lon="11.70146">
    <ele>539.5300000000001</ele>
   </trkpt>
   <trkpt lat="47.348490002850816" lon="11.700889987064697">
    <ele>539.5300000000001</ele>
   </trkpt>
   <trkpt lat="47.34789000287581" lon="11.700319987088637">
    <ele>539.37</ele>
   </trkpt>
   <trkpt lat="47.34729" lon="11.699750000000002">
    <ele>539.22</ele>
   </trkpt>
   <trkpt lat="47.347260000000006" lon="11.69974">
    <ele>539.22</ele>
   </trkpt>
   <trkpt lat="47.347190000000005" lon="11.699750000000002">
    <ele>539.2300000000001</ele>
   </trkpt>
   <trkpt lat="47.347100000000005" lon="11.69983">
    <ele>539.2300000000001</ele>
   </trkpt>
   <trkpt lat="47.34704000000001" lon="11.699900000000001">
    <ele>539.3</ele>
   </trkpt>
   <trkpt lat="47.34669333836985" lon="11.70066000995441">
    <ele>539.15</ele>
   </trkpt>
   <trkpt lat="47.34634667171603" lon="11.701420009926123">
    <ele>539.45</ele>
   </trkpt>
   <trkpt lat="47.346000000000004" lon="11.70218">
    <ele>539.25</ele>
   </trkpt>
   <trkpt lat="47.34548" lon="11.701690000000001">
    <ele>539.35</ele>
   </trkpt>
   <trkpt lat="47.34536000000001" lon="11.701600000000001">
    <ele>539.35</ele>
   </trkpt>
   <trkpt lat="47.345270000000006" lon="11.70157">
    <ele>539.35</ele>
   </trkpt>
   <trkpt lat="47.344710000000006" lon="11.701600000000001">
    <ele>539.52</ele>
   </trkpt>
   <trkpt lat="47.34456" lon="11.70156">
    <ele>539.52</ele>
   </trkpt>
   <trkpt lat="47.344370000000005" lon="11.701450000000001">
    <ele>539.6800000000001</ele>
   </trkpt>
   <trkpt lat="47.34371" lon="11.701020000000002">
    <ele>539.9200000000001</ele>
   </trkpt>
   <trkpt lat="47.343070000000004" lon="11.70054">
    <ele>539.81</ele>
   </trkpt>
   <trkpt lat="47.342690000000005" lon="11.700220000000002">
    <ele>539.5000000000001</ele>
   </trkpt>
   <trkpt lat="47.34259" lon="11.700090000000001">
    <ele>539.33</ele>
   </trkpt>
   <trkpt lat="47.342470000000006" lon="11.699850000000001">
    <ele>539.24</ele>
   </trkpt>
   <trkpt lat="47.34226" lon="11.69918">
    <ele>539.32</ele>
   </trkpt>
   <trkpt lat="47.342200000000005" lon="11.699050000000002">
    <ele>539.32</ele>
   </trkpt>
   <trkpt lat="47.34199" lon="11.698770000000001">
    <ele>539.37</ele>
   </trkpt>
   <trkpt lat="47.341570000000004" lon="11.698350000000001">
    <ele>539.66</ele>
   </trkpt>
   <trkpt lat="47.34093500506394" lon="11.69772747754683">
    <ele>540.1100000000001</ele>
   </trkpt>
   <trkpt lat="47.340300006757346" lon="11.697104970068285">
    <ele>541.1</ele>
   </trkpt>
   <trkpt lat="47.33966500508043" lon="11.696482477563759">
    <ele>541.4300000000001</ele>
   </trkpt>
   <trkpt lat="47.33903" lon="11.695860000000001">
    <ele>541.51</ele>
   </trkpt>
   <trkpt lat="47.33828000901627" lon="11.695139959090067">
    <ele>540.73</ele>
   </trkpt>
   <trkpt lat="47.33753001352332" lon="11.69441993863529">
    <ele>541.49</ele>
   </trkpt>
   <trkpt lat="47.3367800135214" lon="11.693699938634676">
    <ele>541.5300000000001</ele>
   </trkpt>
   <trkpt lat="47.336030009010756" lon="11.692979959087232">
    <ele>541.13</ele>
   </trkpt>
   <trkpt lat="47.335280000000004" lon="11.692260000000001">
    <ele>541.7</ele>
   </trkpt>
   <trkpt lat="47.33514" lon="11.691870000000002">
    <ele>541.6700000000001</ele>
   </trkpt>
   <trkpt lat="47.335040000000006" lon="11.691970000000001">
    <ele>541.6700000000001</ele>
   </trkpt>
   <trkpt lat="47.334460002755684" lon="11.691179991379796">
    <ele>542.0</ele>
   </trkpt>
   <trkpt lat="47.33388" lon="11.69039">
    <ele>542.03</ele>
   </trkpt>
   <trkpt lat="47.333495001082845" lon="11.689884996283938">
    <ele>542.19</ele>
   </trkpt>
   <trkpt lat="47.333110000000005" lon="11.689380000000002">
    <ele>542.72</ele>
   </trkpt>
   <trkpt lat="47.332770000000004" lon="11.689010000000001">
    <ele>542.22</ele>
   </trkpt>
   <trkpt lat="47.33223333534909" lon="11.688529990255109">
    <ele>542.2800000000001</ele>
   </trkpt>
   <trkpt lat="47.33169666869421" lon="11.688049990265771">
    <ele>542.48</ele>
   </trkpt>
   <trkpt lat="47.331160000000004" lon="11.687570000000001">
    <ele>543.7800000000001</ele>
   </trkpt>
   <trkpt lat="47.33045000182492" lon="11.686914991156982">
    <ele>544.6700000000001</ele>
   </trkpt>
   <trkpt lat="47.32974" lon="11.68626">
    <ele>545.07</ele>
   </trkpt>
   <trkpt lat="47.329280000000004" lon="11.68576">
    <ele>545.1700000000001</ele>
   </trkpt>
   <trkpt lat="47.328810000000004" lon="11.68519">
    <ele>545.2800000000001</ele>
   </trkpt>
   <trkpt lat="47.328500000000005" lon="11.684740000000001">
    <ele>545.52</ele>
   </trkpt>
   <trkpt lat="47.328120000000006" lon="11.68411">
    <ele>546.27</ele>
   </trkpt>
   <trkpt lat="47.32786" lon="11.683610000000002">
    <ele>547.6800000000001</ele>
   </trkpt>
   <trkpt lat="47.32777" lon="11.683380000000001">
    <ele>548.1</ele>
   </trkpt>
   <trkpt lat="47.32748" lon="11.68274">
    <ele>548.44</ele>
   </trkpt>
   <trkpt lat="47.32714000000001" lon="11.681840000000001">
    <ele>548.1700000000001</ele>
   </trkpt>
   <trkpt lat="47.32688" lon="11.6812">
    <ele>548.35</ele>
   </trkpt>
   <trkpt lat="47.326510000000006" lon="11.680570000000001">
    <ele>548.35</ele>
   </trkpt>
   <trkpt lat="47.326280000000004" lon="11.680290000000001">
    <ele>548.22</ele>
   </trkpt>
   <trkpt lat="47.32603" lon="11.680370000000002">
    <ele>548.1</ele>
   </trkpt>
   <trkpt lat="47.32591" lon="11.680370000000002">
    <ele>547.9900000000001</ele>
   </trkpt>
   <trkpt lat="47.32518" lon="11.67983">
    <ele>545.94</ele>
   </trkpt>
   <trkpt lat="47.32508000000001" lon="11.679720000000001">
    <ele>545.94</ele>
   </trkpt>
   <trkpt lat="47.325050000000005" lon="11.679620000000002">
    <ele>545.54</ele>
   </trkpt>
   <trkpt lat="47.325050000000005" lon="11.67936">
    <ele>545.39</ele>
   </trkpt>
   <trkpt lat="47.32517000000001" lon="11.67876">
    <ele>544.8900000000001</ele>
   </trkpt>
   <trkpt lat="47.32513" lon="11.678600000000001">
    <ele>544.8100000000001</ele>
   </trkpt>
   <trkpt lat="47.32508000000001" lon="11.67848">
    <ele>544.8100000000001</ele>
   </trkpt>
   <trkpt lat="47.32502" lon="11.678400000000002">
    <ele>544.76</ele>
   </trkpt>
   <trkpt lat="47.32473" lon="11.678130000000001">
    <ele>545.2</ele>
   </trkpt>
   <trkpt lat="47.324690000000004" lon="11.67816">
    <ele>545.37</ele>
   </trkpt>
   <trkpt lat="47.324650000000005" lon="11.67815">
    <ele>545.37</ele>
   </trkpt>
   <trkpt lat="47.32435" lon="11.677880000000002">
    <ele>545.58</ele>
   </trkpt>
   <trkpt lat="47.324220000000004" lon="11.67767">
    <ele>545.6700000000001</ele>
   </trkpt>
   <trkpt lat="47.323730000000005" lon="11.67708">
    <ele>545.5300000000001</ele>
   </trkpt>
   <trkpt lat="47.32340000000001" lon="11.676580000000001">
    <ele>545.4300000000001</ele>
   </trkpt>
   <trkpt lat="47.32320000000001" lon="11.67623">
    <ele>544.9900000000001</ele>
   </trkpt>
   <trkpt lat="47.32289" lon="11.675590000000001">
    <ele>544.71</ele>
   </trkpt>
   <trkpt lat="47.32251" lon="11.67467">
    <ele>544.6500000000001</ele>
   </trkpt>
   <trkpt lat="47.322190000000006" lon="11.673760000000001">
    <ele>544.6700000000001</ele>
   </trkpt>
   <trkpt lat="47.32197000000001" lon="11.672960000000002">
    <ele>544.9300000000001</ele>
   </trkpt>
   <trkpt lat="47.321810000000006" lon="11.672020000000002">
    <ele>544.9900000000001</ele>
   </trkpt>
   <trkpt lat="47.321690000000004" lon="11.670890000000002">
    <ele>545.21</ele>
   </trkpt>
   <trkpt lat="47.32166500292131" lon="11.670069999514732">
    <ele>545.21</ele>
   </trkpt>
   <trkpt lat="47.32164" lon="11.669250000000002">
    <ele>545.12</ele>
   </trkpt>
   <trkpt lat="47.3216850026189" lon="11.668475000543406">
    <ele>545.09</ele>
   </trkpt>
   <trkpt lat="47.32173" lon="11.667700000000002">
    <ele>544.9300000000001</ele>
   </trkpt>
   <trkpt lat="47.32183334463724" lon="11.666560004459585">
    <ele>544.7</ele>
   </trkpt>
   <trkpt lat="47.3219366779706" lon="11.665420004459397">
    <ele>545.64</ele>
   </trkpt>
   <trkpt lat="47.32204" lon="11.664280000000002">
    <ele>544.9900000000001</ele>
   </trkpt>
   <trkpt lat="47.322050000000004" lon="11.66393">
    <ele>544.86</ele>
   </trkpt>
   <trkpt lat="47.32210500235555" lon="11.663195000683569">
    <ele>544.85</ele>
   </trkpt>
   <trkpt lat="47.322160000000004" lon="11.662460000000001">
    <ele>543.59</ele>
   </trkpt>
   <trkpt lat="47.32218" lon="11.661980000000002">
    <ele>543.0600000000001</ele>
   </trkpt>
   <trkpt lat="47.322140000000005" lon="11.66182">
    <ele>543.03</ele>
   </trkpt>
   <trkpt lat="47.322120000000005" lon="11.661290000000001">
    <ele>543.24</ele>
   </trkpt>
   <trkpt lat="47.32206000192464" lon="11.660629999582902">
    <ele>543.35</ele>
   </trkpt>
   <trkpt lat="47.322" lon="11.659970000000001">
    <ele>543.83</ele>
   </trkpt>
   <trkpt lat="47.321920001878425" lon="11.659314999111256">
    <ele>544.1600000000001</ele>
   </trkpt>
   <trkpt lat="47.32184" lon="11.658660000000001">
    <ele>544.42</ele>
   </trkpt>
   <trkpt lat="47.32162" lon="11.65742">
    <ele>544.21</ele>
   </trkpt>
   <trkpt lat="47.3215" lon="11.657010000000001">
    <ele>544.35</ele>
   </trkpt>
   <trkpt lat="47.32129500491925" lon="11.655944995797443">
    <ele>544.0400000000001</ele>
   </trkpt>
   <trkpt lat="47.321090000000005" lon="11.65488">
    <ele>543.48</ele>
   </trkpt>
   <trkpt lat="47.32088500637146" lon="11.653669995329041">
    <ele>543.63</ele>
   </trkpt>
   <trkpt lat="47.32068" lon="11.652460000000001">
    <ele>543.64</ele>
   </trkpt>
   <trkpt lat="47.32045503070946" lon="11.651271641374843">
    <ele>543.4300000000001</ele>
   </trkpt>
   <trkpt lat="47.32023004913567" lon="11.65008329287023">
    <ele>543.5300000000001</ele>
   </trkpt>
   <trkpt lat="47.32000505527886" lon="11.64889495448656">
    <ele>543.4300000000001</ele>
   </trkpt>
   <trkpt lat="47.31978004913925" lon="11.647706626224211">
    <ele>543.47</ele>
   </trkpt>
   <trkpt lat="47.319555030716984" lon="11.646518308083575">
    <ele>544.48</ele>
   </trkpt>
   <trkpt lat="47.31933" lon="11.645330000000001">
    <ele>546.54</ele>
   </trkpt>
   <trkpt lat="47.31915" lon="11.64451">
    <ele>545.84</ele>
   </trkpt>
   <trkpt lat="47.31908000000001" lon="11.64389">
    <ele>545.7500000000001</ele>
   </trkpt>
   <trkpt lat="47.31906" lon="11.643820000000002">
    <ele>545.7500000000001</ele>
   </trkpt>
   <trkpt lat="47.31899000000001" lon="11.64372">
    <ele>545.6500000000001</ele>
   </trkpt>
   <trkpt lat="47.31895" lon="11.643690000000001">
    <ele>545.6500000000001</ele>
   </trkpt>
   <trkpt lat="47.31877" lon="11.643650000000001">
    <ele>545.39</ele>
   </trkpt>
   <trkpt lat="47.31873" lon="11.64361">
    <ele>545.39</ele>
   </trkpt>
   <trkpt lat="47.31866" lon="11.64347">
    <ele>545.39</ele>
   </trkpt>
   <trkpt lat="47.318630000000006" lon="11.643450000000001">
    <ele>545.39</ele>
   </trkpt>
   <trkpt lat="47.31859" lon="11.643350000000002">
    <ele>545.39</ele>
   </trkpt>
   <trkpt lat="47.318540000000006" lon="11.64314">
    <ele>545.1600000000001</ele>
   </trkpt>
   <trkpt lat="47.318580000000004" lon="11.642970000000002">
    <ele>545.0400000000001</ele>
   </trkpt>
   <trkpt lat="47.31871" lon="11.642690000000002">
    <ele>544.98</ele>
   </trkpt>
   <trkpt lat="47.31873" lon="11.642510000000001">
    <ele>544.98</ele>
   </trkpt>
   <trkpt lat="47.3186" lon="11.641810000000001">
    <ele>544.8100000000001</ele>
   </trkpt>
   <trkpt lat="47.31837" lon="11.64081">
    <ele>544.97</ele>
   </trkpt>
   <trkpt lat="47.318090000000005" lon="11.63981">
    <ele>546.18</ele>
   </trkpt>
   <trkpt lat="47.31777" lon="11.63884">
    <ele>547.69</ele>
   </trkpt>
   <trkpt lat="47.317600000000006" lon="11.63846">
    <ele>547.79</ele>
   </trkpt>
   <trkpt lat="47.317530000000005" lon="11.63836">
    <ele>547.79</ele>
   </trkpt>
   <trkpt lat="47.3175" lon="11.63836">
    <ele>547.79</ele>
   </trkpt>
   <trkpt lat="47.31720000000001" lon="11.638620000000001">
    <ele>548.0200000000001</ele>
   </trkpt>
   <trkpt lat="47.31700000000001" lon="11.638750000000002">
    <ele>548.35</ele>
   </trkpt>
   <trkpt lat="47.316320000000005" lon="11.639320000000001">
    <ele>548.71</ele>
   </trkpt>
   <trkpt lat="47.31629" lon="11.639330000000001">
    <ele>548.71</ele>
   </trkpt>
   <trkpt lat="47.31624" lon="11.63926">
    <ele>548.71</ele>
   </trkpt>
   <trkpt lat="47.31588000000001" lon="11.63846">
    <ele>548.33</ele>
   </trkpt>
   <trkpt lat="47.315740000000005" lon="11.63807">
    <ele>548.2900000000001</ele>
   </trkpt>
   <trkpt lat="47.31555" lon="11.63774">
    <ele>548.39</ele>
   </trkpt>
   <trkpt lat="47.31541000000001" lon="11.63743">
    <ele>548.39</ele>
   </trkpt>
   <trkpt lat="47.315340000000006" lon="11.63733">
    <ele>548.52</ele>
   </trkpt>
   <trkpt lat="47.315200000000004" lon="11.63718">
    <ele>548.52</ele>
   </trkpt>
   <trkpt lat="47.31486" lon="11.63658">
    <ele>548.64</ele>
   </trkpt>
   <trkpt lat="47.314780000000006" lon="11.63629">
    <ele>548.71</ele>
   </trkpt>
   <trkpt lat="47.314400000000006" lon="11.635760000000001">
    <ele>548.97</ele>
   </trkpt>
   <trkpt lat="47.31416" lon="11.63535">
    <ele>548.9300000000001</ele>
   </trkpt>
   <trkpt lat="47.31405" lon="11.635090000000002">
    <ele>548.9300000000001</ele>
   </trkpt>
   <trkpt lat="47.313860000000005" lon="11.63471">
    <ele>549.01</ele>
   </trkpt>
   <trkpt lat="47.313790000000004" lon="11.634390000000002">
    <ele>548.84</ele>
   </trkpt>
   <trkpt lat="47.313430000000004" lon="11.63394">
    <ele>548.7800000000001</ele>
   </trkpt>
   <trkpt lat="47.31338" lon="11.633890000000001">
    <ele>548.83</ele>
   </trkpt>
   <trkpt lat="47.3132" lon="11.6338">
    <ele>549.32</ele>
   </trkpt>
   <trkpt lat="47.31315000000001" lon="11.633750000000001">
    <ele>549.6800000000001</ele>
   </trkpt>
   <trkpt lat="47.312940000000005" lon="11.63343">
    <ele>551.12</ele>
   </trkpt>
   <trkpt lat="47.31273" lon="11.633220000000001">
    <ele>551.98</ele>
   </trkpt>
   <trkpt lat="47.31270000000001" lon="11.633170000000002">
    <ele>551.8100000000001</ele>
   </trkpt>
   <trkpt lat="47.31269" lon="11.6331">
    <ele>551.8100000000001</ele>
   </trkpt>
   <trkpt lat="47.31271" lon="11.63297">
    <ele>551.71</ele>
   </trkpt>
   <trkpt lat="47.31293" lon="11.63263">
    <ele>551.6600000000001</ele>
   </trkpt>
   <trkpt lat="47.312940000000005" lon="11.632510000000002">
    <ele>551.46</ele>
   </trkpt>
   <trkpt lat="47.312900000000006" lon="11.63244">
    <ele>551.46</ele>
   </trkpt>
   <trkpt lat="47.312400001965095" lon="11.63310500623601">
    <ele>550.4</ele>
   </trkpt>
   <trkpt lat="47.3119" lon="11.63377">
    <ele>549.32</ele>
   </trkpt>
   <trkpt lat="47.31179" lon="11.633880000000001">
    <ele>549.32</ele>
   </trkpt>
   <trkpt lat="47.31156000000001" lon="11.634010000000002">
    <ele>548.9900000000001</ele>
   </trkpt>
   <trkpt lat="47.311400000000006" lon="11.634030000000001">
    <ele>549.03</ele>
   </trkpt>
   <trkpt lat="47.310970000000005" lon="11.634020000000001">
    <ele>548.7</ele>
   </trkpt>
   <trkpt lat="47.310900000000004" lon="11.634030000000001">
    <ele>548.69</ele>
   </trkpt>
   <trkpt lat="47.310750000000006" lon="11.63409">
    <ele>548.7800000000001</ele>
   </trkpt>
   <trkpt lat="47.310680000000005" lon="11.63399">
    <ele>548.7800000000001</ele>
   </trkpt>
   <trkpt lat="47.31026000000001" lon="11.633130000000001">
    <ele>547.33</ele>
   </trkpt>
   <trkpt lat="47.30998" lon="11.63263">
    <ele>547.1400000000001</ele>
   </trkpt>
   <trkpt lat="47.309830000000005" lon="11.6323">
    <ele>547.08</ele>
   </trkpt>
   <trkpt lat="47.30946" lon="11.631350000000001">
    <ele>547.35</ele>
   </trkpt>
   <trkpt lat="47.309140000000006" lon="11.630400000000002">
    <ele>547.48</ele>
   </trkpt>
   <trkpt lat="47.308950001751505" lon="11.62975499748498">
    <ele>547.5500000000001</ele>
   </trkpt>
   <trkpt lat="47.30876000000001" lon="11.62911">
    <ele>547.76</ele>
   </trkpt>
   <trkpt lat="47.308690000000006" lon="11.62912">
    <ele>547.76</ele>
   </trkpt>
   <trkpt lat="47.30848" lon="11.629230000000002">
    <ele>547.6500000000001</ele>
   </trkpt>
   <trkpt lat="47.30821" lon="11.6294">
    <ele>547.2800000000001</ele>
   </trkpt>
   <trkpt lat="47.30754500049867" lon="11.629785004928252">
    <ele>547.13</ele>
   </trkpt>
   <trkpt lat="47.30688000000001" lon="11.630170000000001">
    <ele>547.47</ele>
   </trkpt>
   <trkpt lat="47.30655" lon="11.63039">
    <ele>547.52</ele>
   </trkpt>
   <trkpt lat="47.306360000000005" lon="11.630560000000001">
    <ele>547.52</ele>
   </trkpt>
   <trkpt lat="47.305690000000006" lon="11.63141">
    <ele>547.83</ele>
   </trkpt>
   <trkpt lat="47.305420000000005" lon="11.631670000000002">
    <ele>548.71</ele>
   </trkpt>
   <trkpt lat="47.305170000000004" lon="11.63184">
    <ele>549.1600000000001</ele>
   </trkpt>
   <trkpt lat="47.30433000000001" lon="11.63227">
    <ele>547.1100000000001</ele>
   </trkpt>
   <trkpt lat="47.30400751110466" lon="11.631347483119345">
    <ele>546.42</ele>
   </trkpt>
   <trkpt lat="47.303685014806675" lon="11.63042497749419">
    <ele>546.3100000000001</ele>
   </trkpt>
   <trkpt lat="47.30336251110629" lon="11.629502483124526">
    <ele>548.47</ele>
   </trkpt>
   <trkpt lat="47.30304" lon="11.628580000000001">
    <ele>548.1</ele>
   </trkpt>
   <trkpt lat="47.302730000000004" lon="11.62884">
    <ele>547.9200000000001</ele>
   </trkpt>
   <trkpt lat="47.30266" lon="11.628760000000002">
    <ele>547.95</ele>
   </trkpt>
   <trkpt lat="47.302870000000006" lon="11.628290000000002">
    <ele>547.67</ele>
   </trkpt>
   <trkpt lat="47.30302500198843" lon="11.627610002093164">
    <ele>547.5000000000001</ele>
   </trkpt>
   <trkpt lat="47.303180000000005" lon="11.626930000000002">
    <ele>547.4100000000001</ele>
   </trkpt>
   <trkpt lat="47.303230000000006" lon="11.62662">
    <ele>547.4100000000001</ele>
   </trkpt>
   <trkpt lat="47.303200000000004" lon="11.626240000000001">
    <ele>547.4499999999999</ele>
   </trkpt>
   <trkpt lat="47.303160000000005" lon="11.62602">
    <ele>547.4499999999999</ele>
   </trkpt>
   <trkpt lat="47.30287574991933" lon="11.624851390861295">
    <ele>547.44</ele>
   </trkpt>
   <trkpt lat="47.302591487959766" lon="11.623682794289618">
    <ele>547.3100000000001</ele>
   </trkpt>
   <trkpt lat="47.30230721412153" lon="11.622514210285237">
    <ele>547.97</ele>
   </trkpt>
   <trkpt lat="47.302022928404874" lon="11.621345638848412">
    <ele>547.8700000000001</ele>
   </trkpt>
   <trkpt lat="47.30173863081005" lon="11.620177079979413">
    <ele>547.1400000000001</ele>
   </trkpt>
   <trkpt lat="47.30145432133728" lon="11.619008533678505">
    <ele>547.88</ele>
   </trkpt>
   <trkpt lat="47.301170000000006" lon="11.617840000000001">
    <ele>547.74</ele>
   </trkpt>
   <trkpt lat="47.30193000162213" lon="11.617406679131964">
    <ele>547.96</ele>
   </trkpt>
   <trkpt lat="47.30269000161091" lon="11.616973345805265">
    <ele>548.25</ele>
   </trkpt>
   <trkpt lat="47.303450000000005" lon="11.61654">
    <ele>547.9200000000001</ele>
   </trkpt>
   <trkpt lat="47.303490000000004" lon="11.6164">
    <ele>547.9200000000001</ele>
   </trkpt>
   <trkpt lat="47.303490000000004" lon="11.616340000000001">
    <ele>548.0200000000001</ele>
   </trkpt>
   <trkpt lat="47.3030871755957" lon="11.61521994880236">
    <ele>547.98</ele>
   </trkpt>
   <trkpt lat="47.30268434027921" lon="11.614099914674012">
    <ele>548.4300000000001</ele>
   </trkpt>
   <trkpt lat="47.30228149405087" lon="11.612979897614915">
    <ele>548.5500000000001</ele>
   </trkpt>
   <trkpt lat="47.301878636910985" lon="11.61185989762503">
    <ele>548.8000000000001</ele>
   </trkpt>
   <trkpt lat="47.30147576885987" lon="11.610739914704318">
    <ele>548.86</ele>
   </trkpt>
   <trkpt lat="47.30107288989786" lon="11.60961994885274">
    <ele>548.8000000000001</ele>
   </trkpt>
   <trkpt lat="47.300670000000004" lon="11.608500000000001">
    <ele>549.0</ele>
   </trkpt>
   <trkpt lat="47.30030000000001" lon="11.60782">
    <ele>549.0400000000001</ele>
   </trkpt>
   <trkpt lat="47.299730008622134" lon="11.606823311811116">
    <ele>548.94</ele>
   </trkpt>
   <trkpt lat="47.299160008603415" lon="11.605826645112133">
    <ele>549.13</ele>
   </trkpt>
   <trkpt lat="47.298590000000004" lon="11.604830000000002">
    <ele>549.36</ele>
   </trkpt>
   <trkpt lat="47.29842000000001" lon="11.604470000000001">
    <ele>549.07</ele>
   </trkpt>
   <trkpt lat="47.298390000000005" lon="11.604310000000002">
    <ele>549.0400000000001</ele>
   </trkpt>
   <trkpt lat="47.29833000000001" lon="11.603840000000002">
    <ele>549.1600000000001</ele>
   </trkpt>
   <trkpt lat="47.29836" lon="11.603750000000002">
    <ele>549.1600000000001</ele>
   </trkpt>
   <trkpt lat="47.298390000000005" lon="11.603710000000001">
    <ele>549.47</ele>
   </trkpt>
   <trkpt lat="47.29872" lon="11.60359">
    <ele>549.9000000000001</ele>
   </trkpt>
   <trkpt lat="47.298930000000006" lon="11.60349">
    <ele>549.9000000000001</ele>
   </trkpt>
   <trkpt lat="47.299380000000006" lon="11.603240000000001">
    <ele>549.91</ele>
   </trkpt>
   <trkpt lat="47.29946" lon="11.60313">
    <ele>550.0</ele>
   </trkpt>
   <trkpt lat="47.299490000000006" lon="11.60302">
    <ele>550.0</ele>
   </trkpt>
   <trkpt lat="47.2995" lon="11.60285">
    <ele>550.0</ele>
   </trkpt>
   <trkpt lat="47.29936500176209" lon="11.602209998274056">
    <ele>550.19</ele>
   </trkpt>
   <trkpt lat="47.29923" lon="11.60157">
    <ele>550.1600000000001</ele>
   </trkpt>
   <trkpt lat="47.299060000000004" lon="11.60031">
    <ele>549.88</ele>
   </trkpt>
   <trkpt lat="47.29898000000001" lon="11.599340000000002">
    <ele>550.01</ele>
   </trkpt>
   <trkpt lat="47.29894" lon="11.598350000000002">
    <ele>550.3100000000001</ele>
   </trkpt>
   <trkpt lat="47.29896" lon="11.5973">
    <ele>550.49</ele>
   </trkpt>
   <trkpt lat="47.29902000204294" lon="11.596615000752852">
    <ele>550.73</ele>
   </trkpt>
   <trkpt lat="47.299080000000004" lon="11.595930000000001">
    <ele>550.9200000000001</ele>
   </trkpt>
   <trkpt lat="47.29914" lon="11.595450000000001">
    <ele>551.33</ele>
   </trkpt>
   <trkpt lat="47.29925000192406" lon="11.594780001566596">
    <ele>551.5500000000001</ele>
   </trkpt>
   <trkpt lat="47.29936000000001" lon="11.59411">
    <ele>551.25</ele>
   </trkpt>
   <trkpt lat="47.29927000000001" lon="11.594080000000002">
    <ele>551.25</ele>
   </trkpt>
   <trkpt lat="47.29923" lon="11.594280000000001">
    <ele>551.3</ele>
   </trkpt>
   <trkpt lat="47.299130000000005" lon="11.594360000000002">
    <ele>551.18</ele>
   </trkpt>
   <trkpt lat="47.298555000214805" lon="11.594249998834778">
    <ele>551.1</ele>
   </trkpt>
   <trkpt lat="47.29798" lon="11.594140000000001">
    <ele>551.24</ele>
   </trkpt>
   <trkpt lat="47.29806000000001" lon="11.593060000000001">
    <ele>551.7700000000001</ele>
   </trkpt>
   <trkpt lat="47.298" lon="11.5919">
    <ele>552.6800000000001</ele>
   </trkpt>
   <trkpt lat="47.297940000000004" lon="11.5914">
    <ele>552.5300000000001</ele>
   </trkpt>
   <trkpt lat="47.29786000000001" lon="11.591220000000002">
    <ele>552.5</ele>
   </trkpt>
   <trkpt lat="47.29777000000001" lon="11.591090000000001">
    <ele>552.5</ele>
   </trkpt>
   <trkpt lat="47.29784" lon="11.59097">
    <ele>552.48</ele>
   </trkpt>
   <trkpt lat="47.29767500631072" lon="11.58976499620637">
    <ele>552.6500000000001</ele>
   </trkpt>
   <trkpt lat="47.29751" lon="11.588560000000001">
    <ele>553.3800000000001</ele>
   </trkpt>
   <trkpt lat="47.297180000000004" lon="11.588610000000001">
    <ele>553.64</ele>
   </trkpt>
   <trkpt lat="47.296685000127944" lon="11.588660000456242">
    <ele>554.03</ele>
   </trkpt>
   <trkpt lat="47.29619" lon="11.58871">
    <ele>554.5</ele>
   </trkpt>
   <trkpt lat="47.29596" lon="11.58876">
    <ele>555.13</ele>
   </trkpt>
   <trkpt lat="47.295570000000005" lon="11.5889">
    <ele>555.48</ele>
   </trkpt>
   <trkpt lat="47.294880000000006" lon="11.589200000000002">
    <ele>557.15</ele>
   </trkpt>
   <trkpt lat="47.294340000000005" lon="11.58956">
    <ele>557.9300000000001</ele>
   </trkpt>
   <trkpt lat="47.29357" lon="11.590010000000001">
    <ele>559.0</ele>
   </trkpt>
   <trkpt lat="47.29327000000001" lon="11.59022">
    <ele>559.58</ele>
   </trkpt>
   <trkpt lat="47.29296" lon="11.590380000000001">
    <ele>559.7800000000001</ele>
   </trkpt>
   <trkpt lat="47.29265" lon="11.59049">
    <ele>560.4200000000001</ele>
   </trkpt>
   <trkpt lat="47.29196" lon="11.590670000000001">
    <ele>561.3100000000001</ele>
   </trkpt>
   <trkpt lat="47.291290000000004" lon="11.590950000000001">
    <ele>563.03</ele>
   </trkpt>
   <trkpt lat="47.290850000000006" lon="11.591000000000001">
    <ele>563.97</ele>
   </trkpt>
   <trkpt lat="47.29077" lon="11.591040000000001">
    <ele>564.1</ele>
   </trkpt>
   <trkpt lat="47.290560000000006" lon="11.59121">
    <ele>564.6800000000001</ele>
   </trkpt>
   <trkpt lat="47.290440000000004" lon="11.591360000000002">
    <ele>565.19</ele>
   </trkpt>
   <trkpt lat="47.29021" lon="11.59107">
    <ele>566.09</ele>
   </trkpt>
   <trkpt lat="47.2901" lon="11.59083">
    <ele>566.09</ele>
   </trkpt>
   <trkpt lat="47.29005" lon="11.590580000000001">
    <ele>566.58</ele>
   </trkpt>
   <trkpt lat="47.28994" lon="11.589870000000001">
    <ele>567.59</ele>
   </trkpt>
   <trkpt lat="47.28980000000001" lon="11.58918">
    <ele>568.8199999999999</ele>
   </trkpt>
   <trkpt lat="47.28956" lon="11.588370000000001">
    <ele>569.5600000000001</ele>
   </trkpt>
   <trkpt lat="47.289350000000006" lon="11.587890000000002">
    <ele>569.62</ele>
   </trkpt>
   <trkpt lat="47.289190000000005" lon="11.587620000000001">
    <ele>569.1400000000001</ele>
   </trkpt>
   <trkpt lat="47.288810000000005" lon="11.587060000000001">
    <ele>568.12</ele>
   </trkpt>
   <trkpt lat="47.288610000000006" lon="11.586640000000001">
    <ele>566.59</ele>
   </trkpt>
   <trkpt lat="47.288500000000006" lon="11.586170000000001">
    <ele>566.0</ele>
   </trkpt>
   <trkpt lat="47.288450000000005" lon="11.585460000000001">
    <ele>565.0200000000001</ele>
   </trkpt>
   <trkpt lat="47.28853" lon="11.5843">
    <ele>563.35</ele>
   </trkpt>
   <trkpt lat="47.288610000000006" lon="11.583720000000001">
    <ele>562.25</ele>
   </trkpt>
   <trkpt lat="47.288740000000004" lon="11.58308">
    <ele>561.1</ele>
   </trkpt>
   <trkpt lat="47.28907000609828" lon="11.581895007426732">
    <ele>558.8100000000001</ele>
   </trkpt>
   <trkpt lat="47.2894" lon="11.580710000000002">
    <ele>556.96</ele>
   </trkpt>
   <trkpt lat="47.28949" lon="11.58032">
    <ele>556.46</ele>
   </trkpt>
   <trkpt lat="47.289550000000006" lon="11.579920000000001">
    <ele>556.0200000000001</ele>
   </trkpt>
   <trkpt lat="47.289570000000005" lon="11.579440000000002">
    <ele>555.95</ele>
   </trkpt>
   <trkpt lat="47.289500000000004" lon="11.578800000000001">
    <ele>556.1700000000001</ele>
   </trkpt>
   <trkpt lat="47.289480000000005" lon="11.578660000000001">
    <ele>556.19</ele>
   </trkpt>
   <trkpt lat="47.2892133412747" lon="11.577703323615347">
    <ele>556.3100000000001</ele>
   </trkpt>
   <trkpt lat="47.2889466745881" lon="11.576746656877276">
    <ele>556.8100000000001</ele>
   </trkpt>
   <trkpt lat="47.28868000000001" lon="11.575790000000001">
    <ele>556.98</ele>
   </trkpt>
   <trkpt lat="47.288325006260024" lon="11.574589991935378">
    <ele>557.6800000000001</ele>
   </trkpt>
   <trkpt lat="47.28797" lon="11.573390000000002">
    <ele>557.9900000000001</ele>
   </trkpt>
   <trkpt lat="47.28786" lon="11.572790000000001">
    <ele>558.2</ele>
   </trkpt>
   <trkpt lat="47.28781" lon="11.57205">
    <ele>558.39</ele>
   </trkpt>
   <trkpt lat="47.28781" lon="11.571700000000002">
    <ele>558.49</ele>
   </trkpt>
   <trkpt lat="47.287850000000006" lon="11.571250000000001">
    <ele>558.11</ele>
   </trkpt>
   <trkpt lat="47.2879" lon="11.57103">
    <ele>558.0400000000001</ele>
   </trkpt>
   <trkpt lat="47.288000000000004" lon="11.57074">
    <ele>558.27</ele>
   </trkpt>
   <trkpt lat="47.288070000000005" lon="11.5707">
    <ele>558.27</ele>
   </trkpt>
   <trkpt lat="47.288090000000004" lon="11.57061">
    <ele>558.4100000000001</ele>
   </trkpt>
   <trkpt lat="47.28808" lon="11.570530000000002">
    <ele>558.4800000000001</ele>
   </trkpt>
   <trkpt lat="47.28806" lon="11.570490000000001">
    <ele>558.5100000000001</ele>
   </trkpt>
   <trkpt lat="47.288050000000005" lon="11.570170000000001">
    <ele>558.57</ele>
   </trkpt>
   <trkpt lat="47.288160000000005" lon="11.569400000000002">
    <ele>558.6000000000001</ele>
   </trkpt>
   <trkpt lat="47.288160000000005" lon="11.5691">
    <ele>558.6000000000001</ele>
   </trkpt>
   <trkpt lat="47.288140000000006" lon="11.56854">
    <ele>558.5</ele>
   </trkpt>
   <trkpt lat="47.288030000000006" lon="11.56789">
    <ele>558.7</ele>
   </trkpt>
   <trkpt lat="47.287755004272576" lon="11.566899994887823">
    <ele>559.1700000000001</ele>
   </trkpt>
   <trkpt lat="47.28748" lon="11.56591">
    <ele>560.2900000000001</ele>
   </trkpt>
   <trkpt lat="47.28739" lon="11.565460000000002">
    <ele>560.49</ele>
   </trkpt>
   <trkpt lat="47.287310000000005" lon="11.56493">
    <ele>561.22</ele>
   </trkpt>
   <trkpt lat="47.28726" lon="11.56478">
    <ele>561.22</ele>
   </trkpt>
   <trkpt lat="47.287180000000006" lon="11.56451">
    <ele>561.98</ele>
   </trkpt>
   <trkpt lat="47.286950000000004" lon="11.56404">
    <ele>562.01</ele>
   </trkpt>
   <trkpt lat="47.286770000000004" lon="11.563220000000001">
    <ele>561.73</ele>
   </trkpt>
   <trkpt lat="47.286500000000004" lon="11.562560000000001">
    <ele>561.6500000000001</ele>
   </trkpt>
   <trkpt lat="47.286093338989275" lon="11.56175332092119">
    <ele>561.1700000000001</ele>
   </trkpt>
   <trkpt lat="47.28568667231802" lon="11.560946654245575">
    <ele>560.55</ele>
   </trkpt>
   <trkpt lat="47.28528000000001" lon="11.56014">
    <ele>560.3</ele>
   </trkpt>
   <trkpt lat="47.284965001532406" lon="11.559549996521085">
    <ele>560.3100000000001</ele>
   </trkpt>
   <trkpt lat="47.284650000000006" lon="11.55896">
    <ele>560.83</ele>
   </trkpt>
   <trkpt lat="47.28454000000001" lon="11.55873">
    <ele>561.49</ele>
   </trkpt>
   <trkpt lat="47.28439" lon="11.558380000000001">
    <ele>561.82</ele>
   </trkpt>
   <trkpt lat="47.284240000000004" lon="11.557910000000001">
    <ele>562.52</ele>
   </trkpt>
   <trkpt lat="47.28416000000001" lon="11.557590000000001">
    <ele>563.1400000000001</ele>
   </trkpt>
   <trkpt lat="47.284060000000004" lon="11.55704">
    <ele>563.8700000000001</ele>
   </trkpt>
   <trkpt lat="47.28403" lon="11.55667">
    <ele>563.76</ele>
   </trkpt>
   <trkpt lat="47.284040000000005" lon="11.55602">
    <ele>563.21</ele>
   </trkpt>
   <trkpt lat="47.28389000000001" lon="11.55597">
    <ele>562.5100000000001</ele>
   </trkpt>
   <trkpt lat="47.28378000000001" lon="11.555890000000002">
    <ele>562.5100000000001</ele>
   </trkpt>
   <trkpt lat="47.28367" lon="11.555750000000002">
    <ele>562.07</ele>
   </trkpt>
   <trkpt lat="47.283440000000006" lon="11.555420000000002">
    <ele>561.61</ele>
   </trkpt>
   <trkpt lat="47.283260000000006" lon="11.55511">
    <ele>561.74</ele>
   </trkpt>
   <trkpt lat="47.28285" lon="11.554300000000001">
    <ele>562.4100000000001</ele>
   </trkpt>
   <trkpt lat="47.28262" lon="11.55372">
    <ele>564.61</ele>
   </trkpt>
   <trkpt lat="47.28257000000001" lon="11.553510000000001">
    <ele>566.64</ele>
   </trkpt>
   <trkpt lat="47.282520000000005" lon="11.55314">
    <ele>568.5</ele>
   </trkpt>
   <trkpt lat="47.28242" lon="11.55273">
    <ele>569.7800000000001</ele>
   </trkpt>
   <trkpt lat="47.28235" lon="11.552600000000002">
    <ele>570.44</ele>
   </trkpt>
   <trkpt lat="47.2822" lon="11.552430000000001">
    <ele>571.7</ele>
   </trkpt>
   <trkpt lat="47.281805000813264" lon="11.552079997635305">
    <ele>575.5400000000001</ele>
   </trkpt>
   <trkpt lat="47.28141" lon="11.551730000000001">
    <ele>578.22</ele>
   </trkpt>
   <trkpt lat="47.28072" lon="11.551260000000001">
    <ele>577.96</ele>
   </trkpt>
   <trkpt lat="47.28047" lon="11.551060000000001">
    <ele>576.32</ele>
   </trkpt>
   <trkpt lat="47.28031000000001" lon="11.550820000000002">
    <ele>574.6800000000001</ele>
   </trkpt>
   <trkpt lat="47.279835003070836" lon="11.549979992461843">
    <ele>567.9000000000001</ele>
   </trkpt>
   <trkpt lat="47.279360000000004" lon="11.549140000000001">
    <ele>563.71</ele>
   </trkpt>
   <trkpt lat="47.279030000000006" lon="11.5484">
    <ele>561.57</ele>
   </trkpt>
   <trkpt lat="47.278980000000004" lon="11.54822">
    <ele>562.79</ele>
   </trkpt>
   <trkpt lat="47.278940000000006" lon="11.54794">
    <ele>564.69</ele>
   </trkpt>
   <trkpt lat="47.278940000000006" lon="11.547550000000001">
    <ele>570.06</ele>
   </trkpt>
   <trkpt lat="47.278890000000004" lon="11.547020000000002">
    <ele>572.55</ele>
   </trkpt>
   <trkpt lat="47.27881000000001" lon="11.54682">
    <ele>575.4800000000001</ele>
   </trkpt>
   <trkpt lat="47.27872000000001" lon="11.54667">
    <ele>577.32</ele>
   </trkpt>
   <trkpt lat="47.278580000000005" lon="11.54649">
    <ele>580.45</ele>
   </trkpt>
   <trkpt lat="47.278240000000004" lon="11.546140000000001">
    <ele>587.45</ele>
   </trkpt>
   <trkpt lat="47.27807000000001" lon="11.54607">
    <ele>589.55</ele>
   </trkpt>
   <trkpt lat="47.27778000000001" lon="11.546030000000002">
    <ele>593.7800000000001</ele>
   </trkpt>
   <trkpt lat="47.27731000000001" lon="11.546140000000001">
    <ele>603.38</ele>
   </trkpt>
   <trkpt lat="47.2772" lon="11.54607">
    <ele>603.38</ele>
   </trkpt>
   <trkpt lat="47.277080000000005" lon="11.545800000000002">
    <ele>607.75</ele>
   </trkpt>
   <trkpt lat="47.276700000000005" lon="11.54509">
    <ele>615.62</ele>
   </trkpt>
   <trkpt lat="47.27666000000001" lon="11.54484">
    <ele>618.3700000000001</ele>
   </trkpt>
   <trkpt lat="47.276500000000006" lon="11.544130000000001">
    <ele>625.24</ele>
   </trkpt>
   <trkpt lat="47.27649" lon="11.54377">
    <ele>628.12</ele>
   </trkpt>
   <trkpt lat="47.2764" lon="11.54349">
    <ele>629.51</ele>
   </trkpt>
   <trkpt lat="47.276120000000006" lon="11.543170000000002">
    <ele>630.83</ele>
   </trkpt>
   <trkpt lat="47.27597" lon="11.542900000000001">
    <ele>631.1500000000001</ele>
   </trkpt>
   <trkpt lat="47.27579" lon="11.542230000000002">
    <ele>632.49</ele>
   </trkpt>
   <trkpt lat="47.275690000000004" lon="11.542010000000001">
    <ele>632.49</ele>
   </trkpt>
   <trkpt lat="47.275200000000005" lon="11.541590000000001">
    <ele>633.85</ele>
   </trkpt>
   <trkpt lat="47.27503" lon="11.54141">
    <ele>634.1300000000001</ele>
   </trkpt>
   <trkpt lat="47.27461" lon="11.5409">
    <ele>635.57</ele>
   </trkpt>
   <trkpt lat="47.2745" lon="11.540740000000001">
    <ele>635.84</ele>
   </trkpt>
   <trkpt lat="47.27422000000001" lon="11.54015">
    <ele>637.0400000000001</ele>
   </trkpt>
   <trkpt lat="47.27403" lon="11.5396">
    <ele>637.2</ele>
   </trkpt>
   <trkpt lat="47.273755004656465" lon="11.538569994804789">
    <ele>639.75</ele>
   </trkpt>
   <trkpt lat="47.273480000000006" lon="11.537540000000002">
    <ele>645.93</ele>
   </trkpt>
   <trkpt lat="47.273430000000005" lon="11.537090000000001">
    <ele>649.08</ele>
   </trkpt>
   <trkpt lat="47.273430000000005" lon="11.5363">
    <ele>653.2500000000001</ele>
   </trkpt>
   <trkpt lat="47.27342" lon="11.53546">
    <ele>657.37</ele>
   </trkpt>
   <trkpt lat="47.273480000000006" lon="11.5349">
    <ele>657.83</ele>
   </trkpt>
   <trkpt lat="47.2736" lon="11.53452">
    <ele>657.7</ele>
   </trkpt>
   <trkpt lat="47.2736" lon="11.534320000000001">
    <ele>657.4000000000001</ele>
   </trkpt>
   <trkpt lat="47.27357000000001" lon="11.534220000000001">
    <ele>657.33</ele>
   </trkpt>
   <trkpt lat="47.27391" lon="11.533230000000001">
    <ele>656.95</ele>
   </trkpt>
   <trkpt lat="47.27403" lon="11.532720000000001">
    <ele>656.19</ele>
   </trkpt>
   <trkpt lat="47.27409" lon="11.532380000000002">
    <ele>655.5000000000001</ele>
   </trkpt>
   <trkpt lat="47.27416" lon="11.531250000000002">
    <ele>651.22</ele>
   </trkpt>
   <trkpt lat="47.27409" lon="11.53029">
    <ele>651.59</ele>
   </trkpt>
   <trkpt lat="47.27414" lon="11.529520000000002">
    <ele>654.05</ele>
   </trkpt>
   <trkpt lat="47.27409" lon="11.52921">
    <ele>655.0600000000001</ele>
   </trkpt>
   <trkpt lat="47.273920000000004" lon="11.52851">
    <ele>660.81</ele>
   </trkpt>
   <trkpt lat="47.27394" lon="11.52838">
    <ele>660.81</ele>
   </trkpt>
   <trkpt lat="47.27398" lon="11.52832">
    <ele>661.82</ele>
   </trkpt>
   <trkpt lat="47.274080000000005" lon="11.52824">
    <ele>663.2800000000001</ele>
   </trkpt>
   <trkpt lat="47.27411000000001" lon="11.52801">
    <ele>663.9900000000001</ele>
   </trkpt>
   <trkpt lat="47.27423" lon="11.527690000000002">
    <ele>665.7900000000001</ele>
   </trkpt>
   <trkpt lat="47.274420000000006" lon="11.52706">
    <ele>667.2900000000001</ele>
   </trkpt>
   <trkpt lat="47.27443" lon="11.52665">
    <ele>668.0600000000001</ele>
   </trkpt>
   <trkpt lat="47.274420000000006" lon="11.525870000000001">
    <ele>668.7</ele>
   </trkpt>
   <trkpt lat="47.274370000000005" lon="11.52477">
    <ele>664.66</ele>
   </trkpt>
   <trkpt lat="47.27434" lon="11.52458">
    <ele>664.1100000000001</ele>
   </trkpt>
   <trkpt lat="47.27429" lon="11.524460000000001">
    <ele>663.63</ele>
   </trkpt>
   <trkpt lat="47.27422000000001" lon="11.524360000000001">
    <ele>663.2600000000001</ele>
   </trkpt>
   <trkpt lat="47.273720000000004" lon="11.52391">
    <ele>665.3</ele>
   </trkpt>
   <trkpt lat="47.273540000000004" lon="11.52363">
    <ele>668.42</ele>
   </trkpt>
   <trkpt lat="47.27313" lon="11.52264">
    <ele>673.34</ele>
   </trkpt>
   <trkpt lat="47.27306" lon="11.522340000000002">
    <ele>674.5000000000001</ele>
   </trkpt>
   <trkpt lat="47.273070000000004" lon="11.52181">
    <ele>675.1</ele>
   </trkpt>
   <trkpt lat="47.27304" lon="11.521230000000001">
    <ele>676.2900000000001</ele>
   </trkpt>
   <trkpt lat="47.27293" lon="11.5204">
    <ele>678.5600000000001</ele>
   </trkpt>
   <trkpt lat="47.27259" lon="11.51937">
    <ele>683.8100000000001</ele>
   </trkpt>
   <trkpt lat="47.272470000000006" lon="11.518910000000002">
    <ele>686.0500000000001</ele>
   </trkpt>
   <trkpt lat="47.272420000000004" lon="11.517840000000001">
    <ele>696.33</ele>
   </trkpt>
   <trkpt lat="47.27241500225594" lon="11.517120000090603">
    <ele>701.76</ele>
   </trkpt>
   <trkpt lat="47.27241" lon="11.5164">
    <ele>705.0</ele>
   </trkpt>
   <trkpt lat="47.272330000000004" lon="11.516060000000001">
    <ele>706.08</ele>
   </trkpt>
   <trkpt lat="47.27206" lon="11.51552">
    <ele>707.33</ele>
   </trkpt>
   <trkpt lat="47.271770000000004" lon="11.515350000000002">
    <ele>708.4800000000001</ele>
   </trkpt>
   <trkpt lat="47.271280000000004" lon="11.515120000000001">
    <ele>709.4800000000001</ele>
   </trkpt>
   <trkpt lat="47.271100000000004" lon="11.514880000000002">
    <ele>709.4800000000001</ele>
   </trkpt>
   <trkpt lat="47.27096" lon="11.514560000000001">
    <ele>710.44</ele>
   </trkpt>
   <trkpt lat="47.270860000000006" lon="11.5142">
    <ele>710.98</ele>
   </trkpt>
   <trkpt lat="47.2708" lon="11.5135">
    <ele>713.2400000000001</ele>
   </trkpt>
   <trkpt lat="47.270795004220226" lon="11.51251499992833">
    <ele>716.0600000000001</ele>
   </trkpt>
   <trkpt lat="47.270790000000005" lon="11.51153">
    <ele>715.46</ele>
   </trkpt>
   <trkpt lat="47.270810000000004" lon="11.510850000000001">
    <ele>714.35</ele>
   </trkpt>
   <trkpt lat="47.27071" lon="11.510420000000002">
    <ele>714.0300000000001</ele>
   </trkpt>
   <trkpt lat="47.270590000000006" lon="11.510040000000002">
    <ele>712.94</ele>
   </trkpt>
   <trkpt lat="47.270410000000005" lon="11.509630000000001">
    <ele>711.7500000000001</ele>
   </trkpt>
   <trkpt lat="47.27002" lon="11.509030000000001">
    <ele>710.4800000000001</ele>
   </trkpt>
   <trkpt lat="47.26939" lon="11.508180000000001">
    <ele>709.28</ele>
   </trkpt>
   <trkpt lat="47.26902000141987" lon="11.507624996240331">
    <ele>712.2400000000001</ele>
   </trkpt>
   <trkpt lat="47.26865" lon="11.50707">
    <ele>717.57</ele>
   </trkpt>
   <trkpt lat="47.26818000273976" lon="11.50626999282136">
    <ele>721.8000000000001</ele>
   </trkpt>
   <trkpt lat="47.26771" lon="11.50547">
    <ele>721.8500000000001</ele>
   </trkpt>
   <trkpt lat="47.267085002565686" lon="11.50470499099186">
    <ele>720.95</ele>
   </trkpt>
   <trkpt lat="47.26646" lon="11.50394">
    <ele>720.31</ele>
   </trkpt>
   <trkpt lat="47.26614000000001" lon="11.50359">
    <ele>720.1500000000001</ele>
   </trkpt>
   <trkpt lat="47.2654950009361" lon="11.503109994102138">
    <ele>720.45</ele>
   </trkpt>
   <trkpt lat="47.26485" lon="11.502630000000002">
    <ele>722.25</ele>
   </trkpt>
   <trkpt lat="47.26435000049915" lon="11.502284996728596">
    <ele>725.0300000000001</ele>
   </trkpt>
   <trkpt lat="47.263850000000005" lon="11.501940000000001">
    <ele>728.8800000000001</ele>
   </trkpt>
   <trkpt lat="47.263670000000005" lon="11.501750000000001">
    <ele>728.8800000000001</ele>
   </trkpt>
   <trkpt lat="47.26339" lon="11.501240000000001">
    <ele>732.5100000000001</ele>
   </trkpt>
   <trkpt lat="47.263070000000006" lon="11.50087">
    <ele>734.7900000000001</ele>
   </trkpt>
   <trkpt lat="47.26296000000001" lon="11.50065">
    <ele>734.7900000000001</ele>
   </trkpt>
   <trkpt lat="47.26294" lon="11.500480000000001">
    <ele>734.7900000000001</ele>
   </trkpt>
   <trkpt lat="47.262950000000004" lon="11.50026">
    <ele>736.6100000000001</ele>
   </trkpt>
   <trkpt lat="47.263220000000004" lon="11.49952">
    <ele>738.65</ele>
   </trkpt>
   <trkpt lat="47.263270000000006" lon="11.499170000000001">
    <ele>739.24</ele>
   </trkpt>
   <trkpt lat="47.26325500271354" lon="11.498379999717129">
    <ele>739.9100000000001</ele>
   </trkpt>
   <trkpt lat="47.26324" lon="11.49759">
    <ele>742.77</ele>
   </trkpt>
   <trkpt lat="47.263290000000005" lon="11.497200000000001">
    <ele>746.11</ele>
   </trkpt>
   <trkpt lat="47.263360000000006" lon="11.49694">
    <ele>747.68</ele>
   </trkpt>
   <trkpt lat="47.26389" lon="11.49601">
    <ele>755.6700000000001</ele>
   </trkpt>
   <trkpt lat="47.26399000000001" lon="11.49599">
    <ele>755.8100000000001</ele>
   </trkpt>
   <trkpt lat="47.264480000000006" lon="11.49599">
    <ele>756.0500000000001</ele>
   </trkpt>
   <trkpt lat="47.26462" lon="11.49596">
    <ele>756.29</ele>
   </trkpt>
   <trkpt lat="47.2648" lon="11.495870000000002">
    <ele>756.29</ele>
   </trkpt>
   <trkpt lat="47.265280000000004" lon="11.495510000000001">
    <ele>756.0600000000001</ele>
   </trkpt>
   <trkpt lat="47.265510000000006" lon="11.49538">
    <ele>756.6400000000001</ele>
   </trkpt>
   <trkpt lat="47.26574" lon="11.495330000000001">
    <ele>758.51</ele>
   </trkpt>
   <trkpt lat="47.26619500002447" lon="11.49537999957171">
    <ele>763.47</ele>
   </trkpt>
   <trkpt lat="47.266650000000006" lon="11.49543">
    <ele>767.26</ele>
   </trkpt>
   <trkpt lat="47.26691" lon="11.49544">
    <ele>769.95</ele>
   </trkpt>
   <trkpt lat="47.267010000000006" lon="11.495410000000001">
    <ele>770.82</ele>
   </trkpt>
   <trkpt lat="47.267100000000006" lon="11.495310000000002">
    <ele>771.66</ele>
   </trkpt>
   <trkpt lat="47.26715" lon="11.495190000000001">
    <ele>773.69</ele>
   </trkpt>
   <trkpt lat="47.26724" lon="11.49455">
    <ele>777.3000000000001</ele>
   </trkpt>
   <trkpt lat="47.267230000000005" lon="11.494380000000001">
    <ele>778.3100000000001</ele>
   </trkpt>
   <trkpt lat="47.267070000000004" lon="11.493870000000001">
    <ele>781.1800000000001</ele>
   </trkpt>
   <trkpt lat="47.26693" lon="11.49356">
    <ele>784.73</ele>
   </trkpt>
   <trkpt lat="47.26639" lon="11.4928">
    <ele>791.2800000000001</ele>
   </trkpt>
   <trkpt lat="47.266180000000006" lon="11.49257">
    <ele>792.3000000000001</ele>
   </trkpt>
   <trkpt lat="47.26605000000001" lon="11.49247">
    <ele>792.8600000000001</ele>
   </trkpt>
   <trkpt lat="47.265750000000004" lon="11.49229">
    <ele>794.1600000000001</ele>
   </trkpt>
   <trkpt lat="47.26561" lon="11.492280000000001">
    <ele>794.5200000000001</ele>
   </trkpt>
   <trkpt lat="47.26549000000001" lon="11.4923">
    <ele>795.39</ele>
   </trkpt>
   <trkpt lat="47.26505499998839" lon="11.492505001776202">
    <ele>796.88</ele>
   </trkpt>
   <trkpt lat="47.26462" lon="11.49271">
    <ele>802.9600000000002</ele>
   </trkpt>
   <trkpt lat="47.264500000000005" lon="11.492700000000001">
    <ele>802.9600000000002</ele>
   </trkpt>
   <trkpt lat="47.264450000000004" lon="11.492680000000002">
    <ele>802.9600000000002</ele>
   </trkpt>
   <trkpt lat="47.2644" lon="11.49262">
    <ele>802.9600000000002</ele>
   </trkpt>
   <trkpt lat="47.264340000000004" lon="11.49248">
    <ele>805.1800000000001</ele>
   </trkpt>
   <trkpt lat="47.26429" lon="11.492">
    <ele>807.76</ele>
   </trkpt>
   <trkpt lat="47.264230000000005" lon="11.49177">
    <ele>808.58</ele>
   </trkpt>
   <trkpt lat="47.263830005150716" lon="11.490684991883423">
    <ele>817.97</ele>
   </trkpt>
   <trkpt lat="47.26343000000001" lon="11.489600000000001">
    <ele>828.03</ele>
   </trkpt>
   <trkpt lat="47.263360000000006" lon="11.489360000000001">
    <ele>827.98</ele>
   </trkpt>
   <trkpt lat="47.26334000000001" lon="11.489180000000001">
    <ele>827.98</ele>
   </trkpt>
   <trkpt lat="47.26335" lon="11.489030000000001">
    <ele>827.76</ele>
   </trkpt>
   <trkpt lat="47.263490000000004" lon="11.488380000000001">
    <ele>827.1</ele>
   </trkpt>
   <trkpt lat="47.2635" lon="11.48802">
    <ele>826.85</ele>
   </trkpt>
   <trkpt lat="47.26326000426727" lon="11.487029995528781">
    <ele>825.74</ele>
   </trkpt>
   <trkpt lat="47.263020000000004" lon="11.486040000000001">
    <ele>824.1100000000001</ele>
   </trkpt>
   <trkpt lat="47.26296000000001" lon="11.485570000000001">
    <ele>824.71</ele>
   </trkpt>
   <trkpt lat="47.26292" lon="11.485410000000002">
    <ele>824.71</ele>
   </trkpt>
   <trkpt lat="47.26287000000001" lon="11.48529">
    <ele>825.4100000000001</ele>
   </trkpt>
   <trkpt lat="47.26277" lon="11.485130000000002">
    <ele>825.4100000000001</ele>
   </trkpt>
   <trkpt lat="47.262640000000005" lon="11.484990000000002">
    <ele>826.61</ele>
   </trkpt>
   <trkpt lat="47.26219000037967" lon="11.484669997233244">
    <ele>827.9200000000001</ele>
   </trkpt>
   <trkpt lat="47.26174" lon="11.484350000000001">
    <ele>828.9900000000001</ele>
   </trkpt>
   <trkpt lat="47.26158" lon="11.48417">
    <ele>828.7700000000001</ele>
   </trkpt>
   <trkpt lat="47.261480000000006" lon="11.483960000000002">
    <ele>828.7700000000001</ele>
   </trkpt>
   <trkpt lat="47.261120000000005" lon="11.482880000000002">
    <ele>828.1</ele>
   </trkpt>
   <trkpt lat="47.260760000000005" lon="11.482180000000001">
    <ele>823.67</ele>
   </trkpt>
   <trkpt lat="47.260380000000005" lon="11.4816">
    <ele>815.5000000000001</ele>
   </trkpt>
   <trkpt lat="47.26028" lon="11.481300000000001">
    <ele>813.94</ele>
   </trkpt>
   <trkpt lat="47.26024" lon="11.48107">
    <ele>813.49</ele>
   </trkpt>
   <trkpt lat="47.26023000000001" lon="11.48033">
    <ele>812.5000000000001</ele>
   </trkpt>
   <trkpt lat="47.26019" lon="11.480200000000002">
    <ele>812.0200000000001</ele>
   </trkpt>
   <trkpt lat="47.26008" lon="11.480030000000001">
    <ele>811.2</ele>
   </trkpt>
   <trkpt lat="47.25986" lon="11.479750000000001">
    <ele>809.03</ele>
   </trkpt>
   <trkpt lat="47.259780000000006" lon="11.47963">
    <ele>809.03</ele>
   </trkpt>
   <trkpt lat="47.259730000000005" lon="11.47938">
    <ele>807.07</ele>
   </trkpt>
   <trkpt lat="47.259710000000005" lon="11.4791">
    <ele>805.1600000000001</ele>
   </trkpt>
   <trkpt lat="47.259780000000006" lon="11.478140000000002">
    <ele>800.49</ele>
   </trkpt>
   <trkpt lat="47.259710000000005" lon="11.477070000000001">
    <ele>793.9900000000001</ele>
   </trkpt>
   <trkpt lat="47.259600001875604" lon="11.47642499904695">
    <ele>789.58</ele>
   </trkpt>
   <trkpt lat="47.25949000000001" lon="11.47578">
    <ele>787.51</ele>
   </trkpt>
   <trkpt lat="47.25940500217774" lon="11.475074998999226">
    <ele>788.09</ele>
   </trkpt>
   <trkpt lat="47.25932" lon="11.47437">
    <ele>789.39</ele>
   </trkpt>
   <trkpt lat="47.259240000000005" lon="11.474060000000001">
    <ele>790.64</ele>
   </trkpt>
   <trkpt lat="47.258990000000004" lon="11.473500000000001">
    <ele>792.3000000000001</ele>
   </trkpt>
   <trkpt lat="47.25894" lon="11.4733">
    <ele>792.3000000000001</ele>
   </trkpt>
   <trkpt lat="47.258950000000006" lon="11.473080000000001">
    <ele>792.88</ele>
   </trkpt>
   <trkpt lat="47.25912" lon="11.472380000000001">
    <ele>793.5300000000001</ele>
   </trkpt>
   <trkpt lat="47.25931000355743" lon="11.471475003272067">
    <ele>789.0500000000001</ele>
   </trkpt>
   <trkpt lat="47.2595" lon="11.47057">
    <ele>780.1600000000001</ele>
   </trkpt>
   <trkpt lat="47.259550000000004" lon="11.47023">
    <ele>777.58</ele>
   </trkpt>
   <trkpt lat="47.25956" lon="11.470040000000001">
    <ele>777.58</ele>
   </trkpt>
   <trkpt lat="47.25945" lon="11.46926">
    <ele>765.22</ele>
   </trkpt>
   <trkpt lat="47.259240000000005" lon="11.46842">
    <ele>757.69</ele>
   </trkpt>
   <trkpt lat="47.25914" lon="11.4679">
    <ele>753.47</ele>
   </trkpt>
   <trkpt lat="47.25914" lon="11.46724">
    <ele>747.1700000000001</ele>
   </trkpt>
   <trkpt lat="47.259170000000005" lon="11.46644">
    <ele>742.4300000000001</ele>
   </trkpt>
   <trkpt lat="47.25916" lon="11.466230000000001">
    <ele>738.09</ele>
   </trkpt>
   <trkpt lat="47.25909" lon="11.46574">
    <ele>734.9300000000001</ele>
   </trkpt>
   <trkpt lat="47.25914" lon="11.465300000000001">
    <ele>730.32</ele>
   </trkpt>
   <trkpt lat="47.259260000000005" lon="11.464540000000001">
    <ele>725.09</ele>
   </trkpt>
   <trkpt lat="47.2593" lon="11.464020000000001">
    <ele>721.7600000000001</ele>
   </trkpt>
   <trkpt lat="47.25923" lon="11.463230000000001">
    <ele>715.16</ele>
   </trkpt>
   <trkpt lat="47.25925" lon="11.463080000000001">
    <ele>712.25</ele>
   </trkpt>
   <trkpt lat="47.2593" lon="11.46288">
    <ele>709.9000000000001</ele>
   </trkpt>
   <trkpt lat="47.25939" lon="11.462750000000002">
    <ele>709.9000000000001</ele>
   </trkpt>
   <trkpt lat="47.259660000000004" lon="11.46258">
    <ele>705.1</ele>
   </trkpt>
   <trkpt lat="47.25977" lon="11.462470000000001">
    <ele>705.3100000000001</ele>
   </trkpt>
   <trkpt lat="47.25979" lon="11.46231">
    <ele>702.86</ele>
   </trkpt>
   <trkpt lat="47.259780000000006" lon="11.462240000000001">
    <ele>702.86</ele>
   </trkpt>
   <trkpt lat="47.259730000000005" lon="11.462150000000001">
    <ele>700.12</ele>
   </trkpt>
   <trkpt lat="47.25968" lon="11.46208">
    <ele>700.12</ele>
   </trkpt>
   <trkpt lat="47.25939" lon="11.46184">
    <ele>695.88</ele>
   </trkpt>
   <trkpt lat="47.259280000000004" lon="11.46169">
    <ele>694.71</ele>
   </trkpt>
   <trkpt lat="47.25923" lon="11.46156">
    <ele>691.7</ele>
   </trkpt>
   <trkpt lat="47.25923" lon="11.46147">
    <ele>691.7</ele>
   </trkpt>
   <trkpt lat="47.25927" lon="11.46118">
    <ele>689.22</ele>
   </trkpt>
   <trkpt lat="47.25927" lon="11.460740000000001">
    <ele>687.58</ele>
   </trkpt>
   <trkpt lat="47.25921" lon="11.46053">
    <ele>687.12</ele>
   </trkpt>
   <trkpt lat="47.259130000000006" lon="11.460420000000001">
    <ele>686.96</ele>
   </trkpt>
   <trkpt lat="47.25903" lon="11.460320000000001">
    <ele>686.82</ele>
   </trkpt>
   <trkpt lat="47.25865" lon="11.45977">
    <ele>686.35</ele>
   </trkpt>
   <trkpt lat="47.258590000000005" lon="11.459510000000002">
    <ele>686.73</ele>
   </trkpt>
   <trkpt lat="47.258590000000005" lon="11.45917">
    <ele>686.45</ele>
   </trkpt>
   <trkpt lat="47.258680000000005" lon="11.4585">
    <ele>688.2600000000001</ele>
   </trkpt>
   <trkpt lat="47.25873000000001" lon="11.45837">
    <ele>689.49</ele>
   </trkpt>
   <trkpt lat="47.25878" lon="11.458300000000001">
    <ele>689.49</ele>
   </trkpt>
   <trkpt lat="47.259130000000006" lon="11.45809">
    <ele>693.21</ele>
   </trkpt>
   <trkpt lat="47.259190000000004" lon="11.458">
    <ele>694.35</ele>
   </trkpt>
   <trkpt lat="47.259310000000006" lon="11.457690000000001">
    <ele>696.2</ele>
   </trkpt>
   <trkpt lat="47.25941" lon="11.45668">
    <ele>700.64</ele>
   </trkpt>
   <trkpt lat="47.259460000000004" lon="11.456420000000001">
    <ele>701.8100000000001</ele>
   </trkpt>
   <trkpt lat="47.259570000000004" lon="11.45616">
    <ele>702.37</ele>
   </trkpt>
   <trkpt lat="47.260000000000005" lon="11.455350000000001">
    <ele>703.35</ele>
   </trkpt>
   <trkpt lat="47.26008" lon="11.4547">
    <ele>703.73</ele>
   </trkpt>
   <trkpt lat="47.25963" lon="11.454020000000002">
    <ele>704.59</ele>
   </trkpt>
   <trkpt lat="47.25905" lon="11.453040000000001">
    <ele>707.35</ele>
   </trkpt>
   <trkpt lat="47.258660000000006" lon="11.452440000000001">
    <ele>708.0200000000001</ele>
   </trkpt>
   <trkpt lat="47.25835000000001" lon="11.45185">
    <ele>709.33</ele>
   </trkpt>
   <trkpt lat="47.258070000000004" lon="11.45138">
    <ele>711.5100000000001</ele>
   </trkpt>
   <trkpt lat="47.257870000000004" lon="11.450990000000001">
    <ele>712.2400000000001</ele>
   </trkpt>
   <trkpt lat="47.2578" lon="11.45081">
    <ele>714.57</ele>
   </trkpt>
   <trkpt lat="47.257740000000005" lon="11.45049">
    <ele>715.77</ele>
   </trkpt>
   <trkpt lat="47.25768" lon="11.44973">
    <ele>717.32</ele>
   </trkpt>
   <trkpt lat="47.25757" lon="11.44904">
    <ele>718.83</ele>
   </trkpt>
   <trkpt lat="47.25741000000001" lon="11.448210000000001">
    <ele>721.1700000000001</ele>
   </trkpt>
   <trkpt lat="47.257310000000004" lon="11.447790000000001">
    <ele>723.4100000000001</ele>
   </trkpt>
   <trkpt lat="47.25719" lon="11.44743">
    <ele>725.71</ele>
   </trkpt>
   <trkpt lat="47.25696000000001" lon="11.44688">
    <ele>728.6</ele>
   </trkpt>
   <trkpt lat="47.25679" lon="11.446570000000001">
    <ele>732.2</ele>
   </trkpt>
   <trkpt lat="47.256620000000005" lon="11.44635">
    <ele>734.96</ele>
   </trkpt>
   <trkpt lat="47.256370000000004" lon="11.44612">
    <ele>736.1</ele>
   </trkpt>
   <trkpt lat="47.25611000000001" lon="11.446000000000002">
    <ele>738.86</ele>
   </trkpt>
   <trkpt lat="47.255900000000004" lon="11.44594">
    <ele>740.16</ele>
   </trkpt>
   <trkpt lat="47.255630000000004" lon="11.44593">
    <ele>741.62</ele>
   </trkpt>
   <trkpt lat="47.25533" lon="11.44597">
    <ele>742.86</ele>
   </trkpt>
   <trkpt lat="47.25495" lon="11.446110000000001">
    <ele>745.3700000000001</ele>
   </trkpt>
   <trkpt lat="47.254720000000006" lon="11.446240000000001">
    <ele>746.95</ele>
   </trkpt>
   <trkpt lat="47.254290000000005" lon="11.44655">
    <ele>752.83</ele>
   </trkpt>
   <trkpt lat="47.253980000000006" lon="11.446720000000001">
    <ele>754.77</ele>
   </trkpt>
   <trkpt lat="47.253800000000005" lon="11.44674">
    <ele>756.1600000000001</ele>
   </trkpt>
   <trkpt lat="47.25329000000001" lon="11.446570000000001">
    <ele>757.74</ele>
   </trkpt>
   <trkpt lat="47.252700000000004" lon="11.44645">
    <ele>757.97</ele>
   </trkpt>
   <trkpt lat="47.25256" lon="11.4465">
    <ele>757.63</ele>
   </trkpt>
   <trkpt lat="47.252410000000005" lon="11.446610000000002">
    <ele>757.44</ele>
   </trkpt>
   <trkpt lat="47.25227" lon="11.44663">
    <ele>757.5</ele>
   </trkpt>
   <trkpt lat="47.25213" lon="11.44659">
    <ele>757.2800000000001</ele>
   </trkpt>
   <trkpt lat="47.251920000000005" lon="11.446430000000001">
    <ele>756.4300000000001</ele>
   </trkpt>
   <trkpt lat="47.25184" lon="11.446420000000002">
    <ele>755.97</ele>
   </trkpt>
   <trkpt lat="47.251670000000004" lon="11.446190000000001">
    <ele>754.2800000000001</ele>
   </trkpt>
   <trkpt lat="47.25153" lon="11.445960000000001">
    <ele>753.26</ele>
   </trkpt>
   <trkpt lat="47.25182" lon="11.44569">
    <ele>751.7600000000001</ele>
   </trkpt>
   <trkpt lat="47.25209" lon="11.44532">
    <ele>748.35</ele>
   </trkpt>
   <trkpt lat="47.252300000000005" lon="11.444980000000001">
    <ele>743.9</ele>
   </trkpt>
   <trkpt lat="47.252590000000005" lon="11.44439">
    <ele>739.6700000000001</ele>
   </trkpt>
   <trkpt lat="47.25263" lon="11.444230000000001">
    <ele>739.3400000000001</ele>
   </trkpt>
   <trkpt lat="47.252680000000005" lon="11.44401">
    <ele>738.95</ele>
   </trkpt>
   <trkpt lat="47.25269" lon="11.443850000000001">
    <ele>740.02</ele>
   </trkpt>
   <trkpt lat="47.252660000000006" lon="11.44335">
    <ele>737.5600000000001</ele>
   </trkpt>
   <trkpt lat="47.25258" lon="11.44293">
    <ele>737.6400000000001</ele>
   </trkpt>
   <trkpt lat="47.25235000277397" lon="11.442129996491088">
    <ele>736.9000000000001</ele>
   </trkpt>
   <trkpt lat="47.252120000000005" lon="11.44133">
    <ele>734.69</ele>
   </trkpt>
   <trkpt lat="47.25208000000001" lon="11.441030000000001">
    <ele>734.07</ele>
   </trkpt>
   <trkpt lat="47.25206000000001" lon="11.440280000000001">
    <ele>732.0500000000001</ele>
   </trkpt>
   <trkpt lat="47.252050000000004" lon="11.438960000000002">
    <ele>724.37</ele>
   </trkpt>
   <trkpt lat="47.252010000000006" lon="11.43857">
    <ele>721.6</ele>
   </trkpt>
   <trkpt lat="47.25189" lon="11.43787">
    <ele>717.55</ele>
   </trkpt>
   <trkpt lat="47.25191" lon="11.437650000000001">
    <ele>715.1500000000001</ele>
   </trkpt>
   <trkpt lat="47.25193" lon="11.437520000000001">
    <ele>715.1500000000001</ele>
   </trkpt>
   <trkpt lat="47.252" lon="11.43734">
    <ele>715.1500000000001</ele>
   </trkpt>
   <trkpt lat="47.252140000000004" lon="11.437090000000001">
    <ele>710.47</ele>
   </trkpt>
   <trkpt lat="47.25227" lon="11.437000000000001">
    <ele>710.0200000000001</ele>
   </trkpt>
   <trkpt lat="47.252460000000006" lon="11.436950000000001">
    <ele>707.1800000000001</ele>
   </trkpt>
   <trkpt lat="47.252610000000004" lon="11.43687">
    <ele>705.61</ele>
   </trkpt>
   <trkpt lat="47.252720000000004" lon="11.43673">
    <ele>703.0900000000001</ele>
   </trkpt>
   <trkpt lat="47.252880000000005" lon="11.436380000000002">
    <ele>701.8000000000001</ele>
   </trkpt>
   <trkpt lat="47.25311000000001" lon="11.43575">
    <ele>697.5</ele>
   </trkpt>
   <trkpt lat="47.25341" lon="11.434840000000001">
    <ele>690.4</ele>
   </trkpt>
   <trkpt lat="47.253510000000006" lon="11.434410000000002">
    <ele>687.58</ele>
   </trkpt>
   <trkpt lat="47.25356000000001" lon="11.433990000000001">
    <ele>685.5400000000001</ele>
   </trkpt>
   <trkpt lat="47.25358000000001" lon="11.43313">
    <ele>682.91</ele>
   </trkpt>
   <trkpt lat="47.25354" lon="11.432670000000002">
    <ele>680.9900000000001</ele>
   </trkpt>
   <trkpt lat="47.25343" lon="11.432120000000001">
    <ele>678.76</ele>
   </trkpt>
   <trkpt lat="47.25343" lon="11.43195">
    <ele>677.79</ele>
   </trkpt>
   <trkpt lat="47.253460000000004" lon="11.43181">
    <ele>677.79</ele>
   </trkpt>
   <trkpt lat="47.25352" lon="11.43171">
    <ele>675.74</ele>
   </trkpt>
   <trkpt lat="47.253600000000006" lon="11.431650000000001">
    <ele>675.74</ele>
   </trkpt>
   <trkpt lat="47.2537" lon="11.43163">
    <ele>675.0200000000001</ele>
   </trkpt>
   <trkpt lat="47.25379" lon="11.43166">
    <ele>673.9000000000001</ele>
   </trkpt>
   <trkpt lat="47.25388" lon="11.431740000000001">
    <ele>673.19</ele>
   </trkpt>
   <trkpt lat="47.25395" lon="11.431930000000001">
    <ele>672.19</ele>
   </trkpt>
   <trkpt lat="47.25413" lon="11.432620000000002">
    <ele>668.58</ele>
   </trkpt>
   <trkpt lat="47.254490000000004" lon="11.4335">
    <ele>665.4100000000001</ele>
   </trkpt>
   <trkpt lat="47.25455" lon="11.433810000000001">
    <ele>663.6200000000001</ele>
   </trkpt>
   <trkpt lat="47.2546" lon="11.434330000000001">
    <ele>661.24</ele>
   </trkpt>
   <trkpt lat="47.25464" lon="11.434420000000001">
    <ele>660.5500000000001</ele>
   </trkpt>
   <trkpt lat="47.25471" lon="11.43449">
    <ele>659.82</ele>
   </trkpt>
   <trkpt lat="47.254760000000005" lon="11.434500000000002">
    <ele>659.82</ele>
   </trkpt>
   <trkpt lat="47.25482" lon="11.43449">
    <ele>659.82</ele>
   </trkpt>
   <trkpt lat="47.25491" lon="11.43438">
    <ele>657.5000000000001</ele>
   </trkpt>
   <trkpt lat="47.254940000000005" lon="11.43429">
    <ele>657.5000000000001</ele>
   </trkpt>
   <trkpt lat="47.25495" lon="11.434170000000002">
    <ele>657.5000000000001</ele>
   </trkpt>
   <trkpt lat="47.25489000195357" lon="11.433499999251252">
    <ele>651.93</ele>
   </trkpt>
   <trkpt lat="47.254830000000005" lon="11.432830000000001">
    <ele>648.22</ele>
   </trkpt>
   <trkpt lat="47.254830000000005" lon="11.432540000000001">
    <ele>650.2800000000001</ele>
   </trkpt>
   <trkpt lat="47.25493" lon="11.432060000000002">
    <ele>644.87</ele>
   </trkpt>
   <trkpt lat="47.255" lon="11.431880000000001">
    <ele>641.95</ele>
   </trkpt>
   <trkpt lat="47.255410000000005" lon="11.431120000000002">
    <ele>637.5400000000001</ele>
   </trkpt>
   <trkpt lat="47.25553000000001" lon="11.43078">
    <ele>637.36</ele>
   </trkpt>
   <trkpt lat="47.255610000000004" lon="11.42994">
    <ele>634.75</ele>
   </trkpt>
   <trkpt lat="47.255660000000006" lon="11.428730000000002">
    <ele>630.87</ele>
   </trkpt>
   <trkpt lat="47.25564000000001" lon="11.42806">
    <ele>628.82</ele>
   </trkpt>
   <trkpt lat="47.25551000358559" lon="11.427149997650627">
    <ele>627.94</ele>
   </trkpt>
   <trkpt lat="47.25538" lon="11.426240000000002">
    <ele>623.94</ele>
   </trkpt>
   <trkpt lat="47.25519001273683" lon="11.425029991315153">
    <ele>621.72</ele>
   </trkpt>
   <trkpt lat="47.255000012736474" lon="11.423819991313044">
    <ele>615.9499999999999</ele>
   </trkpt>
   <trkpt lat="47.254810000000006" lon="11.42261">
    <ele>611.58</ele>
   </trkpt>
   <trkpt lat="47.25471" lon="11.42206">
    <ele>610.3100000000001</ele>
   </trkpt>
   <trkpt lat="47.25455" lon="11.421360000000002">
    <ele>609.7800000000001</ele>
   </trkpt>
   <trkpt lat="47.254360000000005" lon="11.42065">
    <ele>609.6400000000001</ele>
   </trkpt>
   <trkpt lat="47.254110000000004" lon="11.419870000000001">
    <ele>609.6700000000001</ele>
   </trkpt>
   <trkpt lat="47.25379" lon="11.41895">
    <ele>609.41</ele>
   </trkpt>
   <trkpt lat="47.253690000000006" lon="11.418520000000001">
    <ele>609.23</ele>
   </trkpt>
   <trkpt lat="47.253640000000004" lon="11.41811">
    <ele>608.6700000000001</ele>
   </trkpt>
   <trkpt lat="47.253640000000004" lon="11.41763">
    <ele>608.1800000000001</ele>
   </trkpt>
   <trkpt lat="47.25377" lon="11.41638">
    <ele>604.1500000000001</ele>
   </trkpt>
   <trkpt lat="47.253780000000006" lon="11.41585">
    <ele>603.58</ele>
   </trkpt>
   <trkpt lat="47.25372" lon="11.415410000000001">
    <ele>603.45</ele>
   </trkpt>
   <trkpt lat="47.2535" lon="11.4144">
    <ele>601.26</ele>
   </trkpt>
   <trkpt lat="47.25347000000001" lon="11.41417">
    <ele>600.4</ele>
   </trkpt>
   <trkpt lat="47.253550000000004" lon="11.413920000000001">
    <ele>598.8800000000001</ele>
   </trkpt>
   <trkpt lat="47.25368" lon="11.413870000000001">
    <ele>598.8800000000001</ele>
   </trkpt>
   <trkpt lat="47.253780000000006" lon="11.41374">
    <ele>597.97</ele>
   </trkpt>
   <trkpt lat="47.253820000000005" lon="11.413640000000001">
    <ele>597.97</ele>
   </trkpt>
   <trkpt lat="47.25399" lon="11.413540000000001">
    <ele>595.33</ele>
   </trkpt>
   <trkpt lat="47.254430000000006" lon="11.413350000000001">
    <ele>593.96</ele>
   </trkpt>
   <trkpt lat="47.25528000026101" lon="11.413060004690756">
    <ele>591.52</ele>
   </trkpt>
   <trkpt lat="47.256130000000006" lon="11.41277">
    <ele>589.22</ele>
   </trkpt>
   <trkpt lat="47.256820000000005" lon="11.41252">
    <ele>588.71</ele>
   </trkpt>
   <trkpt lat="47.25697" lon="11.41233">
    <ele>588.86</ele>
   </trkpt>
   <trkpt lat="47.256980000000006" lon="11.4122">
    <ele>588.86</ele>
   </trkpt>
   <trkpt lat="47.25695" lon="11.41196">
    <ele>588.86</ele>
   </trkpt>
   <trkpt lat="47.25677668083729" lon="11.410683324911307">
    <ele>589.62</ele>
   </trkpt>
   <trkpt lat="47.25660334749521" lon="11.409406658180538">
    <ele>589.77</ele>
   </trkpt>
   <trkpt lat="47.25643" lon="11.408130000000002">
    <ele>586.61</ele>
   </trkpt>
   <trkpt lat="47.25639" lon="11.407770000000001">
    <ele>585.48</ele>
   </trkpt>
   <trkpt lat="47.25686" lon="11.40741">
    <ele>585.48</ele>
   </trkpt>
   <trkpt lat="47.25708" lon="11.40727">
    <ele>587.67</ele>
   </trkpt>
   <trkpt lat="47.257220000000004" lon="11.407210000000001">
    <ele>588.64</ele>
   </trkpt>
   <trkpt lat="47.25762" lon="11.407200000000001">
    <ele>590.21</ele>
   </trkpt>
   <trkpt lat="47.25759" lon="11.40712">
    <ele>590.21</ele>
   </trkpt>
   <trkpt lat="47.257600000000004" lon="11.407020000000001">
    <ele>590.5600000000001</ele>
   </trkpt>
   <trkpt lat="47.257670000000005" lon="11.406970000000001">
    <ele>590.99</ele>
   </trkpt>
   <trkpt lat="47.2578" lon="11.40698">
    <ele>591.33</ele>
   </trkpt>
   <trkpt lat="47.25770000000001" lon="11.40591">
    <ele>593.77</ele>
   </trkpt>
   <trkpt lat="47.25766" lon="11.405830000000002">
    <ele>593.77</ele>
   </trkpt>
   <trkpt lat="47.25751" lon="11.405700000000001">
    <ele>594.0300000000001</ele>
   </trkpt>
   <trkpt lat="47.25757" lon="11.405050000000001">
    <ele>595.6600000000001</ele>
   </trkpt>
   <trkpt lat="47.257560000000005" lon="11.4046">
    <ele>596.07</ele>
   </trkpt>
   <trkpt lat="47.25745501364679" lon="11.403577493952056">
    <ele>595.6400000000001</ele>
   </trkpt>
   <trkpt lat="47.257350018198046" lon="11.402554991959027">
    <ele>593.49</ele>
   </trkpt>
   <trkpt lat="47.257245013653865" lon="11.401532494021238">
    <ele>588.2900000000001</ele>
   </trkpt>
   <trkpt lat="47.25714000000001" lon="11.40051">
    <ele>587.67</ele>
   </trkpt>
   <trkpt lat="47.25703" lon="11.40008">
    <ele>587.5100000000001</ele>
   </trkpt>
   <trkpt lat="47.25699" lon="11.400010000000002">
    <ele>587.5100000000001</ele>
   </trkpt>
   <trkpt lat="47.25683500165463" lon="11.399379997864003">
    <ele>587.5100000000001</ele>
   </trkpt>
   <trkpt lat="47.25668" lon="11.398750000000001">
    <ele>587.73</ele>
   </trkpt>
   <trkpt lat="47.25634" lon="11.39803">
    <ele>586.69</ele>
   </trkpt>
   <trkpt lat="47.25629000000001" lon="11.397960000000001">
    <ele>586.23</ele>
   </trkpt>
   <trkpt lat="47.256370000000004" lon="11.397860000000001">
    <ele>586.23</ele>
   </trkpt>
   <trkpt lat="47.25657" lon="11.397780000000001">
    <ele>585.71</ele>
   </trkpt>
   <trkpt lat="47.256840000000004" lon="11.39764">
    <ele>585.6</ele>
   </trkpt>
   <trkpt lat="47.25705000000001" lon="11.3975">
    <ele>585.34</ele>
   </trkpt>
   <trkpt lat="47.25766" lon="11.397060000000002">
    <ele>584.96</ele>
   </trkpt>
   <trkpt lat="47.258010000000006" lon="11.39694">
    <ele>584.61</ele>
   </trkpt>
   <trkpt lat="47.258610000000004" lon="11.396780000000001">
    <ele>584.59</ele>
   </trkpt>
   <trkpt lat="47.258990000000004" lon="11.3968">
    <ele>584.45</ele>
   </trkpt>
   <trkpt lat="47.25940000000001" lon="11.39677">
    <ele>584.1700000000001</ele>
   </trkpt>
   <trkpt lat="47.25956" lon="11.39666">
    <ele>583.96</ele>
   </trkpt>
   <trkpt lat="47.25974" lon="11.396450000000002">
    <ele>583.4200000000001</ele>
   </trkpt>
   <trkpt lat="47.259980000000006" lon="11.396070000000002">
    <ele>583.08</ele>
   </trkpt>
   <trkpt lat="47.260290000000005" lon="11.395650000000002">
    <ele>582.9000000000001</ele>
   </trkpt>
   <trkpt lat="47.26024" lon="11.39554">
    <ele>582.9700000000001</ele>
   </trkpt>
   <trkpt lat="47.26008500301894" lon="11.394704997481094">
    <ele>583.32</ele>
   </trkpt>
   <trkpt lat="47.259930000000004" lon="11.393870000000001">
    <ele>583.32</ele>
   </trkpt>
   <trkpt lat="47.25988" lon="11.393730000000001">
    <ele>583.32</ele>
   </trkpt>
   <trkpt lat="47.25992" lon="11.393730000000001">
    <ele>583.32</ele>
   </trkpt>
  </trkseg>
 </trk>
</gpx>
