<?xml version="1.0" encoding="UTF-8"?>
<gpx creator="StravaGPX" version="1.1" xmlns="http://www.topografix.com/GPX/1/1" xmlns:xsi="http://www.w3.org/2001/XMLSchema-instance" xsi:schemaLocation="http://www.topografix.com/GPX/1/1 http://www.topografix.com/GPX/1/1/gpx.xsd">
 <metadata>
  <name>Austria 5</name>
  <author>
   <name>Xander Staal</name>
   <link href="https://www.strava.com/athletes/2830409"/>
  </author>
  <copyright author="OpenStreetMap contributors">
   <year>2020</year>
   <license>https://www.openstreetmap.org/copyright</license>
  </copyright>
  <link href="https://www.strava.com/routes/3477044019155633242"/>
 </metadata>
 <trk>
  <name>Austria 5</name>
  <link href="https://www.strava.com/routes/3477044019155633242"/>
  <type>cycling</type>
  <trkseg>
   <trkpt lat="46.77447" lon="11.938860000000002">
    <ele>934.4000000000001</ele>
   </trkpt>
   <trkpt lat="46.774680000000004" lon="11.939610000000002">
    <ele>936.3</ele>
   </trkpt>
   <trkpt lat="46.774885001665574" lon="11.940224997714123">
    <ele>937.64</ele>
   </trkpt>
   <trkpt lat="46.775090000000006" lon="11.940840000000001">
    <ele>938.5400000000001</ele>
   </trkpt>
   <trkpt lat="46.77526" lon="11.941820000000002">
    <ele>940.94</ele>
   </trkpt>
   <trkpt lat="46.775270000000006" lon="11.942070000000001">
    <ele>941.45</ele>
   </trkpt>
   <trkpt lat="46.77532" lon="11.94213">
    <ele>941.45</ele>
   </trkpt>
   <trkpt lat="46.775470000000006" lon="11.9426">
    <ele>942.1700000000001</ele>
   </trkpt>
   <trkpt lat="46.775780000000005" lon="11.94378">
    <ele>943.6200000000001</ele>
   </trkpt>
   <trkpt lat="46.776030000000006" lon="11.94448">
    <ele>943.95</ele>
   </trkpt>
   <trkpt lat="46.77610000000001" lon="11.944630000000002">
    <ele>943.8900000000001</ele>
   </trkpt>
   <trkpt lat="46.776340000000005" lon="11.944980000000001">
    <ele>943.47</ele>
   </trkpt>
   <trkpt lat="46.776300000000006" lon="11.94508">
    <ele>943.5000000000001</ele>
   </trkpt>
   <trkpt lat="46.77633" lon="11.94518">
    <ele>943.5000000000001</ele>
   </trkpt>
   <trkpt lat="46.776390000000006" lon="11.94523">
    <ele>943.5700000000002</ele>
   </trkpt>
   <trkpt lat="46.77647" lon="11.945200000000002">
    <ele>943.5700000000002</ele>
   </trkpt>
   <trkpt lat="46.77651" lon="11.94509">
    <ele>943.36</ele>
   </trkpt>
   <trkpt lat="46.776500000000006" lon="11.945030000000001">
    <ele>943.36</ele>
   </trkpt>
   <trkpt lat="46.77667" lon="11.94495">
    <ele>942.69</ele>
   </trkpt>
   <trkpt lat="46.7771000004169" lon="11.94467500214003">
    <ele>939.7</ele>
   </trkpt>
   <trkpt lat="46.777530000000006" lon="11.944400000000002">
    <ele>938.2600000000001</ele>
   </trkpt>
   <trkpt lat="46.77814500055596" lon="11.943995004730025">
    <ele>936.1100000000001</ele>
   </trkpt>
   <trkpt lat="46.778760000000005" lon="11.94359">
    <ele>934.94</ele>
   </trkpt>
   <trkpt lat="46.779180000000004" lon="11.943290000000001">
    <ele>934.1400000000001</ele>
   </trkpt>
   <trkpt lat="46.779610000000005" lon="11.942900000000002">
    <ele>932.48</ele>
   </trkpt>
   <trkpt lat="46.779860000000006" lon="11.942730000000001">
    <ele>932.1800000000001</ele>
   </trkpt>
   <trkpt lat="46.78007" lon="11.94269">
    <ele>931.9600000000002</ele>
   </trkpt>
   <trkpt lat="46.780150000000006" lon="11.94269">
    <ele>931.9600000000002</ele>
   </trkpt>
   <trkpt lat="46.78076999986212" lon="11.94286999784622">
    <ele>931.21</ele>
   </trkpt>
   <trkpt lat="46.78139" lon="11.943050000000001">
    <ele>930.24</ele>
   </trkpt>
   <trkpt lat="46.781580000000005" lon="11.94307">
    <ele>929.72</ele>
   </trkpt>
   <trkpt lat="46.781740000000006" lon="11.94307">
    <ele>929.22</ele>
   </trkpt>
   <trkpt lat="46.78193" lon="11.94303">
    <ele>928.32</ele>
   </trkpt>
   <trkpt lat="46.78215" lon="11.942910000000001">
    <ele>926.75</ele>
   </trkpt>
   <trkpt lat="46.78237000000001" lon="11.94269">
    <ele>925.4300000000001</ele>
   </trkpt>
   <trkpt lat="46.782520000000005" lon="11.94246">
    <ele>924.51</ele>
   </trkpt>
   <trkpt lat="46.78289" lon="11.941790000000001">
    <ele>919.2600000000001</ele>
   </trkpt>
   <trkpt lat="46.78314" lon="11.94153">
    <ele>914.9200000000001</ele>
   </trkpt>
   <trkpt lat="46.78354500024339" lon="11.941230002366924">
    <ele>914.0</ele>
   </trkpt>
   <trkpt lat="46.783950000000004" lon="11.940930000000002">
    <ele>912.22</ele>
   </trkpt>
   <trkpt lat="46.784240000000004" lon="11.940750000000001">
    <ele>910.2500000000001</ele>
   </trkpt>
   <trkpt lat="46.784470000000006" lon="11.940660000000001">
    <ele>909.21</ele>
   </trkpt>
   <trkpt lat="46.78473" lon="11.940600000000002">
    <ele>908.9300000000001</ele>
   </trkpt>
   <trkpt lat="46.78495" lon="11.94058">
    <ele>907.8900000000001</ele>
   </trkpt>
   <trkpt lat="46.78526" lon="11.940620000000001">
    <ele>907.2900000000001</ele>
   </trkpt>
   <trkpt lat="46.785540000000005" lon="11.940710000000001">
    <ele>905.0100000000001</ele>
   </trkpt>
   <trkpt lat="46.78627500052799" lon="11.941059995218469">
    <ele>902.5200000000001</ele>
   </trkpt>
   <trkpt lat="46.78701" lon="11.941410000000001">
    <ele>898.6700000000001</ele>
   </trkpt>
   <trkpt lat="46.78716000000001" lon="11.941450000000001">
    <ele>895.47</ele>
   </trkpt>
   <trkpt lat="46.78732" lon="11.941460000000001">
    <ele>895.47</ele>
   </trkpt>
   <trkpt lat="46.787510000000005" lon="11.941510000000001">
    <ele>895.6</ele>
   </trkpt>
   <trkpt lat="46.78754000000001" lon="11.94157">
    <ele>895.72</ele>
   </trkpt>
   <trkpt lat="46.78761" lon="11.94162">
    <ele>895.95</ele>
   </trkpt>
   <trkpt lat="46.7877" lon="11.941590000000001">
    <ele>895.6700000000001</ele>
   </trkpt>
   <trkpt lat="46.78775" lon="11.94148">
    <ele>894.7</ele>
   </trkpt>
   <trkpt lat="46.787940000000006" lon="11.94138">
    <ele>892.75</ele>
   </trkpt>
   <trkpt lat="46.788380000000004" lon="11.941360000000001">
    <ele>889.59</ele>
   </trkpt>
   <trkpt lat="46.789045000033454" lon="11.94136999987695">
    <ele>887.5200000000001</ele>
   </trkpt>
   <trkpt lat="46.78971000000001" lon="11.94138">
    <ele>883.7800000000001</ele>
   </trkpt>
   <trkpt lat="46.790240000000004" lon="11.94129">
    <ele>881.5</ele>
   </trkpt>
   <trkpt lat="46.790580000000006" lon="11.941160000000002">
    <ele>879.9000000000001</ele>
   </trkpt>
   <trkpt lat="46.79106000041719" lon="11.940905002203012">
    <ele>878.19</ele>
   </trkpt>
   <trkpt lat="46.791540000000005" lon="11.940650000000002">
    <ele>876.2200000000001</ele>
   </trkpt>
   <trkpt lat="46.791810000000005" lon="11.94049">
    <ele>874.85</ele>
   </trkpt>
   <trkpt lat="46.792" lon="11.940420000000001">
    <ele>874.02</ele>
   </trkpt>
   <trkpt lat="46.79261" lon="11.940270000000002">
    <ele>868.4200000000001</ele>
   </trkpt>
   <trkpt lat="46.792730000000006" lon="11.940220000000002">
    <ele>868.4200000000001</ele>
   </trkpt>
   <trkpt lat="46.792880000000004" lon="11.94012">
    <ele>866.9100000000001</ele>
   </trkpt>
   <trkpt lat="46.793060000000004" lon="11.93992">
    <ele>866.04</ele>
   </trkpt>
   <trkpt lat="46.793150000000004" lon="11.93973">
    <ele>865.8000000000001</ele>
   </trkpt>
   <trkpt lat="46.79343" lon="11.93912">
    <ele>862.83</ele>
   </trkpt>
   <trkpt lat="46.79356000000001" lon="11.938910000000002">
    <ele>862.62</ele>
   </trkpt>
   <trkpt lat="46.79364" lon="11.93881">
    <ele>862.53</ele>
   </trkpt>
   <trkpt lat="46.79379" lon="11.93867">
    <ele>860.5800000000002</ele>
   </trkpt>
   <trkpt lat="46.79392000000001" lon="11.938590000000001">
    <ele>859.7</ele>
   </trkpt>
   <trkpt lat="46.794140000000006" lon="11.93851">
    <ele>855.6400000000001</ele>
   </trkpt>
   <trkpt lat="46.79424" lon="11.938450000000001">
    <ele>855.6400000000001</ele>
   </trkpt>
   <trkpt lat="46.79431" lon="11.93838">
    <ele>855.6400000000001</ele>
   </trkpt>
   <trkpt lat="46.7944" lon="11.938180000000001">
    <ele>853.9000000000001</ele>
   </trkpt>
   <trkpt lat="46.794430000000006" lon="11.93806">
    <ele>853.07</ele>
   </trkpt>
   <trkpt lat="46.794445001984975" lon="11.937385000150872">
    <ele>850.38</ele>
   </trkpt>
   <trkpt lat="46.79446" lon="11.936710000000001">
    <ele>847.16</ele>
   </trkpt>
   <trkpt lat="46.79448000000001" lon="11.936490000000001">
    <ele>845.0500000000001</ele>
   </trkpt>
   <trkpt lat="46.794520000000006" lon="11.936330000000002">
    <ele>843.58</ele>
   </trkpt>
   <trkpt lat="46.79466" lon="11.935960000000001">
    <ele>842.01</ele>
   </trkpt>
   <trkpt lat="46.79478" lon="11.935780000000001">
    <ele>840.83</ele>
   </trkpt>
   <trkpt lat="46.794940000000004" lon="11.935590000000001">
    <ele>840.3000000000001</ele>
   </trkpt>
   <trkpt lat="46.79518" lon="11.935440000000002">
    <ele>839.9700000000001</ele>
   </trkpt>
   <trkpt lat="46.79538" lon="11.93546">
    <ele>838.6600000000001</ele>
   </trkpt>
   <trkpt lat="46.79547" lon="11.935450000000001">
    <ele>838.71</ele>
   </trkpt>
   <trkpt lat="46.795660000000005" lon="11.93579">
    <ele>839.32</ele>
   </trkpt>
   <trkpt lat="46.795880000000004" lon="11.936330000000002">
    <ele>839.5100000000001</ele>
   </trkpt>
   <trkpt lat="46.79596" lon="11.936580000000001">
    <ele>839.67</ele>
   </trkpt>
   <trkpt lat="46.79639" lon="11.93759">
    <ele>839.95</ele>
   </trkpt>
   <trkpt lat="46.796490000000006" lon="11.938130000000001">
    <ele>839.38</ele>
   </trkpt>
   <trkpt lat="46.796615003323765" lon="11.939004997895061">
    <ele>838.86</ele>
   </trkpt>
   <trkpt lat="46.79674000000001" lon="11.93988">
    <ele>838.28</ele>
   </trkpt>
   <trkpt lat="46.796780000000005" lon="11.94006">
    <ele>838.4</ele>
   </trkpt>
   <trkpt lat="46.79702500139913" lon="11.940624997448246">
    <ele>839.0400000000001</ele>
   </trkpt>
   <trkpt lat="46.797270000000005" lon="11.94119">
    <ele>839.98</ele>
   </trkpt>
   <trkpt lat="46.79747500270778" lon="11.94197999695169">
    <ele>840.8800000000001</ele>
   </trkpt>
   <trkpt lat="46.79768000000001" lon="11.942770000000001">
    <ele>841.64</ele>
   </trkpt>
   <trkpt lat="46.79775" lon="11.943090000000002">
    <ele>841.95</ele>
   </trkpt>
   <trkpt lat="46.797810000000005" lon="11.943570000000001">
    <ele>842.62</ele>
   </trkpt>
   <trkpt lat="46.797910003072595" lon="11.944409998437868">
    <ele>843.37</ele>
   </trkpt>
   <trkpt lat="46.798010000000005" lon="11.945250000000001">
    <ele>844.0200000000001</ele>
   </trkpt>
   <trkpt lat="46.79805" lon="11.9457">
    <ele>844.7600000000001</ele>
   </trkpt>
   <trkpt lat="46.79804" lon="11.946840000000002">
    <ele>846.43</ele>
   </trkpt>
   <trkpt lat="46.7979900036876" lon="11.947760000822711">
    <ele>848.71</ele>
   </trkpt>
   <trkpt lat="46.797940000000004" lon="11.948680000000001">
    <ele>851.45</ele>
   </trkpt>
   <trkpt lat="46.797900000000006" lon="11.948680000000001">
    <ele>851.45</ele>
   </trkpt>
   <trkpt lat="46.797810000000005" lon="11.9488">
    <ele>852.46</ele>
   </trkpt>
   <trkpt lat="46.797790000000006" lon="11.94885">
    <ele>852.46</ele>
   </trkpt>
   <trkpt lat="46.797700000000006" lon="11.948920000000001">
    <ele>854.32</ele>
   </trkpt>
   <trkpt lat="46.797650000000004" lon="11.949010000000001">
    <ele>855.19</ele>
   </trkpt>
   <trkpt lat="46.797610000000006" lon="11.949190000000002">
    <ele>855.19</ele>
   </trkpt>
   <trkpt lat="46.797630000000005" lon="11.949940000000002">
    <ele>858.95</ele>
   </trkpt>
   <trkpt lat="46.79766" lon="11.949980000000002">
    <ele>858.95</ele>
   </trkpt>
   <trkpt lat="46.79777000000001" lon="11.949980000000002">
    <ele>860.0500000000001</ele>
   </trkpt>
   <trkpt lat="46.797790000000006" lon="11.95002">
    <ele>860.0500000000001</ele>
   </trkpt>
   <trkpt lat="46.79778" lon="11.950080000000002">
    <ele>860.0500000000001</ele>
   </trkpt>
   <trkpt lat="46.797760000000004" lon="11.9501">
    <ele>860.45</ele>
   </trkpt>
   <trkpt lat="46.79768000000001" lon="11.9501">
    <ele>860.69</ele>
   </trkpt>
   <trkpt lat="46.797470000000004" lon="11.949990000000001">
    <ele>862.45</ele>
   </trkpt>
   <trkpt lat="46.79742" lon="11.95001">
    <ele>862.45</ele>
   </trkpt>
   <trkpt lat="46.797410000000006" lon="11.950050000000001">
    <ele>862.45</ele>
   </trkpt>
   <trkpt lat="46.797380000000004" lon="11.95034">
    <ele>862.6100000000001</ele>
   </trkpt>
   <trkpt lat="46.7974" lon="11.950420000000001">
    <ele>862.6100000000001</ele>
   </trkpt>
   <trkpt lat="46.797520000000006" lon="11.950500000000002">
    <ele>862.6100000000001</ele>
   </trkpt>
   <trkpt lat="46.7976" lon="11.95058">
    <ele>862.8000000000001</ele>
   </trkpt>
   <trkpt lat="46.79766" lon="11.95071">
    <ele>862.8000000000001</ele>
   </trkpt>
   <trkpt lat="46.797700000000006" lon="11.950930000000001">
    <ele>862.8000000000001</ele>
   </trkpt>
   <trkpt lat="46.79769" lon="11.95142">
    <ele>862.8100000000001</ele>
   </trkpt>
   <trkpt lat="46.797700000000006" lon="11.95146">
    <ele>862.8100000000001</ele>
   </trkpt>
   <trkpt lat="46.79777000000001" lon="11.951500000000001">
    <ele>863.1700000000001</ele>
   </trkpt>
   <trkpt lat="46.79775" lon="11.95194">
    <ele>866.21</ele>
   </trkpt>
   <trkpt lat="46.797740000000005" lon="11.953170000000002">
    <ele>876.71</ele>
   </trkpt>
   <trkpt lat="46.797630000000005" lon="11.953990000000001">
    <ele>880.83</ele>
   </trkpt>
   <trkpt lat="46.797430000000006" lon="11.954680000000002">
    <ele>885.8000000000001</ele>
   </trkpt>
   <trkpt lat="46.79731" lon="11.955290000000002">
    <ele>886.63</ele>
   </trkpt>
   <trkpt lat="46.797070000000005" lon="11.95617">
    <ele>887.3000000000001</ele>
   </trkpt>
   <trkpt lat="46.79706" lon="11.956560000000001">
    <ele>887.6100000000001</ele>
   </trkpt>
   <trkpt lat="46.7971" lon="11.956830000000002">
    <ele>888.21</ele>
   </trkpt>
   <trkpt lat="46.7971" lon="11.95714">
    <ele>888.5</ele>
   </trkpt>
   <trkpt lat="46.79708" lon="11.95739">
    <ele>889.0400000000001</ele>
   </trkpt>
   <trkpt lat="46.79704" lon="11.95758">
    <ele>889.57</ele>
   </trkpt>
   <trkpt lat="46.79684" lon="11.958100000000002">
    <ele>891.4900000000001</ele>
   </trkpt>
   <trkpt lat="46.79675" lon="11.958300000000001">
    <ele>893.6600000000001</ele>
   </trkpt>
   <trkpt lat="46.796640000000004" lon="11.958760000000002">
    <ele>895.07</ele>
   </trkpt>
   <trkpt lat="46.79625667751944" lon="11.959876682598031">
    <ele>900.7100000000002</ele>
   </trkpt>
   <trkpt lat="46.79587334417846" lon="11.960993349286687">
    <ele>904.9300000000001</ele>
   </trkpt>
   <trkpt lat="46.79549" lon="11.962110000000001">
    <ele>910.2500000000001</ele>
   </trkpt>
   <trkpt lat="46.79524000000001" lon="11.963270000000001">
    <ele>915.34</ele>
   </trkpt>
   <trkpt lat="46.79516" lon="11.96353">
    <ele>915.85</ele>
   </trkpt>
   <trkpt lat="46.794830000000005" lon="11.96441">
    <ele>921.48</ele>
   </trkpt>
   <trkpt lat="46.794630000000005" lon="11.96489">
    <ele>923.71</ele>
   </trkpt>
   <trkpt lat="46.79428" lon="11.965570000000001">
    <ele>927.3500000000001</ele>
   </trkpt>
   <trkpt lat="46.79395000318916" lon="11.966425005228084">
    <ele>936.46</ele>
   </trkpt>
   <trkpt lat="46.793620000000004" lon="11.96728">
    <ele>940.2300000000001</ele>
   </trkpt>
   <trkpt lat="46.79343000360881" lon="11.968195003409175">
    <ele>945.76</ele>
   </trkpt>
   <trkpt lat="46.793240000000004" lon="11.96911">
    <ele>953.7200000000001</ele>
   </trkpt>
   <trkpt lat="46.79317" lon="11.96962">
    <ele>956.95</ele>
   </trkpt>
   <trkpt lat="46.793060000000004" lon="11.969640000000002">
    <ele>957.8100000000001</ele>
   </trkpt>
   <trkpt lat="46.793020000000006" lon="11.96962">
    <ele>958.2</ele>
   </trkpt>
   <trkpt lat="46.79289667368348" lon="11.970516670673101">
    <ele>959.0900000000001</ele>
   </trkpt>
   <trkpt lat="46.79277334036433" lon="11.971413337236552">
    <ele>960.23</ele>
   </trkpt>
   <trkpt lat="46.79265" lon="11.97231">
    <ele>961.2900000000001</ele>
   </trkpt>
   <trkpt lat="46.79260000000001" lon="11.97231">
    <ele>961.2900000000001</ele>
   </trkpt>
   <trkpt lat="46.79256" lon="11.97234">
    <ele>961.2900000000001</ele>
   </trkpt>
   <trkpt lat="46.79244000314511" lon="11.973190001903935">
    <ele>961.6600000000001</ele>
   </trkpt>
   <trkpt lat="46.792320000000004" lon="11.97404">
    <ele>962.59</ele>
   </trkpt>
   <trkpt lat="46.792320000000004" lon="11.974300000000001">
    <ele>962.7200000000001</ele>
   </trkpt>
   <trkpt lat="46.79247" lon="11.975520000000001">
    <ele>962.67</ele>
   </trkpt>
   <trkpt lat="46.79256" lon="11.975930000000002">
    <ele>962.9900000000001</ele>
   </trkpt>
   <trkpt lat="46.79274" lon="11.976560000000001">
    <ele>963.07</ele>
   </trkpt>
   <trkpt lat="46.792750000000005" lon="11.97677">
    <ele>962.4100000000001</ele>
   </trkpt>
   <trkpt lat="46.792730000000006" lon="11.976980000000001">
    <ele>962.28</ele>
   </trkpt>
   <trkpt lat="46.792680000000004" lon="11.977160000000001">
    <ele>962.07</ele>
   </trkpt>
   <trkpt lat="46.79261" lon="11.977290000000002">
    <ele>962.1100000000001</ele>
   </trkpt>
   <trkpt lat="46.79251000000001" lon="11.97741">
    <ele>962.2700000000001</ele>
   </trkpt>
   <trkpt lat="46.791970000000006" lon="11.977870000000001">
    <ele>962.7800000000001</ele>
   </trkpt>
   <trkpt lat="46.79189" lon="11.97798">
    <ele>963.0300000000001</ele>
   </trkpt>
   <trkpt lat="46.791740000000004" lon="11.978390000000001">
    <ele>963.4800000000001</ele>
   </trkpt>
   <trkpt lat="46.79168000000001" lon="11.978720000000001">
    <ele>964.28</ele>
   </trkpt>
   <trkpt lat="46.791560007211196" lon="11.97963000406735">
    <ele>965.84</ele>
   </trkpt>
   <trkpt lat="46.79144000720992" lon="11.980540004076856">
    <ele>966.85</ele>
   </trkpt>
   <trkpt lat="46.791320000000006" lon="11.98145">
    <ele>967.19</ele>
   </trkpt>
   <trkpt lat="46.791250000000005" lon="11.98165">
    <ele>967.19</ele>
   </trkpt>
   <trkpt lat="46.791250000000005" lon="11.982000000000001">
    <ele>967.3000000000001</ele>
   </trkpt>
   <trkpt lat="46.79133" lon="11.982640000000002">
    <ele>969.25</ele>
   </trkpt>
   <trkpt lat="46.79139000000001" lon="11.98267">
    <ele>969.52</ele>
   </trkpt>
   <trkpt lat="46.79127500258933" lon="11.983445001833003">
    <ele>970.2900000000001</ele>
   </trkpt>
   <trkpt lat="46.791160000000005" lon="11.98422">
    <ele>970.5</ele>
   </trkpt>
   <trkpt lat="46.791140000000006" lon="11.98464">
    <ele>971.0200000000001</ele>
   </trkpt>
   <trkpt lat="46.79115" lon="11.985030000000002">
    <ele>971.74</ele>
   </trkpt>
   <trkpt lat="46.79124" lon="11.98581">
    <ele>974.84</ele>
   </trkpt>
   <trkpt lat="46.79126" lon="11.98614">
    <ele>974.8200000000002</ele>
   </trkpt>
   <trkpt lat="46.791250000000005" lon="11.986300000000002">
    <ele>974.8200000000002</ele>
   </trkpt>
   <trkpt lat="46.79121000000001" lon="11.986460000000001">
    <ele>975.5600000000001</ele>
   </trkpt>
   <trkpt lat="46.791070000000005" lon="11.986690000000001">
    <ele>976.6000000000001</ele>
   </trkpt>
   <trkpt lat="46.790870000000005" lon="11.986920000000001">
    <ele>977.8500000000001</ele>
   </trkpt>
   <trkpt lat="46.79072" lon="11.98717">
    <ele>978.58</ele>
   </trkpt>
   <trkpt lat="46.79068" lon="11.98731">
    <ele>979.0400000000001</ele>
   </trkpt>
   <trkpt lat="46.790610003230896" lon="11.9881700009949">
    <ele>980.3600000000001</ele>
   </trkpt>
   <trkpt lat="46.79054000000001" lon="11.989030000000001">
    <ele>983.5800000000002</ele>
   </trkpt>
   <trkpt lat="46.79055" lon="11.989370000000001">
    <ele>984.2600000000001</ele>
   </trkpt>
   <trkpt lat="46.79057" lon="11.989510000000001">
    <ele>984.6800000000001</ele>
   </trkpt>
   <trkpt lat="46.79064" lon="11.98972">
    <ele>985.2700000000001</ele>
   </trkpt>
   <trkpt lat="46.790985001931155" lon="11.990369996005352">
    <ele>986.33</ele>
   </trkpt>
   <trkpt lat="46.79133" lon="11.99102">
    <ele>987.04</ele>
   </trkpt>
   <trkpt lat="46.79148000000001" lon="11.99131">
    <ele>987.28</ele>
   </trkpt>
   <trkpt lat="46.79153" lon="11.991470000000001">
    <ele>987.28</ele>
   </trkpt>
   <trkpt lat="46.79172667857554" lon="11.992639991368026">
    <ele>987.9300000000001</ele>
   </trkpt>
   <trkpt lat="46.791923345228625" lon="11.993809991287016">
    <ele>988.4300000000001</ele>
   </trkpt>
   <trkpt lat="46.792120000000004" lon="11.994980000000002">
    <ele>988.6800000000001</ele>
   </trkpt>
   <trkpt lat="46.79214" lon="11.995360000000002">
    <ele>989.2</ele>
   </trkpt>
   <trkpt lat="46.792120000000004" lon="11.995540000000002">
    <ele>989.2</ele>
   </trkpt>
   <trkpt lat="46.792" lon="11.995880000000001">
    <ele>989.33</ele>
   </trkpt>
   <trkpt lat="46.791880000000006" lon="11.996020000000001">
    <ele>989.3600000000001</ele>
   </trkpt>
   <trkpt lat="46.791830000000004" lon="11.996070000000001">
    <ele>989.3600000000001</ele>
   </trkpt>
   <trkpt lat="46.79166000000001" lon="11.996160000000001">
    <ele>989.4000000000001</ele>
   </trkpt>
   <trkpt lat="46.79122" lon="11.99632">
    <ele>989.7800000000001</ele>
   </trkpt>
   <trkpt lat="46.791030000000006" lon="11.996360000000001">
    <ele>990.0500000000001</ele>
   </trkpt>
   <trkpt lat="46.790820000000004" lon="11.99637">
    <ele>990.5</ele>
   </trkpt>
   <trkpt lat="46.790290000000006" lon="11.99633">
    <ele>991.9000000000001</ele>
   </trkpt>
   <trkpt lat="46.79012" lon="11.996350000000001">
    <ele>992.16</ele>
   </trkpt>
   <trkpt lat="46.790000000000006" lon="11.99638">
    <ele>992.16</ele>
   </trkpt>
   <trkpt lat="46.789880000000004" lon="11.996440000000002">
    <ele>992.7900000000001</ele>
   </trkpt>
   <trkpt lat="46.78978" lon="11.996530000000002">
    <ele>992.7900000000001</ele>
   </trkpt>
   <trkpt lat="46.789620000000006" lon="11.996830000000001">
    <ele>993.3900000000001</ele>
   </trkpt>
   <trkpt lat="46.78949500331425" lon="11.997700001894563">
    <ele>994.3700000000001</ele>
   </trkpt>
   <trkpt lat="46.789370000000005" lon="11.99857">
    <ele>995.35</ele>
   </trkpt>
   <trkpt lat="46.78934" lon="11.99868">
    <ele>995.5</ele>
   </trkpt>
   <trkpt lat="46.78927" lon="11.998830000000002">
    <ele>995.5</ele>
   </trkpt>
   <trkpt lat="46.78918" lon="11.99895">
    <ele>995.5800000000002</ele>
   </trkpt>
   <trkpt lat="46.78909" lon="11.99901">
    <ele>995.6100000000001</ele>
   </trkpt>
   <trkpt lat="46.78891" lon="11.99901">
    <ele>995.65</ele>
   </trkpt>
   <trkpt lat="46.78858" lon="11.99887">
    <ele>995.83</ele>
   </trkpt>
   <trkpt lat="46.78833" lon="11.99882">
    <ele>995.8500000000001</ele>
   </trkpt>
   <trkpt lat="46.78817" lon="11.998840000000001">
    <ele>995.8500000000001</ele>
   </trkpt>
   <trkpt lat="46.787760000000006" lon="11.999030000000001">
    <ele>995.6800000000001</ele>
   </trkpt>
   <trkpt lat="46.78763000000001" lon="11.999110000000002">
    <ele>995.6700000000001</ele>
   </trkpt>
   <trkpt lat="46.787580000000005" lon="11.999160000000002">
    <ele>995.6700000000001</ele>
   </trkpt>
   <trkpt lat="46.787510000000005" lon="11.99929">
    <ele>995.6700000000001</ele>
   </trkpt>
   <trkpt lat="46.787470000000006" lon="11.999450000000001">
    <ele>995.71</ele>
   </trkpt>
   <trkpt lat="46.787490000000005" lon="11.999730000000001">
    <ele>995.6700000000001</ele>
   </trkpt>
   <trkpt lat="46.78764" lon="12.00022">
    <ele>995.3000000000001</ele>
   </trkpt>
   <trkpt lat="46.787670000000006" lon="12.000530000000001">
    <ele>995.3000000000001</ele>
   </trkpt>
   <trkpt lat="46.78761" lon="12.000820000000001">
    <ele>995.3000000000001</ele>
   </trkpt>
   <trkpt lat="46.78754000000001" lon="12.001000000000001">
    <ele>995.3000000000001</ele>
   </trkpt>
   <trkpt lat="46.787440000000004" lon="12.001130000000002">
    <ele>995.3000000000001</ele>
   </trkpt>
   <trkpt lat="46.78683" lon="12.00176">
    <ele>995.3000000000001</ele>
   </trkpt>
   <trkpt lat="46.78672" lon="12.001930000000002">
    <ele>995.3000000000001</ele>
   </trkpt>
   <trkpt lat="46.78663" lon="12.002110000000002">
    <ele>995.3000000000001</ele>
   </trkpt>
   <trkpt lat="46.786410000000004" lon="12.002780000000001">
    <ele>996.8100000000001</ele>
   </trkpt>
   <trkpt lat="46.78634" lon="12.00289">
    <ele>996.8100000000001</ele>
   </trkpt>
   <trkpt lat="46.786170000000006" lon="12.003070000000001">
    <ele>996.8100000000001</ele>
   </trkpt>
   <trkpt lat="46.78570500071982" lon="12.003470003435417">
    <ele>996.8100000000001</ele>
   </trkpt>
   <trkpt lat="46.78524" lon="12.003870000000001">
    <ele>996.8100000000001</ele>
   </trkpt>
   <trkpt lat="46.785120000000006" lon="12.004010000000001">
    <ele>996.8100000000001</ele>
   </trkpt>
   <trkpt lat="46.78502" lon="12.00417">
    <ele>997.0500000000001</ele>
   </trkpt>
   <trkpt lat="46.78491" lon="12.0043">
    <ele>997.1800000000001</ele>
   </trkpt>
   <trkpt lat="46.78483000000001" lon="12.004430000000001">
    <ele>997.3100000000001</ele>
   </trkpt>
   <trkpt lat="46.78477" lon="12.00458">
    <ele>997.44</ele>
   </trkpt>
   <trkpt lat="46.784710000000004" lon="12.00477">
    <ele>997.44</ele>
   </trkpt>
   <trkpt lat="46.784466692222125" lon="12.005853357813915">
    <ele>997.8800000000001</ele>
   </trkpt>
   <trkpt lat="46.78422337422205" lon="12.006936705834914">
    <ele>999.01</ele>
   </trkpt>
   <trkpt lat="46.78398004599995" lon="12.00802004406276">
    <ele>1000.11</ele>
   </trkpt>
   <trkpt lat="46.78373670755602" lon="12.009103372497213">
    <ele>1001.6</ele>
   </trkpt>
   <trkpt lat="46.78349335889043" lon="12.01018669113803">
    <ele>1002.65</ele>
   </trkpt>
   <trkpt lat="46.78325" lon="12.011270000000001">
    <ele>1003.87</ele>
   </trkpt>
   <trkpt lat="46.78316" lon="12.011600000000001">
    <ele>1004.85</ele>
   </trkpt>
   <trkpt lat="46.783060000000006" lon="12.011840000000001">
    <ele>1004.85</ele>
   </trkpt>
   <trkpt lat="46.78294" lon="12.012080000000001">
    <ele>1005.5100000000001</ele>
   </trkpt>
   <trkpt lat="46.782790000000006" lon="12.012310000000001">
    <ele>1005.6500000000001</ele>
   </trkpt>
   <trkpt lat="46.78264" lon="12.012490000000001">
    <ele>1005.94</ele>
   </trkpt>
   <trkpt lat="46.78212333600858" lon="12.013043343944542">
    <ele>1006.7600000000001</ele>
   </trkpt>
   <trkpt lat="46.781606669350374" lon="12.013596677268664">
    <ele>1008.2600000000001</ele>
   </trkpt>
   <trkpt lat="46.781090000000006" lon="12.01415">
    <ele>1009.0000000000001</ele>
   </trkpt>
   <trkpt lat="46.780660000000005" lon="12.01454">
    <ele>1009.6800000000001</ele>
   </trkpt>
   <trkpt lat="46.77990000324185" lon="12.015150017219904">
    <ele>1010.81</ele>
   </trkpt>
   <trkpt lat="46.77914000324269" lon="12.015760017218893">
    <ele>1012.0</ele>
   </trkpt>
   <trkpt lat="46.778380000000006" lon="12.01637">
    <ele>1013.7</ele>
   </trkpt>
   <trkpt lat="46.778130000000004" lon="12.01654">
    <ele>1014.2600000000001</ele>
   </trkpt>
   <trkpt lat="46.77788" lon="12.016660000000002">
    <ele>1014.6700000000002</ele>
   </trkpt>
   <trkpt lat="46.77779" lon="12.016680000000001">
    <ele>1014.6700000000002</ele>
   </trkpt>
   <trkpt lat="46.777550000000005" lon="12.0167">
    <ele>1015.12</ele>
   </trkpt>
   <trkpt lat="46.77698" lon="12.016660000000002">
    <ele>1016.2500000000001</ele>
   </trkpt>
   <trkpt lat="46.776830000000004" lon="12.016670000000001">
    <ele>1016.72</ele>
   </trkpt>
   <trkpt lat="46.77669" lon="12.016710000000002">
    <ele>1017.0300000000001</ele>
   </trkpt>
   <trkpt lat="46.77655" lon="12.01678">
    <ele>1017.0300000000001</ele>
   </trkpt>
   <trkpt lat="46.776430000000005" lon="12.016890000000002">
    <ele>1018.0500000000001</ele>
   </trkpt>
   <trkpt lat="46.776320000000005" lon="12.01702">
    <ele>1018.0500000000001</ele>
   </trkpt>
   <trkpt lat="46.77622" lon="12.0172">
    <ele>1018.2600000000001</ele>
   </trkpt>
   <trkpt lat="46.776140000000005" lon="12.0174">
    <ele>1018.4300000000002</ele>
   </trkpt>
   <trkpt lat="46.775960000000005" lon="12.018160000000002">
    <ele>1018.9200000000001</ele>
   </trkpt>
   <trkpt lat="46.77572000690641" lon="12.019420005654954">
    <ele>1018.98</ele>
   </trkpt>
   <trkpt lat="46.77548" lon="12.02068">
    <ele>1019.0400000000002</ele>
   </trkpt>
   <trkpt lat="46.775360000000006" lon="12.02115">
    <ele>1018.8400000000001</ele>
   </trkpt>
   <trkpt lat="46.775055002013346" lon="12.021825003758593">
    <ele>1017.76</ele>
   </trkpt>
   <trkpt lat="46.774750000000004" lon="12.0225">
    <ele>1016.8900000000001</ele>
   </trkpt>
   <trkpt lat="46.77469000000001" lon="12.022680000000001">
    <ele>1016.38</ele>
   </trkpt>
   <trkpt lat="46.77461" lon="12.02311">
    <ele>1016.1200000000001</ele>
   </trkpt>
   <trkpt lat="46.77458000000001" lon="12.023470000000001">
    <ele>1015.8800000000001</ele>
   </trkpt>
   <trkpt lat="46.77457002207954" lon="12.024770000737574">
    <ele>1014.54</ele>
   </trkpt>
   <trkpt lat="46.774560029439286" lon="12.026070000993055">
    <ele>1012.69</ele>
   </trkpt>
   <trkpt lat="46.7745500220793" lon="12.027370000765732">
    <ele>1011.42</ele>
   </trkpt>
   <trkpt lat="46.77454" lon="12.028670000000002">
    <ele>1010.81</ele>
   </trkpt>
   <trkpt lat="46.77451000000001" lon="12.029060000000001">
    <ele>1010.81</ele>
   </trkpt>
   <trkpt lat="46.774460000000005" lon="12.02941">
    <ele>1010.54</ele>
   </trkpt>
   <trkpt lat="46.77431000000001" lon="12.029940000000002">
    <ele>1010.1600000000002</ele>
   </trkpt>
   <trkpt lat="46.77407" lon="12.0304">
    <ele>1009.6100000000001</ele>
   </trkpt>
   <trkpt lat="46.773880000000005" lon="12.030690000000002">
    <ele>1009.42</ele>
   </trkpt>
   <trkpt lat="46.773590000000006" lon="12.031020000000002">
    <ele>1009.29</ele>
   </trkpt>
   <trkpt lat="46.77328000000001" lon="12.031300000000002">
    <ele>1009.47</ele>
   </trkpt>
   <trkpt lat="46.77317" lon="12.03142">
    <ele>1009.47</ele>
   </trkpt>
   <trkpt lat="46.77306" lon="12.031580000000002">
    <ele>1009.8200000000002</ele>
   </trkpt>
   <trkpt lat="46.772940000000006" lon="12.031880000000001">
    <ele>1009.9900000000001</ele>
   </trkpt>
   <trkpt lat="46.7727700016525" lon="12.032500002035656">
    <ele>1010.3300000000002</ele>
   </trkpt>
   <trkpt lat="46.772600000000004" lon="12.03312">
    <ele>1010.98</ele>
   </trkpt>
   <trkpt lat="46.77257" lon="12.033370000000001">
    <ele>1011.6</ele>
   </trkpt>
   <trkpt lat="46.772560000000006" lon="12.03391">
    <ele>1011.6899999999999</ele>
   </trkpt>
   <trkpt lat="46.77262334324281" lon="12.034976664149285">
    <ele>1012.65</ele>
   </trkpt>
   <trkpt lat="46.772686676575645" lon="12.036043330807516">
    <ele>1013.8100000000001</ele>
   </trkpt>
   <trkpt lat="46.77275" lon="12.03711">
    <ele>1015.1700000000001</ele>
   </trkpt>
   <trkpt lat="46.77281000000001" lon="12.037400000000002">
    <ele>1015.1700000000001</ele>
   </trkpt>
   <trkpt lat="46.77288" lon="12.037630000000002">
    <ele>1016.0</ele>
   </trkpt>
   <trkpt lat="46.7732" lon="12.038400000000001">
    <ele>1016.7600000000001</ele>
   </trkpt>
   <trkpt lat="46.773250000000004" lon="12.038590000000001">
    <ele>1016.7600000000001</ele>
   </trkpt>
   <trkpt lat="46.77329" lon="12.03894">
    <ele>1017.19</ele>
   </trkpt>
   <trkpt lat="46.773210000000006" lon="12.040030000000002">
    <ele>1018.1</ele>
   </trkpt>
   <trkpt lat="46.77310000000001" lon="12.040550000000001">
    <ele>1018.5699999999999</ele>
   </trkpt>
   <trkpt lat="46.77262" lon="12.041480000000002">
    <ele>1019.6400000000001</ele>
   </trkpt>
   <trkpt lat="46.772960000802904" lon="12.041914997226659">
    <ele>1017.19</ele>
   </trkpt>
   <trkpt lat="46.773300000000006" lon="12.04235">
    <ele>1015.6899999999999</ele>
   </trkpt>
   <trkpt lat="46.77355000000001" lon="12.04264">
    <ele>1014.65</ele>
   </trkpt>
   <trkpt lat="46.77396" lon="12.043040000000001">
    <ele>1013.5899999999999</ele>
   </trkpt>
   <trkpt lat="46.774280000000005" lon="12.0433">
    <ele>1013.66</ele>
   </trkpt>
   <trkpt lat="46.77506500142181" lon="12.043874991604893">
    <ele>1014.0200000000001</ele>
   </trkpt>
   <trkpt lat="46.775850000000005" lon="12.044450000000001">
    <ele>1014.74</ele>
   </trkpt>
   <trkpt lat="46.776" lon="12.044730000000001">
    <ele>1014.9200000000001</ele>
   </trkpt>
   <trkpt lat="46.776030000000006" lon="12.044880000000001">
    <ele>1015.1000000000001</ele>
   </trkpt>
   <trkpt lat="46.776070000000004" lon="12.04493">
    <ele>1015.1000000000001</ele>
   </trkpt>
   <trkpt lat="46.77617" lon="12.044970000000001">
    <ele>1015.1700000000001</ele>
   </trkpt>
   <trkpt lat="46.776270000000004" lon="12.044910000000002">
    <ele>1015.1800000000002</ele>
   </trkpt>
   <trkpt lat="46.776300000000006" lon="12.04485">
    <ele>1015.1800000000002</ele>
   </trkpt>
   <trkpt lat="46.776320000000005" lon="12.04476">
    <ele>1015.1800000000002</ele>
   </trkpt>
   <trkpt lat="46.77628000000001" lon="12.044580000000002">
    <ele>1015.25</ele>
   </trkpt>
   <trkpt lat="46.77637000000001" lon="12.04447">
    <ele>1015.25</ele>
   </trkpt>
   <trkpt lat="46.77669" lon="12.04415">
    <ele>1015.4100000000001</ele>
   </trkpt>
   <trkpt lat="46.777240000000006" lon="12.043470000000001">
    <ele>1016.48</ele>
   </trkpt>
   <trkpt lat="46.77738" lon="12.043320000000001">
    <ele>1016.35</ele>
   </trkpt>
   <trkpt lat="46.77761" lon="12.043140000000001">
    <ele>1017.53</ele>
   </trkpt>
   <trkpt lat="46.777820000000006" lon="12.043000000000001">
    <ele>1018.58</ele>
   </trkpt>
   <trkpt lat="46.778040000000004" lon="12.042910000000001">
    <ele>1019.63</ele>
   </trkpt>
   <trkpt lat="46.77859" lon="12.042840000000002">
    <ele>1022.6000000000001</ele>
   </trkpt>
   <trkpt lat="46.778850000000006" lon="12.04287">
    <ele>1028.47</ele>
   </trkpt>
   <trkpt lat="46.77913" lon="12.04297">
    <ele>1028.47</ele>
   </trkpt>
   <trkpt lat="46.77928000000001" lon="12.04307">
    <ele>1028.47</ele>
   </trkpt>
   <trkpt lat="46.779680000000006" lon="12.04339">
    <ele>1036.21</ele>
   </trkpt>
   <trkpt lat="46.77991" lon="12.043660000000001">
    <ele>1037.8500000000001</ele>
   </trkpt>
   <trkpt lat="46.78040000000001" lon="12.04438">
    <ele>1045.2400000000002</ele>
   </trkpt>
   <trkpt lat="46.78085" lon="12.04499">
    <ele>1049.3300000000002</ele>
   </trkpt>
   <trkpt lat="46.78132" lon="12.045580000000001">
    <ele>1054.19</ele>
   </trkpt>
   <trkpt lat="46.78168000067077" lon="12.04598499724292">
    <ele>1056.94</ele>
   </trkpt>
   <trkpt lat="46.78204" lon="12.04639">
    <ele>1058.23</ele>
   </trkpt>
   <trkpt lat="46.78267" lon="12.047020000000002">
    <ele>1061.56</ele>
   </trkpt>
   <trkpt lat="46.78312500086839" lon="12.047444996484474">
    <ele>1065.76</ele>
   </trkpt>
   <trkpt lat="46.78358" lon="12.047870000000001">
    <ele>1068.99</ele>
   </trkpt>
   <trkpt lat="46.784025000661615" lon="12.048304996245461">
    <ele>1071.72</ele>
   </trkpt>
   <trkpt lat="46.784470000000006" lon="12.04874">
    <ele>1076.54</ele>
   </trkpt>
   <trkpt lat="46.784690000000005" lon="12.04897">
    <ele>1077.8300000000002</ele>
   </trkpt>
   <trkpt lat="46.78538" lon="12.049760000000001">
    <ele>1083.7</ele>
   </trkpt>
   <trkpt lat="46.786015008663234" lon="12.050574971139367">
    <ele>1086.41</ele>
   </trkpt>
   <trkpt lat="46.78665001154155" lon="12.051389961506349">
    <ele>1088.0</ele>
   </trkpt>
   <trkpt lat="46.787285008634676" lon="12.052204971101654">
    <ele>1089.1399999999999</ele>
   </trkpt>
   <trkpt lat="46.78792000000001" lon="12.053020000000002">
    <ele>1090.13</ele>
   </trkpt>
   <trkpt lat="46.78839000000001" lon="12.053560000000001">
    <ele>1090.66</ele>
   </trkpt>
   <trkpt lat="46.789120000000004" lon="12.05423">
    <ele>1091.16</ele>
   </trkpt>
   <trkpt lat="46.78974" lon="12.054670000000002">
    <ele>1091.52</ele>
   </trkpt>
   <trkpt lat="46.79043" lon="12.055090000000002">
    <ele>1091.49</ele>
   </trkpt>
   <trkpt lat="46.790820000000004" lon="12.05527">
    <ele>1091.39</ele>
   </trkpt>
   <trkpt lat="46.7914" lon="12.055600000000002">
    <ele>1091.15</ele>
   </trkpt>
   <trkpt lat="46.79218000065881" lon="12.055979994507256">
    <ele>1090.17</ele>
   </trkpt>
   <trkpt lat="46.79296" lon="12.056360000000002">
    <ele>1087.73</ele>
   </trkpt>
   <trkpt lat="46.793420000000005" lon="12.056470000000001">
    <ele>1086.19</ele>
   </trkpt>
   <trkpt lat="46.79397" lon="12.05652">
    <ele>1085.05</ele>
   </trkpt>
   <trkpt lat="46.79476500003411" lon="12.056500000294648">
    <ele>1083.82</ele>
   </trkpt>
   <trkpt lat="46.79556" lon="12.05648">
    <ele>1083.22</ele>
   </trkpt>
   <trkpt lat="46.79599" lon="12.05653">
    <ele>1083.08</ele>
   </trkpt>
   <trkpt lat="46.79632" lon="12.05663">
    <ele>1082.8</ele>
   </trkpt>
   <trkpt lat="46.79681" lon="12.056870000000002">
    <ele>1082.81</ele>
   </trkpt>
   <trkpt lat="46.79711" lon="12.057060000000002">
    <ele>1082.92</ele>
   </trkpt>
   <trkpt lat="46.79737" lon="12.05728">
    <ele>1083.3300000000002</ele>
   </trkpt>
   <trkpt lat="46.79790000142482" lon="12.057849994396348">
    <ele>1084.2</ele>
   </trkpt>
   <trkpt lat="46.79843" lon="12.058420000000002">
    <ele>1084.7300000000002</ele>
   </trkpt>
   <trkpt lat="46.79882500084858" lon="12.0588199972173">
    <ele>1084.99</ele>
   </trkpt>
   <trkpt lat="46.799220000000005" lon="12.059220000000002">
    <ele>1085.63</ele>
   </trkpt>
   <trkpt lat="46.799890000000005" lon="12.05982">
    <ele>1085.8100000000002</ele>
   </trkpt>
   <trkpt lat="46.80068000000001" lon="12.060350000000001">
    <ele>1086.0500000000002</ele>
   </trkpt>
   <trkpt lat="46.801500000000004" lon="12.060830000000001">
    <ele>1086.7300000000002</ele>
   </trkpt>
   <trkpt lat="46.801970000000004" lon="12.06127">
    <ele>1087.3600000000001</ele>
   </trkpt>
   <trkpt lat="46.80232" lon="12.061710000000001">
    <ele>1088.6200000000001</ele>
   </trkpt>
   <trkpt lat="46.802830006117915" lon="12.062546650838774">
    <ele>1090.29</ele>
   </trkpt>
   <trkpt lat="46.803340006139294" lon="12.063383317540238">
    <ele>1091.73</ele>
   </trkpt>
   <trkpt lat="46.803850000000004" lon="12.06422">
    <ele>1092.6100000000001</ele>
   </trkpt>
   <trkpt lat="46.804170000000006" lon="12.064670000000001">
    <ele>1092.8600000000001</ele>
   </trkpt>
   <trkpt lat="46.804550000000006" lon="12.06507">
    <ele>1092.4</ele>
   </trkpt>
   <trkpt lat="46.80496" lon="12.065380000000001">
    <ele>1092.19</ele>
   </trkpt>
   <trkpt lat="46.805420000000005" lon="12.065610000000001">
    <ele>1091.3700000000001</ele>
   </trkpt>
   <trkpt lat="46.80604" lon="12.065800000000001">
    <ele>1091.01</ele>
   </trkpt>
   <trkpt lat="46.806770000254765" lon="12.065939994299931">
    <ele>1090.09</ele>
   </trkpt>
   <trkpt lat="46.80750000033884" lon="12.066079992399615">
    <ele>1089.32</ele>
   </trkpt>
   <trkpt lat="46.808230000252216" lon="12.06621999429924">
    <ele>1088.7300000000002</ele>
   </trkpt>
   <trkpt lat="46.808960000000006" lon="12.066360000000001">
    <ele>1088.0</ele>
   </trkpt>
   <trkpt lat="46.80932000000001" lon="12.066490000000002">
    <ele>1087.7800000000002</ele>
   </trkpt>
   <trkpt lat="46.80970000000001" lon="12.06672">
    <ele>1087.22</ele>
   </trkpt>
   <trkpt lat="46.809900000000006" lon="12.066880000000001">
    <ele>1087.16</ele>
   </trkpt>
   <trkpt lat="46.810190000000006" lon="12.067210000000001">
    <ele>1087.26</ele>
   </trkpt>
   <trkpt lat="46.810390000000005" lon="12.067480000000002">
    <ele>1087.52</ele>
   </trkpt>
   <trkpt lat="46.81054" lon="12.06774">
    <ele>1087.8000000000002</ele>
   </trkpt>
   <trkpt lat="46.8108300017929" lon="12.068374996657152">
    <ele>1088.1000000000001</ele>
   </trkpt>
   <trkpt lat="46.81112" lon="12.06901">
    <ele>1088.39</ele>
   </trkpt>
   <trkpt lat="46.81136" lon="12.06943">
    <ele>1088.51</ele>
   </trkpt>
   <trkpt lat="46.811830001237546" lon="12.069984995027307">
    <ele>1087.75</ele>
   </trkpt>
   <trkpt lat="46.8123" lon="12.070540000000001">
    <ele>1087.6000000000001</ele>
   </trkpt>
   <trkpt lat="46.81262" lon="12.07108">
    <ele>1088.78</ele>
   </trkpt>
   <trkpt lat="46.81282" lon="12.071570000000001">
    <ele>1090.26</ele>
   </trkpt>
   <trkpt lat="46.81311" lon="12.07244">
    <ele>1093.42</ele>
   </trkpt>
   <trkpt lat="46.813280000000006" lon="12.07291">
    <ele>1094.74</ele>
   </trkpt>
   <trkpt lat="46.81354" lon="12.07343">
    <ele>1096.6200000000001</ele>
   </trkpt>
   <trkpt lat="46.81365" lon="12.073620000000002">
    <ele>1097.13</ele>
   </trkpt>
   <trkpt lat="46.81394" lon="12.07403">
    <ele>1097.68</ele>
   </trkpt>
   <trkpt lat="46.81423" lon="12.07435">
    <ele>1097.55</ele>
   </trkpt>
   <trkpt lat="46.81448" lon="12.07459">
    <ele>1097.28</ele>
   </trkpt>
   <trkpt lat="46.814800000000005" lon="12.074800000000002">
    <ele>1097.08</ele>
   </trkpt>
   <trkpt lat="46.815310000000004" lon="12.075030000000002">
    <ele>1096.56</ele>
   </trkpt>
   <trkpt lat="46.81585499986225" lon="12.075144998793267">
    <ele>1095.8700000000001</ele>
   </trkpt>
   <trkpt lat="46.8164" lon="12.07526">
    <ele>1094.8300000000002</ele>
   </trkpt>
   <trkpt lat="46.816660000000006" lon="12.075330000000001">
    <ele>1094.45</ele>
   </trkpt>
   <trkpt lat="46.81685" lon="12.0754">
    <ele>1094.27</ele>
   </trkpt>
   <trkpt lat="46.81736" lon="12.075690000000002">
    <ele>1094.78</ele>
   </trkpt>
   <trkpt lat="46.81772" lon="12.075970000000002">
    <ele>1095.17</ele>
   </trkpt>
   <trkpt lat="46.818020000000004" lon="12.076260000000001">
    <ele>1095.43</ele>
   </trkpt>
   <trkpt lat="46.81824" lon="12.07651">
    <ele>1095.5700000000002</ele>
   </trkpt>
   <trkpt lat="46.81864" lon="12.07712">
    <ele>1095.89</ele>
   </trkpt>
   <trkpt lat="46.81910401127914" lon="12.07792397228144">
    <ele>1095.5900000000001</ele>
   </trkpt>
   <trkpt lat="46.81956801692888" lon="12.078727958439178">
    <ele>1095.5000000000002</ele>
   </trkpt>
   <trkpt lat="46.82003201694906" lon="12.079531958473517">
    <ele>1095.73</ele>
   </trkpt>
   <trkpt lat="46.82049601133947" lon="12.080335972384752">
    <ele>1096.0700000000002</ele>
   </trkpt>
   <trkpt lat="46.82096000000001" lon="12.081140000000001">
    <ele>1097.0600000000002</ele>
   </trkpt>
   <trkpt lat="46.821200000000005" lon="12.081520000000001">
    <ele>1097.8100000000002</ele>
   </trkpt>
   <trkpt lat="46.82146" lon="12.081830000000002">
    <ele>1097.9800000000002</ele>
   </trkpt>
   <trkpt lat="46.821720000000006" lon="12.08209">
    <ele>1098.41</ele>
   </trkpt>
   <trkpt lat="46.821920000000006" lon="12.08225">
    <ele>1098.41</ele>
   </trkpt>
   <trkpt lat="46.822100000000006" lon="12.082360000000001">
    <ele>1099.02</ele>
   </trkpt>
   <trkpt lat="46.822390000000006" lon="12.08248">
    <ele>1099.05</ele>
   </trkpt>
   <trkpt lat="46.822660000000006" lon="12.082550000000001">
    <ele>1099.1399999999999</ele>
   </trkpt>
   <trkpt lat="46.82296" lon="12.08257">
    <ele>1099.3600000000001</ele>
   </trkpt>
   <trkpt lat="46.82382499989021" lon="12.082550000324382">
    <ele>1100.51</ele>
   </trkpt>
   <trkpt lat="46.824690000000004" lon="12.08253">
    <ele>1102.0100000000002</ele>
   </trkpt>
   <trkpt lat="46.825070000000004" lon="12.082540000000002">
    <ele>1102.0100000000002</ele>
   </trkpt>
   <trkpt lat="46.82546000000001" lon="12.082600000000001">
    <ele>1102.8</ele>
   </trkpt>
   <trkpt lat="46.825900000000004" lon="12.0827">
    <ele>1103.39</ele>
   </trkpt>
   <trkpt lat="46.826350000000005" lon="12.08285">
    <ele>1104.1000000000001</ele>
   </trkpt>
   <trkpt lat="46.82693000023333" lon="12.083084997461468">
    <ele>1104.6299999999999</ele>
   </trkpt>
   <trkpt lat="46.827510000000004" lon="12.08332">
    <ele>1105.8000000000002</ele>
   </trkpt>
   <trkpt lat="46.827980000000004" lon="12.083440000000001">
    <ele>1106.64</ele>
   </trkpt>
   <trkpt lat="46.82818" lon="12.08347">
    <ele>1107.2600000000002</ele>
   </trkpt>
   <trkpt lat="46.82894" lon="12.083540000000001">
    <ele>1110.78</ele>
   </trkpt>
   <trkpt lat="46.82932" lon="12.08364">
    <ele>1112.89</ele>
   </trkpt>
   <trkpt lat="46.82968" lon="12.08383">
    <ele>1115.8300000000002</ele>
   </trkpt>
   <trkpt lat="46.83034000000001" lon="12.084270000000002">
    <ele>1122.1499999999999</ele>
   </trkpt>
   <trkpt lat="46.83059" lon="12.084380000000001">
    <ele>1124.56</ele>
   </trkpt>
   <trkpt lat="46.830920000000006" lon="12.08449">
    <ele>1127.0500000000002</ele>
   </trkpt>
   <trkpt lat="46.831590000012056" lon="12.084564999063634">
    <ele>1134.7500000000002</ele>
   </trkpt>
   <trkpt lat="46.832260000000005" lon="12.08464">
    <ele>1140.3300000000002</ele>
   </trkpt>
   <trkpt lat="46.832480000000004" lon="12.084700000000002">
    <ele>1142.1100000000001</ele>
   </trkpt>
   <trkpt lat="46.83278000000001" lon="12.084810000000001">
    <ele>1144.2</ele>
   </trkpt>
   <trkpt lat="46.83317" lon="12.08505">
    <ele>1146.73</ele>
   </trkpt>
   <trkpt lat="46.83390000000001" lon="12.08567">
    <ele>1149.9099999999999</ele>
   </trkpt>
   <trkpt lat="46.83433" lon="12.085920000000002">
    <ele>1152.9</ele>
   </trkpt>
   <trkpt lat="46.83444" lon="12.085960000000002">
    <ele>1153.6000000000001</ele>
   </trkpt>
   <trkpt lat="46.834900000000005" lon="12.08609">
    <ele>1157.8000000000002</ele>
   </trkpt>
   <trkpt lat="46.835730000000005" lon="12.086170000000001">
    <ele>1164.0600000000002</ele>
   </trkpt>
   <trkpt lat="46.836240000000004" lon="12.086200000000002">
    <ele>1165.9</ele>
   </trkpt>
   <trkpt lat="46.83652000000001" lon="12.086240000000002">
    <ele>1166.2700000000002</ele>
   </trkpt>
   <trkpt lat="46.83684" lon="12.08633">
    <ele>1167.3600000000001</ele>
   </trkpt>
   <trkpt lat="46.83717" lon="12.086500000000001">
    <ele>1168.1200000000001</ele>
   </trkpt>
   <trkpt lat="46.837360000000004" lon="12.08665">
    <ele>1168.8</ele>
   </trkpt>
   <trkpt lat="46.837720000000004" lon="12.08702">
    <ele>1169.1200000000001</ele>
   </trkpt>
   <trkpt lat="46.83787" lon="12.087240000000001">
    <ele>1170.79</ele>
   </trkpt>
   <trkpt lat="46.83812" lon="12.087700000000002">
    <ele>1173.78</ele>
   </trkpt>
   <trkpt lat="46.83843667265804" lon="12.088529990195791">
    <ele>1176.98</ele>
   </trkpt>
   <trkpt lat="46.83875333931672" lon="12.089359990174732">
    <ele>1181.06</ele>
   </trkpt>
   <trkpt lat="46.83907000000001" lon="12.090190000000002">
    <ele>1182.99</ele>
   </trkpt>
   <trkpt lat="46.83941" lon="12.090900000000001">
    <ele>1184.69</ele>
   </trkpt>
   <trkpt lat="46.839780000000005" lon="12.091550000000002">
    <ele>1187.42</ele>
   </trkpt>
   <trkpt lat="46.84035" lon="12.09237">
    <ele>1192.95</ele>
   </trkpt>
   <trkpt lat="46.84098" lon="12.09309">
    <ele>1196.72</ele>
   </trkpt>
   <trkpt lat="46.84160000000001" lon="12.093660000000002">
    <ele>1203.78</ele>
   </trkpt>
   <trkpt lat="46.842200000000005" lon="12.094100000000001">
    <ele>1207.21</ele>
   </trkpt>
   <trkpt lat="46.84279333464263" lon="12.094486658130577">
    <ele>1209.5</ele>
   </trkpt>
   <trkpt lat="46.84338666798326" lon="12.094873324801867">
    <ele>1215.18</ele>
   </trkpt>
   <trkpt lat="46.84398" lon="12.095260000000001">
    <ele>1219.4</ele>
   </trkpt>
   <trkpt lat="46.844730000000006" lon="12.095640000000001">
    <ele>1224.94</ele>
   </trkpt>
   <trkpt lat="46.845310000000005" lon="12.095860000000002">
    <ele>1229.17</ele>
   </trkpt>
   <trkpt lat="46.845890000000004" lon="12.096050000000002">
    <ele>1234.6200000000001</ele>
   </trkpt>
   <trkpt lat="46.84671" lon="12.096210000000001">
    <ele>1237.2500000000002</ele>
   </trkpt>
   <trkpt lat="46.847210000000004" lon="12.09628">
    <ele>1238.82</ele>
   </trkpt>
   <trkpt lat="46.84807142883807" lon="12.096381418811083">
    <ele>1241.8</ele>
   </trkpt>
   <trkpt lat="46.84893285758655" lon="12.096482840875193">
    <ele>1242.55</ele>
   </trkpt>
   <trkpt lat="46.84979428624546" lon="12.096584266192536">
    <ele>1241.8600000000001</ele>
   </trkpt>
   <trkpt lat="46.85065571481478" lon="12.096685694763309">
    <ele>1240.28</ele>
   </trkpt>
   <trkpt lat="46.8515171432945" lon="12.096787126587719">
    <ele>1237.09</ele>
   </trkpt>
   <trkpt lat="46.852378571684646" lon="12.096888561665967">
    <ele>1235.74</ele>
   </trkpt>
   <trkpt lat="46.85324000000001" lon="12.096990000000002">
    <ele>1236.01</ele>
   </trkpt>
   <trkpt lat="46.85385" lon="12.097100000000001">
    <ele>1236.45</ele>
   </trkpt>
   <trkpt lat="46.85445000000001" lon="12.097270000000002">
    <ele>1236.7400000000002</ele>
   </trkpt>
   <trkpt lat="46.85459" lon="12.097320000000002">
    <ele>1237.0800000000002</ele>
   </trkpt>
   <trkpt lat="46.8549" lon="12.097460000000002">
    <ele>1237.23</ele>
   </trkpt>
   <trkpt lat="46.855450000000005" lon="12.09778">
    <ele>1237.8300000000002</ele>
   </trkpt>
   <trkpt lat="46.85609" lon="12.09828">
    <ele>1238.0300000000002</ele>
   </trkpt>
   <trkpt lat="46.85631" lon="12.098490000000002">
    <ele>1238.21</ele>
   </trkpt>
   <trkpt lat="46.85663" lon="12.09885">
    <ele>1238.34</ele>
   </trkpt>
   <trkpt lat="46.85694" lon="12.099260000000001">
    <ele>1238.49</ele>
   </trkpt>
   <trkpt lat="46.85721" lon="12.099660000000002">
    <ele>1239.06</ele>
   </trkpt>
   <trkpt lat="46.857530000000004" lon="12.100180000000002">
    <ele>1239.42</ele>
   </trkpt>
   <trkpt lat="46.8579" lon="12.10083">
    <ele>1240.3700000000001</ele>
   </trkpt>
   <trkpt lat="46.85830333815432" lon="12.101573322183171">
    <ele>1241.8200000000002</ele>
   </trkpt>
   <trkpt lat="46.858706671497" lon="12.102316655533576">
    <ele>1243.0100000000002</ele>
   </trkpt>
   <trkpt lat="46.85911" lon="12.103060000000001">
    <ele>1244.67</ele>
   </trkpt>
   <trkpt lat="46.859390000000005" lon="12.103510000000002">
    <ele>1245.8500000000001</ele>
   </trkpt>
   <trkpt lat="46.85965" lon="12.103900000000001">
    <ele>1247.4900000000002</ele>
   </trkpt>
   <trkpt lat="46.86021500231964" lon="12.104634992223115">
    <ele>1249.89</ele>
   </trkpt>
   <trkpt lat="46.860780000000005" lon="12.10537">
    <ele>1252.0</ele>
   </trkpt>
   <trkpt lat="46.86138000273195" lon="12.106164991089026">
    <ele>1254.3300000000002</ele>
   </trkpt>
   <trkpt lat="46.86198" lon="12.10696">
    <ele>1258.39</ele>
   </trkpt>
   <trkpt lat="46.862170000000006" lon="12.107170000000002">
    <ele>1258.39</ele>
   </trkpt>
   <trkpt lat="46.862390000000005" lon="12.107380000000001">
    <ele>1258.95</ele>
   </trkpt>
   <trkpt lat="46.86262000000001" lon="12.10757">
    <ele>1260.1200000000001</ele>
   </trkpt>
   <trkpt lat="46.86340000135848" lon="12.108104992303867">
    <ele>1263.92</ele>
   </trkpt>
   <trkpt lat="46.864180000000005" lon="12.108640000000001">
    <ele>1269.13</ele>
   </trkpt>
   <trkpt lat="46.864830000000005" lon="12.10931">
    <ele>1272.38</ele>
   </trkpt>
   <trkpt lat="46.865210000000005" lon="12.109750000000002">
    <ele>1275.3600000000001</ele>
   </trkpt>
   <trkpt lat="46.865700000000004" lon="12.110420000000001">
    <ele>1279.38</ele>
   </trkpt>
   <trkpt lat="46.86614" lon="12.11114">
    <ele>1285.1800000000003</ele>
   </trkpt>
   <trkpt lat="46.866530000000004" lon="12.11195">
    <ele>1291.2700000000002</ele>
   </trkpt>
   <trkpt lat="46.866820000000004" lon="12.11264">
    <ele>1295.74</ele>
   </trkpt>
   <trkpt lat="46.86699" lon="12.112940000000002">
    <ele>1296.7700000000002</ele>
   </trkpt>
   <trkpt lat="46.867180000000005" lon="12.113220000000002">
    <ele>1298.0500000000002</ele>
   </trkpt>
   <trkpt lat="46.86742" lon="12.113470000000001">
    <ele>1299.5500000000002</ele>
   </trkpt>
   <trkpt lat="46.867900000873966" lon="12.113919995968647">
    <ele>1303.05</ele>
   </trkpt>
   <trkpt lat="46.86838" lon="12.114370000000001">
    <ele>1309.4</ele>
   </trkpt>
   <trkpt lat="46.868660000000006" lon="12.114730000000002">
    <ele>1313.16</ele>
   </trkpt>
   <trkpt lat="46.86882000000001" lon="12.114980000000001">
    <ele>1315.49</ele>
   </trkpt>
   <trkpt lat="46.86908500130905" lon="12.115534997192645">
    <ele>1321.45</ele>
   </trkpt>
   <trkpt lat="46.869350000000004" lon="12.116090000000002">
    <ele>1323.3400000000001</ele>
   </trkpt>
   <trkpt lat="46.86954" lon="12.11639">
    <ele>1327.18</ele>
   </trkpt>
   <trkpt lat="46.8697" lon="12.116610000000001">
    <ele>1329.13</ele>
   </trkpt>
   <trkpt lat="46.8699" lon="12.11683">
    <ele>1331.8400000000001</ele>
   </trkpt>
   <trkpt lat="46.870160000000006" lon="12.117040000000001">
    <ele>1333.94</ele>
   </trkpt>
   <trkpt lat="46.870360000000005" lon="12.11716">
    <ele>1335.5400000000002</ele>
   </trkpt>
   <trkpt lat="46.87109" lon="12.117540000000002">
    <ele>1340.69</ele>
   </trkpt>
   <trkpt lat="46.871590000000005" lon="12.117980000000001">
    <ele>1345.08</ele>
   </trkpt>
   <trkpt lat="46.872150000000005" lon="12.1186">
    <ele>1352.7</ele>
   </trkpt>
   <trkpt lat="46.872460000000004" lon="12.119100000000001">
    <ele>1355.5900000000001</ele>
   </trkpt>
   <trkpt lat="46.87268" lon="12.119560000000002">
    <ele>1358.91</ele>
   </trkpt>
   <trkpt lat="46.87293000198078" lon="12.120234996847488">
    <ele>1365.65</ele>
   </trkpt>
   <trkpt lat="46.873180000000005" lon="12.12091">
    <ele>1372.77</ele>
   </trkpt>
   <trkpt lat="46.87357" lon="12.121590000000001">
    <ele>1377.43</ele>
   </trkpt>
   <trkpt lat="46.873940000000005" lon="12.122020000000001">
    <ele>1385.31</ele>
   </trkpt>
   <trkpt lat="46.8742" lon="12.122290000000001">
    <ele>1385.31</ele>
   </trkpt>
   <trkpt lat="46.87463" lon="12.12293">
    <ele>1392.3500000000001</ele>
   </trkpt>
   <trkpt lat="46.874790000000004" lon="12.123320000000001">
    <ele>1396.24</ele>
   </trkpt>
   <trkpt lat="46.874970000000005" lon="12.12391">
    <ele>1403.8799999999999</ele>
   </trkpt>
   <trkpt lat="46.87503" lon="12.12434">
    <ele>1405.82</ele>
   </trkpt>
   <trkpt lat="46.87507" lon="12.124920000000001">
    <ele>1410.97</ele>
   </trkpt>
   <trkpt lat="46.875040000000006" lon="12.125420000000002">
    <ele>1414.5100000000002</ele>
   </trkpt>
   <trkpt lat="46.874990000000004" lon="12.125720000000001">
    <ele>1414.5100000000002</ele>
   </trkpt>
   <trkpt lat="46.874900000000004" lon="12.12615">
    <ele>1420.15</ele>
   </trkpt>
   <trkpt lat="46.87474" lon="12.126660000000001">
    <ele>1424.49</ele>
   </trkpt>
   <trkpt lat="46.874450002877275" lon="12.127475004445685">
    <ele>1432.7200000000003</ele>
   </trkpt>
   <trkpt lat="46.87416" lon="12.128290000000002">
    <ele>1438.46</ele>
   </trkpt>
   <trkpt lat="46.873905002363" lon="12.129025003461166">
    <ele>1444.9</ele>
   </trkpt>
   <trkpt lat="46.873650000000005" lon="12.129760000000001">
    <ele>1449.64</ele>
   </trkpt>
   <trkpt lat="46.87331000379577" lon="12.130700006097447">
    <ele>1459.3200000000002</ele>
   </trkpt>
   <trkpt lat="46.87297" lon="12.13164">
    <ele>1466.26</ele>
   </trkpt>
   <trkpt lat="46.872820000000004" lon="12.13255">
    <ele>1474.52</ele>
   </trkpt>
   <trkpt lat="46.872870000000006" lon="12.133170000000002">
    <ele>1474.52</ele>
   </trkpt>
   <trkpt lat="46.87294000000001" lon="12.13357">
    <ele>1480.31</ele>
   </trkpt>
   <trkpt lat="46.87306" lon="12.134010000000002">
    <ele>1480.31</ele>
   </trkpt>
   <trkpt lat="46.873310000000004" lon="12.13461">
    <ele>1491.43</ele>
   </trkpt>
   <trkpt lat="46.87377" lon="12.135330000000002">
    <ele>1496.73</ele>
   </trkpt>
   <trkpt lat="46.874140000000004" lon="12.13574">
    <ele>1501.27</ele>
   </trkpt>
   <trkpt lat="46.87458" lon="12.136140000000001">
    <ele>1505.45</ele>
   </trkpt>
   <trkpt lat="46.8753" lon="12.136610000000001">
    <ele>1512.79</ele>
   </trkpt>
   <trkpt lat="46.875960000000006" lon="12.13691">
    <ele>1517.42</ele>
   </trkpt>
   <trkpt lat="46.87639500044303" lon="12.1371249983766">
    <ele>1521.23</ele>
   </trkpt>
   <trkpt lat="46.876830000000005" lon="12.137340000000002">
    <ele>1524.45</ele>
   </trkpt>
   <trkpt lat="46.877230000000004" lon="12.1376">
    <ele>1528.69</ele>
   </trkpt>
   <trkpt lat="46.877590000000005" lon="12.137870000000001">
    <ele>1532.97</ele>
   </trkpt>
   <trkpt lat="46.87809000000001" lon="12.138390000000001">
    <ele>1537.98</ele>
   </trkpt>
   <trkpt lat="46.878420000000006" lon="12.13878">
    <ele>1541.3600000000001</ele>
   </trkpt>
   <trkpt lat="46.878820000000005" lon="12.139330000000001">
    <ele>1548.63</ele>
   </trkpt>
   <trkpt lat="46.87921000253005" lon="12.140084994605504">
    <ele>1554.5700000000002</ele>
   </trkpt>
   <trkpt lat="46.8796" lon="12.14084">
    <ele>1561.6100000000001</ele>
   </trkpt>
   <trkpt lat="46.879720000000006" lon="12.14104">
    <ele>1563.1800000000003</ele>
   </trkpt>
   <trkpt lat="46.879940000000005" lon="12.14137">
    <ele>1565.71</ele>
   </trkpt>
   <trkpt lat="46.88027000096129" lon="12.141819997340804">
    <ele>1570.45</ele>
   </trkpt>
   <trkpt lat="46.8806" lon="12.142270000000002">
    <ele>1573.7200000000003</ele>
   </trkpt>
   <trkpt lat="46.880900000000004" lon="12.142740000000002">
    <ele>1576.4600000000003</ele>
   </trkpt>
   <trkpt lat="46.881130000000006" lon="12.143210000000002">
    <ele>1579.3600000000001</ele>
   </trkpt>
   <trkpt lat="46.88136500216249" lon="12.143914996907487">
    <ele>1583.15</ele>
   </trkpt>
   <trkpt lat="46.881600000000006" lon="12.144620000000002">
    <ele>1589.8000000000002</ele>
   </trkpt>
   <trkpt lat="46.88184500164239" lon="12.145229997269897">
    <ele>1590.99</ele>
   </trkpt>
   <trkpt lat="46.882090000000005" lon="12.145840000000002">
    <ele>1598.2500000000002</ele>
   </trkpt>
   <trkpt lat="46.88226" lon="12.146360000000001">
    <ele>1602.65</ele>
   </trkpt>
   <trkpt lat="46.882450000000006" lon="12.14709">
    <ele>1604.69</ele>
   </trkpt>
   <trkpt lat="46.88267000665662" lon="12.148324995025016">
    <ele>1613.5400000000002</ele>
   </trkpt>
   <trkpt lat="46.88289" lon="12.149560000000001">
    <ele>1620.18</ele>
   </trkpt>
   <trkpt lat="46.883010000000006" lon="12.1501">
    <ele>1621.89</ele>
   </trkpt>
   <trkpt lat="46.88321000235001" lon="12.150844996974902">
    <ele>1626.0500000000002</ele>
   </trkpt>
   <trkpt lat="46.883410000000005" lon="12.15159">
    <ele>1629.04</ele>
   </trkpt>
   <trkpt lat="46.88355000000001" lon="12.15221">
    <ele>1631.5100000000002</ele>
   </trkpt>
   <trkpt lat="46.883720000000004" lon="12.153160000000002">
    <ele>1635.7100000000003</ele>
   </trkpt>
   <trkpt lat="46.883895006491564" lon="12.154379996098575">
    <ele>1640.64</ele>
   </trkpt>
   <trkpt lat="46.88407" lon="12.155600000000002">
    <ele>1644.29</ele>
   </trkpt>
   <trkpt lat="46.88407" lon="12.15662">
    <ele>1645.8700000000001</ele>
   </trkpt>
   <trkpt lat="46.88405" lon="12.156970000000001">
    <ele>1646.3500000000001</ele>
   </trkpt>
   <trkpt lat="46.883790000000005" lon="12.157670000000001">
    <ele>1646.98</ele>
   </trkpt>
   <trkpt lat="46.883790000000005" lon="12.157900000000001">
    <ele>1646.98</ele>
   </trkpt>
   <trkpt lat="46.88389" lon="12.158230000000001">
    <ele>1647.43</ele>
   </trkpt>
   <trkpt lat="46.88391000000001" lon="12.158410000000002">
    <ele>1647.7100000000003</ele>
   </trkpt>
   <trkpt lat="46.88382000000001" lon="12.159210000000002">
    <ele>1648.2800000000002</ele>
   </trkpt>
   <trkpt lat="46.88374" lon="12.15967">
    <ele>1648.6000000000001</ele>
   </trkpt>
   <trkpt lat="46.883630000000004" lon="12.15999">
    <ele>1648.8100000000002</ele>
   </trkpt>
   <trkpt lat="46.883590000000005" lon="12.16102">
    <ele>1649.6200000000001</ele>
   </trkpt>
   <trkpt lat="46.88354" lon="12.161710000000001">
    <ele>1650.0100000000002</ele>
   </trkpt>
   <trkpt lat="46.88342" lon="12.162490000000002">
    <ele>1650.0400000000002</ele>
   </trkpt>
   <trkpt lat="46.88333" lon="12.16271">
    <ele>1650.18</ele>
   </trkpt>
   <trkpt lat="46.88291" lon="12.163480000000002">
    <ele>1651.43</ele>
   </trkpt>
   <trkpt lat="46.88250333795199" lon="12.164206677646364">
    <ele>1652.3100000000002</ele>
   </trkpt>
   <trkpt lat="46.882096671305796" lon="12.164933344276301">
    <ele>1652.5</ele>
   </trkpt>
   <trkpt lat="46.881690000000006" lon="12.16566">
    <ele>1651.99</ele>
   </trkpt>
   <trkpt lat="46.881660000000004" lon="12.165920000000002">
    <ele>1651.6000000000001</ele>
   </trkpt>
   <trkpt lat="46.881660000000004" lon="12.166200000000002">
    <ele>1651.18</ele>
   </trkpt>
   <trkpt lat="46.88168" lon="12.166350000000001">
    <ele>1651.14</ele>
   </trkpt>
   <trkpt lat="46.881840000000004" lon="12.166690000000001">
    <ele>1651.19</ele>
   </trkpt>
   <trkpt lat="46.882160000000006" lon="12.167040000000002">
    <ele>1651.7700000000002</ele>
   </trkpt>
   <trkpt lat="46.882470000000005" lon="12.16727">
    <ele>1651.9800000000002</ele>
   </trkpt>
   <trkpt lat="46.88268" lon="12.16755">
    <ele>1652.5</ele>
   </trkpt>
   <trkpt lat="46.88290000000001" lon="12.167670000000001">
    <ele>1652.74</ele>
   </trkpt>
   <trkpt lat="46.88299000000001" lon="12.16774">
    <ele>1652.74</ele>
   </trkpt>
   <trkpt lat="46.883190000000006" lon="12.167980000000002">
    <ele>1652.8300000000002</ele>
   </trkpt>
   <trkpt lat="46.88329" lon="12.168170000000002">
    <ele>1652.8300000000002</ele>
   </trkpt>
   <trkpt lat="46.883410000000005" lon="12.168560000000001">
    <ele>1653.22</ele>
   </trkpt>
   <trkpt lat="46.88349" lon="12.168660000000001">
    <ele>1653.22</ele>
   </trkpt>
   <trkpt lat="46.883950000000006" lon="12.169010000000002">
    <ele>1653.8100000000002</ele>
   </trkpt>
   <trkpt lat="46.884130000000006" lon="12.169170000000001">
    <ele>1653.8100000000002</ele>
   </trkpt>
   <trkpt lat="46.88438000000001" lon="12.1696">
    <ele>1654.38</ele>
   </trkpt>
   <trkpt lat="46.88445" lon="12.169690000000001">
    <ele>1654.38</ele>
   </trkpt>
   <trkpt lat="46.884840000000004" lon="12.169960000000001">
    <ele>1654.7200000000003</ele>
   </trkpt>
   <trkpt lat="46.88494000000001" lon="12.170050000000002">
    <ele>1654.92</ele>
   </trkpt>
   <trkpt lat="46.885400000000004" lon="12.170630000000001">
    <ele>1655.4400000000003</ele>
   </trkpt>
   <trkpt lat="46.88552000000001" lon="12.17088">
    <ele>1655.4400000000003</ele>
   </trkpt>
   <trkpt lat="46.885780000000004" lon="12.171280000000001">
    <ele>1656.1000000000001</ele>
   </trkpt>
   <trkpt lat="46.88590000000001" lon="12.17159">
    <ele>1656.5</ele>
   </trkpt>
   <trkpt lat="46.88597" lon="12.171790000000001">
    <ele>1656.8</ele>
   </trkpt>
   <trkpt lat="46.886" lon="12.172110000000002">
    <ele>1656.89</ele>
   </trkpt>
   <trkpt lat="46.886030000000005" lon="12.1722">
    <ele>1656.94</ele>
   </trkpt>
   <trkpt lat="46.886140000000005" lon="12.172410000000001">
    <ele>1656.94</ele>
   </trkpt>
   <trkpt lat="46.8862" lon="12.172580000000002">
    <ele>1656.8700000000001</ele>
   </trkpt>
   <trkpt lat="46.88635000000001" lon="12.17323">
    <ele>1657.34</ele>
   </trkpt>
   <trkpt lat="46.886750000000006" lon="12.174320000000002">
    <ele>1655.7</ele>
   </trkpt>
   <trkpt lat="46.8868" lon="12.17439">
    <ele>1655.7</ele>
   </trkpt>
   <trkpt lat="46.88689" lon="12.17445">
    <ele>1656.5900000000001</ele>
   </trkpt>
   <trkpt lat="46.887100000000004" lon="12.174560000000001">
    <ele>1656.5900000000001</ele>
   </trkpt>
   <trkpt lat="46.88723" lon="12.174750000000001">
    <ele>1658.9</ele>
   </trkpt>
   <trkpt lat="46.887660000000004" lon="12.17556">
    <ele>1664.4200000000003</ele>
   </trkpt>
   <trkpt lat="46.88774" lon="12.1758">
    <ele>1665.7700000000002</ele>
   </trkpt>
   <trkpt lat="46.88783" lon="12.17617">
    <ele>1669.3700000000001</ele>
   </trkpt>
   <trkpt lat="46.8879" lon="12.176580000000001">
    <ele>1671.0600000000002</ele>
   </trkpt>
   <trkpt lat="46.88794" lon="12.177130000000002">
    <ele>1675.61</ele>
   </trkpt>
   <trkpt lat="46.887890000000006" lon="12.17787">
    <ele>1679.3000000000002</ele>
   </trkpt>
   <trkpt lat="46.88797" lon="12.179070000000001">
    <ele>1686.8200000000002</ele>
   </trkpt>
   <trkpt lat="46.88803" lon="12.179380000000002">
    <ele>1689.6100000000001</ele>
   </trkpt>
   <trkpt lat="46.888180000000006" lon="12.179950000000002">
    <ele>1696.6200000000001</ele>
   </trkpt>
   <trkpt lat="46.88826" lon="12.18011">
    <ele>1696.6200000000001</ele>
   </trkpt>
   <trkpt lat="46.88842" lon="12.180320000000002">
    <ele>1699.8300000000002</ele>
   </trkpt>
   <trkpt lat="46.88886" lon="12.181230000000001">
    <ele>1710.67</ele>
   </trkpt>
   <trkpt lat="46.88891" lon="12.181410000000001">
    <ele>1710.67</ele>
   </trkpt>
   <trkpt lat="46.888940000000005" lon="12.18166">
    <ele>1714.77</ele>
   </trkpt>
   <trkpt lat="46.88895" lon="12.182250000000002">
    <ele>1717.88</ele>
   </trkpt>
   <trkpt lat="46.88893" lon="12.182390000000002">
    <ele>1722.6100000000001</ele>
   </trkpt>
   <trkpt lat="46.88882" lon="12.182730000000001">
    <ele>1724.2700000000002</ele>
   </trkpt>
   <trkpt lat="46.88875" lon="12.18308">
    <ele>1727.78</ele>
   </trkpt>
   <trkpt lat="46.88897500384635" lon="12.184019996053859">
    <ele>1738.0400000000002</ele>
   </trkpt>
   <trkpt lat="46.8892" lon="12.18496">
    <ele>1744.4</ele>
   </trkpt>
   <trkpt lat="46.88922" lon="12.185350000000001">
    <ele>1749.18</ele>
   </trkpt>
   <trkpt lat="46.88915" lon="12.1864">
    <ele>1754.8100000000002</ele>
   </trkpt>
   <trkpt lat="46.88915" lon="12.18706">
    <ele>1760.79</ele>
   </trkpt>
   <trkpt lat="46.88922" lon="12.187780000000002">
    <ele>1766.42</ele>
   </trkpt>
   <trkpt lat="46.889250000000004" lon="12.18786">
    <ele>1766.42</ele>
   </trkpt>
   <trkpt lat="46.88927" lon="12.187880000000002">
    <ele>1767.67</ele>
   </trkpt>
   <trkpt lat="46.88933" lon="12.1879">
    <ele>1767.67</ele>
   </trkpt>
   <trkpt lat="46.8894" lon="12.18786">
    <ele>1768.3400000000001</ele>
   </trkpt>
   <trkpt lat="46.88973000000001" lon="12.18729">
    <ele>1771.39</ele>
   </trkpt>
   <trkpt lat="46.88983" lon="12.187170000000002">
    <ele>1775.23</ele>
   </trkpt>
   <trkpt lat="46.890260000000005" lon="12.18684">
    <ele>1777.6900000000003</ele>
   </trkpt>
   <trkpt lat="46.89041" lon="12.18655">
    <ele>1779.9600000000003</ele>
   </trkpt>
   <trkpt lat="46.89087000000001" lon="12.185780000000001">
    <ele>1786.0900000000001</ele>
   </trkpt>
   <trkpt lat="46.890980000000006" lon="12.185500000000001">
    <ele>1787.97</ele>
   </trkpt>
   <trkpt lat="46.891090000000005" lon="12.185310000000001">
    <ele>1789.9600000000003</ele>
   </trkpt>
   <trkpt lat="46.89115" lon="12.185260000000001">
    <ele>1791.2</ele>
   </trkpt>
   <trkpt lat="46.891180000000006" lon="12.185270000000001">
    <ele>1791.2</ele>
   </trkpt>
   <trkpt lat="46.89121" lon="12.18532">
    <ele>1791.2</ele>
   </trkpt>
   <trkpt lat="46.891220000000004" lon="12.185410000000001">
    <ele>1793.0100000000002</ele>
   </trkpt>
   <trkpt lat="46.89112" lon="12.185820000000001">
    <ele>1796.0600000000002</ele>
   </trkpt>
   <trkpt lat="46.89112" lon="12.186010000000001">
    <ele>1797.71</ele>
   </trkpt>
   <trkpt lat="46.891160000000006" lon="12.186300000000001">
    <ele>1801.8500000000001</ele>
   </trkpt>
   <trkpt lat="46.89115" lon="12.186710000000001">
    <ele>1803.0000000000002</ele>
   </trkpt>
   <trkpt lat="46.89125000000001" lon="12.187170000000002">
    <ele>1807.3100000000002</ele>
   </trkpt>
   <trkpt lat="46.891180000000006" lon="12.18743">
    <ele>1807.3100000000002</ele>
   </trkpt>
   <trkpt lat="46.89117" lon="12.187550000000002">
    <ele>1813.41</ele>
   </trkpt>
   <trkpt lat="46.891180000000006" lon="12.18828">
    <ele>1816.34</ele>
   </trkpt>
   <trkpt lat="46.89124" lon="12.188550000000001">
    <ele>1818.31</ele>
   </trkpt>
   <trkpt lat="46.89141" lon="12.189020000000001">
    <ele>1819.0800000000002</ele>
   </trkpt>
   <trkpt lat="46.89144" lon="12.189140000000002">
    <ele>1819.65</ele>
   </trkpt>
   <trkpt lat="46.89144" lon="12.18928">
    <ele>1819.9600000000003</ele>
   </trkpt>
   <trkpt lat="46.891380000000005" lon="12.189440000000001">
    <ele>1821.0000000000002</ele>
   </trkpt>
   <trkpt lat="46.891310000000004" lon="12.18951">
    <ele>1822.15</ele>
   </trkpt>
   <trkpt lat="46.8911" lon="12.18969">
    <ele>1824.5700000000002</ele>
   </trkpt>
   <trkpt lat="46.891040000000004" lon="12.189770000000001">
    <ele>1824.5700000000002</ele>
   </trkpt>
   <trkpt lat="46.8909" lon="12.190040000000002">
    <ele>1826.2300000000002</ele>
   </trkpt>
   <trkpt lat="46.890800000000006" lon="12.19031">
    <ele>1828.1200000000001</ele>
   </trkpt>
   <trkpt lat="46.890550000000005" lon="12.19139">
    <ele>1833.9900000000002</ele>
   </trkpt>
   <trkpt lat="46.89027" lon="12.192060000000001">
    <ele>1839.2700000000002</ele>
   </trkpt>
   <trkpt lat="46.89021" lon="12.192160000000001">
    <ele>1839.2700000000002</ele>
   </trkpt>
   <trkpt lat="46.89011000000001" lon="12.19228">
    <ele>1840.0900000000001</ele>
   </trkpt>
   <trkpt lat="46.88984000000001" lon="12.19242">
    <ele>1843.05</ele>
   </trkpt>
   <trkpt lat="46.889680000000006" lon="12.192530000000001">
    <ele>1845.08</ele>
   </trkpt>
   <trkpt lat="46.88956" lon="12.192580000000001">
    <ele>1846.8400000000001</ele>
   </trkpt>
   <trkpt lat="46.88944" lon="12.19255">
    <ele>1847.25</ele>
   </trkpt>
   <trkpt lat="46.889210000000006" lon="12.19237">
    <ele>1849.8500000000001</ele>
   </trkpt>
   <trkpt lat="46.88917000000001" lon="12.19241">
    <ele>1849.8500000000001</ele>
   </trkpt>
   <trkpt lat="46.88917000000001" lon="12.1925">
    <ele>1850.7300000000002</ele>
   </trkpt>
   <trkpt lat="46.8892" lon="12.19255">
    <ele>1850.7300000000002</ele>
   </trkpt>
   <trkpt lat="46.88933" lon="12.192680000000001">
    <ele>1852.78</ele>
   </trkpt>
   <trkpt lat="46.889450000000004" lon="12.19275">
    <ele>1855.01</ele>
   </trkpt>
   <trkpt lat="46.88962" lon="12.192760000000002">
    <ele>1856.06</ele>
   </trkpt>
   <trkpt lat="46.889770000000006" lon="12.192800000000002">
    <ele>1858.2800000000002</ele>
   </trkpt>
   <trkpt lat="46.889810000000004" lon="12.19284">
    <ele>1858.2800000000002</ele>
   </trkpt>
   <trkpt lat="46.88989" lon="12.193000000000001">
    <ele>1859.5500000000002</ele>
   </trkpt>
   <trkpt lat="46.88996" lon="12.19302">
    <ele>1859.5500000000002</ele>
   </trkpt>
   <trkpt lat="46.890100000000004" lon="12.192950000000002">
    <ele>1862.2500000000002</ele>
   </trkpt>
   <trkpt lat="46.89034" lon="12.19274">
    <ele>1864.18</ele>
   </trkpt>
   <trkpt lat="46.89045" lon="12.1926">
    <ele>1867.3000000000002</ele>
   </trkpt>
   <trkpt lat="46.890710000000006" lon="12.192160000000001">
    <ele>1870.69</ele>
   </trkpt>
   <trkpt lat="46.891020000000005" lon="12.191500000000001">
    <ele>1875.5300000000002</ele>
   </trkpt>
   <trkpt lat="46.891110000000005" lon="12.191350000000002">
    <ele>1876.5900000000001</ele>
   </trkpt>
   <trkpt lat="46.89119" lon="12.191300000000002">
    <ele>1876.8700000000001</ele>
   </trkpt>
   <trkpt lat="46.891400000000004" lon="12.19125">
    <ele>1879.0500000000002</ele>
   </trkpt>
   <trkpt lat="46.891690000000004" lon="12.191270000000001">
    <ele>1880.96</ele>
   </trkpt>
   <trkpt lat="46.891740000000006" lon="12.19129">
    <ele>1881.82</ele>
   </trkpt>
   <trkpt lat="46.89177" lon="12.19134">
    <ele>1881.82</ele>
   </trkpt>
   <trkpt lat="46.891760000000005" lon="12.191410000000001">
    <ele>1881.82</ele>
   </trkpt>
   <trkpt lat="46.89172000000001" lon="12.191440000000002">
    <ele>1884.0900000000001</ele>
   </trkpt>
   <trkpt lat="46.89144" lon="12.191360000000001">
    <ele>1884.92</ele>
   </trkpt>
   <trkpt lat="46.89135" lon="12.191370000000001">
    <ele>1888.03</ele>
   </trkpt>
   <trkpt lat="46.89128" lon="12.191410000000001">
    <ele>1888.03</ele>
   </trkpt>
   <trkpt lat="46.89121" lon="12.19148">
    <ele>1888.03</ele>
   </trkpt>
   <trkpt lat="46.8911" lon="12.191730000000002">
    <ele>1890.1200000000001</ele>
   </trkpt>
   <trkpt lat="46.89091500182523" lon="12.192380002292198">
    <ele>1896.63</ele>
   </trkpt>
   <trkpt lat="46.890730000000005" lon="12.19303">
    <ele>1896.63</ele>
   </trkpt>
   <trkpt lat="46.89045" lon="12.19387">
    <ele>1907.31</ele>
   </trkpt>
   <trkpt lat="46.890330000000006" lon="12.194360000000001">
    <ele>1911.66</ele>
   </trkpt>
   <trkpt lat="46.89020000177789" lon="12.19499000128542">
    <ele>1917.82</ele>
   </trkpt>
   <trkpt lat="46.89007" lon="12.195620000000002">
    <ele>1923.14</ele>
   </trkpt>
   <trkpt lat="46.890010000000004" lon="12.19612">
    <ele>1926.1100000000001</ele>
   </trkpt>
   <trkpt lat="46.889950000000006" lon="12.196230000000002">
    <ele>1926.1100000000001</ele>
   </trkpt>
   <trkpt lat="46.88991" lon="12.19626">
    <ele>1926.67</ele>
   </trkpt>
   <trkpt lat="46.88987" lon="12.19626">
    <ele>1926.67</ele>
   </trkpt>
   <trkpt lat="46.889790000000005" lon="12.19622">
    <ele>1926.67</ele>
   </trkpt>
   <trkpt lat="46.8896" lon="12.195990000000002">
    <ele>1928.7900000000002</ele>
   </trkpt>
   <trkpt lat="46.889540000000004" lon="12.195850000000002">
    <ele>1929.72</ele>
   </trkpt>
   <trkpt lat="46.889450000000004" lon="12.19533">
    <ele>1932.9</ele>
   </trkpt>
   <trkpt lat="46.889410000000005" lon="12.19527">
    <ele>1932.9</ele>
   </trkpt>
   <trkpt lat="46.88936" lon="12.195260000000001">
    <ele>1932.9</ele>
   </trkpt>
   <trkpt lat="46.889250000000004" lon="12.195290000000002">
    <ele>1934.9300000000003</ele>
   </trkpt>
   <trkpt lat="46.88909" lon="12.195240000000002">
    <ele>1937.68</ele>
   </trkpt>
   <trkpt lat="46.888960000000004" lon="12.195260000000001">
    <ele>1937.68</ele>
   </trkpt>
   <trkpt lat="46.88886" lon="12.195250000000001">
    <ele>1938.63</ele>
   </trkpt>
   <trkpt lat="46.888760000000005" lon="12.19518">
    <ele>1941.21</ele>
   </trkpt>
   <trkpt lat="46.88864" lon="12.19505">
    <ele>1941.21</ele>
   </trkpt>
   <trkpt lat="46.888560000000005" lon="12.19499">
    <ele>1943.8400000000001</ele>
   </trkpt>
   <trkpt lat="46.888020000000004" lon="12.194740000000001">
    <ele>1950.46</ele>
   </trkpt>
   <trkpt lat="46.88794" lon="12.194740000000001">
    <ele>1951.51</ele>
   </trkpt>
   <trkpt lat="46.887820000000005" lon="12.194830000000001">
    <ele>1951.51</ele>
   </trkpt>
   <trkpt lat="46.88776000000001" lon="12.194930000000001">
    <ele>1954.0600000000002</ele>
   </trkpt>
   <trkpt lat="46.887640000000005" lon="12.195630000000001">
    <ele>1959.8000000000002</ele>
   </trkpt>
   <trkpt lat="46.88763" lon="12.196230000000002">
    <ele>1965.3100000000002</ele>
   </trkpt>
   <trkpt lat="46.88754" lon="12.196650000000002">
    <ele>1968.8200000000002</ele>
   </trkpt>
   <trkpt lat="46.887480000000004" lon="12.196720000000001">
    <ele>1968.8200000000002</ele>
   </trkpt>
   <trkpt lat="46.88721" lon="12.196810000000001">
    <ele>1971.7600000000002</ele>
   </trkpt>
   <trkpt lat="46.88714" lon="12.196810000000001">
    <ele>1971.7600000000002</ele>
   </trkpt>
   <trkpt lat="46.886970000000005" lon="12.196760000000001">
    <ele>1973.75</ele>
   </trkpt>
   <trkpt lat="46.88693000000001" lon="12.19682">
    <ele>1974.16</ele>
   </trkpt>
   <trkpt lat="46.886950000000006" lon="12.196890000000002">
    <ele>1974.6100000000001</ele>
   </trkpt>
   <trkpt lat="46.886990000000004" lon="12.19692">
    <ele>1975.0900000000001</ele>
   </trkpt>
   <trkpt lat="46.887170000000005" lon="12.19696">
    <ele>1977.66</ele>
   </trkpt>
   <trkpt lat="46.887240000000006" lon="12.196950000000001">
    <ele>1977.66</ele>
   </trkpt>
   <trkpt lat="46.887370000000004" lon="12.196900000000001">
    <ele>1980.5400000000002</ele>
   </trkpt>
   <trkpt lat="46.88752" lon="12.196930000000002">
    <ele>1980.5400000000002</ele>
   </trkpt>
   <trkpt lat="46.88759" lon="12.19691">
    <ele>1981.5600000000002</ele>
   </trkpt>
   <trkpt lat="46.887660000000004" lon="12.19682">
    <ele>1982.6800000000003</ele>
   </trkpt>
   <trkpt lat="46.88781" lon="12.19655">
    <ele>1986.2800000000002</ele>
   </trkpt>
   <trkpt lat="46.887950000000004" lon="12.196140000000002">
    <ele>1987.38</ele>
   </trkpt>
   <trkpt lat="46.88801" lon="12.196100000000001">
    <ele>1993.1600000000003</ele>
   </trkpt>
   <trkpt lat="46.888070000000006" lon="12.196100000000001">
    <ele>1993.1600000000003</ele>
   </trkpt>
   <trkpt lat="46.88817" lon="12.196180000000002">
    <ele>1993.1600000000003</ele>
   </trkpt>
   <trkpt lat="46.88834000000001" lon="12.19635">
    <ele>1996.69</ele>
   </trkpt>
   <trkpt lat="46.888740000000006" lon="12.196650000000002">
    <ele>2000.0400000000002</ele>
   </trkpt>
   <trkpt lat="46.88881000000001" lon="12.196750000000002">
    <ele>2000.6600000000003</ele>
   </trkpt>
   <trkpt lat="46.88890000000001" lon="12.196990000000001">
    <ele>2001.18</ele>
   </trkpt>
   <trkpt lat="46.88904" lon="12.19711">
    <ele>2002.66</ele>
   </trkpt>
   <trkpt lat="46.889050000000005" lon="12.19719">
    <ele>2002.99</ele>
   </trkpt>
   <trkpt lat="46.889010000000006" lon="12.19724">
    <ele>2002.99</ele>
   </trkpt>
   <trkpt lat="46.88895" lon="12.197210000000002">
    <ele>2003.73</ele>
   </trkpt>
   <trkpt lat="46.88884" lon="12.197070000000002">
    <ele>2005.4199999999998</ele>
   </trkpt>
   <trkpt lat="46.888720000000006" lon="12.196800000000001">
    <ele>2007.63</ele>
   </trkpt>
   <trkpt lat="46.888670000000005" lon="12.196760000000001">
    <ele>2007.63</ele>
   </trkpt>
   <trkpt lat="46.888580000000005" lon="12.19673">
    <ele>2008.7</ele>
   </trkpt>
   <trkpt lat="46.88842" lon="12.196710000000001">
    <ele>2009.97</ele>
   </trkpt>
   <trkpt lat="46.8883" lon="12.196750000000002">
    <ele>2009.97</ele>
   </trkpt>
   <trkpt lat="46.88823000000001" lon="12.196810000000001">
    <ele>2009.97</ele>
   </trkpt>
   <trkpt lat="46.88783" lon="12.197360000000002">
    <ele>2013.2099999999998</ele>
   </trkpt>
   <trkpt lat="46.88772" lon="12.197450000000002">
    <ele>2013.44</ele>
   </trkpt>
   <trkpt lat="46.88754" lon="12.19749">
    <ele>2013.8100000000002</ele>
   </trkpt>
   <trkpt lat="46.887530000000005" lon="12.19758">
    <ele>2013.9300000000003</ele>
   </trkpt>
   <trkpt lat="46.887550000000005" lon="12.19763">
    <ele>2014.2600000000002</ele>
   </trkpt>
   <trkpt lat="46.88761" lon="12.19763">
    <ele>2014.2600000000002</ele>
   </trkpt>
   <trkpt lat="46.887710000000006" lon="12.19758">
    <ele>2014.6800000000003</ele>
   </trkpt>
   <trkpt lat="46.88823000000001" lon="12.19706">
    <ele>2019.5700000000002</ele>
   </trkpt>
   <trkpt lat="46.88828" lon="12.197030000000002">
    <ele>2019.5700000000002</ele>
   </trkpt>
   <trkpt lat="46.88837" lon="12.196990000000001">
    <ele>2020.6</ele>
   </trkpt>
   <trkpt lat="46.88841" lon="12.197000000000001">
    <ele>2020.6</ele>
   </trkpt>
   <trkpt lat="46.888470000000005" lon="12.197070000000002">
    <ele>2021.1900000000003</ele>
   </trkpt>
   <trkpt lat="46.8885" lon="12.19716">
    <ele>2021.8800000000003</ele>
   </trkpt>
   <trkpt lat="46.888540000000006" lon="12.19743">
    <ele>2023.7500000000002</ele>
   </trkpt>
   <trkpt lat="46.888650000000005" lon="12.197610000000001">
    <ele>2024.4500000000003</ele>
   </trkpt>
   <trkpt lat="46.88904" lon="12.197870000000002">
    <ele>2027.4300000000003</ele>
   </trkpt>
   <trkpt lat="46.88918" lon="12.197880000000001">
    <ele>2028.0200000000002</ele>
   </trkpt>
   <trkpt lat="46.88922" lon="12.197930000000001">
    <ele>2028.7200000000003</ele>
   </trkpt>
   <trkpt lat="46.889210000000006" lon="12.19799">
    <ele>2029.5200000000002</ele>
   </trkpt>
   <trkpt lat="46.88915" lon="12.198020000000001">
    <ele>2029.5200000000002</ele>
   </trkpt>
   <trkpt lat="46.88904" lon="12.198">
    <ele>2030.85</ele>
   </trkpt>
   <trkpt lat="46.888850000000005" lon="12.19791">
    <ele>2032.8000000000004</ele>
   </trkpt>
   <trkpt lat="46.88879000000001" lon="12.19791">
    <ele>2032.8000000000004</ele>
   </trkpt>
   <trkpt lat="46.888630000000006" lon="12.19795">
    <ele>2035.46</ele>
   </trkpt>
   <trkpt lat="46.88855" lon="12.197920000000002">
    <ele>2036.3999999999999</ele>
   </trkpt>
   <trkpt lat="46.88843000000001" lon="12.1978">
    <ele>2037.7300000000002</ele>
   </trkpt>
   <trkpt lat="46.888380000000005" lon="12.197780000000002">
    <ele>2039.1700000000003</ele>
   </trkpt>
   <trkpt lat="46.88834000000001" lon="12.197790000000001">
    <ele>2039.1700000000003</ele>
   </trkpt>
   <trkpt lat="46.888160000000006" lon="12.198020000000001">
    <ele>2042.2600000000002</ele>
   </trkpt>
   <trkpt lat="46.88794" lon="12.198640000000001">
    <ele>2047.3600000000004</ele>
   </trkpt>
   <trkpt lat="46.887710000000006" lon="12.19898">
    <ele>2049.53</ele>
   </trkpt>
   <trkpt lat="46.88765" lon="12.19912">
    <ele>2049.85</ele>
   </trkpt>
   <trkpt lat="46.887640000000005" lon="12.19922">
    <ele>2049.7599999999998</ele>
   </trkpt>
   <trkpt lat="46.88765" lon="12.19936">
    <ele>2049.48</ele>
   </trkpt>
   <trkpt lat="46.887710000000006" lon="12.19968">
    <ele>2048.34</ele>
   </trkpt>
   <trkpt lat="46.88777" lon="12.20035">
    <ele>2044.81</ele>
   </trkpt>
   <trkpt lat="46.887800000000006" lon="12.200510000000001">
    <ele>2040.64</ele>
   </trkpt>
   <trkpt lat="46.88799" lon="12.201130000000001">
    <ele>2036.0800000000002</ele>
   </trkpt>
   <trkpt lat="46.88812" lon="12.201630000000002">
    <ele>2030.24</ele>
   </trkpt>
   <trkpt lat="46.88814000000001" lon="12.20176">
    <ele>2030.24</ele>
   </trkpt>
   <trkpt lat="46.88817" lon="12.20222">
    <ele>2027.48</ele>
   </trkpt>
   <trkpt lat="46.88824" lon="12.20274">
    <ele>2024.2500000000002</ele>
   </trkpt>
   <trkpt lat="46.88837" lon="12.203330000000001">
    <ele>2023.3400000000001</ele>
   </trkpt>
   <trkpt lat="46.88886" lon="12.204350000000002">
    <ele>2022.4299999999998</ele>
   </trkpt>
   <trkpt lat="46.888980000000004" lon="12.20471">
    <ele>2020.4500000000003</ele>
   </trkpt>
   <trkpt lat="46.889120000000005" lon="12.205350000000001">
    <ele>2019.69</ele>
   </trkpt>
   <trkpt lat="46.889210000000006" lon="12.205680000000001">
    <ele>2020.76</ele>
   </trkpt>
   <trkpt lat="46.88958500347809" lon="12.206569993847358">
    <ele>2026.0000000000002</ele>
   </trkpt>
   <trkpt lat="46.88996" lon="12.207460000000001">
    <ele>2030.1400000000003</ele>
   </trkpt>
   <trkpt lat="46.89009" lon="12.20772">
    <ele>2029.55</ele>
   </trkpt>
   <trkpt lat="46.8905" lon="12.20836">
    <ele>2026.3</ele>
   </trkpt>
   <trkpt lat="46.89078000000001" lon="12.20889">
    <ele>2022.4100000000003</ele>
   </trkpt>
   <trkpt lat="46.89120000335115" lon="12.209764993184857">
    <ele>2020.61</ele>
   </trkpt>
   <trkpt lat="46.89162" lon="12.210640000000001">
    <ele>2019.8400000000004</ele>
   </trkpt>
   <trkpt lat="46.891690000000004" lon="12.21072">
    <ele>2019.8400000000004</ele>
   </trkpt>
   <trkpt lat="46.891740000000006" lon="12.21075">
    <ele>2018.25</ele>
   </trkpt>
   <trkpt lat="46.89179" lon="12.21076">
    <ele>2018.25</ele>
   </trkpt>
   <trkpt lat="46.89186" lon="12.210740000000001">
    <ele>2018.25</ele>
   </trkpt>
   <trkpt lat="46.89215" lon="12.210510000000001">
    <ele>2017.6700000000003</ele>
   </trkpt>
   <trkpt lat="46.89238" lon="12.210230000000001">
    <ele>2017.23</ele>
   </trkpt>
   <trkpt lat="46.89249" lon="12.21014">
    <ele>2017.0000000000002</ele>
   </trkpt>
   <trkpt lat="46.892570000000006" lon="12.21014">
    <ele>2016.81</ele>
   </trkpt>
   <trkpt lat="46.892700000000005" lon="12.210260000000002">
    <ele>2016.6500000000003</ele>
   </trkpt>
   <trkpt lat="46.8928" lon="12.21038">
    <ele>2016.6600000000003</ele>
   </trkpt>
   <trkpt lat="46.892900000000004" lon="12.210560000000001">
    <ele>2016.7100000000003</ele>
   </trkpt>
   <trkpt lat="46.893190000000004" lon="12.211200000000002">
    <ele>2016.89</ele>
   </trkpt>
   <trkpt lat="46.893330000000006" lon="12.211570000000002">
    <ele>2015.74</ele>
   </trkpt>
   <trkpt lat="46.893370000000004" lon="12.21179">
    <ele>2015.26</ele>
   </trkpt>
   <trkpt lat="46.89336" lon="12.212200000000001">
    <ele>2014.7500000000002</ele>
   </trkpt>
   <trkpt lat="46.89321" lon="12.212980000000002">
    <ele>2014.44</ele>
   </trkpt>
   <trkpt lat="46.89322000000001" lon="12.21321">
    <ele>2013.76</ele>
   </trkpt>
   <trkpt lat="46.893260000000005" lon="12.21339">
    <ele>2013.76</ele>
   </trkpt>
   <trkpt lat="46.893330000000006" lon="12.21362">
    <ele>2013.76</ele>
   </trkpt>
   <trkpt lat="46.89364500207106" lon="12.214309995943198">
    <ele>2010.46</ele>
   </trkpt>
   <trkpt lat="46.89396000000001" lon="12.215000000000002">
    <ele>2006.92</ele>
   </trkpt>
   <trkpt lat="46.89421" lon="12.215370000000002">
    <ele>2003.79</ele>
   </trkpt>
   <trkpt lat="46.89439" lon="12.21554">
    <ele>2002.4900000000002</ele>
   </trkpt>
   <trkpt lat="46.89463000000001" lon="12.21574">
    <ele>1999.81</ele>
   </trkpt>
   <trkpt lat="46.89526" lon="12.2162">
    <ele>1995.72</ele>
   </trkpt>
   <trkpt lat="46.89546000000001" lon="12.216410000000002">
    <ele>1992.66</ele>
   </trkpt>
   <trkpt lat="46.89573" lon="12.216740000000001">
    <ele>1988.8000000000002</ele>
   </trkpt>
   <trkpt lat="46.89605" lon="12.21719">
    <ele>1985.74</ele>
   </trkpt>
   <trkpt lat="46.89616" lon="12.21728">
    <ele>1983.14</ele>
   </trkpt>
   <trkpt lat="46.896980000000006" lon="12.2178">
    <ele>1979.4600000000003</ele>
   </trkpt>
   <trkpt lat="46.897180000000006" lon="12.21798">
    <ele>1980.1200000000001</ele>
   </trkpt>
   <trkpt lat="46.897780003821254" lon="12.218914989561124">
    <ele>1973.5500000000002</ele>
   </trkpt>
   <trkpt lat="46.89838" lon="12.219850000000001">
    <ele>1964.0100000000002</ele>
   </trkpt>
   <trkpt lat="46.89889" lon="12.220720000000002">
    <ele>1956.92</ele>
   </trkpt>
   <trkpt lat="46.89898" lon="12.22081">
    <ele>1956.22</ele>
   </trkpt>
   <trkpt lat="46.899080000000005" lon="12.220870000000001">
    <ele>1955.2600000000002</ele>
   </trkpt>
   <trkpt lat="46.899420000000006" lon="12.221010000000001">
    <ele>1952.17</ele>
   </trkpt>
   <trkpt lat="46.89952" lon="12.221110000000001">
    <ele>1952.17</ele>
   </trkpt>
   <trkpt lat="46.899860000000004" lon="12.221570000000002">
    <ele>1948.97</ele>
   </trkpt>
   <trkpt lat="46.90033000298467" lon="12.222394992805576">
    <ele>1943.7400000000002</ele>
   </trkpt>
   <trkpt lat="46.900800000000004" lon="12.223220000000001">
    <ele>1939.8600000000001</ele>
   </trkpt>
   <trkpt lat="46.90137000000001" lon="12.22414">
    <ele>1931.7100000000003</ele>
   </trkpt>
   <trkpt lat="46.901680000000006" lon="12.22474">
    <ele>1929.88</ele>
   </trkpt>
   <trkpt lat="46.901770000000006" lon="12.22502">
    <ele>1928.8500000000001</ele>
   </trkpt>
   <trkpt lat="46.902060000000006" lon="12.226260000000002">
    <ele>1927.0000000000002</ele>
   </trkpt>
   <trkpt lat="46.90222000000001" lon="12.226750000000001">
    <ele>1924.8600000000001</ele>
   </trkpt>
   <trkpt lat="46.90234" lon="12.22705">
    <ele>1923.97</ele>
   </trkpt>
   <trkpt lat="46.90243" lon="12.227210000000001">
    <ele>1923.48</ele>
   </trkpt>
   <trkpt lat="46.90251000000001" lon="12.22728">
    <ele>1922.94</ele>
   </trkpt>
   <trkpt lat="46.902950000000004" lon="12.227570000000002">
    <ele>1919.42</ele>
   </trkpt>
   <trkpt lat="46.903200000000005" lon="12.227810000000002">
    <ele>1917.42</ele>
   </trkpt>
   <trkpt lat="46.90373" lon="12.228510000000002">
    <ele>1913.64</ele>
   </trkpt>
   <trkpt lat="46.90428000000001" lon="12.229410000000001">
    <ele>1908.71</ele>
   </trkpt>
   <trkpt lat="46.90471" lon="12.22999">
    <ele>1901.7700000000002</ele>
   </trkpt>
   <trkpt lat="46.90518" lon="12.231110000000001">
    <ele>1898.33</ele>
   </trkpt>
   <trkpt lat="46.90532" lon="12.231620000000001">
    <ele>1897.8000000000002</ele>
   </trkpt>
   <trkpt lat="46.90578000000001" lon="12.232730000000002">
    <ele>1898.6900000000003</ele>
   </trkpt>
   <trkpt lat="46.90603" lon="12.233400000000001">
    <ele>1900.8</ele>
   </trkpt>
   <trkpt lat="46.9063" lon="12.23398">
    <ele>1900.0400000000002</ele>
   </trkpt>
   <trkpt lat="46.90644" lon="12.23423">
    <ele>1898.7500000000002</ele>
   </trkpt>
   <trkpt lat="46.906690000000005" lon="12.23459">
    <ele>1897.0200000000002</ele>
   </trkpt>
   <trkpt lat="46.906960000000005" lon="12.23502">
    <ele>1893.6800000000003</ele>
   </trkpt>
   <trkpt lat="46.90704" lon="12.23512">
    <ele>1893.6800000000003</ele>
   </trkpt>
   <trkpt lat="46.90748000000001" lon="12.235500000000002">
    <ele>1888.21</ele>
   </trkpt>
   <trkpt lat="46.907920000000004" lon="12.235740000000002">
    <ele>1884.3700000000001</ele>
   </trkpt>
   <trkpt lat="46.90841" lon="12.235970000000002">
    <ele>1879.18</ele>
   </trkpt>
   <trkpt lat="46.90901" lon="12.236550000000001">
    <ele>1870.3500000000001</ele>
   </trkpt>
   <trkpt lat="46.90925000000001" lon="12.23676">
    <ele>1870.3500000000001</ele>
   </trkpt>
   <trkpt lat="46.90936000000001" lon="12.23681">
    <ele>1869.0400000000002</ele>
   </trkpt>
   <trkpt lat="46.909490000000005" lon="12.23684">
    <ele>1869.0400000000002</ele>
   </trkpt>
   <trkpt lat="46.90963000000001" lon="12.236830000000001">
    <ele>1865.02</ele>
   </trkpt>
   <trkpt lat="46.90999" lon="12.236680000000002">
    <ele>1861.72</ele>
   </trkpt>
   <trkpt lat="46.910090000000004" lon="12.236680000000002">
    <ele>1861.72</ele>
   </trkpt>
   <trkpt lat="46.910160000000005" lon="12.23671">
    <ele>1861.72</ele>
   </trkpt>
   <trkpt lat="46.9104" lon="12.236960000000002">
    <ele>1858.48</ele>
   </trkpt>
   <trkpt lat="46.910500000000006" lon="12.237100000000002">
    <ele>1855.4</ele>
   </trkpt>
   <trkpt lat="46.91085000197071" lon="12.237784995385569">
    <ele>1851.18</ele>
   </trkpt>
   <trkpt lat="46.9112" lon="12.238470000000001">
    <ele>1846.95</ele>
   </trkpt>
   <trkpt lat="46.911210000000004" lon="12.23853">
    <ele>1846.95</ele>
   </trkpt>
   <trkpt lat="46.911190000000005" lon="12.238620000000001">
    <ele>1846.95</ele>
   </trkpt>
   <trkpt lat="46.911150000000006" lon="12.23864">
    <ele>1846.1900000000003</ele>
   </trkpt>
   <trkpt lat="46.911100000000005" lon="12.238620000000001">
    <ele>1846.1900000000003</ele>
   </trkpt>
   <trkpt lat="46.91091" lon="12.2382">
    <ele>1843.67</ele>
   </trkpt>
   <trkpt lat="46.91082" lon="12.23807">
    <ele>1842.7000000000003</ele>
   </trkpt>
   <trkpt lat="46.910630000000005" lon="12.23788">
    <ele>1842.0600000000002</ele>
   </trkpt>
   <trkpt lat="46.91051" lon="12.237820000000001">
    <ele>1841.2800000000002</ele>
   </trkpt>
   <trkpt lat="46.91026" lon="12.23775">
    <ele>1840.75</ele>
   </trkpt>
   <trkpt lat="46.910000000000004" lon="12.237710000000002">
    <ele>1839.6200000000001</ele>
   </trkpt>
   <trkpt lat="46.90988" lon="12.237710000000002">
    <ele>1839.08</ele>
   </trkpt>
   <trkpt lat="46.90979" lon="12.237760000000002">
    <ele>1838.4600000000003</ele>
   </trkpt>
   <trkpt lat="46.9097" lon="12.23793">
    <ele>1837.7500000000002</ele>
   </trkpt>
   <trkpt lat="46.909710000000004" lon="12.238180000000002">
    <ele>1836.15</ele>
   </trkpt>
   <trkpt lat="46.90997" lon="12.238790000000002">
    <ele>1831.0100000000002</ele>
   </trkpt>
   <trkpt lat="46.91011" lon="12.239040000000001">
    <ele>1831.0100000000002</ele>
   </trkpt>
   <trkpt lat="46.910210000000006" lon="12.239260000000002">
    <ele>1825.83</ele>
   </trkpt>
   <trkpt lat="46.91042" lon="12.23994">
    <ele>1823.15</ele>
   </trkpt>
   <trkpt lat="46.91048000000001" lon="12.24018">
    <ele>1820.3300000000002</ele>
   </trkpt>
   <trkpt lat="46.91055" lon="12.24061">
    <ele>1817.6200000000001</ele>
   </trkpt>
   <trkpt lat="46.91062" lon="12.240870000000001">
    <ele>1814.5500000000002</ele>
   </trkpt>
   <trkpt lat="46.91089" lon="12.24141">
    <ele>1810.95</ele>
   </trkpt>
   <trkpt lat="46.910940000000004" lon="12.241600000000002">
    <ele>1810.95</ele>
   </trkpt>
   <trkpt lat="46.91133000000001" lon="12.242500000000001">
    <ele>1804.46</ele>
   </trkpt>
   <trkpt lat="46.91142000000001" lon="12.24277">
    <ele>1800.46</ele>
   </trkpt>
   <trkpt lat="46.91163" lon="12.24308">
    <ele>1798.2000000000003</ele>
   </trkpt>
   <trkpt lat="46.91201" lon="12.24384">
    <ele>1791.97</ele>
   </trkpt>
   <trkpt lat="46.912380000000006" lon="12.244470000000002">
    <ele>1785.3700000000001</ele>
   </trkpt>
   <trkpt lat="46.9125" lon="12.244760000000001">
    <ele>1784.4700000000003</ele>
   </trkpt>
   <trkpt lat="46.9127" lon="12.245460000000001">
    <ele>1779.64</ele>
   </trkpt>
   <trkpt lat="46.91273" lon="12.246150000000002">
    <ele>1774.0500000000002</ele>
   </trkpt>
   <trkpt lat="46.912690000000005" lon="12.24642">
    <ele>1770.8300000000002</ele>
   </trkpt>
   <trkpt lat="46.912580000000005" lon="12.246580000000002">
    <ele>1770.8300000000002</ele>
   </trkpt>
   <trkpt lat="46.912290000000006" lon="12.246810000000002">
    <ele>1767.71</ele>
   </trkpt>
   <trkpt lat="46.91219" lon="12.24694">
    <ele>1764.43</ele>
   </trkpt>
   <trkpt lat="46.91212" lon="12.247060000000001">
    <ele>1764.43</ele>
   </trkpt>
   <trkpt lat="46.912040000000005" lon="12.247330000000002">
    <ele>1762.6200000000001</ele>
   </trkpt>
   <trkpt lat="46.912040000000005" lon="12.24778">
    <ele>1758.96</ele>
   </trkpt>
   <trkpt lat="46.91207000000001" lon="12.24807">
    <ele>1758.14</ele>
   </trkpt>
   <trkpt lat="46.912180000000006" lon="12.24863">
    <ele>1753.2500000000002</ele>
   </trkpt>
   <trkpt lat="46.912180000000006" lon="12.24882">
    <ele>1753.2500000000002</ele>
   </trkpt>
   <trkpt lat="46.912020000000005" lon="12.249400000000001">
    <ele>1747.78</ele>
   </trkpt>
   <trkpt lat="46.91189000000001" lon="12.24998">
    <ele>1743.0</ele>
   </trkpt>
   <trkpt lat="46.911880000000004" lon="12.250340000000001">
    <ele>1739.48</ele>
   </trkpt>
   <trkpt lat="46.911910000000006" lon="12.250770000000001">
    <ele>1737.1000000000001</ele>
   </trkpt>
   <trkpt lat="46.91199" lon="12.251240000000001">
    <ele>1735.7600000000002</ele>
   </trkpt>
   <trkpt lat="46.912200000000006" lon="12.252030000000001">
    <ele>1727.17</ele>
   </trkpt>
   <trkpt lat="46.91221" lon="12.25228">
    <ele>1727.17</ele>
   </trkpt>
   <trkpt lat="46.91219" lon="12.25239">
    <ele>1726.43</ele>
   </trkpt>
   <trkpt lat="46.91212" lon="12.252590000000001">
    <ele>1725.0</ele>
   </trkpt>
   <trkpt lat="46.912020000000005" lon="12.25281">
    <ele>1722.76</ele>
   </trkpt>
   <trkpt lat="46.91199" lon="12.252970000000001">
    <ele>1722.76</ele>
   </trkpt>
   <trkpt lat="46.912000000000006" lon="12.253050000000002">
    <ele>1722.76</ele>
   </trkpt>
   <trkpt lat="46.912040000000005" lon="12.253100000000002">
    <ele>1721.98</ele>
   </trkpt>
   <trkpt lat="46.91214" lon="12.25314">
    <ele>1720.71</ele>
   </trkpt>
   <trkpt lat="46.91221" lon="12.25313">
    <ele>1720.71</ele>
   </trkpt>
   <trkpt lat="46.91236000000001" lon="12.253020000000001">
    <ele>1720.71</ele>
   </trkpt>
   <trkpt lat="46.91246" lon="12.252870000000001">
    <ele>1720.71</ele>
   </trkpt>
   <trkpt lat="46.912510000000005" lon="12.252740000000001">
    <ele>1712.77</ele>
   </trkpt>
   <trkpt lat="46.912560000000006" lon="12.252510000000001">
    <ele>1712.77</ele>
   </trkpt>
   <trkpt lat="46.91264" lon="12.25135">
    <ele>1709.14</ele>
   </trkpt>
   <trkpt lat="46.912690000000005" lon="12.251050000000001">
    <ele>1700.3600000000001</ele>
   </trkpt>
   <trkpt lat="46.91274000000001" lon="12.250890000000002">
    <ele>1700.3600000000001</ele>
   </trkpt>
   <trkpt lat="46.91281" lon="12.250750000000002">
    <ele>1700.3600000000001</ele>
   </trkpt>
   <trkpt lat="46.91302" lon="12.25041">
    <ele>1699.0200000000002</ele>
   </trkpt>
   <trkpt lat="46.91308" lon="12.250280000000002">
    <ele>1697.2800000000002</ele>
   </trkpt>
   <trkpt lat="46.9132" lon="12.249770000000002">
    <ele>1695.07</ele>
   </trkpt>
   <trkpt lat="46.913430000000005" lon="12.24938">
    <ele>1688.2</ele>
   </trkpt>
   <trkpt lat="46.913590000000006" lon="12.248990000000001">
    <ele>1686.8700000000001</ele>
   </trkpt>
   <trkpt lat="46.91367" lon="12.248850000000001">
    <ele>1686.8700000000001</ele>
   </trkpt>
   <trkpt lat="46.91378" lon="12.248740000000002">
    <ele>1686.8700000000001</ele>
   </trkpt>
   <trkpt lat="46.914170000000006" lon="12.248500000000002">
    <ele>1680.7500000000002</ele>
   </trkpt>
   <trkpt lat="46.91424000000001" lon="12.24843">
    <ele>1679.78</ele>
   </trkpt>
   <trkpt lat="46.91434" lon="12.248280000000001">
    <ele>1676.77</ele>
   </trkpt>
   <trkpt lat="46.91436" lon="12.248190000000001">
    <ele>1676.77</ele>
   </trkpt>
   <trkpt lat="46.914370000000005" lon="12.247860000000001">
    <ele>1675.31</ele>
   </trkpt>
   <trkpt lat="46.91445" lon="12.24754">
    <ele>1672.1100000000001</ele>
   </trkpt>
   <trkpt lat="46.91458" lon="12.247140000000002">
    <ele>1669.91</ele>
   </trkpt>
   <trkpt lat="46.91461" lon="12.246960000000001">
    <ele>1669.91</ele>
   </trkpt>
   <trkpt lat="46.91463" lon="12.24674">
    <ele>1668.5100000000002</ele>
   </trkpt>
   <trkpt lat="46.914620000000006" lon="12.246310000000001">
    <ele>1665.65</ele>
   </trkpt>
   <trkpt lat="46.914640000000006" lon="12.24624">
    <ele>1665.65</ele>
   </trkpt>
   <trkpt lat="46.91474" lon="12.24618">
    <ele>1664.7900000000002</ele>
   </trkpt>
   <trkpt lat="46.91480000000001" lon="12.246200000000002">
    <ele>1663.4</ele>
   </trkpt>
   <trkpt lat="46.91485" lon="12.246250000000002">
    <ele>1663.4</ele>
   </trkpt>
   <trkpt lat="46.914880000000004" lon="12.246310000000001">
    <ele>1663.4</ele>
   </trkpt>
   <trkpt lat="46.91489000000001" lon="12.24638">
    <ele>1660.91</ele>
   </trkpt>
   <trkpt lat="46.91485" lon="12.2469">
    <ele>1657.24</ele>
   </trkpt>
   <trkpt lat="46.914860000000004" lon="12.24717">
    <ele>1657.24</ele>
   </trkpt>
   <trkpt lat="46.91491500186857" lon="12.24782499933704">
    <ele>1648.67</ele>
   </trkpt>
   <trkpt lat="46.914970000000004" lon="12.24848">
    <ele>1645.2000000000003</ele>
   </trkpt>
   <trkpt lat="46.91501" lon="12.24943">
    <ele>1638.8700000000001</ele>
   </trkpt>
   <trkpt lat="46.915000000000006" lon="12.249590000000001">
    <ele>1638.8700000000001</ele>
   </trkpt>
   <trkpt lat="46.914950000000005" lon="12.24979">
    <ele>1635.0800000000002</ele>
   </trkpt>
   <trkpt lat="46.91476" lon="12.250280000000002">
    <ele>1630.9900000000002</ele>
   </trkpt>
   <trkpt lat="46.91472" lon="12.250580000000001">
    <ele>1628.42</ele>
   </trkpt>
   <trkpt lat="46.91469000000001" lon="12.25102">
    <ele>1627.1700000000003</ele>
   </trkpt>
   <trkpt lat="46.91458" lon="12.25162">
    <ele>1622.8600000000001</ele>
   </trkpt>
   <trkpt lat="46.91451000000001" lon="12.252250000000002">
    <ele>1616.68</ele>
   </trkpt>
   <trkpt lat="46.914460000000005" lon="12.25239">
    <ele>1616.68</ele>
   </trkpt>
   <trkpt lat="46.914190000000005" lon="12.252830000000001">
    <ele>1612.54</ele>
   </trkpt>
   <trkpt lat="46.91415000000001" lon="12.252970000000001">
    <ele>1612.54</ele>
   </trkpt>
   <trkpt lat="46.91402" lon="12.2537">
    <ele>1608.6100000000001</ele>
   </trkpt>
   <trkpt lat="46.91398" lon="12.254430000000001">
    <ele>1602.0800000000002</ele>
   </trkpt>
   <trkpt lat="46.913830000000004" lon="12.25542">
    <ele>1594.03</ele>
   </trkpt>
   <trkpt lat="46.9138" lon="12.25572">
    <ele>1594.03</ele>
   </trkpt>
   <trkpt lat="46.91378" lon="12.25633">
    <ele>1589.9800000000002</ele>
   </trkpt>
   <trkpt lat="46.91375000000001" lon="12.256630000000001">
    <ele>1588.0700000000002</ele>
   </trkpt>
   <trkpt lat="46.91367" lon="12.257150000000001">
    <ele>1585.45</ele>
   </trkpt>
   <trkpt lat="46.91369" lon="12.257320000000002">
    <ele>1584.8500000000001</ele>
   </trkpt>
   <trkpt lat="46.91375000000001" lon="12.257430000000001">
    <ele>1583.9800000000002</ele>
   </trkpt>
   <trkpt lat="46.913830000000004" lon="12.257460000000002">
    <ele>1583.9800000000002</ele>
   </trkpt>
   <trkpt lat="46.91391" lon="12.2574">
    <ele>1583.0600000000002</ele>
   </trkpt>
   <trkpt lat="46.91395000000001" lon="12.25731">
    <ele>1583.0600000000002</ele>
   </trkpt>
   <trkpt lat="46.913970000000006" lon="12.256580000000001">
    <ele>1577.98</ele>
   </trkpt>
   <trkpt lat="46.914060000000006" lon="12.256160000000001">
    <ele>1576.74</ele>
   </trkpt>
   <trkpt lat="46.914190000000005" lon="12.255780000000001">
    <ele>1572.5800000000002</ele>
   </trkpt>
   <trkpt lat="46.914300000000004" lon="12.255540000000002">
    <ele>1570.71</ele>
   </trkpt>
   <trkpt lat="46.914480000000005" lon="12.255210000000002">
    <ele>1567.26</ele>
   </trkpt>
   <trkpt lat="46.914820000000006" lon="12.25473">
    <ele>1566.18</ele>
   </trkpt>
   <trkpt lat="46.91501" lon="12.254600000000002">
    <ele>1566.18</ele>
   </trkpt>
   <trkpt lat="46.915110000000006" lon="12.25458">
    <ele>1560.5900000000001</ele>
   </trkpt>
   <trkpt lat="46.915290000000006" lon="12.254620000000001">
    <ele>1560.5900000000001</ele>
   </trkpt>
   <trkpt lat="46.915470000000006" lon="12.254800000000001">
    <ele>1560.5900000000001</ele>
   </trkpt>
   <trkpt lat="46.915530000000004" lon="12.254940000000001">
    <ele>1557.5400000000002</ele>
   </trkpt>
   <trkpt lat="46.9157" lon="12.25552">
    <ele>1555.71</ele>
   </trkpt>
   <trkpt lat="46.915800000000004" lon="12.255790000000001">
    <ele>1553.5500000000002</ele>
   </trkpt>
   <trkpt lat="46.915890000000005" lon="12.255930000000001">
    <ele>1553.0900000000001</ele>
   </trkpt>
   <trkpt lat="46.916000000000004" lon="12.256050000000002">
    <ele>1552.3600000000001</ele>
   </trkpt>
   <trkpt lat="46.91631" lon="12.25628">
    <ele>1551.13</ele>
   </trkpt>
   <trkpt lat="46.916450000000005" lon="12.25642">
    <ele>1551.0000000000002</ele>
   </trkpt>
   <trkpt lat="46.916610000000006" lon="12.25665">
    <ele>1550.88</ele>
   </trkpt>
   <trkpt lat="46.91669" lon="12.256820000000001">
    <ele>1551.0600000000002</ele>
   </trkpt>
   <trkpt lat="46.91678" lon="12.25711">
    <ele>1551.8500000000001</ele>
   </trkpt>
   <trkpt lat="46.91682" lon="12.2575">
    <ele>1552.8200000000002</ele>
   </trkpt>
   <trkpt lat="46.91686000000001" lon="12.25829">
    <ele>1556.96</ele>
   </trkpt>
   <trkpt lat="46.916790000000006" lon="12.25881">
    <ele>1557.8500000000001</ele>
   </trkpt>
   <trkpt lat="46.91677000000001" lon="12.25904">
    <ele>1558.07</ele>
   </trkpt>
   <trkpt lat="46.916880000000006" lon="12.25998">
    <ele>1558.6000000000001</ele>
   </trkpt>
   <trkpt lat="46.91691" lon="12.2604">
    <ele>1557.8500000000001</ele>
   </trkpt>
   <trkpt lat="46.91689" lon="12.26078">
    <ele>1556.0800000000002</ele>
   </trkpt>
   <trkpt lat="46.917" lon="12.26163">
    <ele>1553.0900000000001</ele>
   </trkpt>
   <trkpt lat="46.917070002172224" lon="12.262334999163539">
    <ele>1550.9700000000003</ele>
   </trkpt>
   <trkpt lat="46.91714" lon="12.26304">
    <ele>1549.8100000000002</ele>
   </trkpt>
   <trkpt lat="46.917190000000005" lon="12.263290000000001">
    <ele>1549.4</ele>
   </trkpt>
   <trkpt lat="46.91722" lon="12.26388">
    <ele>1547.2800000000002</ele>
   </trkpt>
   <trkpt lat="46.91745" lon="12.264830000000002">
    <ele>1546.18</ele>
   </trkpt>
   <trkpt lat="46.91749" lon="12.265200000000002">
    <ele>1546.0900000000001</ele>
   </trkpt>
   <trkpt lat="46.91753000314318" lon="12.266049999317357">
    <ele>1546.79</ele>
   </trkpt>
   <trkpt lat="46.917570000000005" lon="12.266900000000001">
    <ele>1547.73</ele>
   </trkpt>
   <trkpt lat="46.91754" lon="12.267650000000001">
    <ele>1549.05</ele>
   </trkpt>
   <trkpt lat="46.917550000000006" lon="12.268730000000001">
    <ele>1550.73</ele>
   </trkpt>
   <trkpt lat="46.91749" lon="12.269260000000001">
    <ele>1551.59</ele>
   </trkpt>
   <trkpt lat="46.91725" lon="12.27039">
    <ele>1552.63</ele>
   </trkpt>
   <trkpt lat="46.91711" lon="12.27139">
    <ele>1552.9100000000003</ele>
   </trkpt>
   <trkpt lat="46.91713000000001" lon="12.272150000000002">
    <ele>1552.7600000000002</ele>
   </trkpt>
   <trkpt lat="46.91709" lon="12.272950000000002">
    <ele>1550.81</ele>
   </trkpt>
   <trkpt lat="46.91709" lon="12.27388">
    <ele>1547.15</ele>
   </trkpt>
   <trkpt lat="46.91702500617075" lon="12.27507000133956">
    <ele>1543.5400000000002</ele>
   </trkpt>
   <trkpt lat="46.91696" lon="12.27626">
    <ele>1540.49</ele>
   </trkpt>
   <trkpt lat="46.916920000000005" lon="12.276610000000002">
    <ele>1540.1</ele>
   </trkpt>
   <trkpt lat="46.91677000000001" lon="12.277370000000001">
    <ele>1536.97</ele>
   </trkpt>
   <trkpt lat="46.916720000000005" lon="12.277870000000002">
    <ele>1535.6900000000003</ele>
   </trkpt>
   <trkpt lat="46.916700000000006" lon="12.278580000000002">
    <ele>1534.0900000000001</ele>
   </trkpt>
   <trkpt lat="46.916630000000005" lon="12.27927">
    <ele>1532.66</ele>
   </trkpt>
   <trkpt lat="46.91648000000001" lon="12.280050000000001">
    <ele>1530.22</ele>
   </trkpt>
   <trkpt lat="46.916315001799035" lon="12.280690001909335">
    <ele>1527.16</ele>
   </trkpt>
   <trkpt lat="46.91615" lon="12.28133">
    <ele>1524.58</ele>
   </trkpt>
   <trkpt lat="46.91608" lon="12.281540000000001">
    <ele>1524.58</ele>
   </trkpt>
   <trkpt lat="46.915820000000004" lon="12.28218">
    <ele>1522.6200000000001</ele>
   </trkpt>
   <trkpt lat="46.915350000000004" lon="12.28316">
    <ele>1518.19</ele>
   </trkpt>
   <trkpt lat="46.914950000000005" lon="12.28392">
    <ele>1515.56</ele>
   </trkpt>
   <trkpt lat="46.91451000000001" lon="12.28494">
    <ele>1509.9300000000003</ele>
   </trkpt>
   <trkpt lat="46.91443" lon="12.285190000000002">
    <ele>1508.42</ele>
   </trkpt>
   <trkpt lat="46.91431" lon="12.28569">
    <ele>1502.82</ele>
   </trkpt>
   <trkpt lat="46.91407" lon="12.286950000000001">
    <ele>1497.89</ele>
   </trkpt>
   <trkpt lat="46.91404000000001" lon="12.28725">
    <ele>1497.5200000000002</ele>
   </trkpt>
   <trkpt lat="46.9138" lon="12.28814">
    <ele>1496.72</ele>
   </trkpt>
   <trkpt lat="46.913650000000004" lon="12.288590000000001">
    <ele>1494.43</ele>
   </trkpt>
   <trkpt lat="46.913470000000004" lon="12.28897">
    <ele>1492.38</ele>
   </trkpt>
   <trkpt lat="46.91308" lon="12.28935">
    <ele>1490.42</ele>
   </trkpt>
   <trkpt lat="46.91301000000001" lon="12.28945">
    <ele>1488.6000000000001</ele>
   </trkpt>
   <trkpt lat="46.912780000000005" lon="12.28992">
    <ele>1484.91</ele>
   </trkpt>
   <trkpt lat="46.912380000000006" lon="12.290560000000001">
    <ele>1479.2900000000002</ele>
   </trkpt>
   <trkpt lat="46.91226" lon="12.290790000000001">
    <ele>1476.73</ele>
   </trkpt>
   <trkpt lat="46.912200000000006" lon="12.291">
    <ele>1474.72</ele>
   </trkpt>
   <trkpt lat="46.91217" lon="12.291310000000001">
    <ele>1472.7400000000002</ele>
   </trkpt>
   <trkpt lat="46.912200000000006" lon="12.291620000000002">
    <ele>1469.7000000000003</ele>
   </trkpt>
   <trkpt lat="46.912470000000006" lon="12.292340000000001">
    <ele>1463.47</ele>
   </trkpt>
   <trkpt lat="46.912600000000005" lon="12.292810000000001">
    <ele>1460.9</ele>
   </trkpt>
   <trkpt lat="46.912690000000005" lon="12.293510000000001">
    <ele>1455.18</ele>
   </trkpt>
   <trkpt lat="46.912580000000005" lon="12.294250000000002">
    <ele>1448.79</ele>
   </trkpt>
   <trkpt lat="46.91259" lon="12.29461">
    <ele>1444.95</ele>
   </trkpt>
   <trkpt lat="46.912670000000006" lon="12.294910000000002">
    <ele>1442.64</ele>
   </trkpt>
   <trkpt lat="46.9129" lon="12.29532">
    <ele>1439.1100000000001</ele>
   </trkpt>
   <trkpt lat="46.912940000000006" lon="12.295430000000001">
    <ele>1439.1100000000001</ele>
   </trkpt>
   <trkpt lat="46.912960000000005" lon="12.295990000000002">
    <ele>1432.8200000000002</ele>
   </trkpt>
   <trkpt lat="46.913090000000004" lon="12.296500000000002">
    <ele>1429.74</ele>
   </trkpt>
   <trkpt lat="46.913140000000006" lon="12.297130000000001">
    <ele>1425.0</ele>
   </trkpt>
   <trkpt lat="46.91326" lon="12.29766">
    <ele>1421.71</ele>
   </trkpt>
   <trkpt lat="46.91326" lon="12.29789">
    <ele>1421.5300000000002</ele>
   </trkpt>
   <trkpt lat="46.9132" lon="12.298150000000001">
    <ele>1421.44</ele>
   </trkpt>
   <trkpt lat="46.91313" lon="12.298290000000001">
    <ele>1421.1200000000001</ele>
   </trkpt>
   <trkpt lat="46.912850000000006" lon="12.298620000000001">
    <ele>1420.1800000000003</ele>
   </trkpt>
   <trkpt lat="46.912800000000004" lon="12.29873">
    <ele>1420.1800000000003</ele>
   </trkpt>
   <trkpt lat="46.912870000000005" lon="12.299650000000002">
    <ele>1419.45</ele>
   </trkpt>
   <trkpt lat="46.912870000000005" lon="12.299880000000002">
    <ele>1419.1</ele>
   </trkpt>
   <trkpt lat="46.912755002544955" lon="12.300640001430535">
    <ele>1418.4</ele>
   </trkpt>
   <trkpt lat="46.91264" lon="12.301400000000001">
    <ele>1417.22</ele>
   </trkpt>
   <trkpt lat="46.912600000000005" lon="12.301760000000002">
    <ele>1416.8100000000002</ele>
   </trkpt>
   <trkpt lat="46.91257000340614" lon="12.30264500060506">
    <ele>1415.2600000000002</ele>
   </trkpt>
   <trkpt lat="46.91254000000001" lon="12.30353">
    <ele>1414.67</ele>
   </trkpt>
   <trkpt lat="46.9125" lon="12.303780000000001">
    <ele>1414.67</ele>
   </trkpt>
   <trkpt lat="46.91223" lon="12.304960000000001">
    <ele>1414.1000000000001</ele>
   </trkpt>
   <trkpt lat="46.912150000000004" lon="12.3055">
    <ele>1413.39</ele>
   </trkpt>
   <trkpt lat="46.91214" lon="12.30574">
    <ele>1412.83</ele>
   </trkpt>
   <trkpt lat="46.91219" lon="12.30616">
    <ele>1412.2</ele>
   </trkpt>
   <trkpt lat="46.912310000000005" lon="12.30649">
    <ele>1411.18</ele>
   </trkpt>
   <trkpt lat="46.91277" lon="12.307120000000001">
    <ele>1410.8400000000001</ele>
   </trkpt>
   <trkpt lat="46.91299" lon="12.307500000000001">
    <ele>1409.9</ele>
   </trkpt>
   <trkpt lat="46.91306" lon="12.307690000000001">
    <ele>1409.9</ele>
   </trkpt>
   <trkpt lat="46.913230000000006" lon="12.308290000000001">
    <ele>1408.8</ele>
   </trkpt>
   <trkpt lat="46.91339000000001" lon="12.309170000000002">
    <ele>1408.3500000000001</ele>
   </trkpt>
   <trkpt lat="46.913450000000005" lon="12.30976">
    <ele>1407.8400000000001</ele>
   </trkpt>
   <trkpt lat="46.913450000000005" lon="12.309940000000001">
    <ele>1407.71</ele>
   </trkpt>
   <trkpt lat="46.913430000000005" lon="12.3101">
    <ele>1407.71</ele>
   </trkpt>
   <trkpt lat="46.91335" lon="12.310390000000002">
    <ele>1407.51</ele>
   </trkpt>
   <trkpt lat="46.913090000000004" lon="12.31099">
    <ele>1405.61</ele>
   </trkpt>
   <trkpt lat="46.913000000000004" lon="12.311280000000002">
    <ele>1405.1200000000001</ele>
   </trkpt>
   <trkpt lat="46.91295" lon="12.311530000000001">
    <ele>1404.73</ele>
   </trkpt>
   <trkpt lat="46.91295" lon="12.31182">
    <ele>1404.05</ele>
   </trkpt>
   <trkpt lat="46.912980000000005" lon="12.312090000000001">
    <ele>1403.78</ele>
   </trkpt>
   <trkpt lat="46.913050000000005" lon="12.312360000000002">
    <ele>1403.78</ele>
   </trkpt>
   <trkpt lat="46.91315" lon="12.312700000000001">
    <ele>1403.2000000000003</ele>
   </trkpt>
   <trkpt lat="46.9134" lon="12.313390000000002">
    <ele>1402.7</ele>
   </trkpt>
   <trkpt lat="46.913610000000006" lon="12.314060000000001">
    <ele>1401.94</ele>
   </trkpt>
   <trkpt lat="46.91375000000001" lon="12.314530000000001">
    <ele>1401.41</ele>
   </trkpt>
   <trkpt lat="46.91386000000001" lon="12.314950000000001">
    <ele>1400.53</ele>
   </trkpt>
   <trkpt lat="46.913900000000005" lon="12.31525">
    <ele>1400.22</ele>
   </trkpt>
   <trkpt lat="46.913880000000006" lon="12.315660000000001">
    <ele>1398.9900000000002</ele>
   </trkpt>
   <trkpt lat="46.91377000000001" lon="12.31648">
    <ele>1398.6100000000001</ele>
   </trkpt>
   <trkpt lat="46.91377000000001" lon="12.316840000000001">
    <ele>1398.14</ele>
   </trkpt>
   <trkpt lat="46.91407" lon="12.31778">
    <ele>1396.93</ele>
   </trkpt>
   <trkpt lat="46.91415000000001" lon="12.318140000000001">
    <ele>1396.4</ele>
   </trkpt>
   <trkpt lat="46.91425" lon="12.318790000000002">
    <ele>1395.75</ele>
   </trkpt>
   <trkpt lat="46.91429" lon="12.31929">
    <ele>1395.58</ele>
   </trkpt>
   <trkpt lat="46.914295004708514" lon="12.320329999834895">
    <ele>1394.3100000000002</ele>
   </trkpt>
   <trkpt lat="46.914300000000004" lon="12.321370000000002">
    <ele>1393.21</ele>
   </trkpt>
   <trkpt lat="46.914320000000004" lon="12.321510000000002">
    <ele>1393.21</ele>
   </trkpt>
   <trkpt lat="46.914370000000005" lon="12.321700000000002">
    <ele>1392.65</ele>
   </trkpt>
   <trkpt lat="46.91461" lon="12.322360000000002">
    <ele>1392.53</ele>
   </trkpt>
   <trkpt lat="46.914820003006994" lon="12.32319499661483">
    <ele>1392.12</ele>
   </trkpt>
   <trkpt lat="46.91503" lon="12.32403">
    <ele>1392.03</ele>
   </trkpt>
   <trkpt lat="46.915110000000006" lon="12.32422">
    <ele>1392.03</ele>
   </trkpt>
   <trkpt lat="46.915530000000004" lon="12.324710000000001">
    <ele>1391.45</ele>
   </trkpt>
   <trkpt lat="46.915620000000004" lon="12.324900000000001">
    <ele>1391.24</ele>
   </trkpt>
   <trkpt lat="46.915710000000004" lon="12.325190000000001">
    <ele>1390.91</ele>
   </trkpt>
   <trkpt lat="46.91581" lon="12.325740000000001">
    <ele>1390.56</ele>
   </trkpt>
   <trkpt lat="46.915870000000005" lon="12.32596">
    <ele>1390.56</ele>
   </trkpt>
   <trkpt lat="46.91592000000001" lon="12.32609">
    <ele>1389.7</ele>
   </trkpt>
   <trkpt lat="46.91619000000001" lon="12.326640000000001">
    <ele>1389.52</ele>
   </trkpt>
   <trkpt lat="46.916320000000006" lon="12.326870000000001">
    <ele>1389.34</ele>
   </trkpt>
   <trkpt lat="46.91668000000001" lon="12.327390000000001">
    <ele>1388.89</ele>
   </trkpt>
   <trkpt lat="46.916760000000004" lon="12.327570000000001">
    <ele>1388.65</ele>
   </trkpt>
   <trkpt lat="46.916790000000006" lon="12.32773">
    <ele>1388.65</ele>
   </trkpt>
   <trkpt lat="46.91682500517746" lon="12.328819999443677">
    <ele>1388.7600000000002</ele>
   </trkpt>
   <trkpt lat="46.91686000000001" lon="12.329910000000002">
    <ele>1388.9300000000003</ele>
   </trkpt>
   <trkpt lat="46.9168" lon="12.33026">
    <ele>1388.74</ele>
   </trkpt>
   <trkpt lat="46.91667" lon="12.330530000000001">
    <ele>1388.64</ele>
   </trkpt>
   <trkpt lat="46.91633" lon="12.330750000000002">
    <ele>1388.8700000000001</ele>
   </trkpt>
   <trkpt lat="46.91628" lon="12.330820000000001">
    <ele>1389.14</ele>
   </trkpt>
   <trkpt lat="46.915985004628766" lon="12.331850005635145">
    <ele>1388.63</ele>
   </trkpt>
   <trkpt lat="46.915690000000005" lon="12.332880000000001">
    <ele>1385.17</ele>
   </trkpt>
   <trkpt lat="46.915485001580855" lon="12.333490002449958">
    <ele>1383.94</ele>
   </trkpt>
   <trkpt lat="46.91528" lon="12.334100000000001">
    <ele>1383.3300000000002</ele>
   </trkpt>
   <trkpt lat="46.91521" lon="12.334430000000001">
    <ele>1383.0300000000002</ele>
   </trkpt>
   <trkpt lat="46.91519" lon="12.33473">
    <ele>1382.88</ele>
   </trkpt>
   <trkpt lat="46.915200000000006" lon="12.334980000000002">
    <ele>1382.74</ele>
   </trkpt>
   <trkpt lat="46.91536751508729" lon="12.33605498988118">
    <ele>1382.3200000000002</ele>
   </trkpt>
   <trkpt lat="46.91553502011249" lon="12.337129986483017">
    <ele>1381.3600000000001</ele>
   </trkpt>
   <trkpt lat="46.91570251507552" lon="12.338204989805195">
    <ele>1380.7</ele>
   </trkpt>
   <trkpt lat="46.915870000000005" lon="12.33928">
    <ele>1379.92</ele>
   </trkpt>
   <trkpt lat="46.915935002633326" lon="12.340059998869258">
    <ele>1379.48</ele>
   </trkpt>
   <trkpt lat="46.916000000000004" lon="12.340840000000002">
    <ele>1378.8200000000002</ele>
   </trkpt>
   <trkpt lat="46.91610000000001" lon="12.34153">
    <ele>1378.13</ele>
   </trkpt>
   <trkpt lat="46.91625000653332" lon="12.342396661775885">
    <ele>1378.13</ele>
   </trkpt>
   <trkpt lat="46.916400006526636" lon="12.343263328403875">
    <ele>1377.6100000000001</ele>
   </trkpt>
   <trkpt lat="46.91655" lon="12.344130000000002">
    <ele>1377.3600000000001</ele>
   </trkpt>
   <trkpt lat="46.916610000000006" lon="12.34501">
    <ele>1377.24</ele>
   </trkpt>
   <trkpt lat="46.91659000000001" lon="12.345640000000001">
    <ele>1377.58</ele>
   </trkpt>
   <trkpt lat="46.91653" lon="12.346020000000001">
    <ele>1377.8400000000001</ele>
   </trkpt>
   <trkpt lat="46.916290000000004" lon="12.34684">
    <ele>1378.95</ele>
   </trkpt>
   <trkpt lat="46.9162" lon="12.347040000000002">
    <ele>1379.0200000000002</ele>
   </trkpt>
   <trkpt lat="46.91588" lon="12.34764">
    <ele>1378.3100000000002</ele>
   </trkpt>
   <trkpt lat="46.91579" lon="12.347880000000002">
    <ele>1378.0700000000002</ele>
   </trkpt>
   <trkpt lat="46.9157" lon="12.348260000000002">
    <ele>1377.72</ele>
   </trkpt>
   <trkpt lat="46.915690000000005" lon="12.348680000000002">
    <ele>1377.41</ele>
   </trkpt>
   <trkpt lat="46.91573" lon="12.349210000000001">
    <ele>1376.74</ele>
   </trkpt>
   <trkpt lat="46.915780000000005" lon="12.349540000000001">
    <ele>1376.5</ele>
   </trkpt>
   <trkpt lat="46.91599667445545" lon="12.350486658948576">
    <ele>1375.51</ele>
   </trkpt>
   <trkpt lat="46.9162133411078" lon="12.351433325552591">
    <ele>1374.75</ele>
   </trkpt>
   <trkpt lat="46.916430000000005" lon="12.35238">
    <ele>1374.15</ele>
   </trkpt>
   <trkpt lat="46.916450000000005" lon="12.352540000000001">
    <ele>1374.09</ele>
   </trkpt>
   <trkpt lat="46.916450000000005" lon="12.352710000000002">
    <ele>1374.06</ele>
   </trkpt>
   <trkpt lat="46.91637" lon="12.353390000000001">
    <ele>1373.75</ele>
   </trkpt>
   <trkpt lat="46.91637" lon="12.353700000000002">
    <ele>1373.1000000000001</ele>
   </trkpt>
   <trkpt lat="46.91649" lon="12.354070000000002">
    <ele>1372.5800000000002</ele>
   </trkpt>
   <trkpt lat="46.91684" lon="12.354690000000002">
    <ele>1371.3500000000001</ele>
   </trkpt>
   <trkpt lat="46.91695000000001" lon="12.355">
    <ele>1370.3100000000002</ele>
   </trkpt>
   <trkpt lat="46.91698" lon="12.35527">
    <ele>1369.8400000000001</ele>
   </trkpt>
   <trkpt lat="46.91698" lon="12.35561">
    <ele>1369.1000000000001</ele>
   </trkpt>
   <trkpt lat="46.916925002652036" lon="12.356390000753263">
    <ele>1368.0400000000002</ele>
   </trkpt>
   <trkpt lat="46.91687" lon="12.357170000000002">
    <ele>1366.5800000000002</ele>
   </trkpt>
   <trkpt lat="46.9168" lon="12.35753">
    <ele>1365.5300000000002</ele>
   </trkpt>
   <trkpt lat="46.91642" lon="12.358580000000002">
    <ele>1363.65</ele>
   </trkpt>
   <trkpt lat="46.91635" lon="12.358870000000001">
    <ele>1362.48</ele>
   </trkpt>
   <trkpt lat="46.91619500321111" lon="12.359730002536288">
    <ele>1359.9</ele>
   </trkpt>
   <trkpt lat="46.91604" lon="12.36059">
    <ele>1358.24</ele>
   </trkpt>
   <trkpt lat="46.915865002766814" lon="12.36138000235536">
    <ele>1357.72</ele>
   </trkpt>
   <trkpt lat="46.915690000000005" lon="12.36217">
    <ele>1356.89</ele>
   </trkpt>
   <trkpt lat="46.91564" lon="12.362540000000001">
    <ele>1356.1100000000001</ele>
   </trkpt>
   <trkpt lat="46.91566" lon="12.362940000000002">
    <ele>1354.4</ele>
   </trkpt>
   <trkpt lat="46.91579" lon="12.363410000000002">
    <ele>1353.02</ele>
   </trkpt>
   <trkpt lat="46.91601000000001" lon="12.36401">
    <ele>1349.0700000000002</ele>
   </trkpt>
   <trkpt lat="46.916050000000006" lon="12.364170000000001">
    <ele>1348.27</ele>
   </trkpt>
   <trkpt lat="46.916070000000005" lon="12.36434">
    <ele>1348.27</ele>
   </trkpt>
   <trkpt lat="46.91608" lon="12.36471">
    <ele>1346.94</ele>
   </trkpt>
   <trkpt lat="46.91602" lon="12.365860000000001">
    <ele>1344.7300000000002</ele>
   </trkpt>
   <trkpt lat="46.91607000202722" lon="12.366544999147314">
    <ele>1342.39</ele>
   </trkpt>
   <trkpt lat="46.91612000000001" lon="12.367230000000001">
    <ele>1339.5800000000002</ele>
   </trkpt>
   <trkpt lat="46.91611" lon="12.367730000000002">
    <ele>1338.3500000000001</ele>
   </trkpt>
   <trkpt lat="46.91604" lon="12.368260000000001">
    <ele>1337.8600000000001</ele>
   </trkpt>
   <trkpt lat="46.915900003087806" lon="12.369105002332976">
    <ele>1337.8400000000001</ele>
   </trkpt>
   <trkpt lat="46.915760000000006" lon="12.369950000000001">
    <ele>1337.5800000000002</ele>
   </trkpt>
   <trkpt lat="46.91573" lon="12.370330000000001">
    <ele>1337.14</ele>
   </trkpt>
   <trkpt lat="46.91573" lon="12.370840000000001">
    <ele>1335.9200000000003</ele>
   </trkpt>
   <trkpt lat="46.91577" lon="12.371120000000001">
    <ele>1335.69</ele>
   </trkpt>
   <trkpt lat="46.915910000000004" lon="12.371720000000002">
    <ele>1333.8300000000002</ele>
   </trkpt>
   <trkpt lat="46.91599" lon="12.372000000000002">
    <ele>1332.9700000000003</ele>
   </trkpt>
   <trkpt lat="46.91621000000001" lon="12.37264">
    <ele>1329.96</ele>
   </trkpt>
   <trkpt lat="46.916250000000005" lon="12.372840000000002">
    <ele>1328.71</ele>
   </trkpt>
   <trkpt lat="46.916250000000005" lon="12.373460000000001">
    <ele>1324.8700000000001</ele>
   </trkpt>
   <trkpt lat="46.916160000000005" lon="12.373880000000002">
    <ele>1323.59</ele>
   </trkpt>
   <trkpt lat="46.91593" lon="12.374410000000001">
    <ele>1321.18</ele>
   </trkpt>
   <trkpt lat="46.91574000000001" lon="12.37498">
    <ele>1319.4</ele>
   </trkpt>
   <trkpt lat="46.9155" lon="12.37612">
    <ele>1317.47</ele>
   </trkpt>
   <trkpt lat="46.915400000000005" lon="12.376430000000001">
    <ele>1316.94</ele>
   </trkpt>
   <trkpt lat="46.9153" lon="12.37663">
    <ele>1315.92</ele>
   </trkpt>
   <trkpt lat="46.91480000000001" lon="12.37743">
    <ele>1312.71</ele>
   </trkpt>
   <trkpt lat="46.914620000000006" lon="12.377880000000001">
    <ele>1311.5100000000002</ele>
   </trkpt>
   <trkpt lat="46.91456" lon="12.37813">
    <ele>1308.7000000000003</ele>
   </trkpt>
   <trkpt lat="46.91449" lon="12.37869">
    <ele>1307.3000000000002</ele>
   </trkpt>
   <trkpt lat="46.91449" lon="12.378960000000001">
    <ele>1306.43</ele>
   </trkpt>
   <trkpt lat="46.91452" lon="12.3793">
    <ele>1305.25</ele>
   </trkpt>
   <trkpt lat="46.91474" lon="12.38038">
    <ele>1304.07</ele>
   </trkpt>
   <trkpt lat="46.91474" lon="12.380350000000002">
    <ele>1304.14</ele>
   </trkpt>
   <trkpt lat="46.914860000000004" lon="12.380920000000001">
    <ele>1303.05</ele>
   </trkpt>
   <trkpt lat="46.914930000000005" lon="12.381340000000002">
    <ele>1302.0600000000002</ele>
   </trkpt>
   <trkpt lat="46.91499" lon="12.381950000000002">
    <ele>1301.44</ele>
   </trkpt>
   <trkpt lat="46.915060000000004" lon="12.38297">
    <ele>1300.25</ele>
   </trkpt>
   <trkpt lat="46.91517" lon="12.383750000000001">
    <ele>1298.14</ele>
   </trkpt>
   <trkpt lat="46.91532" lon="12.384570000000002">
    <ele>1297.1200000000001</ele>
   </trkpt>
   <trkpt lat="46.91543" lon="12.385090000000002">
    <ele>1296.2900000000002</ele>
   </trkpt>
   <trkpt lat="46.91561" lon="12.38596">
    <ele>1294.65</ele>
   </trkpt>
   <trkpt lat="46.915690000000005" lon="12.38649">
    <ele>1294.27</ele>
   </trkpt>
   <trkpt lat="46.915755002498756" lon="12.387249998892685">
    <ele>1293.53</ele>
   </trkpt>
   <trkpt lat="46.915820000000004" lon="12.388010000000001">
    <ele>1291.96</ele>
   </trkpt>
   <trkpt lat="46.915940000000006" lon="12.38873">
    <ele>1291.47</ele>
   </trkpt>
   <trkpt lat="46.916090000000004" lon="12.3894">
    <ele>1289.77</ele>
   </trkpt>
   <trkpt lat="46.91641500382074" lon="12.390339994223437">
    <ele>1288.54</ele>
   </trkpt>
   <trkpt lat="46.916740000000004" lon="12.391280000000002">
    <ele>1287.44</ele>
   </trkpt>
   <trkpt lat="46.916850000000004" lon="12.39165">
    <ele>1286.92</ele>
   </trkpt>
   <trkpt lat="46.917" lon="12.392410000000002">
    <ele>1286.2300000000002</ele>
   </trkpt>
   <trkpt lat="46.91709" lon="12.393180000000001">
    <ele>1285.26</ele>
   </trkpt>
   <trkpt lat="46.91711" lon="12.39357">
    <ele>1284.8600000000001</ele>
   </trkpt>
   <trkpt lat="46.91710500555896" lon="12.394700000128523">
    <ele>1283.52</ele>
   </trkpt>
   <trkpt lat="46.917100000000005" lon="12.39583">
    <ele>1282.28</ele>
   </trkpt>
   <trkpt lat="46.91714" lon="12.39661">
    <ele>1280.8300000000002</ele>
   </trkpt>
   <trkpt lat="46.91722" lon="12.397520000000002">
    <ele>1280.1100000000001</ele>
   </trkpt>
   <trkpt lat="46.917350000000006" lon="12.398460000000002">
    <ele>1279.46</ele>
   </trkpt>
   <trkpt lat="46.91751000000001" lon="12.39939">
    <ele>1279.1100000000001</ele>
   </trkpt>
   <trkpt lat="46.91769" lon="12.40018">
    <ele>1279.0100000000002</ele>
   </trkpt>
   <trkpt lat="46.917880000000004" lon="12.40085">
    <ele>1279.5</ele>
   </trkpt>
   <trkpt lat="46.91809000000001" lon="12.40173">
    <ele>1280.0</ele>
   </trkpt>
   <trkpt lat="46.918110000000006" lon="12.401900000000001">
    <ele>1280.0200000000002</ele>
   </trkpt>
   <trkpt lat="46.91814" lon="12.4022">
    <ele>1279.98</ele>
   </trkpt>
   <trkpt lat="46.918150000000004" lon="12.40263">
    <ele>1279.77</ele>
   </trkpt>
   <trkpt lat="46.917930000000005" lon="12.403860000000002">
    <ele>1277.71</ele>
   </trkpt>
   <trkpt lat="46.917820000000006" lon="12.40427">
    <ele>1276.93</ele>
   </trkpt>
   <trkpt lat="46.91772" lon="12.404480000000001">
    <ele>1276.5900000000001</ele>
   </trkpt>
   <trkpt lat="46.91742000000001" lon="12.40496">
    <ele>1274.07</ele>
   </trkpt>
   <trkpt lat="46.917300000000004" lon="12.405220000000002">
    <ele>1273.23</ele>
   </trkpt>
   <trkpt lat="46.9172" lon="12.405600000000002">
    <ele>1272.0900000000001</ele>
   </trkpt>
   <trkpt lat="46.91718" lon="12.40614">
    <ele>1269.98</ele>
   </trkpt>
   <trkpt lat="46.9172" lon="12.406490000000002">
    <ele>1269.05</ele>
   </trkpt>
   <trkpt lat="46.917260000000006" lon="12.407020000000001">
    <ele>1268.55</ele>
   </trkpt>
   <trkpt lat="46.91743" lon="12.40793">
    <ele>1269.09</ele>
   </trkpt>
   <trkpt lat="46.91751000000001" lon="12.408150000000001">
    <ele>1269.1100000000001</ele>
   </trkpt>
   <trkpt lat="46.91799" lon="12.408800000000001">
    <ele>1269.65</ele>
   </trkpt>
   <trkpt lat="46.918240000000004" lon="12.40919">
    <ele>1269.76</ele>
   </trkpt>
   <trkpt lat="46.91843" lon="12.40961">
    <ele>1269.3600000000001</ele>
   </trkpt>
   <trkpt lat="46.91857" lon="12.41">
    <ele>1268.49</ele>
   </trkpt>
   <trkpt lat="46.91879" lon="12.410820000000001">
    <ele>1265.46</ele>
   </trkpt>
   <trkpt lat="46.918960000000006" lon="12.411570000000001">
    <ele>1264.0300000000002</ele>
   </trkpt>
   <trkpt lat="46.91926334134377" lon="12.412529989086062">
    <ele>1263.7900000000002</ele>
   </trkpt>
   <trkpt lat="46.91956667466318" lon="12.413489989041862">
    <ele>1263.24</ele>
   </trkpt>
   <trkpt lat="46.91987" lon="12.41445">
    <ele>1262.6200000000001</ele>
   </trkpt>
   <trkpt lat="46.920230000000004" lon="12.415400000000002">
    <ele>1261.3400000000001</ele>
   </trkpt>
   <trkpt lat="46.92031" lon="12.41577">
    <ele>1261.33</ele>
   </trkpt>
   <trkpt lat="46.920320000000004" lon="12.41605">
    <ele>1261.33</ele>
   </trkpt>
   <trkpt lat="46.92029" lon="12.41703">
    <ele>1260.9</ele>
   </trkpt>
   <trkpt lat="46.92034000389504" lon="12.4179749992548">
    <ele>1259.89</ele>
   </trkpt>
   <trkpt lat="46.920390000000005" lon="12.418920000000002">
    <ele>1259.29</ele>
   </trkpt>
   <trkpt lat="46.92031500712513" lon="12.420200001922991">
    <ele>1257.9900000000002</ele>
   </trkpt>
   <trkpt lat="46.92024000000001" lon="12.42148">
    <ele>1256.51</ele>
   </trkpt>
   <trkpt lat="46.92024000000001" lon="12.42176">
    <ele>1256.41</ele>
   </trkpt>
   <trkpt lat="46.920260000000006" lon="12.422030000000001">
    <ele>1256.48</ele>
   </trkpt>
   <trkpt lat="46.92038" lon="12.422630000000002">
    <ele>1257.8400000000001</ele>
   </trkpt>
   <trkpt lat="46.920440000000006" lon="12.423190000000002">
    <ele>1258.41</ele>
   </trkpt>
   <trkpt lat="46.92047" lon="12.42364">
    <ele>1258.1100000000001</ele>
   </trkpt>
   <trkpt lat="46.920500000000004" lon="12.42387">
    <ele>1257.6000000000001</ele>
   </trkpt>
   <trkpt lat="46.92076" lon="12.424830000000002">
    <ele>1255.5200000000002</ele>
   </trkpt>
   <trkpt lat="46.92096" lon="12.426070000000001">
    <ele>1254.5000000000002</ele>
   </trkpt>
   <trkpt lat="46.921170000000004" lon="12.42716">
    <ele>1254.19</ele>
   </trkpt>
   <trkpt lat="46.921375002797696" lon="12.427959996983587">
    <ele>1253.9900000000002</ele>
   </trkpt>
   <trkpt lat="46.921580000000006" lon="12.42876">
    <ele>1253.9600000000003</ele>
   </trkpt>
   <trkpt lat="46.92166" lon="12.42913">
    <ele>1253.9600000000003</ele>
   </trkpt>
   <trkpt lat="46.921690000000005" lon="12.42936">
    <ele>1253.8600000000001</ele>
   </trkpt>
   <trkpt lat="46.921760000000006" lon="12.429990000000002">
    <ele>1253.91</ele>
   </trkpt>
   <trkpt lat="46.92178000234561" lon="12.430724999495347">
    <ele>1253.89</ele>
   </trkpt>
   <trkpt lat="46.921800000000005" lon="12.431460000000001">
    <ele>1253.92</ele>
   </trkpt>
   <trkpt lat="46.92177" lon="12.4321">
    <ele>1254.19</ele>
   </trkpt>
   <trkpt lat="46.92161" lon="12.432830000000001">
    <ele>1254.3300000000002</ele>
   </trkpt>
   <trkpt lat="46.921510000000005" lon="12.43346">
    <ele>1254.15</ele>
   </trkpt>
   <trkpt lat="46.921490000000006" lon="12.433940000000002">
    <ele>1253.69</ele>
   </trkpt>
   <trkpt lat="46.921510000000005" lon="12.434610000000001">
    <ele>1252.2900000000002</ele>
   </trkpt>
   <trkpt lat="46.921580000000006" lon="12.43514">
    <ele>1250.8100000000002</ele>
   </trkpt>
   <trkpt lat="46.9217" lon="12.435720000000002">
    <ele>1250.66</ele>
   </trkpt>
   <trkpt lat="46.92192000000001" lon="12.436420000000002">
    <ele>1249.77</ele>
   </trkpt>
   <trkpt lat="46.92219" lon="12.43702">
    <ele>1249.53</ele>
   </trkpt>
   <trkpt lat="46.922560000000004" lon="12.437600000000002">
    <ele>1249.16</ele>
   </trkpt>
   <trkpt lat="46.92286000000001" lon="12.437970000000002">
    <ele>1248.8700000000001</ele>
   </trkpt>
   <trkpt lat="46.92325" lon="12.43834">
    <ele>1248.65</ele>
   </trkpt>
   <trkpt lat="46.92365" lon="12.438690000000001">
    <ele>1248.28</ele>
   </trkpt>
   <trkpt lat="46.92394" lon="12.43904">
    <ele>1248.28</ele>
   </trkpt>
   <trkpt lat="46.92418000000001" lon="12.43942">
    <ele>1248.1000000000001</ele>
   </trkpt>
   <trkpt lat="46.92432" lon="12.43973">
    <ele>1247.9600000000003</ele>
   </trkpt>
   <trkpt lat="46.924440000000004" lon="12.440100000000001">
    <ele>1247.77</ele>
   </trkpt>
   <trkpt lat="46.924530000000004" lon="12.44058">
    <ele>1247.7</ele>
   </trkpt>
   <trkpt lat="46.92459" lon="12.441320000000001">
    <ele>1247.23</ele>
   </trkpt>
   <trkpt lat="46.92463" lon="12.442300000000001">
    <ele>1246.78</ele>
   </trkpt>
   <trkpt lat="46.924670000000006" lon="12.442810000000001">
    <ele>1246.8000000000002</ele>
   </trkpt>
   <trkpt lat="46.92483667884849" lon="12.443993325896889">
    <ele>1247.64</ele>
   </trkpt>
   <trkpt lat="46.9250033455049" lon="12.445176659157195">
    <ele>1248.5700000000002</ele>
   </trkpt>
   <trkpt lat="46.92517" lon="12.44636">
    <ele>1248.55</ele>
   </trkpt>
   <trkpt lat="46.92530000000001" lon="12.446980000000002">
    <ele>1248.1100000000001</ele>
   </trkpt>
   <trkpt lat="46.92551500203835" lon="12.447674997002132">
    <ele>1247.3500000000001</ele>
   </trkpt>
   <trkpt lat="46.92573" lon="12.44837">
    <ele>1245.83</ele>
   </trkpt>
   <trkpt lat="46.92578" lon="12.448630000000001">
    <ele>1245.14</ele>
   </trkpt>
   <trkpt lat="46.92587" lon="12.449340000000001">
    <ele>1242.5900000000001</ele>
   </trkpt>
   <trkpt lat="46.92586500430993" lon="12.450335000116437">
    <ele>1238.99</ele>
   </trkpt>
   <trkpt lat="46.92586000000001" lon="12.45133">
    <ele>1236.72</ele>
   </trkpt>
   <trkpt lat="46.92578" lon="12.451830000000001">
    <ele>1235.8500000000001</ele>
   </trkpt>
   <trkpt lat="46.925580001808385" lon="12.45247500241708">
    <ele>1233.42</ele>
   </trkpt>
   <trkpt lat="46.925380000000004" lon="12.45312">
    <ele>1229.73</ele>
   </trkpt>
   <trkpt lat="46.925340000000006" lon="12.453700000000001">
    <ele>1228.3200000000002</ele>
   </trkpt>
   <trkpt lat="46.925360000000005" lon="12.454250000000002">
    <ele>1225.02</ele>
   </trkpt>
   <trkpt lat="46.925430000000006" lon="12.454450000000001">
    <ele>1224.0000000000002</ele>
   </trkpt>
   <trkpt lat="46.925760000000004" lon="12.454880000000001">
    <ele>1222.6000000000001</ele>
   </trkpt>
   <trkpt lat="46.92597000000001" lon="12.455200000000001">
    <ele>1221.3400000000001</ele>
   </trkpt>
   <trkpt lat="46.92615000000001" lon="12.455520000000002">
    <ele>1219.65</ele>
   </trkpt>
   <trkpt lat="46.926280000000006" lon="12.455810000000001">
    <ele>1218.04</ele>
   </trkpt>
   <trkpt lat="46.92633000000001" lon="12.456230000000001">
    <ele>1217.91</ele>
   </trkpt>
   <trkpt lat="46.926350000000006" lon="12.457110000000002">
    <ele>1214.7700000000002</ele>
   </trkpt>
   <trkpt lat="46.92633000000001" lon="12.45747">
    <ele>1213.77</ele>
   </trkpt>
   <trkpt lat="46.926280000000006" lon="12.457790000000001">
    <ele>1212.55</ele>
   </trkpt>
   <trkpt lat="46.926140000000004" lon="12.45846">
    <ele>1207.53</ele>
   </trkpt>
   <trkpt lat="46.926120000000004" lon="12.458720000000001">
    <ele>1206.82</ele>
   </trkpt>
   <trkpt lat="46.926120000000004" lon="12.45922">
    <ele>1204.76</ele>
   </trkpt>
   <trkpt lat="46.92618" lon="12.459670000000001">
    <ele>1203.3400000000001</ele>
   </trkpt>
   <trkpt lat="46.92633000000001" lon="12.46014">
    <ele>1201.91</ele>
   </trkpt>
   <trkpt lat="46.926520000000004" lon="12.46119">
    <ele>1200.76</ele>
   </trkpt>
   <trkpt lat="46.92654" lon="12.461390000000002">
    <ele>1200.35</ele>
   </trkpt>
   <trkpt lat="46.92654" lon="12.46184">
    <ele>1198.73</ele>
   </trkpt>
   <trkpt lat="46.926490002421254" lon="12.462585000621175">
    <ele>1191.8700000000001</ele>
   </trkpt>
   <trkpt lat="46.92644000000001" lon="12.463330000000001">
    <ele>1188.2</ele>
   </trkpt>
   <trkpt lat="46.92656" lon="12.464580000000002">
    <ele>1184.64</ele>
   </trkpt>
   <trkpt lat="46.926570000000005" lon="12.464780000000001">
    <ele>1183.3200000000002</ele>
   </trkpt>
   <trkpt lat="46.92654" lon="12.465340000000001">
    <ele>1182.32</ele>
   </trkpt>
   <trkpt lat="46.92645" lon="12.465910000000001">
    <ele>1180.62</ele>
   </trkpt>
   <trkpt lat="46.926350000000006" lon="12.466310000000002">
    <ele>1177.93</ele>
   </trkpt>
   <trkpt lat="46.926210000000005" lon="12.46667">
    <ele>1174.41</ele>
   </trkpt>
   <trkpt lat="46.92596" lon="12.46746">
    <ele>1171.68</ele>
   </trkpt>
   <trkpt lat="46.92582" lon="12.468140000000002">
    <ele>1167.72</ele>
   </trkpt>
   <trkpt lat="46.9256850023955" lon="12.468875001614679">
    <ele>1165.44</ele>
   </trkpt>
   <trkpt lat="46.92555" lon="12.469610000000001">
    <ele>1163.3500000000001</ele>
   </trkpt>
   <trkpt lat="46.925380000000004" lon="12.470410000000001">
    <ele>1160.4800000000002</ele>
   </trkpt>
   <trkpt lat="46.92517" lon="12.471150000000002">
    <ele>1157.9700000000003</ele>
   </trkpt>
   <trkpt lat="46.92479667806589" lon="12.47229334921611">
    <ele>1155.17</ele>
   </trkpt>
   <trkpt lat="46.92442334474978" lon="12.47343668249639">
    <ele>1153.1200000000001</ele>
   </trkpt>
   <trkpt lat="46.92405" lon="12.474580000000001">
    <ele>1149.98</ele>
   </trkpt>
   <trkpt lat="46.92385" lon="12.475130000000002">
    <ele>1148.5500000000002</ele>
   </trkpt>
   <trkpt lat="46.923680000000004" lon="12.47545">
    <ele>1147.85</ele>
   </trkpt>
   <trkpt lat="46.92343" lon="12.475840000000002">
    <ele>1147.85</ele>
   </trkpt>
   <trkpt lat="46.92329" lon="12.476">
    <ele>1146.21</ele>
   </trkpt>
   <trkpt lat="46.92286000000001" lon="12.47643">
    <ele>1145.47</ele>
   </trkpt>
   <trkpt lat="46.92271" lon="12.476590000000002">
    <ele>1145.47</ele>
   </trkpt>
   <trkpt lat="46.92248000000001" lon="12.47691">
    <ele>1144.8400000000001</ele>
   </trkpt>
   <trkpt lat="46.922250000000005" lon="12.477340000000002">
    <ele>1143.92</ele>
   </trkpt>
   <trkpt lat="46.921870000000006" lon="12.478280000000002">
    <ele>1142.5400000000002</ele>
   </trkpt>
   <trkpt lat="46.92151751228598" lon="12.479250019153591">
    <ele>1140.0400000000002</ele>
   </trkpt>
   <trkpt lat="46.92116501637931" lon="12.480220025543222">
    <ele>1138.5100000000002</ele>
   </trkpt>
   <trkpt lat="46.92081251228019" lon="12.48119001916892">
    <ele>1136.65</ele>
   </trkpt>
   <trkpt lat="46.920460000000006" lon="12.48216">
    <ele>1135.1100000000001</ele>
   </trkpt>
   <trkpt lat="46.920210000000004" lon="12.4829">
    <ele>1134.59</ele>
   </trkpt>
   <trkpt lat="46.920080000000006" lon="12.48342">
    <ele>1133.8799999999999</ele>
   </trkpt>
   <trkpt lat="46.920010000000005" lon="12.484240000000002">
    <ele>1129.8000000000002</ele>
   </trkpt>
   <trkpt lat="46.91998" lon="12.485230000000001">
    <ele>1126.91</ele>
   </trkpt>
   <trkpt lat="46.92" lon="12.486500000000001">
    <ele>1125.3600000000001</ele>
   </trkpt>
   <trkpt lat="46.91995000000001" lon="12.48741">
    <ele>1124.22</ele>
   </trkpt>
   <trkpt lat="46.91984" lon="12.488470000000001">
    <ele>1122.7800000000002</ele>
   </trkpt>
   <trkpt lat="46.919670003623125" lon="12.489380002791117">
    <ele>1121.73</ele>
   </trkpt>
   <trkpt lat="46.919500000000006" lon="12.490290000000002">
    <ele>1120.3700000000001</ele>
   </trkpt>
   <trkpt lat="46.91923667991528" lon="12.491523345436805">
    <ele>1118.7600000000002</ele>
   </trkpt>
   <trkpt lat="46.91897334658602" lon="12.492756678750844">
    <ele>1117.38</ele>
   </trkpt>
   <trkpt lat="46.918710000000004" lon="12.49399">
    <ele>1114.98</ele>
   </trkpt>
   <trkpt lat="46.91864" lon="12.494610000000002">
    <ele>1114.41</ele>
   </trkpt>
   <trkpt lat="46.91863000000001" lon="12.495560000000001">
    <ele>1113.52</ele>
   </trkpt>
   <trkpt lat="46.91868" lon="12.496550000000001">
    <ele>1112.3</ele>
   </trkpt>
   <trkpt lat="46.91879500295516" lon="12.497374998172171">
    <ele>1111.39</ele>
   </trkpt>
   <trkpt lat="46.918910000000004" lon="12.4982">
    <ele>1111.07</ele>
   </trkpt>
   <trkpt lat="46.918960000000006" lon="12.49882">
    <ele>1110.68</ele>
   </trkpt>
   <trkpt lat="46.91899" lon="12.49947">
    <ele>1110.67</ele>
   </trkpt>
   <trkpt lat="46.91915" lon="12.500390000000001">
    <ele>1110.45</ele>
   </trkpt>
   <trkpt lat="46.91921000000001" lon="12.50093">
    <ele>1109.3500000000001</ele>
   </trkpt>
   <trkpt lat="46.91919" lon="12.50126">
    <ele>1109.3500000000001</ele>
   </trkpt>
   <trkpt lat="46.918980000000005" lon="12.50234">
    <ele>1108.45</ele>
   </trkpt>
   <trkpt lat="46.91878000274259" lon="12.50313000284792">
    <ele>1107.5600000000002</ele>
   </trkpt>
   <trkpt lat="46.918580000000006" lon="12.50392">
    <ele>1107.24</ele>
   </trkpt>
   <trkpt lat="46.9185" lon="12.50439">
    <ele>1106.6100000000001</ele>
   </trkpt>
   <trkpt lat="46.91848" lon="12.504980000000002">
    <ele>1106.16</ele>
   </trkpt>
   <trkpt lat="46.918570010530566" lon="12.506079996243537">
    <ele>1105.4700000000003</ele>
   </trkpt>
   <trkpt lat="46.91866001052559" lon="12.50717999618258">
    <ele>1104.29</ele>
   </trkpt>
   <trkpt lat="46.91875" lon="12.508280000000001">
    <ele>1103.5300000000002</ele>
   </trkpt>
   <trkpt lat="46.91875" lon="12.50852">
    <ele>1103.45</ele>
   </trkpt>
   <trkpt lat="46.9187" lon="12.508920000000002">
    <ele>1103.88</ele>
   </trkpt>
   <trkpt lat="46.91859" lon="12.509440000000001">
    <ele>1105.3600000000001</ele>
   </trkpt>
   <trkpt lat="46.91857" lon="12.509710000000002">
    <ele>1106.02</ele>
   </trkpt>
   <trkpt lat="46.918600000000005" lon="12.509910000000001">
    <ele>1106.29</ele>
   </trkpt>
   <trkpt lat="46.918730000000004" lon="12.510420000000002">
    <ele>1105.17</ele>
   </trkpt>
   <trkpt lat="46.91906000271885" lon="12.511199995361835">
    <ele>1100.7600000000002</ele>
   </trkpt>
   <trkpt lat="46.91939000000001" lon="12.511980000000001">
    <ele>1098.38</ele>
   </trkpt>
   <trkpt lat="46.91948000000001" lon="12.51223">
    <ele>1097.9800000000002</ele>
   </trkpt>
   <trkpt lat="46.919650000000004" lon="12.513010000000001">
    <ele>1097.3600000000001</ele>
   </trkpt>
   <trkpt lat="46.91977000000001" lon="12.513290000000001">
    <ele>1097.16</ele>
   </trkpt>
   <trkpt lat="46.92" lon="12.513770000000001">
    <ele>1096.69</ele>
   </trkpt>
   <trkpt lat="46.92009" lon="12.513900000000001">
    <ele>1096.4900000000002</ele>
   </trkpt>
   <trkpt lat="46.92036" lon="12.514180000000001">
    <ele>1096.2</ele>
   </trkpt>
   <trkpt lat="46.920460000000006" lon="12.51434">
    <ele>1095.9</ele>
   </trkpt>
   <trkpt lat="46.9206" lon="12.514640000000002">
    <ele>1095.89</ele>
   </trkpt>
   <trkpt lat="46.92081" lon="12.515250000000002">
    <ele>1096.8999999999999</ele>
   </trkpt>
   <trkpt lat="46.920950000000005" lon="12.515770000000002">
    <ele>1098.57</ele>
   </trkpt>
   <trkpt lat="46.921240000000004" lon="12.51701">
    <ele>1096.12</ele>
   </trkpt>
   <trkpt lat="46.921310000000005" lon="12.517320000000002">
    <ele>1095.66</ele>
   </trkpt>
   <trkpt lat="46.92136000000001" lon="12.517970000000002">
    <ele>1096.09</ele>
   </trkpt>
   <trkpt lat="46.92131500289727" lon="12.518785000583993">
    <ele>1099.5700000000002</ele>
   </trkpt>
   <trkpt lat="46.92127000000001" lon="12.5196">
    <ele>1102.5200000000002</ele>
   </trkpt>
   <trkpt lat="46.92116" lon="12.52081">
    <ele>1101.65</ele>
   </trkpt>
   <trkpt lat="46.92118000000001" lon="12.521320000000001">
    <ele>1100.54</ele>
   </trkpt>
   <trkpt lat="46.921240000000004" lon="12.52237">
    <ele>1096.57</ele>
   </trkpt>
   <trkpt lat="46.92125" lon="12.52284">
    <ele>1094.81</ele>
   </trkpt>
   <trkpt lat="46.9213" lon="12.523200000000001">
    <ele>1092.24</ele>
   </trkpt>
   <trkpt lat="46.921440000000004" lon="12.52382">
    <ele>1089.55</ele>
   </trkpt>
   <trkpt lat="46.921710000000004" lon="12.52452">
    <ele>1083.3300000000002</ele>
   </trkpt>
   <trkpt lat="46.9220450018406" lon="12.525149996272585">
    <ele>1079.6000000000001</ele>
   </trkpt>
   <trkpt lat="46.922380000000004" lon="12.525780000000001">
    <ele>1076.4</ele>
   </trkpt>
   <trkpt lat="46.92258" lon="12.526040000000002">
    <ele>1072.27</ele>
   </trkpt>
   <trkpt lat="46.922740000000005" lon="12.52622">
    <ele>1072.03</ele>
   </trkpt>
   <trkpt lat="46.92293" lon="12.52649">
    <ele>1071.19</ele>
   </trkpt>
   <trkpt lat="46.92316" lon="12.52688">
    <ele>1067.19</ele>
   </trkpt>
   <trkpt lat="46.92329" lon="12.527220000000002">
    <ele>1065.68</ele>
   </trkpt>
   <trkpt lat="46.923370000000006" lon="12.52749">
    <ele>1065.0600000000002</ele>
   </trkpt>
   <trkpt lat="46.92343" lon="12.52796">
    <ele>1062.67</ele>
   </trkpt>
   <trkpt lat="46.92344000000001" lon="12.52828">
    <ele>1061.26</ele>
   </trkpt>
   <trkpt lat="46.92342000000001" lon="12.528500000000001">
    <ele>1059.82</ele>
   </trkpt>
   <trkpt lat="46.92325000409962" lon="12.529470003058547">
    <ele>1056.7300000000002</ele>
   </trkpt>
   <trkpt lat="46.923080000000006" lon="12.53044">
    <ele>1052.9700000000003</ele>
   </trkpt>
   <trkpt lat="46.92306000000001" lon="12.53082">
    <ele>1050.41</ele>
   </trkpt>
   <trkpt lat="46.92313" lon="12.531490000000002">
    <ele>1048.1100000000001</ele>
   </trkpt>
   <trkpt lat="46.923280000000005" lon="12.532190000000002">
    <ele>1044.51</ele>
   </trkpt>
   <trkpt lat="46.92331" lon="12.53241">
    <ele>1043.95</ele>
   </trkpt>
   <trkpt lat="46.923320000000004" lon="12.532710000000002">
    <ele>1043.95</ele>
   </trkpt>
   <trkpt lat="46.92331" lon="12.53297">
    <ele>1040.23</ele>
   </trkpt>
   <trkpt lat="46.923260000000006" lon="12.533280000000001">
    <ele>1040.23</ele>
   </trkpt>
   <trkpt lat="46.92305" lon="12.533980000000001">
    <ele>1036.2900000000002</ele>
   </trkpt>
   <trkpt lat="46.922990000000006" lon="12.534260000000002">
    <ele>1035.2400000000002</ele>
   </trkpt>
   <trkpt lat="46.92296" lon="12.534600000000001">
    <ele>1033.96</ele>
   </trkpt>
   <trkpt lat="46.92296" lon="12.5349">
    <ele>1033.15</ele>
   </trkpt>
   <trkpt lat="46.92305" lon="12.535430000000002">
    <ele>1031.74</ele>
   </trkpt>
   <trkpt lat="46.9232" lon="12.53602">
    <ele>1027.94</ele>
   </trkpt>
   <trkpt lat="46.92356" lon="12.537040000000001">
    <ele>1023.6100000000001</ele>
   </trkpt>
   <trkpt lat="46.923610000000004" lon="12.537220000000001">
    <ele>1022.4399999999999</ele>
   </trkpt>
   <trkpt lat="46.923680000000004" lon="12.537590000000002">
    <ele>1021.0000000000001</ele>
   </trkpt>
   <trkpt lat="46.92375500237226" lon="12.538329998848514">
    <ele>1018.1900000000002</ele>
   </trkpt>
   <trkpt lat="46.92383" lon="12.53907">
    <ele>1016.8000000000002</ele>
   </trkpt>
   <trkpt lat="46.92383" lon="12.53936">
    <ele>1015.3400000000001</ele>
   </trkpt>
   <trkpt lat="46.92378" lon="12.539860000000001">
    <ele>1014.0600000000002</ele>
   </trkpt>
   <trkpt lat="46.923500000000004" lon="12.54063">
    <ele>1007.05</ele>
   </trkpt>
   <trkpt lat="46.92338" lon="12.541010000000002">
    <ele>1004.7600000000001</ele>
   </trkpt>
   <trkpt lat="46.92325" lon="12.541640000000001">
    <ele>1003.1600000000001</ele>
   </trkpt>
   <trkpt lat="46.92322" lon="12.542000000000002">
    <ele>1000.9100000000002</ele>
   </trkpt>
   <trkpt lat="46.92322" lon="12.543120000000002">
    <ele>998.71</ele>
   </trkpt>
   <trkpt lat="46.923080000000006" lon="12.543660000000001">
    <ele>997.57</ele>
   </trkpt>
   <trkpt lat="46.92287" lon="12.544160000000002">
    <ele>995.35</ele>
   </trkpt>
   <trkpt lat="46.922760000000004" lon="12.54461">
    <ele>993.6400000000001</ele>
   </trkpt>
   <trkpt lat="46.922720000000005" lon="12.544960000000001">
    <ele>993.6400000000001</ele>
   </trkpt>
   <trkpt lat="46.922720000000005" lon="12.545350000000001">
    <ele>992.1400000000001</ele>
   </trkpt>
   <trkpt lat="46.922760000000004" lon="12.54574">
    <ele>992.1400000000001</ele>
   </trkpt>
   <trkpt lat="46.922830000000005" lon="12.5462">
    <ele>990.2400000000001</ele>
   </trkpt>
   <trkpt lat="46.923" lon="12.547030000000001">
    <ele>988.9200000000001</ele>
   </trkpt>
   <trkpt lat="46.923100000000005" lon="12.54734">
    <ele>988.94</ele>
   </trkpt>
   <trkpt lat="46.923640000000006" lon="12.54831">
    <ele>991.2900000000001</ele>
   </trkpt>
   <trkpt lat="46.923730000000006" lon="12.5486">
    <ele>991.4300000000001</ele>
   </trkpt>
   <trkpt lat="46.92376" lon="12.548750000000002">
    <ele>991.45</ele>
   </trkpt>
   <trkpt lat="46.923835002104184" lon="12.54944499903944">
    <ele>991.4100000000001</ele>
   </trkpt>
   <trkpt lat="46.92391000000001" lon="12.55014">
    <ele>991.13</ele>
   </trkpt>
   <trkpt lat="46.923880000000004" lon="12.55075">
    <ele>990.7900000000001</ele>
   </trkpt>
   <trkpt lat="46.92376" lon="12.5517">
    <ele>990.22</ele>
   </trkpt>
   <trkpt lat="46.92376" lon="12.551870000000001">
    <ele>990.07</ele>
   </trkpt>
   <trkpt lat="46.92383" lon="12.552200000000001">
    <ele>989.2900000000001</ele>
   </trkpt>
   <trkpt lat="46.92399" lon="12.552600000000002">
    <ele>987.5300000000001</ele>
   </trkpt>
   <trkpt lat="46.924020000000006" lon="12.552740000000002">
    <ele>987.5300000000001</ele>
   </trkpt>
   <trkpt lat="46.92405" lon="12.553560000000001">
    <ele>982.1700000000001</ele>
   </trkpt>
   <trkpt lat="46.924110000000006" lon="12.554100000000002">
    <ele>978.69</ele>
   </trkpt>
   <trkpt lat="46.92419" lon="12.554540000000001">
    <ele>977.5100000000001</ele>
   </trkpt>
   <trkpt lat="46.924380000000006" lon="12.555150000000001">
    <ele>975.3100000000001</ele>
   </trkpt>
   <trkpt lat="46.924420000000005" lon="12.55549">
    <ele>974.3100000000001</ele>
   </trkpt>
   <trkpt lat="46.92441" lon="12.555740000000002">
    <ele>973.4300000000001</ele>
   </trkpt>
   <trkpt lat="46.92409000000001" lon="12.55685">
    <ele>971.01</ele>
   </trkpt>
   <trkpt lat="46.92405" lon="12.55723">
    <ele>970.76</ele>
   </trkpt>
   <trkpt lat="46.924060000000004" lon="12.55756">
    <ele>970.67</ele>
   </trkpt>
   <trkpt lat="46.924130000000005" lon="12.557810000000002">
    <ele>970.5400000000001</ele>
   </trkpt>
   <trkpt lat="46.924380000000006" lon="12.55849">
    <ele>970.7</ele>
   </trkpt>
   <trkpt lat="46.924440000000004" lon="12.55873">
    <ele>971.2600000000001</ele>
   </trkpt>
   <trkpt lat="46.92446" lon="12.559000000000001">
    <ele>971.7600000000001</ele>
   </trkpt>
   <trkpt lat="46.924440000000004" lon="12.5593">
    <ele>972.96</ele>
   </trkpt>
   <trkpt lat="46.924350000000004" lon="12.55996">
    <ele>975.25</ele>
   </trkpt>
   <trkpt lat="46.924330000000005" lon="12.56079">
    <ele>976.2100000000002</ele>
   </trkpt>
   <trkpt lat="46.92428" lon="12.561350000000001">
    <ele>977.2100000000002</ele>
   </trkpt>
   <trkpt lat="46.924150000000004" lon="12.562080000000002">
    <ele>980.9100000000001</ele>
   </trkpt>
   <trkpt lat="46.924080000000004" lon="12.562610000000001">
    <ele>983.6700000000001</ele>
   </trkpt>
   <trkpt lat="46.92403" lon="12.56371">
    <ele>988.1200000000001</ele>
   </trkpt>
   <trkpt lat="46.924020000000006" lon="12.564400000000001">
    <ele>988.37</ele>
   </trkpt>
   <trkpt lat="46.924060000000004" lon="12.56512">
    <ele>987.3600000000001</ele>
   </trkpt>
   <trkpt lat="46.924220000000005" lon="12.566110000000002">
    <ele>984.9700000000001</ele>
   </trkpt>
   <trkpt lat="46.924240000000005" lon="12.566450000000001">
    <ele>984.04</ele>
   </trkpt>
   <trkpt lat="46.92423" lon="12.56699">
    <ele>981.2700000000001</ele>
   </trkpt>
   <trkpt lat="46.92425" lon="12.56728">
    <ele>980.0600000000001</ele>
   </trkpt>
   <trkpt lat="46.924350000000004" lon="12.567670000000001">
    <ele>977.7600000000001</ele>
   </trkpt>
   <trkpt lat="46.924490000000006" lon="12.56789">
    <ele>976.9200000000001</ele>
   </trkpt>
   <trkpt lat="46.924670000000006" lon="12.56803">
    <ele>975.4</ele>
   </trkpt>
   <trkpt lat="46.92488" lon="12.568140000000001">
    <ele>974.2100000000002</ele>
   </trkpt>
   <trkpt lat="46.925050000000006" lon="12.56826">
    <ele>971.57</ele>
   </trkpt>
   <trkpt lat="46.925180000000005" lon="12.568430000000001">
    <ele>969.82</ele>
   </trkpt>
   <trkpt lat="46.925270000000005" lon="12.568660000000001">
    <ele>968.44</ele>
   </trkpt>
   <trkpt lat="46.925290000000004" lon="12.568810000000001">
    <ele>966.98</ele>
   </trkpt>
   <trkpt lat="46.92528" lon="12.56906">
    <ele>966.98</ele>
   </trkpt>
   <trkpt lat="46.92519" lon="12.570210000000001">
    <ele>957.0200000000001</ele>
   </trkpt>
   <trkpt lat="46.92526" lon="12.570760000000002">
    <ele>953.4800000000001</ele>
   </trkpt>
   <trkpt lat="46.925320000000006" lon="12.57102">
    <ele>952.8900000000001</ele>
   </trkpt>
   <trkpt lat="46.92555" lon="12.57168">
    <ele>948.8000000000001</ele>
   </trkpt>
   <trkpt lat="46.925810000000006" lon="12.572080000000001">
    <ele>944.34</ele>
   </trkpt>
   <trkpt lat="46.92593" lon="12.5722">
    <ele>943.44</ele>
   </trkpt>
   <trkpt lat="46.926030000000004" lon="12.572260000000002">
    <ele>942.58</ele>
   </trkpt>
   <trkpt lat="46.926120000000004" lon="12.572280000000001">
    <ele>942.58</ele>
   </trkpt>
   <trkpt lat="46.926370000000006" lon="12.57239">
    <ele>938.83</ele>
   </trkpt>
   <trkpt lat="46.926550000000006" lon="12.57252">
    <ele>937.0600000000001</ele>
   </trkpt>
   <trkpt lat="46.926770000000005" lon="12.572890000000001">
    <ele>932.97</ele>
   </trkpt>
   <trkpt lat="46.92721" lon="12.573960000000001">
    <ele>926.2900000000001</ele>
   </trkpt>
   <trkpt lat="46.92734" lon="12.57407">
    <ele>923.66</ele>
   </trkpt>
   <trkpt lat="46.927510000000005" lon="12.574110000000001">
    <ele>921.61</ele>
   </trkpt>
   <trkpt lat="46.927820000000004" lon="12.574090000000002">
    <ele>921.61</ele>
   </trkpt>
   <trkpt lat="46.927980000000005" lon="12.57412">
    <ele>913.1400000000001</ele>
   </trkpt>
   <trkpt lat="46.92826" lon="12.57421">
    <ele>913.1400000000001</ele>
   </trkpt>
   <trkpt lat="46.928450000000005" lon="12.574250000000001">
    <ele>911.2500000000001</ele>
   </trkpt>
   <trkpt lat="46.928630000000005" lon="12.574240000000001">
    <ele>910.36</ele>
   </trkpt>
   <trkpt lat="46.92904" lon="12.57408">
    <ele>905.66</ele>
   </trkpt>
   <trkpt lat="46.92924000000001" lon="12.574050000000002">
    <ele>902.05</ele>
   </trkpt>
   <trkpt lat="46.92980000000001" lon="12.574150000000001">
    <ele>896.5600000000001</ele>
   </trkpt>
   <trkpt lat="46.929930000000006" lon="12.574160000000001">
    <ele>896.5600000000001</ele>
   </trkpt>
   <trkpt lat="46.930200000000006" lon="12.574140000000002">
    <ele>891.9800000000001</ele>
   </trkpt>
   <trkpt lat="46.930330000000005" lon="12.57407">
    <ele>891.9800000000001</ele>
   </trkpt>
   <trkpt lat="46.9305" lon="12.57394">
    <ele>889.58</ele>
   </trkpt>
   <trkpt lat="46.93079" lon="12.57365">
    <ele>882.0500000000001</ele>
   </trkpt>
   <trkpt lat="46.931020000000004" lon="12.573500000000001">
    <ele>882.0500000000001</ele>
   </trkpt>
   <trkpt lat="46.93122" lon="12.57341">
    <ele>878.6700000000001</ele>
   </trkpt>
   <trkpt lat="46.931450000000005" lon="12.57338">
    <ele>878.6700000000001</ele>
   </trkpt>
   <trkpt lat="46.932320000000004" lon="12.57341">
    <ele>868.6800000000001</ele>
   </trkpt>
   <trkpt lat="46.932550000000006" lon="12.573390000000002">
    <ele>865.6100000000001</ele>
   </trkpt>
   <trkpt lat="46.93281" lon="12.573340000000002">
    <ele>861.71</ele>
   </trkpt>
   <trkpt lat="46.93336" lon="12.573120000000001">
    <ele>855.71</ele>
   </trkpt>
   <trkpt lat="46.93368" lon="12.572940000000001">
    <ele>851.89</ele>
   </trkpt>
   <trkpt lat="46.934160000000006" lon="12.57258">
    <ele>847.0600000000001</ele>
   </trkpt>
   <trkpt lat="46.93439" lon="12.57234">
    <ele>844.3900000000001</ele>
   </trkpt>
   <trkpt lat="46.93477" lon="12.571850000000001">
    <ele>839.22</ele>
   </trkpt>
   <trkpt lat="46.934850000000004" lon="12.57177">
    <ele>838.33</ele>
   </trkpt>
   <trkpt lat="46.93497000000001" lon="12.57168">
    <ele>837.4200000000001</ele>
   </trkpt>
   <trkpt lat="46.935520000000004" lon="12.571420000000002">
    <ele>830.4800000000001</ele>
   </trkpt>
   <trkpt lat="46.93563" lon="12.57141">
    <ele>829.22</ele>
   </trkpt>
   <trkpt lat="46.935790000000004" lon="12.571420000000002">
    <ele>828.45</ele>
   </trkpt>
   <trkpt lat="46.93596" lon="12.5715">
    <ele>827.44</ele>
   </trkpt>
   <trkpt lat="46.936040000000006" lon="12.571560000000002">
    <ele>826.59</ele>
   </trkpt>
   <trkpt lat="46.936170000000004" lon="12.571710000000001">
    <ele>825.9000000000001</ele>
   </trkpt>
   <trkpt lat="46.93629000000001" lon="12.571950000000001">
    <ele>824.95</ele>
   </trkpt>
   <trkpt lat="46.93645" lon="12.57243">
    <ele>824.28</ele>
   </trkpt>
   <trkpt lat="46.93657" lon="12.572600000000001">
    <ele>824.1700000000001</ele>
   </trkpt>
   <trkpt lat="46.93672" lon="12.572730000000002">
    <ele>822.97</ele>
   </trkpt>
   <trkpt lat="46.936960000000006" lon="12.573150000000002">
    <ele>822.07</ele>
   </trkpt>
   <trkpt lat="46.93640500001617" lon="12.573175000258509">
    <ele>820.18</ele>
   </trkpt>
   <trkpt lat="46.93585" lon="12.573200000000002">
    <ele>819.03</ele>
   </trkpt>
   <trkpt lat="46.93549" lon="12.57323">
    <ele>818.7</ele>
   </trkpt>
   <trkpt lat="46.93470000000001" lon="12.573360000000001">
    <ele>817.6500000000001</ele>
   </trkpt>
   <trkpt lat="46.93432000000001" lon="12.57347">
    <ele>816.7700000000001</ele>
   </trkpt>
   <trkpt lat="46.933820000000004" lon="12.5737">
    <ele>815.6500000000001</ele>
   </trkpt>
   <trkpt lat="46.93354" lon="12.57393">
    <ele>814.8700000000001</ele>
   </trkpt>
   <trkpt lat="46.93323" lon="12.574280000000002">
    <ele>813.8100000000001</ele>
   </trkpt>
   <trkpt lat="46.9331" lon="12.5744">
    <ele>813.8100000000001</ele>
   </trkpt>
   <trkpt lat="46.93234" lon="12.574840000000002">
    <ele>812.0</ele>
   </trkpt>
   <trkpt lat="46.932" lon="12.57502">
    <ele>811.4000000000001</ele>
   </trkpt>
   <trkpt lat="46.931740000000005" lon="12.5751">
    <ele>811.1400000000001</ele>
   </trkpt>
   <trkpt lat="46.931200000000004" lon="12.575140000000001">
    <ele>810.76</ele>
   </trkpt>
   <trkpt lat="46.931070000000005" lon="12.575170000000002">
    <ele>810.2600000000001</ele>
   </trkpt>
   <trkpt lat="46.930620000000005" lon="12.575360000000002">
    <ele>809.7900000000001</ele>
   </trkpt>
   <trkpt lat="46.93052" lon="12.575420000000001">
    <ele>809.1</ele>
   </trkpt>
   <trkpt lat="46.93029000000001" lon="12.575640000000002">
    <ele>808.76</ele>
   </trkpt>
   <trkpt lat="46.93018000000001" lon="12.57582">
    <ele>808.6200000000001</ele>
   </trkpt>
   <trkpt lat="46.92980333896224" lon="12.57662334461101">
    <ele>808.33</ele>
   </trkpt>
   <trkpt lat="46.92942667230548" lon="12.577426677923082">
    <ele>808.7900000000001</ele>
   </trkpt>
   <trkpt lat="46.929050000000004" lon="12.578230000000001">
    <ele>808.6600000000001</ele>
   </trkpt>
   <trkpt lat="46.9286" lon="12.579250000000002">
    <ele>805.86</ele>
   </trkpt>
   <trkpt lat="46.92841500191608" lon="12.579915002329608">
    <ele>803.25</ele>
   </trkpt>
   <trkpt lat="46.928230000000006" lon="12.580580000000001">
    <ele>801.7500000000001</ele>
   </trkpt>
   <trkpt lat="46.92815" lon="12.580820000000001">
    <ele>801.19</ele>
   </trkpt>
   <trkpt lat="46.92808" lon="12.580960000000001">
    <ele>801.19</ele>
   </trkpt>
   <trkpt lat="46.92785000000001" lon="12.58135">
    <ele>800.7700000000001</ele>
   </trkpt>
   <trkpt lat="46.927310000000006" lon="12.582170000000001">
    <ele>799.9900000000001</ele>
   </trkpt>
   <trkpt lat="46.92707" lon="12.582580000000002">
    <ele>799.73</ele>
   </trkpt>
   <trkpt lat="46.92689000000001" lon="12.58314">
    <ele>799.36</ele>
   </trkpt>
   <trkpt lat="46.92681" lon="12.583250000000001">
    <ele>799.36</ele>
   </trkpt>
   <trkpt lat="46.92672" lon="12.58332">
    <ele>799.36</ele>
   </trkpt>
   <trkpt lat="46.926170000000006" lon="12.583580000000001">
    <ele>798.8900000000001</ele>
   </trkpt>
   <trkpt lat="46.92597000000001" lon="12.583720000000001">
    <ele>798.6500000000001</ele>
   </trkpt>
   <trkpt lat="46.9258" lon="12.58397">
    <ele>798.0200000000001</ele>
   </trkpt>
   <trkpt lat="46.92555" lon="12.584510000000002">
    <ele>797.0</ele>
   </trkpt>
   <trkpt lat="46.925450000000005" lon="12.584810000000001">
    <ele>797.0</ele>
   </trkpt>
   <trkpt lat="46.92535" lon="12.58533">
    <ele>796.22</ele>
   </trkpt>
   <trkpt lat="46.925140000000006" lon="12.58605">
    <ele>795.19</ele>
   </trkpt>
   <trkpt lat="46.9251" lon="12.58627">
    <ele>794.98</ele>
   </trkpt>
   <trkpt lat="46.925090000000004" lon="12.586540000000001">
    <ele>794.64</ele>
   </trkpt>
   <trkpt lat="46.9251" lon="12.586950000000002">
    <ele>794.1800000000001</ele>
   </trkpt>
   <trkpt lat="46.925070000000005" lon="12.587670000000001">
    <ele>793.61</ele>
   </trkpt>
   <trkpt lat="46.925050000000006" lon="12.588780000000002">
    <ele>792.72</ele>
   </trkpt>
   <trkpt lat="46.924980000000005" lon="12.589060000000002">
    <ele>792.37</ele>
   </trkpt>
   <trkpt lat="46.924595004279496" lon="12.590055007229886">
    <ele>791.85</ele>
   </trkpt>
   <trkpt lat="46.92421" lon="12.591050000000001">
    <ele>790.49</ele>
   </trkpt>
   <trkpt lat="46.92400000000001" lon="12.59148">
    <ele>789.97</ele>
   </trkpt>
   <trkpt lat="46.92364000172099" lon="12.592135004668597">
    <ele>789.2500000000001</ele>
   </trkpt>
   <trkpt lat="46.923280000000005" lon="12.59279">
    <ele>788.2</ele>
   </trkpt>
   <trkpt lat="46.92313" lon="12.59312">
    <ele>787.8000000000001</ele>
   </trkpt>
   <trkpt lat="46.92296000183229" lon="12.593760001846073">
    <ele>786.6200000000001</ele>
   </trkpt>
   <trkpt lat="46.922790000000006" lon="12.5944">
    <ele>786.45</ele>
   </trkpt>
   <trkpt lat="46.92248000000001" lon="12.59551">
    <ele>785.37</ele>
   </trkpt>
   <trkpt lat="46.92207000387911" lon="12.5964500071195">
    <ele>784.54</ele>
   </trkpt>
   <trkpt lat="46.92166" lon="12.59739">
    <ele>783.22</ele>
   </trkpt>
   <trkpt lat="46.92147500273916" lon="12.598180002633418">
    <ele>781.8000000000001</ele>
   </trkpt>
   <trkpt lat="46.921290000000006" lon="12.598970000000001">
    <ele>780.5600000000001</ele>
   </trkpt>
   <trkpt lat="46.921150000000004" lon="12.59942">
    <ele>779.73</ele>
   </trkpt>
   <trkpt lat="46.92067000337366" lon="12.600295007765252">
    <ele>778.51</ele>
   </trkpt>
   <trkpt lat="46.920190000000005" lon="12.601170000000002">
    <ele>775.84</ele>
   </trkpt>
   <trkpt lat="46.92004000000001" lon="12.601400000000002">
    <ele>775.2800000000001</ele>
   </trkpt>
   <trkpt lat="46.919830000000005" lon="12.60166">
    <ele>774.7600000000001</ele>
   </trkpt>
   <trkpt lat="46.91941000103543" lon="12.602145003788664">
    <ele>774.27</ele>
   </trkpt>
   <trkpt lat="46.91899" lon="12.602630000000001">
    <ele>773.9100000000001</ele>
   </trkpt>
   <trkpt lat="46.918565000935324" lon="12.60310000375712">
    <ele>773.9100000000001</ele>
   </trkpt>
   <trkpt lat="46.91814" lon="12.603570000000001">
    <ele>773.66</ele>
   </trkpt>
   <trkpt lat="46.91750167678608" lon="12.604251707264321">
    <ele>773.11</ele>
   </trkpt>
   <trkpt lat="46.916863349525855" lon="12.604933398286896">
    <ele>772.7700000000001</ele>
   </trkpt>
   <trkpt lat="46.91622501821952" lon="12.605615073068373">
    <ele>772.21</ele>
   </trkpt>
   <trkpt lat="46.91558668286723" lon="12.606296731609397">
    <ele>771.44</ele>
   </trkpt>
   <trkpt lat="46.91494834346918" lon="12.60697837391062">
    <ele>770.5200000000001</ele>
   </trkpt>
   <trkpt lat="46.91431" lon="12.607660000000001">
    <ele>769.39</ele>
   </trkpt>
   <trkpt lat="46.91383500156967" lon="12.6082600053151">
    <ele>768.35</ele>
   </trkpt>
   <trkpt lat="46.913360000000004" lon="12.608860000000002">
    <ele>767.75</ele>
   </trkpt>
   <trkpt lat="46.91299000144009" lon="12.609420003753032">
    <ele>767.09</ele>
   </trkpt>
   <trkpt lat="46.912620000000004" lon="12.60998">
    <ele>766.47</ele>
   </trkpt>
   <trkpt lat="46.91208" lon="12.610920000000002">
    <ele>765.2700000000001</ele>
   </trkpt>
   <trkpt lat="46.91167333956209" lon="12.611766679542402">
    <ele>764.57</ele>
   </trkpt>
   <trkpt lat="46.91126667288237" lon="12.612613346236069">
    <ele>764.0300000000001</ele>
   </trkpt>
   <trkpt lat="46.91086000000001" lon="12.613460000000002">
    <ele>763.72</ele>
   </trkpt>
   <trkpt lat="46.91055" lon="12.61401">
    <ele>763.6400000000001</ele>
   </trkpt>
   <trkpt lat="46.91028000000001" lon="12.614440000000002">
    <ele>763.4000000000001</ele>
   </trkpt>
   <trkpt lat="46.90966500356979" lon="12.615345010378228">
    <ele>762.63</ele>
   </trkpt>
   <trkpt lat="46.90905" lon="12.61625">
    <ele>762.48</ele>
   </trkpt>
   <trkpt lat="46.90858" lon="12.617040000000001">
    <ele>762.56</ele>
   </trkpt>
   <trkpt lat="46.90816000636572" lon="12.617896680141463">
    <ele>762.72</ele>
   </trkpt>
   <trkpt lat="46.90774000634127" lon="12.618753346857831">
    <ele>762.2500000000001</ele>
   </trkpt>
   <trkpt lat="46.907320000000006" lon="12.619610000000002">
    <ele>759.9300000000001</ele>
   </trkpt>
   <trkpt lat="46.9069750019714" lon="12.620280004279142">
    <ele>757.5400000000001</ele>
   </trkpt>
   <trkpt lat="46.90663000000001" lon="12.62095">
    <ele>755.8800000000001</ele>
   </trkpt>
   <trkpt lat="46.90632" lon="12.621490000000001">
    <ele>754.78</ele>
   </trkpt>
   <trkpt lat="46.90596" lon="12.62213">
    <ele>753.45</ele>
   </trkpt>
   <trkpt lat="46.90547" lon="12.62292">
    <ele>752.9300000000001</ele>
   </trkpt>
   <trkpt lat="46.90512000127143" lon="12.623425003064664">
    <ele>752.57</ele>
   </trkpt>
   <trkpt lat="46.904770000000006" lon="12.623930000000001">
    <ele>752.19</ele>
   </trkpt>
   <trkpt lat="46.90457000000001" lon="12.624340000000002">
    <ele>751.83</ele>
   </trkpt>
   <trkpt lat="46.904160000000005" lon="12.625340000000001">
    <ele>751.0000000000001</ele>
   </trkpt>
   <trkpt lat="46.90375" lon="12.626130000000002">
    <ele>750.47</ele>
   </trkpt>
   <trkpt lat="46.90328" lon="12.626930000000002">
    <ele>749.4900000000001</ele>
   </trkpt>
   <trkpt lat="46.90321" lon="12.627120000000001">
    <ele>749.34</ele>
   </trkpt>
   <trkpt lat="46.903150000000004" lon="12.627350000000002">
    <ele>749.34</ele>
   </trkpt>
   <trkpt lat="46.90314" lon="12.627550000000001">
    <ele>749.24</ele>
   </trkpt>
   <trkpt lat="46.903220000000005" lon="12.627830000000001">
    <ele>749.24</ele>
   </trkpt>
   <trkpt lat="46.903510000000004" lon="12.62856">
    <ele>749.82</ele>
   </trkpt>
   <trkpt lat="46.903620000000004" lon="12.62878">
    <ele>750.35</ele>
   </trkpt>
   <trkpt lat="46.903780000000005" lon="12.62906">
    <ele>750.96</ele>
   </trkpt>
   <trkpt lat="46.90393" lon="12.629220000000002">
    <ele>751.4900000000001</ele>
   </trkpt>
   <trkpt lat="46.90435" lon="12.629600000000002">
    <ele>751.35</ele>
   </trkpt>
   <trkpt lat="46.903940000000006" lon="12.630500000000001">
    <ele>750.44</ele>
   </trkpt>
   <trkpt lat="46.90364" lon="12.631060000000002">
    <ele>749.7900000000001</ele>
   </trkpt>
   <trkpt lat="46.90328" lon="12.63142">
    <ele>748.63</ele>
   </trkpt>
   <trkpt lat="46.90271666825824" lon="12.63184334220647">
    <ele>747.58</ele>
   </trkpt>
   <trkpt lat="46.90215333495601" lon="12.632266675516316">
    <ele>747.4000000000001</ele>
   </trkpt>
   <trkpt lat="46.901590000000006" lon="12.63269">
    <ele>747.0600000000001</ele>
   </trkpt>
   <trkpt lat="46.901270000000004" lon="12.632890000000002">
    <ele>746.83</ele>
   </trkpt>
   <trkpt lat="46.90081000000001" lon="12.63325">
    <ele>746.38</ele>
   </trkpt>
   <trkpt lat="46.9005" lon="12.63358">
    <ele>745.9</ele>
   </trkpt>
   <trkpt lat="46.900200000000005" lon="12.633930000000001">
    <ele>745.68</ele>
   </trkpt>
   <trkpt lat="46.89983500103217" lon="12.63444000361192">
    <ele>745.24</ele>
   </trkpt>
   <trkpt lat="46.89947" lon="12.634950000000002">
    <ele>744.6</ele>
   </trkpt>
   <trkpt lat="46.899300000000004" lon="12.63526">
    <ele>743.92</ele>
   </trkpt>
   <trkpt lat="46.89905" lon="12.635850000000001">
    <ele>743.84</ele>
   </trkpt>
   <trkpt lat="46.89887" lon="12.63644">
    <ele>743.75</ele>
   </trkpt>
   <trkpt lat="46.898500000000006" lon="12.637340000000002">
    <ele>743.7600000000001</ele>
   </trkpt>
   <trkpt lat="46.89817000185685" lon="12.638010004321517">
    <ele>743.41</ele>
   </trkpt>
   <trkpt lat="46.89784" lon="12.63868">
    <ele>742.8100000000001</ele>
   </trkpt>
   <trkpt lat="46.897510000000004" lon="12.639470000000001">
    <ele>741.94</ele>
   </trkpt>
   <trkpt lat="46.897200000000005" lon="12.64038">
    <ele>741.14</ele>
   </trkpt>
   <trkpt lat="46.89708" lon="12.641210000000001">
    <ele>740.53</ele>
   </trkpt>
   <trkpt lat="46.897000000000006" lon="12.64206">
    <ele>740.45</ele>
   </trkpt>
   <trkpt lat="46.8969" lon="12.642830000000002">
    <ele>740.5100000000001</ele>
   </trkpt>
   <trkpt lat="46.89681" lon="12.64334">
    <ele>740.2700000000001</ele>
   </trkpt>
   <trkpt lat="46.89668" lon="12.64381">
    <ele>740.11</ele>
   </trkpt>
   <trkpt lat="46.896440000000005" lon="12.644390000000001">
    <ele>739.95</ele>
   </trkpt>
   <trkpt lat="46.89625" lon="12.64475">
    <ele>739.58</ele>
   </trkpt>
   <trkpt lat="46.896" lon="12.64511">
    <ele>738.8800000000001</ele>
   </trkpt>
   <trkpt lat="46.89574" lon="12.645430000000001">
    <ele>738.1</ele>
   </trkpt>
   <trkpt lat="46.895320000000005" lon="12.645700000000001">
    <ele>737.6100000000001</ele>
   </trkpt>
   <trkpt lat="46.89486" lon="12.645940000000001">
    <ele>737.36</ele>
   </trkpt>
   <trkpt lat="46.894390000292915" lon="12.64615000179541">
    <ele>736.77</ele>
   </trkpt>
   <trkpt lat="46.89392" lon="12.646360000000001">
    <ele>736.62</ele>
   </trkpt>
   <trkpt lat="46.893100000000004" lon="12.646830000000001">
    <ele>735.82</ele>
   </trkpt>
   <trkpt lat="46.89274" lon="12.647060000000002">
    <ele>735.3000000000001</ele>
   </trkpt>
   <trkpt lat="46.892390000000006" lon="12.647400000000001">
    <ele>735.1200000000001</ele>
   </trkpt>
   <trkpt lat="46.892140000000005" lon="12.6477">
    <ele>734.82</ele>
   </trkpt>
   <trkpt lat="46.891890000000004" lon="12.648180000000002">
    <ele>734.6700000000001</ele>
   </trkpt>
   <trkpt lat="46.89158500185219" lon="12.648820003495125">
    <ele>734.48</ele>
   </trkpt>
   <trkpt lat="46.89128" lon="12.649460000000001">
    <ele>734.1800000000001</ele>
   </trkpt>
   <trkpt lat="46.89117" lon="12.64962">
    <ele>733.8500000000001</ele>
   </trkpt>
   <trkpt lat="46.89099" lon="12.6498">
    <ele>733.71</ele>
   </trkpt>
   <trkpt lat="46.89077" lon="12.65018">
    <ele>733.72</ele>
   </trkpt>
   <trkpt lat="46.89029000000001" lon="12.65061">
    <ele>733.2700000000001</ele>
   </trkpt>
   <trkpt lat="46.889790000000005" lon="12.651000000000002">
    <ele>732.3000000000001</ele>
   </trkpt>
   <trkpt lat="46.88926000000001" lon="12.651470000000002">
    <ele>732.53</ele>
   </trkpt>
   <trkpt lat="46.888600000000004" lon="12.65211">
    <ele>732.5100000000001</ele>
   </trkpt>
   <trkpt lat="46.8885" lon="12.652180000000001">
    <ele>732.2400000000001</ele>
   </trkpt>
   <trkpt lat="46.888380000000005" lon="12.652360000000002">
    <ele>732.1</ele>
   </trkpt>
   <trkpt lat="46.88788" lon="12.65295">
    <ele>731.48</ele>
   </trkpt>
   <trkpt lat="46.88741" lon="12.653630000000001">
    <ele>731.8800000000001</ele>
   </trkpt>
   <trkpt lat="46.88731000000001" lon="12.653690000000001">
    <ele>731.6100000000001</ele>
   </trkpt>
   <trkpt lat="46.88720000000001" lon="12.653870000000001">
    <ele>731.0200000000001</ele>
   </trkpt>
   <trkpt lat="46.88712" lon="12.653950000000002">
    <ele>730.6700000000001</ele>
   </trkpt>
   <trkpt lat="46.88668000301449" lon="12.654780006779657">
    <ele>729.4900000000001</ele>
   </trkpt>
   <trkpt lat="46.88624" lon="12.655610000000001">
    <ele>728.32</ele>
   </trkpt>
   <trkpt lat="46.885780000000004" lon="12.65657">
    <ele>727.26</ele>
   </trkpt>
   <trkpt lat="46.8852733421776" lon="12.657576685642788">
    <ele>726.7800000000001</ele>
   </trkpt>
   <trkpt lat="46.884766675530784" lon="12.658583352269691">
    <ele>726.6</ele>
   </trkpt>
   <trkpt lat="46.884260000000005" lon="12.659590000000001">
    <ele>725.4</ele>
   </trkpt>
   <trkpt lat="46.883880000000005" lon="12.660240000000002">
    <ele>725.2900000000001</ele>
   </trkpt>
   <trkpt lat="46.88337333881511" lon="12.66103334831632">
    <ele>725.5</ele>
   </trkpt>
   <trkpt lat="46.88286667214965" lon="12.661826681647552">
    <ele>725.72</ele>
   </trkpt>
   <trkpt lat="46.882360000000006" lon="12.66262">
    <ele>725.13</ele>
   </trkpt>
   <trkpt lat="46.88221" lon="12.6628">
    <ele>724.4100000000001</ele>
   </trkpt>
   <trkpt lat="46.881795000591055" lon="12.663180002973872">
    <ele>723.9000000000001</ele>
   </trkpt>
   <trkpt lat="46.88138000000001" lon="12.66356">
    <ele>723.4</ele>
   </trkpt>
   <trkpt lat="46.88082000000001" lon="12.66417">
    <ele>723.13</ele>
   </trkpt>
   <trkpt lat="46.880340000000004" lon="12.664760000000001">
    <ele>722.3900000000001</ele>
   </trkpt>
   <trkpt lat="46.88002" lon="12.66525">
    <ele>722.23</ele>
   </trkpt>
   <trkpt lat="46.87975" lon="12.665740000000001">
    <ele>722.19</ele>
   </trkpt>
   <trkpt lat="46.87950000000001" lon="12.666300000000001">
    <ele>721.86</ele>
   </trkpt>
   <trkpt lat="46.87928" lon="12.66689">
    <ele>721.34</ele>
   </trkpt>
   <trkpt lat="46.879000000000005" lon="12.667710000000001">
    <ele>720.37</ele>
   </trkpt>
   <trkpt lat="46.87886" lon="12.668320000000001">
    <ele>720.2</ele>
   </trkpt>
   <trkpt lat="46.87872" lon="12.668750000000001">
    <ele>720.0000000000001</ele>
   </trkpt>
   <trkpt lat="46.87856000000001" lon="12.669130000000001">
    <ele>719.9000000000001</ele>
   </trkpt>
   <trkpt lat="46.878370000000004" lon="12.669500000000001">
    <ele>719.64</ele>
   </trkpt>
   <trkpt lat="46.877930000000006" lon="12.670190000000002">
    <ele>719.1</ele>
   </trkpt>
   <trkpt lat="46.877430000000004" lon="12.670900000000001">
    <ele>718.4200000000001</ele>
   </trkpt>
   <trkpt lat="46.877030000000005" lon="12.671320000000001">
    <ele>718.33</ele>
   </trkpt>
   <trkpt lat="46.87684" lon="12.671610000000001">
    <ele>718.07</ele>
   </trkpt>
   <trkpt lat="46.87670000000001" lon="12.671920000000002">
    <ele>717.65</ele>
   </trkpt>
   <trkpt lat="46.87655" lon="12.672130000000001">
    <ele>717.4200000000001</ele>
   </trkpt>
   <trkpt lat="46.87616500066238" lon="12.672535002960215">
    <ele>717.16</ele>
   </trkpt>
   <trkpt lat="46.875780000000006" lon="12.67294">
    <ele>716.9000000000001</ele>
   </trkpt>
   <trkpt lat="46.875400000000006" lon="12.673200000000001">
    <ele>716.8100000000001</ele>
   </trkpt>
   <trkpt lat="46.875130000000006" lon="12.673420000000002">
    <ele>716.5600000000001</ele>
   </trkpt>
   <trkpt lat="46.874770000000005" lon="12.673820000000001">
    <ele>715.67</ele>
   </trkpt>
   <trkpt lat="46.87438000123064" lon="12.674365004048209">
    <ele>715.3000000000001</ele>
   </trkpt>
   <trkpt lat="46.873990000000006" lon="12.67491">
    <ele>714.6</ele>
   </trkpt>
   <trkpt lat="46.873610000000006" lon="12.675640000000001">
    <ele>714.07</ele>
   </trkpt>
   <trkpt lat="46.87312000000001" lon="12.676330000000002">
    <ele>713.8500000000001</ele>
   </trkpt>
   <trkpt lat="46.87279" lon="12.67675">
    <ele>713.71</ele>
   </trkpt>
   <trkpt lat="46.872460000000004" lon="12.676990000000002">
    <ele>713.55</ele>
   </trkpt>
   <trkpt lat="46.87183" lon="12.67736">
    <ele>713.43</ele>
   </trkpt>
   <trkpt lat="46.87158" lon="12.67749">
    <ele>714.0500000000001</ele>
   </trkpt>
   <trkpt lat="46.87095" lon="12.677700000000002">
    <ele>715.07</ele>
   </trkpt>
   <trkpt lat="46.870810000000006" lon="12.67772">
    <ele>714.5300000000001</ele>
   </trkpt>
   <trkpt lat="46.870470000000005" lon="12.677650000000002">
    <ele>713.9700000000001</ele>
   </trkpt>
   <trkpt lat="46.869600000000005" lon="12.67783">
    <ele>713.44</ele>
   </trkpt>
   <trkpt lat="46.868930000000006" lon="12.67792">
    <ele>713.08</ele>
   </trkpt>
   <trkpt lat="46.868320000000004" lon="12.678170000000001">
    <ele>712.37</ele>
   </trkpt>
   <trkpt lat="46.867760000000004" lon="12.678460000000001">
    <ele>711.32</ele>
   </trkpt>
   <trkpt lat="46.867610000000006" lon="12.678640000000001">
    <ele>711.04</ele>
   </trkpt>
   <trkpt lat="46.86722" lon="12.67965">
    <ele>710.62</ele>
   </trkpt>
   <trkpt lat="46.86693" lon="12.68058">
    <ele>710.28</ele>
   </trkpt>
   <trkpt lat="46.866650005981796" lon="12.681750006013004">
    <ele>709.76</ele>
   </trkpt>
   <trkpt lat="46.86637" lon="12.682920000000001">
    <ele>709.4800000000001</ele>
   </trkpt>
   <trkpt lat="46.86623" lon="12.68335">
    <ele>709.25</ele>
   </trkpt>
   <trkpt lat="46.865990000000004" lon="12.683980000000002">
    <ele>709.2400000000001</ele>
   </trkpt>
   <trkpt lat="46.865680000000005" lon="12.68468">
    <ele>709.11</ele>
   </trkpt>
   <trkpt lat="46.865300000000005" lon="12.685300000000002">
    <ele>709.1</ele>
   </trkpt>
   <trkpt lat="46.864670000000004" lon="12.686090000000002">
    <ele>708.85</ele>
   </trkpt>
   <trkpt lat="46.864280000555134" lon="12.686470002832339">
    <ele>708.5100000000001</ele>
   </trkpt>
   <trkpt lat="46.863890000000005" lon="12.686850000000002">
    <ele>707.8100000000001</ele>
   </trkpt>
   <trkpt lat="46.86349500053846" lon="12.687175002326645">
    <ele>707.6500000000001</ele>
   </trkpt>
   <trkpt lat="46.8631" lon="12.687500000000002">
    <ele>707.35</ele>
   </trkpt>
   <trkpt lat="46.862350000000006" lon="12.688060000000002">
    <ele>706.85</ele>
   </trkpt>
   <trkpt lat="46.861650000000004" lon="12.688630000000002">
    <ele>706.1400000000001</ele>
   </trkpt>
   <trkpt lat="46.861110000000004" lon="12.68895">
    <ele>705.49</ele>
   </trkpt>
   <trkpt lat="46.86036666966841" lon="12.689536682907463">
    <ele>704.59</ele>
   </trkpt>
   <trkpt lat="46.85962333633956" lon="12.690123349570285">
    <ele>704.19</ele>
   </trkpt>
   <trkpt lat="46.858880000000006" lon="12.690710000000001">
    <ele>703.95</ele>
   </trkpt>
   <trkpt lat="46.85828" lon="12.691120000000002">
    <ele>703.32</ele>
   </trkpt>
   <trkpt lat="46.857710000000004" lon="12.69161">
    <ele>702.86</ele>
   </trkpt>
   <trkpt lat="46.85718000000001" lon="12.69222">
    <ele>702.79</ele>
   </trkpt>
   <trkpt lat="46.85687" lon="12.692660000000002">
    <ele>702.6500000000001</ele>
   </trkpt>
   <trkpt lat="46.856750000000005" lon="12.69288">
    <ele>702.5100000000001</ele>
   </trkpt>
   <trkpt lat="46.856485002094274" lon="12.69356500324814">
    <ele>702.6</ele>
   </trkpt>
   <trkpt lat="46.85622" lon="12.69425">
    <ele>702.6500000000001</ele>
   </trkpt>
   <trkpt lat="46.855760000000004" lon="12.69509">
    <ele>702.35</ele>
   </trkpt>
   <trkpt lat="46.855430000000005" lon="12.695540000000001">
    <ele>701.69</ele>
   </trkpt>
   <trkpt lat="46.85526" lon="12.6957">
    <ele>701.62</ele>
   </trkpt>
   <trkpt lat="46.85488" lon="12.69597">
    <ele>701.4800000000001</ele>
   </trkpt>
   <trkpt lat="46.854760000000006" lon="12.69603">
    <ele>701.1200000000001</ele>
   </trkpt>
   <trkpt lat="46.85473" lon="12.69608">
    <ele>701.1200000000001</ele>
   </trkpt>
   <trkpt lat="46.854710000000004" lon="12.696190000000001">
    <ele>701.1200000000001</ele>
   </trkpt>
   <trkpt lat="46.854690000000005" lon="12.69668">
    <ele>700.9200000000001</ele>
   </trkpt>
   <trkpt lat="46.854710000000004" lon="12.69715">
    <ele>700.7</ele>
   </trkpt>
   <trkpt lat="46.85477" lon="12.69799">
    <ele>700.5100000000001</ele>
   </trkpt>
   <trkpt lat="46.8549" lon="12.69889">
    <ele>700.2100000000002</ele>
   </trkpt>
   <trkpt lat="46.855000000000004" lon="12.699910000000001">
    <ele>699.9399999999999</ele>
   </trkpt>
   <trkpt lat="46.85504" lon="12.70053">
    <ele>699.69</ele>
   </trkpt>
   <trkpt lat="46.855050000000006" lon="12.701160000000002">
    <ele>699.58</ele>
   </trkpt>
   <trkpt lat="46.855030000000006" lon="12.701720000000002">
    <ele>699.6000000000001</ele>
   </trkpt>
   <trkpt lat="46.854940000000006" lon="12.70241">
    <ele>699.46</ele>
   </trkpt>
   <trkpt lat="46.85484" lon="12.702810000000001">
    <ele>699.46</ele>
   </trkpt>
   <trkpt lat="46.85466" lon="12.703310000000002">
    <ele>699.23</ele>
   </trkpt>
   <trkpt lat="46.85448" lon="12.703700000000001">
    <ele>698.6800000000001</ele>
   </trkpt>
   <trkpt lat="46.85425" lon="12.70409">
    <ele>698.3000000000001</ele>
   </trkpt>
   <trkpt lat="46.854020000000006" lon="12.70443">
    <ele>698.3000000000001</ele>
   </trkpt>
   <trkpt lat="46.85378" lon="12.704680000000002">
    <ele>697.72</ele>
   </trkpt>
   <trkpt lat="46.85322500101675" lon="12.705175005160232">
    <ele>697.22</ele>
   </trkpt>
   <trkpt lat="46.85267" lon="12.705670000000001">
    <ele>697.06</ele>
   </trkpt>
   <trkpt lat="46.8519750015475" lon="12.706260007608014">
    <ele>697.08</ele>
   </trkpt>
   <trkpt lat="46.85128" lon="12.706850000000001">
    <ele>698.08</ele>
   </trkpt>
   <trkpt lat="46.850660000000005" lon="12.707540000000002">
    <ele>695.6300000000001</ele>
   </trkpt>
   <trkpt lat="46.850300000000004" lon="12.707980000000001">
    <ele>695.6000000000001</ele>
   </trkpt>
   <trkpt lat="46.84984500213678" lon="12.708685006014704">
    <ele>695.49</ele>
   </trkpt>
   <trkpt lat="46.84939000000001" lon="12.70939">
    <ele>694.82</ele>
   </trkpt>
   <trkpt lat="46.84895333815773" lon="12.710136678859529">
    <ele>694.3000000000001</ele>
   </trkpt>
   <trkpt lat="46.8485166714603" lon="12.710883345578619">
    <ele>694.1700000000001</ele>
   </trkpt>
   <trkpt lat="46.84808" lon="12.711630000000001">
    <ele>693.64</ele>
   </trkpt>
   <trkpt lat="46.847710000000006" lon="12.712230000000002">
    <ele>693.46</ele>
   </trkpt>
   <trkpt lat="46.84741" lon="12.712660000000001">
    <ele>692.9900000000001</ele>
   </trkpt>
   <trkpt lat="46.84698" lon="12.713140000000001">
    <ele>692.83</ele>
   </trkpt>
   <trkpt lat="46.846395001518616" lon="12.713730006422423">
    <ele>692.49</ele>
   </trkpt>
   <trkpt lat="46.84581000000001" lon="12.71432">
    <ele>692.19</ele>
   </trkpt>
   <trkpt lat="46.845400000000005" lon="12.714780000000001">
    <ele>691.88</ele>
   </trkpt>
   <trkpt lat="46.845150000000004" lon="12.715150000000001">
    <ele>691.76</ele>
   </trkpt>
   <trkpt lat="46.844860000000004" lon="12.71564">
    <ele>691.49</ele>
   </trkpt>
   <trkpt lat="46.844530000000006" lon="12.716090000000001">
    <ele>691.49</ele>
   </trkpt>
   <trkpt lat="46.84421000123373" lon="12.716600002876646">
    <ele>691.1</ele>
   </trkpt>
   <trkpt lat="46.84389" lon="12.717110000000002">
    <ele>690.83</ele>
   </trkpt>
   <trkpt lat="46.84353" lon="12.717730000000001">
    <ele>690.24</ele>
   </trkpt>
   <trkpt lat="46.843230000000005" lon="12.718350000000001">
    <ele>689.83</ele>
   </trkpt>
   <trkpt lat="46.84293" lon="12.718960000000001">
    <ele>689.45</ele>
   </trkpt>
   <trkpt lat="46.84245000350329" lon="12.71985500796769">
    <ele>688.95</ele>
   </trkpt>
   <trkpt lat="46.84197" lon="12.72075">
    <ele>688.5500000000001</ele>
   </trkpt>
   <trkpt lat="46.841480000000004" lon="12.721540000000001">
    <ele>688.19</ele>
   </trkpt>
   <trkpt lat="46.841170000000005" lon="12.722100000000001">
    <ele>688.07</ele>
   </trkpt>
   <trkpt lat="46.84067" lon="12.72281">
    <ele>687.74</ele>
   </trkpt>
   <trkpt lat="46.84035" lon="12.723210000000002">
    <ele>687.32</ele>
   </trkpt>
   <trkpt lat="46.84004" lon="12.723550000000001">
    <ele>687.1400000000001</ele>
   </trkpt>
   <trkpt lat="46.83957" lon="12.723870000000002">
    <ele>687.39</ele>
   </trkpt>
   <trkpt lat="46.839240000000004" lon="12.724150000000002">
    <ele>687.34</ele>
   </trkpt>
   <trkpt lat="46.83860000169184" lon="12.724790007714764">
    <ele>686.57</ele>
   </trkpt>
   <trkpt lat="46.83796" lon="12.725430000000001">
    <ele>687.57</ele>
   </trkpt>
   <trkpt lat="46.837860000000006" lon="12.725560000000002">
    <ele>687.57</ele>
   </trkpt>
   <trkpt lat="46.83775000000001" lon="12.72577">
    <ele>688.71</ele>
   </trkpt>
   <trkpt lat="46.83769" lon="12.725980000000002">
    <ele>688.71</ele>
   </trkpt>
   <trkpt lat="46.837450000000004" lon="12.72708">
    <ele>689.33</ele>
   </trkpt>
   <trkpt lat="46.837390000000006" lon="12.727250000000002">
    <ele>688.82</ele>
   </trkpt>
   <trkpt lat="46.83726" lon="12.72779">
    <ele>686.39</ele>
   </trkpt>
   <trkpt lat="46.83722" lon="12.728060000000001">
    <ele>685.8700000000001</ele>
   </trkpt>
   <trkpt lat="46.83711" lon="12.729180000000001">
    <ele>684.62</ele>
   </trkpt>
   <trkpt lat="46.83711" lon="12.729650000000001">
    <ele>684.57</ele>
   </trkpt>
   <trkpt lat="46.83709" lon="12.73004">
    <ele>684.5500000000001</ele>
   </trkpt>
   <trkpt lat="46.83683333958864" lon="12.730890008241799">
    <ele>684.18</ele>
   </trkpt>
   <trkpt lat="46.836576672885165" lon="12.731740008363566">
    <ele>684.33</ele>
   </trkpt>
   <trkpt lat="46.83632" lon="12.732590000000002">
    <ele>685.48</ele>
   </trkpt>
   <trkpt lat="46.836200000000005" lon="12.733310000000001">
    <ele>683.82</ele>
   </trkpt>
   <trkpt lat="46.83601" lon="12.73403">
    <ele>682.9900000000001</ele>
   </trkpt>
   <trkpt lat="46.83585" lon="12.73521">
    <ele>685.3800000000001</ele>
   </trkpt>
   <trkpt lat="46.83588" lon="12.735550000000002">
    <ele>685.95</ele>
   </trkpt>
   <trkpt lat="46.83583" lon="12.73563">
    <ele>685.95</ele>
   </trkpt>
   <trkpt lat="46.835420000000006" lon="12.7359">
    <ele>685.59</ele>
   </trkpt>
   <trkpt lat="46.835370000000005" lon="12.73596">
    <ele>685.3800000000001</ele>
   </trkpt>
   <trkpt lat="46.835330000000006" lon="12.736250000000002">
    <ele>683.85</ele>
   </trkpt>
   <trkpt lat="46.83525" lon="12.736770000000002">
    <ele>682.8700000000001</ele>
   </trkpt>
   <trkpt lat="46.835370000000005" lon="12.737520000000002">
    <ele>683.1600000000001</ele>
   </trkpt>
   <trkpt lat="46.83531000000001" lon="12.737850000000002">
    <ele>683.27</ele>
   </trkpt>
   <trkpt lat="46.83534" lon="12.73803">
    <ele>683.27</ele>
   </trkpt>
   <trkpt lat="46.835420000000006" lon="12.73817">
    <ele>683.3</ele>
   </trkpt>
   <trkpt lat="46.835440000000006" lon="12.738240000000001">
    <ele>683.34</ele>
   </trkpt>
   <trkpt lat="46.835420000000006" lon="12.7384">
    <ele>683.34</ele>
   </trkpt>
   <trkpt lat="46.83512" lon="12.739500000000001">
    <ele>683.58</ele>
   </trkpt>
   <trkpt lat="46.83494" lon="12.74047">
    <ele>684.1600000000001</ele>
   </trkpt>
   <trkpt lat="46.83471" lon="12.7413">
    <ele>683.7</ele>
   </trkpt>
   <trkpt lat="46.83475000000001" lon="12.741470000000001">
    <ele>683.59</ele>
   </trkpt>
   <trkpt lat="46.834720000000004" lon="12.741700000000002">
    <ele>683.5300000000001</ele>
   </trkpt>
   <trkpt lat="46.834630000000004" lon="12.741950000000001">
    <ele>683.5600000000001</ele>
   </trkpt>
   <trkpt lat="46.83440000523084" lon="12.74305000488941">
    <ele>683.0400000000001</ele>
   </trkpt>
   <trkpt lat="46.83417" lon="12.744150000000001">
    <ele>682.03</ele>
   </trkpt>
   <trkpt lat="46.83415" lon="12.74435">
    <ele>682.0200000000001</ele>
   </trkpt>
   <trkpt lat="46.83393" lon="12.74535">
    <ele>681.9300000000001</ele>
   </trkpt>
   <trkpt lat="46.83384" lon="12.74558">
    <ele>681.9300000000001</ele>
   </trkpt>
   <trkpt lat="46.83368" lon="12.74609">
    <ele>681.9300000000001</ele>
   </trkpt>
   <trkpt lat="46.83357" lon="12.746210000000001">
    <ele>681.74</ele>
   </trkpt>
   <trkpt lat="46.83344" lon="12.746690000000001">
    <ele>681.6000000000001</ele>
   </trkpt>
   <trkpt lat="46.83339" lon="12.746970000000001">
    <ele>681.61</ele>
   </trkpt>
   <trkpt lat="46.83334000000001" lon="12.747520000000002">
    <ele>681.39</ele>
   </trkpt>
   <trkpt lat="46.833310000000004" lon="12.748260000000002">
    <ele>681.27</ele>
   </trkpt>
   <trkpt lat="46.83337" lon="12.74886">
    <ele>681.3</ele>
   </trkpt>
   <trkpt lat="46.833380000000005" lon="12.749220000000001">
    <ele>681.3</ele>
   </trkpt>
   <trkpt lat="46.833330000000004" lon="12.749550000000001">
    <ele>681.91</ele>
   </trkpt>
   <trkpt lat="46.83319" lon="12.749820000000001">
    <ele>682.71</ele>
   </trkpt>
   <trkpt lat="46.833110000000005" lon="12.749950000000002">
    <ele>682.71</ele>
   </trkpt>
   <trkpt lat="46.83296000000001" lon="12.7504">
    <ele>683.48</ele>
   </trkpt>
   <trkpt lat="46.83296000000001" lon="12.750570000000002">
    <ele>683.5300000000001</ele>
   </trkpt>
   <trkpt lat="46.833040000000004" lon="12.750700000000002">
    <ele>683.5300000000001</ele>
   </trkpt>
   <trkpt lat="46.832705001613256" lon="12.751320003976817">
    <ele>683.7</ele>
   </trkpt>
   <trkpt lat="46.832370000000004" lon="12.751940000000001">
    <ele>683.7500000000001</ele>
   </trkpt>
   <trkpt lat="46.83198500239788" lon="12.752675005178329">
    <ele>683.83</ele>
   </trkpt>
   <trkpt lat="46.8316" lon="12.75341">
    <ele>683.25</ele>
   </trkpt>
   <trkpt lat="46.831450000000004" lon="12.75365">
    <ele>683.21</ele>
   </trkpt>
   <trkpt lat="46.831230000000005" lon="12.753950000000001">
    <ele>682.86</ele>
   </trkpt>
   <trkpt lat="46.83074000100187" lon="12.754430004377452">
    <ele>682.4300000000001</ele>
   </trkpt>
   <trkpt lat="46.83025000000001" lon="12.75491">
    <ele>682.0400000000001</ele>
   </trkpt>
   <trkpt lat="46.8299" lon="12.755310000000001">
    <ele>681.76</ele>
   </trkpt>
   <trkpt lat="46.829510000000006" lon="12.755930000000001">
    <ele>681.1600000000001</ele>
   </trkpt>
   <trkpt lat="46.82929" lon="12.756250000000001">
    <ele>680.79</ele>
   </trkpt>
   <trkpt lat="46.82905" lon="12.756490000000001">
    <ele>680.76</ele>
   </trkpt>
   <trkpt lat="46.828610000000005" lon="12.756810000000002">
    <ele>680.3800000000001</ele>
   </trkpt>
   <trkpt lat="46.828300000000006" lon="12.757100000000001">
    <ele>680.42</ele>
   </trkpt>
   <trkpt lat="46.828120000000006" lon="12.75717">
    <ele>680.59</ele>
   </trkpt>
   <trkpt lat="46.828050000000005" lon="12.757140000000001">
    <ele>680.59</ele>
   </trkpt>
   <trkpt lat="46.82797" lon="12.757180000000002">
    <ele>680.45</ele>
   </trkpt>
   <trkpt lat="46.82793" lon="12.75726">
    <ele>680.45</ele>
   </trkpt>
   <trkpt lat="46.82793" lon="12.75736">
    <ele>680.45</ele>
   </trkpt>
   <trkpt lat="46.827980000000004" lon="12.757460000000002">
    <ele>680.45</ele>
   </trkpt>
   <trkpt lat="46.828050000000005" lon="12.757880000000002">
    <ele>680.4</ele>
   </trkpt>
   <trkpt lat="46.82799000000001" lon="12.759020000000001">
    <ele>680.33</ele>
   </trkpt>
   <trkpt lat="46.82799000000001" lon="12.759430000000002">
    <ele>680.34</ele>
   </trkpt>
   <trkpt lat="46.82802" lon="12.759860000000002">
    <ele>680.32</ele>
   </trkpt>
   <trkpt lat="46.828120000000006" lon="12.76064">
    <ele>679.9200000000001</ele>
   </trkpt>
   <trkpt lat="46.82815" lon="12.76106">
    <ele>679.27</ele>
   </trkpt>
   <trkpt lat="46.82813" lon="12.761260000000002">
    <ele>679.27</ele>
   </trkpt>
   <trkpt lat="46.82775" lon="12.76228">
    <ele>677.8400000000001</ele>
   </trkpt>
   <trkpt lat="46.82770000000001" lon="12.762550000000001">
    <ele>677.8400000000001</ele>
   </trkpt>
   <trkpt lat="46.827630000000006" lon="12.763020000000001">
    <ele>677.6</ele>
   </trkpt>
   <trkpt lat="46.82761000000001" lon="12.7634">
    <ele>677.6600000000001</ele>
   </trkpt>
   <trkpt lat="46.82761000000001" lon="12.764520000000001">
    <ele>677.6500000000001</ele>
   </trkpt>
   <trkpt lat="46.82764" lon="12.765250000000002">
    <ele>677.15</ele>
   </trkpt>
   <trkpt lat="46.82773" lon="12.76651">
    <ele>676.1</ele>
   </trkpt>
   <trkpt lat="46.827830000000006" lon="12.767330000000001">
    <ele>675.76</ele>
   </trkpt>
   <trkpt lat="46.82790000000001" lon="12.767690000000002">
    <ele>675.6</ele>
   </trkpt>
   <trkpt lat="46.827980000000004" lon="12.76805">
    <ele>675.46</ele>
   </trkpt>
   <trkpt lat="46.8282" lon="12.7688">
    <ele>675.5699999999999</ele>
   </trkpt>
   <trkpt lat="46.828160000000004" lon="12.7689">
    <ele>675.4300000000001</ele>
   </trkpt>
   <trkpt lat="46.828473341395295" lon="12.769863322040651">
    <ele>674.69</ele>
   </trkpt>
   <trkpt lat="46.828786674708724" lon="12.770826655312643">
    <ele>674.85</ele>
   </trkpt>
   <trkpt lat="46.829100000000004" lon="12.771790000000001">
    <ele>674.58</ele>
   </trkpt>
   <trkpt lat="46.829460000000005" lon="12.77279">
    <ele>674.42</ele>
   </trkpt>
   <trkpt lat="46.829890000000006" lon="12.773800000000001">
    <ele>674.03</ele>
   </trkpt>
   <trkpt lat="46.830330000000004" lon="12.77476">
    <ele>673.6700000000001</ele>
   </trkpt>
   <trkpt lat="46.83041" lon="12.774730000000002">
    <ele>673.6700000000001</ele>
   </trkpt>
   <trkpt lat="46.830690001640505" lon="12.77533999686617">
    <ele>673.4000000000001</ele>
   </trkpt>
   <trkpt lat="46.83097" lon="12.775950000000002">
    <ele>673.33</ele>
   </trkpt>
   <trkpt lat="46.83124" lon="12.77663">
    <ele>673.32</ele>
   </trkpt>
   <trkpt lat="46.831390000000006" lon="12.777090000000001">
    <ele>673.4300000000001</ele>
   </trkpt>
   <trkpt lat="46.83158" lon="12.777800000000001">
    <ele>673.36</ele>
   </trkpt>
   <trkpt lat="46.83169" lon="12.77847">
    <ele>673.44</ele>
   </trkpt>
   <trkpt lat="46.83174" lon="12.778870000000001">
    <ele>673.2600000000001</ele>
   </trkpt>
   <trkpt lat="46.83174" lon="12.779570000000001">
    <ele>672.7700000000001</ele>
   </trkpt>
   <trkpt lat="46.83167" lon="12.780690000000002">
    <ele>672.19</ele>
   </trkpt>
   <trkpt lat="46.831565003226736" lon="12.781550001629292">
    <ele>672.0400000000001</ele>
   </trkpt>
   <trkpt lat="46.83146000000001" lon="12.78241">
    <ele>671.71</ele>
   </trkpt>
   <trkpt lat="46.83133" lon="12.783330000000001">
    <ele>671.1800000000001</ele>
   </trkpt>
   <trkpt lat="46.8312" lon="12.784070000000002">
    <ele>670.8000000000001</ele>
   </trkpt>
   <trkpt lat="46.83111" lon="12.784460000000001">
    <ele>670.42</ele>
   </trkpt>
   <trkpt lat="46.83092500193132" lon="12.785125002268538">
    <ele>670.21</ele>
   </trkpt>
   <trkpt lat="46.830740000000006" lon="12.78579">
    <ele>669.8100000000001</ele>
   </trkpt>
   <trkpt lat="46.83064" lon="12.78625">
    <ele>669.36</ele>
   </trkpt>
   <trkpt lat="46.83059" lon="12.786570000000001">
    <ele>669.2</ele>
   </trkpt>
   <trkpt lat="46.830540000000006" lon="12.78715">
    <ele>668.97</ele>
   </trkpt>
   <trkpt lat="46.83053" lon="12.78767">
    <ele>668.86</ele>
   </trkpt>
   <trkpt lat="46.83062500479668" lon="12.788719998099063">
    <ele>668.5000000000001</ele>
   </trkpt>
   <trkpt lat="46.83072000000001" lon="12.78977">
    <ele>668.0200000000001</ele>
   </trkpt>
   <trkpt lat="46.830740000000006" lon="12.790590000000002">
    <ele>667.85</ele>
   </trkpt>
   <trkpt lat="46.83072000000001" lon="12.791780000000001">
    <ele>667.4100000000001</ele>
   </trkpt>
   <trkpt lat="46.83066000423124" lon="12.792765000993322">
    <ele>667.1700000000001</ele>
   </trkpt>
   <trkpt lat="46.830600000000004" lon="12.793750000000001">
    <ele>666.9600000000002</ele>
   </trkpt>
   <trkpt lat="46.83049802054054" lon="12.794836008263472">
    <ele>666.42</ele>
   </trkpt>
   <trkpt lat="46.83039603080981" lon="12.795922012405557">
    <ele>666.42</ele>
   </trkpt>
   <trkpt lat="46.83029403080787" lon="12.797008012425877">
    <ele>666.1</ele>
   </trkpt>
   <trkpt lat="46.83019202053479" lon="12.798094008324043">
    <ele>666.0500000000001</ele>
   </trkpt>
   <trkpt lat="46.830090000000006" lon="12.799180000000002">
    <ele>665.54</ele>
   </trkpt>
   <trkpt lat="46.83005000000001" lon="12.79926">
    <ele>665.54</ele>
   </trkpt>
   <trkpt lat="46.829860000000004" lon="12.80047">
    <ele>664.46</ele>
   </trkpt>
   <trkpt lat="46.829750000000004" lon="12.80095">
    <ele>664.25</ele>
   </trkpt>
   <trkpt lat="46.82968" lon="12.801100000000002">
    <ele>664.6200000000001</ele>
   </trkpt>
   <trkpt lat="46.829600000000006" lon="12.80118">
    <ele>664.63</ele>
   </trkpt>
   <trkpt lat="46.829570000000004" lon="12.801250000000001">
    <ele>664.63</ele>
   </trkpt>
   <trkpt lat="46.82956" lon="12.801390000000001">
    <ele>664.88</ele>
   </trkpt>
   <trkpt lat="46.82958000000001" lon="12.801470000000002">
    <ele>664.88</ele>
   </trkpt>
   <trkpt lat="46.829660000000004" lon="12.801580000000001">
    <ele>664.88</ele>
   </trkpt>
   <trkpt lat="46.829730000000005" lon="12.801610000000002">
    <ele>664.83</ele>
   </trkpt>
   <trkpt lat="46.82979" lon="12.801680000000001">
    <ele>664.83</ele>
   </trkpt>
   <trkpt lat="46.829840000000004" lon="12.801900000000002">
    <ele>664.85</ele>
   </trkpt>
   <trkpt lat="46.82987000000001" lon="12.8024">
    <ele>664.2900000000001</ele>
   </trkpt>
   <trkpt lat="46.82992" lon="12.802570000000001">
    <ele>663.2</ele>
   </trkpt>
   <trkpt lat="46.82994" lon="12.80306">
    <ele>662.96</ele>
   </trkpt>
   <trkpt lat="46.82992" lon="12.803730000000002">
    <ele>663.1</ele>
   </trkpt>
   <trkpt lat="46.82987000000001" lon="12.803820000000002">
    <ele>663.15</ele>
   </trkpt>
   <trkpt lat="46.82987000000001" lon="12.803960000000002">
    <ele>663.15</ele>
   </trkpt>
   <trkpt lat="46.829930000000004" lon="12.80404">
    <ele>663.27</ele>
   </trkpt>
   <trkpt lat="46.82996000000001" lon="12.80422">
    <ele>663.47</ele>
   </trkpt>
   <trkpt lat="46.8300100021594" lon="12.804919999708854">
    <ele>663.33</ele>
   </trkpt>
   <trkpt lat="46.83006" lon="12.805620000000001">
    <ele>663.48</ele>
   </trkpt>
   <trkpt lat="46.83021" lon="12.806890000000001">
    <ele>663.24</ele>
   </trkpt>
   <trkpt lat="46.830350002957374" lon="12.807714997813635">
    <ele>663.0400000000001</ele>
   </trkpt>
   <trkpt lat="46.830490000000005" lon="12.80854">
    <ele>663.63</ele>
   </trkpt>
   <trkpt lat="46.830695005508815" lon="12.80966999540697">
    <ele>663.9200000000001</ele>
   </trkpt>
   <trkpt lat="46.83090000000001" lon="12.8108">
    <ele>664.75</ele>
   </trkpt>
   <trkpt lat="46.83110226820061" lon="12.811948854295839">
    <ele>665.64</ele>
   </trkpt>
   <trkpt lat="46.83130452490665" lon="12.81309771723871">
    <ele>667.12</ele>
   </trkpt>
   <trkpt lat="46.83150677011796" lon="12.814246588828249">
    <ele>668.5600000000001</ele>
   </trkpt>
   <trkpt lat="46.83170900383434" lon="12.815395469064093">
    <ele>671.98</ele>
   </trkpt>
   <trkpt lat="46.83191122605567" lon="12.816544357945876">
    <ele>674.7800000000001</ele>
   </trkpt>
   <trkpt lat="46.83211343678174" lon="12.817693255473232">
    <ele>679.07</ele>
   </trkpt>
   <trkpt lat="46.8323156360124" lon="12.818842161645799">
    <ele>683.83</ele>
   </trkpt>
   <trkpt lat="46.832517823747494" lon="12.819991076463204">
    <ele>688.62</ele>
   </trkpt>
   <trkpt lat="46.83272" lon="12.821140000000002">
    <ele>692.07</ele>
   </trkpt>
   <trkpt lat="46.83287000000001" lon="12.822230000000001">
    <ele>690.24</ele>
   </trkpt>
   <trkpt lat="46.83278000000001" lon="12.822780000000002">
    <ele>690.1600000000001</ele>
   </trkpt>
   <trkpt lat="46.83274" lon="12.82277">
    <ele>690.1600000000001</ele>
   </trkpt>
   <trkpt lat="46.832640000000005" lon="12.822840000000001">
    <ele>692.33</ele>
   </trkpt>
   <trkpt lat="46.83259" lon="12.823">
    <ele>692.33</ele>
   </trkpt>
   <trkpt lat="46.832620000000006" lon="12.82313">
    <ele>694.58</ele>
   </trkpt>
   <trkpt lat="46.83269000000001" lon="12.823220000000001">
    <ele>694.83</ele>
   </trkpt>
   <trkpt lat="46.832730000000005" lon="12.82324">
    <ele>694.83</ele>
   </trkpt>
   <trkpt lat="46.83285" lon="12.82347">
    <ele>695.2900000000001</ele>
   </trkpt>
   <trkpt lat="46.83292" lon="12.823670000000002">
    <ele>695.9300000000001</ele>
   </trkpt>
   <trkpt lat="46.83301" lon="12.824060000000001">
    <ele>696.2700000000001</ele>
   </trkpt>
   <trkpt lat="46.83306" lon="12.824510000000002">
    <ele>696.3100000000001</ele>
   </trkpt>
   <trkpt lat="46.83312" lon="12.82553">
    <ele>696.9900000000001</ele>
   </trkpt>
   <trkpt lat="46.83314000000001" lon="12.826730000000001">
    <ele>700.85</ele>
   </trkpt>
   <trkpt lat="46.83311000417901" lon="12.827710000643457">
    <ele>705.79</ele>
   </trkpt>
   <trkpt lat="46.83308" lon="12.828690000000002">
    <ele>711.83</ele>
   </trkpt>
   <trkpt lat="46.83301" lon="12.829350000000002">
    <ele>716.96</ele>
   </trkpt>
   <trkpt lat="46.83281" lon="12.830480000000001">
    <ele>723.7900000000001</ele>
   </trkpt>
   <trkpt lat="46.83271000292886" lon="12.831300001517912">
    <ele>729.8800000000001</ele>
   </trkpt>
   <trkpt lat="46.83261" lon="12.832120000000002">
    <ele>735.3700000000001</ele>
   </trkpt>
   <trkpt lat="46.832510000000006" lon="12.832580000000002">
    <ele>738.63</ele>
   </trkpt>
   <trkpt lat="46.83219000552217" lon="12.833710006862297">
    <ele>751.41</ele>
   </trkpt>
   <trkpt lat="46.83187" lon="12.834840000000002">
    <ele>757.07</ele>
   </trkpt>
   <trkpt lat="46.83162" lon="12.835510000000001">
    <ele>762.61</ele>
   </trkpt>
   <trkpt lat="46.831340000000004" lon="12.836030000000001">
    <ele>765.96</ele>
   </trkpt>
   <trkpt lat="46.831100000000006" lon="12.836390000000002">
    <ele>768.22</ele>
   </trkpt>
   <trkpt lat="46.83102" lon="12.83656">
    <ele>768.9300000000001</ele>
   </trkpt>
   <trkpt lat="46.831010000000006" lon="12.836780000000001">
    <ele>768.99</ele>
   </trkpt>
   <trkpt lat="46.83104" lon="12.83689">
    <ele>769.08</ele>
   </trkpt>
   <trkpt lat="46.83109" lon="12.83698">
    <ele>769.23</ele>
   </trkpt>
   <trkpt lat="46.83117000000001" lon="12.83702">
    <ele>769.33</ele>
   </trkpt>
   <trkpt lat="46.83124" lon="12.83703">
    <ele>769.6500000000001</ele>
   </trkpt>
   <trkpt lat="46.83131" lon="12.837010000000001">
    <ele>770.12</ele>
   </trkpt>
   <trkpt lat="46.83144" lon="12.83693">
    <ele>770.6800000000001</ele>
   </trkpt>
   <trkpt lat="46.831970000000005" lon="12.836390000000002">
    <ele>776.54</ele>
   </trkpt>
   <trkpt lat="46.832485002086834" lon="12.835700006593637">
    <ele>784.6</ele>
   </trkpt>
   <trkpt lat="46.833000000000006" lon="12.83501">
    <ele>791.9200000000001</ele>
   </trkpt>
   <trkpt lat="46.83335" lon="12.83458">
    <ele>794.6500000000001</ele>
   </trkpt>
   <trkpt lat="46.833560000000006" lon="12.83435">
    <ele>796.1100000000001</ele>
   </trkpt>
   <trkpt lat="46.83398500068244" lon="12.833960003065792">
    <ele>802.6</ele>
   </trkpt>
   <trkpt lat="46.834410000000005" lon="12.833570000000002">
    <ele>809.0400000000001</ele>
   </trkpt>
   <trkpt lat="46.83487000087313" lon="12.833110003985821">
    <ele>815.37</ele>
   </trkpt>
   <trkpt lat="46.835330000000006" lon="12.832650000000001">
    <ele>819.46</ele>
   </trkpt>
   <trkpt lat="46.835710000000006" lon="12.832250000000002">
    <ele>825.89</ele>
   </trkpt>
   <trkpt lat="46.83592" lon="12.831930000000002">
    <ele>826.91</ele>
   </trkpt>
   <trkpt lat="46.83626" lon="12.831320000000002">
    <ele>832.8000000000001</ele>
   </trkpt>
   <trkpt lat="46.83655" lon="12.83088">
    <ele>832.8000000000001</ele>
   </trkpt>
   <trkpt lat="46.83709" lon="12.83012">
    <ele>848.16</ele>
   </trkpt>
   <trkpt lat="46.83726" lon="12.82985">
    <ele>850.71</ele>
   </trkpt>
   <trkpt lat="46.837430000000005" lon="12.829490000000002">
    <ele>855.3600000000001</ele>
   </trkpt>
   <trkpt lat="46.83776" lon="12.82863">
    <ele>864.4000000000001</ele>
   </trkpt>
   <trkpt lat="46.83789" lon="12.828370000000001">
    <ele>864.4000000000001</ele>
   </trkpt>
   <trkpt lat="46.83805" lon="12.82816">
    <ele>864.4000000000001</ele>
   </trkpt>
   <trkpt lat="46.838260000000005" lon="12.828000000000001">
    <ele>871.3700000000001</ele>
   </trkpt>
   <trkpt lat="46.838570000000004" lon="12.827840000000002">
    <ele>873.99</ele>
   </trkpt>
   <trkpt lat="46.83896000000001" lon="12.827700000000002">
    <ele>878.3700000000001</ele>
   </trkpt>
   <trkpt lat="46.83943000000001" lon="12.827610000000002">
    <ele>881.9100000000001</ele>
   </trkpt>
   <trkpt lat="46.83957" lon="12.827620000000001">
    <ele>881.9100000000001</ele>
   </trkpt>
   <trkpt lat="46.839670000000005" lon="12.827670000000001">
    <ele>882.74</ele>
   </trkpt>
   <trkpt lat="46.839740000000006" lon="12.82778">
    <ele>882.74</ele>
   </trkpt>
   <trkpt lat="46.839760000000005" lon="12.82788">
    <ele>883.19</ele>
   </trkpt>
   <trkpt lat="46.83975" lon="12.827960000000001">
    <ele>883.19</ele>
   </trkpt>
   <trkpt lat="46.839690000000004" lon="12.82811">
    <ele>884.0300000000001</ele>
   </trkpt>
   <trkpt lat="46.839600000000004" lon="12.828170000000002">
    <ele>884.57</ele>
   </trkpt>
   <trkpt lat="46.839490000000005" lon="12.828180000000001">
    <ele>885.19</ele>
   </trkpt>
   <trkpt lat="46.83908" lon="12.82811">
    <ele>889.5500000000001</ele>
   </trkpt>
   <trkpt lat="46.83892" lon="12.82812">
    <ele>890.2700000000001</ele>
   </trkpt>
   <trkpt lat="46.838730000000005" lon="12.828220000000002">
    <ele>890.96</ele>
   </trkpt>
   <trkpt lat="46.83860000000001" lon="12.828360000000002">
    <ele>890.96</ele>
   </trkpt>
   <trkpt lat="46.838530000000006" lon="12.828500000000002">
    <ele>895.72</ele>
   </trkpt>
   <trkpt lat="46.83847" lon="12.82873">
    <ele>895.72</ele>
   </trkpt>
   <trkpt lat="46.83845" lon="12.82896">
    <ele>895.72</ele>
   </trkpt>
   <trkpt lat="46.83847" lon="12.829170000000001">
    <ele>897.1800000000001</ele>
   </trkpt>
   <trkpt lat="46.838620001660274" lon="12.829789998213274">
    <ele>901.24</ele>
   </trkpt>
   <trkpt lat="46.838770000000004" lon="12.83041">
    <ele>906.6</ele>
   </trkpt>
   <trkpt lat="46.838890000000006" lon="12.831320000000002">
    <ele>912.4700000000001</ele>
   </trkpt>
   <trkpt lat="46.8389" lon="12.831800000000001">
    <ele>915.2800000000001</ele>
   </trkpt>
   <trkpt lat="46.838860000000004" lon="12.832650000000001">
    <ele>919.5600000000001</ele>
   </trkpt>
   <trkpt lat="46.838820000000005" lon="12.83295">
    <ele>922.6800000000001</ele>
   </trkpt>
   <trkpt lat="46.83869000000001" lon="12.83361">
    <ele>925.88</ele>
   </trkpt>
   <trkpt lat="46.838440000000006" lon="12.83444">
    <ele>933.7700000000001</ele>
   </trkpt>
   <trkpt lat="46.838050003316624" lon="12.835310006268172">
    <ele>939.5600000000001</ele>
   </trkpt>
   <trkpt lat="46.83766000000001" lon="12.83618">
    <ele>944.95</ele>
   </trkpt>
   <trkpt lat="46.837325002390884" lon="12.836920004599254">
    <ele>951.58</ele>
   </trkpt>
   <trkpt lat="46.83699000000001" lon="12.837660000000001">
    <ele>959.7700000000001</ele>
   </trkpt>
   <trkpt lat="46.83672000000001" lon="12.838090000000001">
    <ele>963.76</ele>
   </trkpt>
   <trkpt lat="46.836400000000005" lon="12.838460000000001">
    <ele>966.98</ele>
   </trkpt>
   <trkpt lat="46.83568" lon="12.839150000000002">
    <ele>977.1200000000001</ele>
   </trkpt>
   <trkpt lat="46.835280000000004" lon="12.839620000000002">
    <ele>981.86</ele>
   </trkpt>
   <trkpt lat="46.83482" lon="12.840340000000001">
    <ele>987.4800000000001</ele>
   </trkpt>
   <trkpt lat="46.834510001309006" lon="12.840910003482511">
    <ele>990.9000000000001</ele>
   </trkpt>
   <trkpt lat="46.8342" lon="12.84148">
    <ele>995.5200000000001</ele>
   </trkpt>
   <trkpt lat="46.833740000000006" lon="12.842390000000002">
    <ele>1002.4699999999999</ele>
   </trkpt>
   <trkpt lat="46.833560000000006" lon="12.84279">
    <ele>1008.0900000000001</ele>
   </trkpt>
   <trkpt lat="46.833470000000005" lon="12.843110000000001">
    <ele>1008.0900000000001</ele>
   </trkpt>
   <trkpt lat="46.83337" lon="12.84373">
    <ele>1012.4000000000002</ele>
   </trkpt>
   <trkpt lat="46.833360000000006" lon="12.844030000000002">
    <ele>1014.7300000000001</ele>
   </trkpt>
   <trkpt lat="46.833380000000005" lon="12.84449">
    <ele>1022.2200000000001</ele>
   </trkpt>
   <trkpt lat="46.83343000000001" lon="12.844880000000002">
    <ele>1021.26</ele>
   </trkpt>
   <trkpt lat="46.83353" lon="12.845360000000001">
    <ele>1022.6800000000001</ele>
   </trkpt>
   <trkpt lat="46.83357" lon="12.845640000000001">
    <ele>1025.3600000000001</ele>
   </trkpt>
   <trkpt lat="46.83359" lon="12.84618">
    <ele>1029.5700000000002</ele>
   </trkpt>
   <trkpt lat="46.83355" lon="12.846540000000001">
    <ele>1030.3200000000002</ele>
   </trkpt>
   <trkpt lat="46.83341" lon="12.847240000000001">
    <ele>1033.8400000000001</ele>
   </trkpt>
   <trkpt lat="46.833400000000005" lon="12.847380000000001">
    <ele>1036.63</ele>
   </trkpt>
   <trkpt lat="46.83344" lon="12.84759">
    <ele>1036.63</ele>
   </trkpt>
   <trkpt lat="46.833540000000006" lon="12.847750000000001">
    <ele>1038.48</ele>
   </trkpt>
   <trkpt lat="46.83363000000001" lon="12.84782">
    <ele>1038.48</ele>
   </trkpt>
   <trkpt lat="46.83371" lon="12.847840000000001">
    <ele>1038.8500000000001</ele>
   </trkpt>
   <trkpt lat="46.833780000000004" lon="12.847830000000002">
    <ele>1038.8500000000001</ele>
   </trkpt>
   <trkpt lat="46.83386" lon="12.84778">
    <ele>1039.72</ele>
   </trkpt>
   <trkpt lat="46.83404" lon="12.847550000000002">
    <ele>1040.84</ele>
   </trkpt>
   <trkpt lat="46.83436000168091" lon="12.846930003678109">
    <ele>1046.57</ele>
   </trkpt>
   <trkpt lat="46.834680000000006" lon="12.84631">
    <ele>1051.39</ele>
   </trkpt>
   <trkpt lat="46.83519500358752" lon="12.84540500863585">
    <ele>1062.66</ele>
   </trkpt>
   <trkpt lat="46.835710000000006" lon="12.844500000000002">
    <ele>1067.08</ele>
   </trkpt>
   <trkpt lat="46.835840000000005" lon="12.8442">
    <ele>1070.17</ele>
   </trkpt>
   <trkpt lat="46.83608" lon="12.84359">
    <ele>1075.25</ele>
   </trkpt>
   <trkpt lat="46.836180000000006" lon="12.843230000000002">
    <ele>1078.16</ele>
   </trkpt>
   <trkpt lat="46.83637" lon="12.842530000000002">
    <ele>1082.3500000000001</ele>
   </trkpt>
   <trkpt lat="46.83653500196232" lon="12.841855002161168">
    <ele>1086.18</ele>
   </trkpt>
   <trkpt lat="46.8367" lon="12.841180000000001">
    <ele>1090.2800000000002</ele>
   </trkpt>
   <trkpt lat="46.83681000000001" lon="12.84097">
    <ele>1091.85</ele>
   </trkpt>
   <trkpt lat="46.83691" lon="12.840840000000002">
    <ele>1091.85</ele>
   </trkpt>
   <trkpt lat="46.837070000000004" lon="12.840710000000001">
    <ele>1093.8100000000002</ele>
   </trkpt>
   <trkpt lat="46.8372" lon="12.84068">
    <ele>1093.8100000000002</ele>
   </trkpt>
   <trkpt lat="46.83729" lon="12.840700000000002">
    <ele>1094.99</ele>
   </trkpt>
   <trkpt lat="46.83738" lon="12.840750000000002">
    <ele>1094.99</ele>
   </trkpt>
   <trkpt lat="46.837500000000006" lon="12.840860000000001">
    <ele>1096.5500000000002</ele>
   </trkpt>
   <trkpt lat="46.83756" lon="12.84101">
    <ele>1098.15</ele>
   </trkpt>
   <trkpt lat="46.8376" lon="12.8412">
    <ele>1099.42</ele>
   </trkpt>
   <trkpt lat="46.83758" lon="12.841550000000002">
    <ele>1101.17</ele>
   </trkpt>
   <trkpt lat="46.837445002652586" lon="12.842335002150609">
    <ele>1109.8000000000002</ele>
   </trkpt>
   <trkpt lat="46.83731" lon="12.84312">
    <ele>1113.15</ele>
   </trkpt>
   <trkpt lat="46.837320000000005" lon="12.843350000000001">
    <ele>1115.3500000000001</ele>
   </trkpt>
   <trkpt lat="46.83737000000001" lon="12.84359">
    <ele>1117.95</ele>
   </trkpt>
   <trkpt lat="46.83751" lon="12.84387">
    <ele>1119.5000000000002</ele>
   </trkpt>
   <trkpt lat="46.8376" lon="12.843960000000001">
    <ele>1119.7</ele>
   </trkpt>
   <trkpt lat="46.837880000000006" lon="12.84412">
    <ele>1119.94</ele>
   </trkpt>
   <trkpt lat="46.83827" lon="12.844320000000002">
    <ele>1120.49</ele>
   </trkpt>
   <trkpt lat="46.838480000000004" lon="12.844520000000001">
    <ele>1121.5700000000002</ele>
   </trkpt>
   <trkpt lat="46.83865" lon="12.844750000000001">
    <ele>1122.91</ele>
   </trkpt>
   <trkpt lat="46.83885" lon="12.845120000000001">
    <ele>1124.54</ele>
   </trkpt>
   <trkpt lat="46.83901" lon="12.84557">
    <ele>1126.88</ele>
   </trkpt>
   <trkpt lat="46.8391" lon="12.845910000000002">
    <ele>1128.8500000000001</ele>
   </trkpt>
   <trkpt lat="46.83937500593491" lon="12.847074994143723">
    <ele>1137.63</ele>
   </trkpt>
   <trkpt lat="46.839650000000006" lon="12.84824">
    <ele>1145.98</ele>
   </trkpt>
   <trkpt lat="46.83975" lon="12.848490000000002">
    <ele>1145.98</ele>
   </trkpt>
   <trkpt lat="46.839920000000006" lon="12.848820000000002">
    <ele>1149.8799999999999</ele>
   </trkpt>
   <trkpt lat="46.84010000000001" lon="12.84909">
    <ele>1152.13</ele>
   </trkpt>
   <trkpt lat="46.84035" lon="12.849340000000002">
    <ele>1154.38</ele>
   </trkpt>
   <trkpt lat="46.840540000000004" lon="12.849480000000002">
    <ele>1156.3300000000002</ele>
   </trkpt>
   <trkpt lat="46.84098000036617" lon="12.84970499823188">
    <ele>1162.68</ele>
   </trkpt>
   <trkpt lat="46.84142000000001" lon="12.84993">
    <ele>1163.28</ele>
   </trkpt>
   <trkpt lat="46.841640000000005" lon="12.850100000000001">
    <ele>1165.66</ele>
   </trkpt>
   <trkpt lat="46.84204500099778" lon="12.850559996619136">
    <ele>1168.42</ele>
   </trkpt>
   <trkpt lat="46.84245000000001" lon="12.851020000000002">
    <ele>1169.9</ele>
   </trkpt>
   <trkpt lat="46.842670000000005" lon="12.85124">
    <ele>1171.8300000000002</ele>
   </trkpt>
   <trkpt lat="46.843050000000005" lon="12.851600000000001">
    <ele>1174.38</ele>
   </trkpt>
   <trkpt lat="46.84329" lon="12.851780000000002">
    <ele>1174.38</ele>
   </trkpt>
   <trkpt lat="46.843540000000004" lon="12.851930000000001">
    <ele>1176.5700000000002</ele>
   </trkpt>
   <trkpt lat="46.84429" lon="12.85222">
    <ele>1178.88</ele>
   </trkpt>
   <trkpt lat="46.84456" lon="12.852290000000002">
    <ele>1181.5300000000002</ele>
   </trkpt>
   <trkpt lat="46.84498000000001" lon="12.852340000000002">
    <ele>1182.62</ele>
   </trkpt>
   <trkpt lat="46.845610000101786" lon="12.852349999884332">
    <ele>1184.47</ele>
   </trkpt>
   <trkpt lat="46.84624" lon="12.852360000000001">
    <ele>1187.07</ele>
   </trkpt>
   <trkpt lat="46.84696" lon="12.85246">
    <ele>1189.3</ele>
   </trkpt>
   <trkpt lat="46.84727" lon="12.852530000000002">
    <ele>1191.38</ele>
   </trkpt>
   <trkpt lat="46.84774500009307" lon="12.852719998294171">
    <ele>1194.62</ele>
   </trkpt>
   <trkpt lat="46.848220000000005" lon="12.852910000000001">
    <ele>1195.78</ele>
   </trkpt>
   <trkpt lat="46.848960000000005" lon="12.853340000000001">
    <ele>1198.97</ele>
   </trkpt>
   <trkpt lat="46.849520000000005" lon="12.853760000000001">
    <ele>1200.55</ele>
   </trkpt>
   <trkpt lat="46.85022834306374" lon="12.854428289268032">
    <ele>1202.3799999999999</ele>
   </trkpt>
   <trkpt lat="46.850936682238085" lon="12.855096596163477">
    <ele>1204.3600000000001</ele>
   </trkpt>
   <trkpt lat="46.85164501752283" lon="12.855764920687136">
    <ele>1205.47</ele>
   </trkpt>
   <trkpt lat="46.8523533489178" lon="12.856433262839817">
    <ele>1206.9800000000002</ele>
   </trkpt>
   <trkpt lat="46.85306167642278" lon="12.857101622622322">
    <ele>1208.01</ele>
   </trkpt>
   <trkpt lat="46.853770000000004" lon="12.85777">
    <ele>1208.59</ele>
   </trkpt>
   <trkpt lat="46.854240000000004" lon="12.858120000000001">
    <ele>1208.5100000000002</ele>
   </trkpt>
   <trkpt lat="46.854470000000006" lon="12.85824">
    <ele>1208.3300000000002</ele>
   </trkpt>
   <trkpt lat="46.8550900003378" lon="12.858489997140111">
    <ele>1207.67</ele>
   </trkpt>
   <trkpt lat="46.85571" lon="12.858740000000001">
    <ele>1205.99</ele>
   </trkpt>
   <trkpt lat="46.856170000000006" lon="12.858960000000002">
    <ele>1202.17</ele>
   </trkpt>
   <trkpt lat="46.856930000000006" lon="12.85937">
    <ele>1195.06</ele>
   </trkpt>
   <trkpt lat="46.85735000024226" lon="12.859624997980642">
    <ele>1189.66</ele>
   </trkpt>
   <trkpt lat="46.85777" lon="12.85988">
    <ele>1185.19</ele>
   </trkpt>
   <trkpt lat="46.85804" lon="12.860030000000002">
    <ele>1182.67</ele>
   </trkpt>
   <trkpt lat="46.858850000000004" lon="12.86054">
    <ele>1174.1000000000001</ele>
   </trkpt>
   <trkpt lat="46.85911" lon="12.86072">
    <ele>1173.03</ele>
   </trkpt>
   <trkpt lat="46.85951000000001" lon="12.861070000000002">
    <ele>1169.43</ele>
   </trkpt>
   <trkpt lat="46.85974" lon="12.861310000000001">
    <ele>1164.96</ele>
   </trkpt>
   <trkpt lat="46.86003" lon="12.861650000000001">
    <ele>1160.77</ele>
   </trkpt>
   <trkpt lat="46.860510000000005" lon="12.86227">
    <ele>1156.89</ele>
   </trkpt>
   <trkpt lat="46.860850000000006" lon="12.86284">
    <ele>1150.68</ele>
   </trkpt>
   <trkpt lat="46.86129500342109" lon="12.863719992803537">
    <ele>1145.18</ele>
   </trkpt>
   <trkpt lat="46.861740000000005" lon="12.864600000000001">
    <ele>1138.5700000000002</ele>
   </trkpt>
   <trkpt lat="46.861880000000006" lon="12.864820000000002">
    <ele>1137.43</ele>
   </trkpt>
   <trkpt lat="46.862260000000006" lon="12.865240000000002">
    <ele>1134.0700000000002</ele>
   </trkpt>
   <trkpt lat="46.86256" lon="12.86547">
    <ele>1129.63</ele>
   </trkpt>
   <trkpt lat="46.86281" lon="12.865620000000002">
    <ele>1123.7</ele>
   </trkpt>
   <trkpt lat="46.86348" lon="12.865920000000001">
    <ele>1120.3</ele>
   </trkpt>
   <trkpt lat="46.863760000000006" lon="12.86607">
    <ele>1117.2900000000002</ele>
   </trkpt>
   <trkpt lat="46.863910000000004" lon="12.86616">
    <ele>1115.73</ele>
   </trkpt>
   <trkpt lat="46.86435" lon="12.8665">
    <ele>1111.31</ele>
   </trkpt>
   <trkpt lat="46.86457" lon="12.86673">
    <ele>1107.58</ele>
   </trkpt>
   <trkpt lat="46.86517000204026" lon="12.867419992250259">
    <ele>1100.8999999999999</ele>
   </trkpt>
   <trkpt lat="46.865770000000005" lon="12.868110000000001">
    <ele>1095.1000000000001</ele>
   </trkpt>
   <trkpt lat="46.86634" lon="12.868730000000001">
    <ele>1089.6100000000001</ele>
   </trkpt>
   <trkpt lat="46.8665" lon="12.86888">
    <ele>1086.91</ele>
   </trkpt>
   <trkpt lat="46.86694000000001" lon="12.869200000000001">
    <ele>1081.82</ele>
   </trkpt>
   <trkpt lat="46.86735" lon="12.86941">
    <ele>1080.0100000000002</ele>
   </trkpt>
   <trkpt lat="46.86764" lon="12.869520000000001">
    <ele>1078.7900000000002</ele>
   </trkpt>
   <trkpt lat="46.86833000000001" lon="12.86964">
    <ele>1077.3799999999999</ele>
   </trkpt>
   <trkpt lat="46.86844000000001" lon="12.86969">
    <ele>1077.08</ele>
   </trkpt>
   <trkpt lat="46.86851" lon="12.86978">
    <ele>1076.44</ele>
   </trkpt>
   <trkpt lat="46.868550000000006" lon="12.869940000000001">
    <ele>1074.66</ele>
   </trkpt>
   <trkpt lat="46.86853000000001" lon="12.87006">
    <ele>1074.66</ele>
   </trkpt>
   <trkpt lat="46.868480000000005" lon="12.87016">
    <ele>1074.66</ele>
   </trkpt>
   <trkpt lat="46.86838" lon="12.870210000000002">
    <ele>1072.36</ele>
   </trkpt>
   <trkpt lat="46.86824000000001" lon="12.870190000000001">
    <ele>1071.18</ele>
   </trkpt>
   <trkpt lat="46.867850000000004" lon="12.870030000000002">
    <ele>1068.7600000000002</ele>
   </trkpt>
   <trkpt lat="46.86759000000001" lon="12.869980000000002">
    <ele>1065.47</ele>
   </trkpt>
   <trkpt lat="46.86681" lon="12.870080000000002">
    <ele>1058.51</ele>
   </trkpt>
   <trkpt lat="46.86607000005919" lon="12.870220001934902">
    <ele>1051.88</ele>
   </trkpt>
   <trkpt lat="46.86533000000001" lon="12.870360000000002">
    <ele>1045.43</ele>
   </trkpt>
   <trkpt lat="46.86525" lon="12.870370000000001">
    <ele>1045.43</ele>
   </trkpt>
   <trkpt lat="46.86506000000001" lon="12.870450000000002">
    <ele>1041.6100000000001</ele>
   </trkpt>
   <trkpt lat="46.8648" lon="12.870600000000001">
    <ele>1040.03</ele>
   </trkpt>
   <trkpt lat="46.864580000000004" lon="12.870820000000002">
    <ele>1038.49</ele>
   </trkpt>
   <trkpt lat="46.864340000000006" lon="12.87114">
    <ele>1032.49</ele>
   </trkpt>
   <trkpt lat="46.864230000000006" lon="12.87137">
    <ele>1032.49</ele>
   </trkpt>
   <trkpt lat="46.86382334211485" lon="12.872373348496735">
    <ele>1027.89</ele>
   </trkpt>
   <trkpt lat="46.863416675463206" lon="12.87337668179273">
    <ele>1019.7</ele>
   </trkpt>
   <trkpt lat="46.86301" lon="12.87438">
    <ele>1012.5200000000001</ele>
   </trkpt>
   <trkpt lat="46.862930000000006" lon="12.87456">
    <ele>1012.5200000000001</ele>
   </trkpt>
   <trkpt lat="46.86278" lon="12.874820000000001">
    <ele>1010.7700000000001</ele>
   </trkpt>
   <trkpt lat="46.86254" lon="12.875100000000002">
    <ele>1009.19</ele>
   </trkpt>
   <trkpt lat="46.86244000000001" lon="12.875200000000001">
    <ele>1009.19</ele>
   </trkpt>
   <trkpt lat="46.862190000000005" lon="12.875390000000001">
    <ele>1007.25</ele>
   </trkpt>
   <trkpt lat="46.862080000000006" lon="12.87554">
    <ele>1006.7400000000001</ele>
   </trkpt>
   <trkpt lat="46.86204" lon="12.875700000000002">
    <ele>1006.1900000000002</ele>
   </trkpt>
   <trkpt lat="46.86206000000001" lon="12.875810000000001">
    <ele>1005.5899999999999</ele>
   </trkpt>
   <trkpt lat="46.86213" lon="12.87592">
    <ele>1005.5899999999999</ele>
   </trkpt>
   <trkpt lat="46.862210000000005" lon="12.875940000000002">
    <ele>1003.3700000000001</ele>
   </trkpt>
   <trkpt lat="46.86233000000001" lon="12.875910000000001">
    <ele>1003.3700000000001</ele>
   </trkpt>
   <trkpt lat="46.86244000000001" lon="12.875810000000001">
    <ele>1002.3900000000001</ele>
   </trkpt>
   <trkpt lat="46.86287" lon="12.87531">
    <ele>997.5400000000001</ele>
   </trkpt>
   <trkpt lat="46.86339" lon="12.874770000000002">
    <ele>991.2700000000001</ele>
   </trkpt>
   <trkpt lat="46.86366" lon="12.874600000000001">
    <ele>990.1200000000001</ele>
   </trkpt>
   <trkpt lat="46.86393" lon="12.874490000000002">
    <ele>986.5200000000001</ele>
   </trkpt>
   <trkpt lat="46.86421000000001" lon="12.87447">
    <ele>982.72</ele>
   </trkpt>
   <trkpt lat="46.86442" lon="12.874500000000001">
    <ele>982.72</ele>
   </trkpt>
   <trkpt lat="46.86482" lon="12.874670000000002">
    <ele>978.6400000000001</ele>
   </trkpt>
   <trkpt lat="46.86536" lon="12.87504">
    <ele>974.3600000000001</ele>
   </trkpt>
   <trkpt lat="46.86578" lon="12.87527">
    <ele>969.1</ele>
   </trkpt>
   <trkpt lat="46.86619" lon="12.875420000000002">
    <ele>964.44</ele>
   </trkpt>
   <trkpt lat="46.86654" lon="12.87551">
    <ele>963.3300000000002</ele>
   </trkpt>
   <trkpt lat="46.866910000000004" lon="12.87554">
    <ele>959.76</ele>
   </trkpt>
   <trkpt lat="46.86775" lon="12.87555">
    <ele>952.2700000000001</ele>
   </trkpt>
   <trkpt lat="46.86811" lon="12.875580000000001">
    <ele>949.98</ele>
   </trkpt>
   <trkpt lat="46.86853000000001" lon="12.87569">
    <ele>944.86</ele>
   </trkpt>
   <trkpt lat="46.86882000000001" lon="12.875820000000001">
    <ele>944.86</ele>
   </trkpt>
   <trkpt lat="46.86942000041274" lon="12.876119996656847">
    <ele>938.5200000000001</ele>
   </trkpt>
   <trkpt lat="46.870020000000004" lon="12.876420000000001">
    <ele>936.0500000000001</ele>
   </trkpt>
   <trkpt lat="46.87037" lon="12.876660000000001">
    <ele>935.76</ele>
   </trkpt>
   <trkpt lat="46.870725000788624" lon="12.877069997353631">
    <ele>936.2900000000001</ele>
   </trkpt>
   <trkpt lat="46.871080000000006" lon="12.87748">
    <ele>936.7800000000001</ele>
   </trkpt>
   <trkpt lat="46.87147" lon="12.877880000000001">
    <ele>936.19</ele>
   </trkpt>
   <trkpt lat="46.87209000000001" lon="12.87859">
    <ele>935.82</ele>
   </trkpt>
   <trkpt lat="46.87249000062415" lon="12.878994996890299">
    <ele>935.6800000000001</ele>
   </trkpt>
   <trkpt lat="46.872890000000005" lon="12.8794">
    <ele>935.76</ele>
   </trkpt>
   <trkpt lat="46.87322" lon="12.879660000000001">
    <ele>935.8100000000001</ele>
   </trkpt>
   <trkpt lat="46.873290000000004" lon="12.879700000000001">
    <ele>935.8900000000001</ele>
   </trkpt>
   <trkpt lat="46.87353" lon="12.879800000000001">
    <ele>935.8900000000001</ele>
   </trkpt>
   <trkpt lat="46.8739900001278" lon="12.879869999416185">
    <ele>936.0200000000001</ele>
   </trkpt>
   <trkpt lat="46.87445" lon="12.879940000000001">
    <ele>935.5000000000001</ele>
   </trkpt>
   <trkpt lat="46.874790000000004" lon="12.880020000000002">
    <ele>934.3100000000001</ele>
   </trkpt>
   <trkpt lat="46.87541" lon="12.880300000000002">
    <ele>933.37</ele>
   </trkpt>
   <trkpt lat="46.875840000000004" lon="12.88047">
    <ele>931.15</ele>
   </trkpt>
   <trkpt lat="46.87633500019213" lon="12.880619998644846">
    <ele>927.71</ele>
   </trkpt>
   <trkpt lat="46.876830000000005" lon="12.880770000000002">
    <ele>923.75</ele>
   </trkpt>
   <trkpt lat="46.87713" lon="12.880820000000002">
    <ele>921.1400000000001</ele>
   </trkpt>
   <trkpt lat="46.877300000000005" lon="12.88081">
    <ele>921.1400000000001</ele>
   </trkpt>
   <trkpt lat="46.87754" lon="12.880730000000002">
    <ele>918.4000000000001</ele>
   </trkpt>
   <trkpt lat="46.877790000000005" lon="12.88062">
    <ele>918.2800000000001</ele>
   </trkpt>
   <trkpt lat="46.878260000000004" lon="12.880370000000001">
    <ele>913.36</ele>
   </trkpt>
   <trkpt lat="46.878640000000004" lon="12.880300000000002">
    <ele>909.9300000000001</ele>
   </trkpt>
   <trkpt lat="46.878840000000004" lon="12.88033">
    <ele>909.9300000000001</ele>
   </trkpt>
   <trkpt lat="46.879020000000004" lon="12.880400000000002">
    <ele>907.58</ele>
   </trkpt>
   <trkpt lat="46.879730001062434" lon="12.880756657204461">
    <ele>901.32</ele>
   </trkpt>
   <trkpt lat="46.88044000101715" lon="12.881113323848215">
    <ele>895.72</ele>
   </trkpt>
   <trkpt lat="46.881150000000005" lon="12.88147">
    <ele>890.3000000000001</ele>
   </trkpt>
   <trkpt lat="46.88168" lon="12.88179">
    <ele>888.14</ele>
   </trkpt>
   <trkpt lat="46.8819" lon="12.882040000000002">
    <ele>887.99</ele>
   </trkpt>
   <trkpt lat="46.88208" lon="12.8823">
    <ele>888.08</ele>
   </trkpt>
   <trkpt lat="46.88221" lon="12.88259">
    <ele>887.9</ele>
   </trkpt>
   <trkpt lat="46.882340000000006" lon="12.883120000000002">
    <ele>887.6400000000001</ele>
   </trkpt>
   <trkpt lat="46.88255667497878" lon="12.88409665880472">
    <ele>887.12</ele>
   </trkpt>
   <trkpt lat="46.88277334165144" lon="12.885073325498258">
    <ele>886.4000000000001</ele>
   </trkpt>
   <trkpt lat="46.88299000000001" lon="12.886050000000001">
    <ele>885.9500000000002</ele>
   </trkpt>
   <trkpt lat="46.883280000000006" lon="12.887290000000002">
    <ele>886.5200000000001</ele>
   </trkpt>
   <trkpt lat="46.883720000000004" lon="12.88821">
    <ele>888.6800000000001</ele>
   </trkpt>
   <trkpt lat="46.88412500176426" lon="12.888839995300147">
    <ele>890.5400000000001</ele>
   </trkpt>
   <trkpt lat="46.884530000000005" lon="12.889470000000001">
    <ele>894.6500000000001</ele>
   </trkpt>
   <trkpt lat="46.884820000000005" lon="12.889780000000002">
    <ele>895.7400000000001</ele>
   </trkpt>
   <trkpt lat="46.885505001990985" lon="12.890464991200966">
    <ele>896.3000000000001</ele>
   </trkpt>
   <trkpt lat="46.886190000000006" lon="12.891150000000001">
    <ele>894.6500000000001</ele>
   </trkpt>
   <trkpt lat="46.88651" lon="12.8915">
    <ele>893.44</ele>
   </trkpt>
   <trkpt lat="46.886790000000005" lon="12.891860000000001">
    <ele>893.2</ele>
   </trkpt>
   <trkpt lat="46.88734000811498" lon="12.892647475797167">
    <ele>891.9</ele>
   </trkpt>
   <trkpt lat="46.88789001083003" lon="12.893434967743435">
    <ele>891.58</ele>
   </trkpt>
   <trkpt lat="46.88844000814494" lon="12.89422247583928">
    <ele>891.8600000000001</ele>
   </trkpt>
   <trkpt lat="46.88899000000001" lon="12.895010000000001">
    <ele>893.12</ele>
   </trkpt>
   <trkpt lat="46.889480000000006" lon="12.89554">
    <ele>894.09</ele>
   </trkpt>
   <trkpt lat="46.89010000124947" lon="12.896059994049551">
    <ele>895.3100000000001</ele>
   </trkpt>
   <trkpt lat="46.89072" lon="12.896580000000002">
    <ele>896.2700000000001</ele>
   </trkpt>
   <trkpt lat="46.891210000558324" lon="12.896974996293682">
    <ele>897.21</ele>
   </trkpt>
   <trkpt lat="46.89170000000001" lon="12.89737">
    <ele>898.33</ele>
   </trkpt>
   <trkpt lat="46.89193" lon="12.897580000000001">
    <ele>898.33</ele>
   </trkpt>
   <trkpt lat="46.89233" lon="12.89802">
    <ele>899.5400000000001</ele>
   </trkpt>
   <trkpt lat="46.8928" lon="12.898570000000001">
    <ele>900.1500000000001</ele>
   </trkpt>
   <trkpt lat="46.89331000000001" lon="12.899280000000001">
    <ele>902.4900000000001</ele>
   </trkpt>
   <trkpt lat="46.893815003831065" lon="12.90021999111859">
    <ele>902.8000000000001</ele>
   </trkpt>
   <trkpt lat="46.89432" lon="12.90116">
    <ele>903.5400000000001</ele>
   </trkpt>
   <trkpt lat="46.894580000000005" lon="12.90141">
    <ele>903.9300000000001</ele>
   </trkpt>
   <trkpt lat="46.894870000000004" lon="12.90159">
    <ele>904.44</ele>
   </trkpt>
   <trkpt lat="46.89524" lon="12.90168">
    <ele>904.9200000000001</ele>
   </trkpt>
   <trkpt lat="46.89586000023423" lon="12.901774998931485">
    <ele>905.6400000000001</ele>
   </trkpt>
   <trkpt lat="46.896480000000004" lon="12.90187">
    <ele>906.46</ele>
   </trkpt>
   <trkpt lat="46.89679" lon="12.90196">
    <ele>906.7600000000001</ele>
   </trkpt>
   <trkpt lat="46.8971" lon="12.902130000000001">
    <ele>907.1300000000001</ele>
   </trkpt>
   <trkpt lat="46.89741" lon="12.90244">
    <ele>907.49</ele>
   </trkpt>
   <trkpt lat="46.89777000078336" lon="12.902884996914938">
    <ele>908.24</ele>
   </trkpt>
   <trkpt lat="46.89813" lon="12.90333">
    <ele>908.7900000000001</ele>
   </trkpt>
   <trkpt lat="46.89869" lon="12.903900000000002">
    <ele>909.9200000000001</ele>
   </trkpt>
   <trkpt lat="46.89914" lon="12.90427">
    <ele>910.34</ele>
   </trkpt>
   <trkpt lat="46.89956000033575" lon="12.904549997802944">
    <ele>911.0</ele>
   </trkpt>
   <trkpt lat="46.899980000000006" lon="12.90483">
    <ele>911.2</ele>
   </trkpt>
   <trkpt lat="46.90034000000001" lon="12.905100000000001">
    <ele>911.2</ele>
   </trkpt>
   <trkpt lat="46.900735000632636" lon="12.905494997043254">
    <ele>911.0300000000001</ele>
   </trkpt>
   <trkpt lat="46.90113" lon="12.905890000000001">
    <ele>910.8100000000001</ele>
   </trkpt>
   <trkpt lat="46.901390000000006" lon="12.90604">
    <ele>910.8100000000001</ele>
   </trkpt>
   <trkpt lat="46.901860000000006" lon="12.906210000000002">
    <ele>910.7700000000001</ele>
   </trkpt>
   <trkpt lat="46.90222000000001" lon="12.90629">
    <ele>910.8100000000001</ele>
   </trkpt>
   <trkpt lat="46.90285000037647" lon="12.906614996137803">
    <ele>910.84</ele>
   </trkpt>
   <trkpt lat="46.90348" lon="12.90694">
    <ele>911.46</ele>
   </trkpt>
   <trkpt lat="46.90428750349937" lon="12.907457476615589">
    <ele>912.33</ele>
   </trkpt>
   <trkpt lat="46.90509500466698" lon="12.90797496882089">
    <ele>913.57</ele>
   </trkpt>
   <trkpt lat="46.90590250350271" lon="12.908492476616772">
    <ele>915.1800000000001</ele>
   </trkpt>
   <trkpt lat="46.906710000000004" lon="12.90901">
    <ele>916.8100000000001</ele>
   </trkpt>
   <trkpt lat="46.90738" lon="12.909410000000001">
    <ele>917.6800000000001</ele>
   </trkpt>
   <trkpt lat="46.90813000000001" lon="12.90975">
    <ele>918.63</ele>
   </trkpt>
   <trkpt lat="46.90862000038062" lon="12.909909998625212">
    <ele>919.6400000000001</ele>
   </trkpt>
   <trkpt lat="46.909110000000005" lon="12.910070000000001">
    <ele>922.2300000000001</ele>
   </trkpt>
   <trkpt lat="46.909440000000004" lon="12.910260000000001">
    <ele>923.1100000000001</ele>
   </trkpt>
   <trkpt lat="46.91013" lon="12.91078">
    <ele>927.34</ele>
   </trkpt>
   <trkpt lat="46.910590000000006" lon="12.91117">
    <ele>929.4000000000001</ele>
   </trkpt>
   <trkpt lat="46.91123666906062" lon="12.9116966539401">
    <ele>930.15</ele>
   </trkpt>
   <trkpt lat="46.91188333570608" lon="12.912223320589291">
    <ele>930.22</ele>
   </trkpt>
   <trkpt lat="46.912530000000004" lon="12.91275">
    <ele>930.3100000000001</ele>
   </trkpt>
   <trkpt lat="46.91281" lon="12.912910000000002">
    <ele>930.22</ele>
   </trkpt>
   <trkpt lat="46.91306" lon="12.913010000000002">
    <ele>930.07</ele>
   </trkpt>
   <trkpt lat="46.913410000000006" lon="12.913060000000002">
    <ele>929.6500000000001</ele>
   </trkpt>
   <trkpt lat="46.913650000000004" lon="12.913060000000002">
    <ele>929.2600000000001</ele>
   </trkpt>
   <trkpt lat="46.913990000000005" lon="12.913010000000002">
    <ele>928.5600000000001</ele>
   </trkpt>
   <trkpt lat="46.91461" lon="12.912730000000002">
    <ele>927.8900000000001</ele>
   </trkpt>
   <trkpt lat="46.915252501305446" lon="12.912410011526076">
    <ele>928.2600000000001</ele>
   </trkpt>
   <trkpt lat="46.915895001719306" lon="12.912090015378938">
    <ele>929.3000000000001</ele>
   </trkpt>
   <trkpt lat="46.91653750124157" lon="12.911770011558248">
    <ele>931.61</ele>
   </trkpt>
   <trkpt lat="46.91718" lon="12.91145">
    <ele>935.37</ele>
   </trkpt>
   <trkpt lat="46.91769" lon="12.911290000000001">
    <ele>938.39</ele>
   </trkpt>
   <trkpt lat="46.91855" lon="12.911240000000001">
    <ele>940.97</ele>
   </trkpt>
   <trkpt lat="46.919380000000004" lon="12.911140000000001">
    <ele>941.8400000000001</ele>
   </trkpt>
   <trkpt lat="46.91988000023813" lon="12.911005001216948">
    <ele>942.39</ele>
   </trkpt>
   <trkpt lat="46.92038" lon="12.910870000000001">
    <ele>942.3100000000001</ele>
   </trkpt>
   <trkpt lat="46.920770000000005" lon="12.910800000000002">
    <ele>941.4100000000001</ele>
   </trkpt>
   <trkpt lat="46.92126999983901" lon="12.910790000096553">
    <ele>940.08</ele>
   </trkpt>
   <trkpt lat="46.92177" lon="12.91078">
    <ele>939.08</ele>
   </trkpt>
   <trkpt lat="46.922290000000004" lon="12.91064">
    <ele>938.9600000000002</ele>
   </trkpt>
   <trkpt lat="46.92269" lon="12.910430000000002">
    <ele>939.1300000000001</ele>
   </trkpt>
   <trkpt lat="46.92313" lon="12.910110000000001">
    <ele>939.44</ele>
   </trkpt>
   <trkpt lat="46.92376" lon="12.909640000000001">
    <ele>940.1700000000001</ele>
   </trkpt>
   <trkpt lat="46.924310000745855" lon="12.909205004527683">
    <ele>940.6700000000001</ele>
   </trkpt>
   <trkpt lat="46.92486" lon="12.90877">
    <ele>941.12</ele>
   </trkpt>
   <trkpt lat="46.92515" lon="12.90848">
    <ele>941.52</ele>
   </trkpt>
   <trkpt lat="46.92564500230546" lon="12.907755006674229">
    <ele>943.39</ele>
   </trkpt>
   <trkpt lat="46.926140000000004" lon="12.90703">
    <ele>944.12</ele>
   </trkpt>
   <trkpt lat="46.9264" lon="12.906810000000002">
    <ele>944.25</ele>
   </trkpt>
   <trkpt lat="46.92656" lon="12.9067">
    <ele>944.6200000000001</ele>
   </trkpt>
   <trkpt lat="46.926730000000006" lon="12.90662">
    <ele>944.6200000000001</ele>
   </trkpt>
   <trkpt lat="46.92703" lon="12.90652">
    <ele>944.9000000000001</ele>
   </trkpt>
   <trkpt lat="46.92762999994384" lon="12.906435000964533">
    <ele>945.12</ele>
   </trkpt>
   <trkpt lat="46.928230000000006" lon="12.906350000000002">
    <ele>946.09</ele>
   </trkpt>
   <trkpt lat="46.92866" lon="12.906270000000001">
    <ele>946.57</ele>
   </trkpt>
   <trkpt lat="46.92947666704839" lon="12.906056673176035">
    <ele>947.32</ele>
   </trkpt>
   <trkpt lat="46.930293333700526" lon="12.905843339846623">
    <ele>948.1600000000001</ele>
   </trkpt>
   <trkpt lat="46.931110000000004" lon="12.90563">
    <ele>949.13</ele>
   </trkpt>
   <trkpt lat="46.931850000325205" lon="12.90543667200937">
    <ele>950.32</ele>
   </trkpt>
   <trkpt lat="46.932590000325" lon="12.905243338676188">
    <ele>951.7500000000001</ele>
   </trkpt>
   <trkpt lat="46.933330000000005" lon="12.905050000000001">
    <ele>953.25</ele>
   </trkpt>
   <trkpt lat="46.933550000000004" lon="12.904980000000002">
    <ele>953.25</ele>
   </trkpt>
   <trkpt lat="46.93385000000001" lon="12.90478">
    <ele>953.94</ele>
   </trkpt>
   <trkpt lat="46.93394000000001" lon="12.90469">
    <ele>953.94</ele>
   </trkpt>
   <trkpt lat="46.93408" lon="12.904510000000002">
    <ele>954.2700000000001</ele>
   </trkpt>
   <trkpt lat="46.93441000000001" lon="12.904000000000002">
    <ele>954.73</ele>
   </trkpt>
   <trkpt lat="46.934630000000006" lon="12.90371">
    <ele>954.73</ele>
   </trkpt>
   <trkpt lat="46.934810000000006" lon="12.90352">
    <ele>956.1500000000001</ele>
   </trkpt>
   <trkpt lat="46.93502" lon="12.903360000000001">
    <ele>956.1500000000001</ele>
   </trkpt>
   <trkpt lat="46.93525" lon="12.903220000000001">
    <ele>956.1400000000001</ele>
   </trkpt>
   <trkpt lat="46.935860000000005" lon="12.902890000000001">
    <ele>956.59</ele>
   </trkpt>
   <trkpt lat="46.936564002653824" lon="12.902500020506803">
    <ele>957.3600000000001</ele>
   </trkpt>
   <trkpt lat="46.937268003983455" lon="12.90211003075924">
    <ele>958.57</ele>
   </trkpt>
   <trkpt lat="46.937972003988826" lon="12.901720030756797">
    <ele>961.5500000000001</ele>
   </trkpt>
   <trkpt lat="46.93867600266988" lon="12.901330020498985">
    <ele>964.64</ele>
   </trkpt>
   <trkpt lat="46.93938000000001" lon="12.90094">
    <ele>966.9300000000001</ele>
   </trkpt>
   <trkpt lat="46.939710000000005" lon="12.900780000000001">
    <ele>967.0900000000001</ele>
   </trkpt>
   <trkpt lat="46.940340000000006" lon="12.900530000000002">
    <ele>966.82</ele>
   </trkpt>
   <trkpt lat="46.94089" lon="12.90041">
    <ele>966.1500000000001</ele>
   </trkpt>
   <trkpt lat="46.94172400034814" lon="12.900272008596248">
    <ele>965.88</ele>
   </trkpt>
   <trkpt lat="46.94255800053049" lon="12.900134012893261">
    <ele>965.7800000000001</ele>
   </trkpt>
   <trkpt lat="46.94339200054703" lon="12.899996012890785">
    <ele>966.67</ele>
   </trkpt>
   <trkpt lat="46.94422600039775" lon="12.89985800858856">
    <ele>967.19</ele>
   </trkpt>
   <trkpt lat="46.945060000000005" lon="12.89972">
    <ele>967.7800000000001</ele>
   </trkpt>
   <trkpt lat="46.94565" lon="12.89958">
    <ele>968.83</ele>
   </trkpt>
   <trkpt lat="46.94630500033476" lon="12.899375002460909">
    <ele>972.0900000000001</ele>
   </trkpt>
   <trkpt lat="46.946960000000004" lon="12.899170000000002">
    <ele>974.28</ele>
   </trkpt>
   <trkpt lat="46.947660000000006" lon="12.898810000000001">
    <ele>975.57</ele>
   </trkpt>
   <trkpt lat="46.94798" lon="12.89872">
    <ele>975.4800000000001</ele>
   </trkpt>
   <trkpt lat="46.94832" lon="12.898700000000002">
    <ele>975.32</ele>
   </trkpt>
   <trkpt lat="46.948820000000005" lon="12.898710000000001">
    <ele>974.8000000000001</ele>
   </trkpt>
   <trkpt lat="46.949540000000006" lon="12.898750000000001">
    <ele>974.55</ele>
   </trkpt>
   <trkpt lat="46.95024666685411" lon="12.89889666279374">
    <ele>974.19</ele>
   </trkpt>
   <trkpt lat="46.95095333352093" lon="12.899043329460373">
    <ele>973.7500000000001</ele>
   </trkpt>
   <trkpt lat="46.951660000000004" lon="12.89919">
    <ele>973.8800000000001</ele>
   </trkpt>
   <trkpt lat="46.95212" lon="12.89924">
    <ele>974.9000000000001</ele>
   </trkpt>
   <trkpt lat="46.952220000000004" lon="12.89925">
    <ele>975.5100000000001</ele>
   </trkpt>
   <trkpt lat="46.95270000000001" lon="12.899130000000001">
    <ele>977.7900000000001</ele>
   </trkpt>
   <trkpt lat="46.953120000000006" lon="12.898880000000002">
    <ele>983.0200000000001</ele>
   </trkpt>
   <trkpt lat="46.953430000000004" lon="12.898560000000002">
    <ele>987.7900000000001</ele>
   </trkpt>
   <trkpt lat="46.953990000000005" lon="12.89788">
    <ele>993.11</ele>
   </trkpt>
   <trkpt lat="46.954420000000006" lon="12.897540000000001">
    <ele>997.13</ele>
   </trkpt>
   <trkpt lat="46.954950000000004" lon="12.89728">
    <ele>1002.89</ele>
   </trkpt>
   <trkpt lat="46.955495000217155" lon="12.897200000786977">
    <ele>1007.2</ele>
   </trkpt>
   <trkpt lat="46.95604" lon="12.897120000000001">
    <ele>1010.7000000000002</ele>
   </trkpt>
   <trkpt lat="46.956520000000005" lon="12.89704">
    <ele>1012.58</ele>
   </trkpt>
   <trkpt lat="46.95675000000001" lon="12.89694">
    <ele>1013.6800000000001</ele>
   </trkpt>
   <trkpt lat="46.95705" lon="12.89676">
    <ele>1013.9900000000001</ele>
   </trkpt>
   <trkpt lat="46.957280000000004" lon="12.896510000000001">
    <ele>1014.3600000000001</ele>
   </trkpt>
   <trkpt lat="46.957930000000005" lon="12.89578">
    <ele>1015.4100000000001</ele>
   </trkpt>
   <trkpt lat="46.95861000000001" lon="12.895280000000001">
    <ele>1015.6800000000001</ele>
   </trkpt>
   <trkpt lat="46.95908000000001" lon="12.895100000000001">
    <ele>1015.6400000000001</ele>
   </trkpt>
   <trkpt lat="46.959450000000004" lon="12.89502">
    <ele>1015.5</ele>
   </trkpt>
   <trkpt lat="46.960060000000006" lon="12.89503">
    <ele>1015.53</ele>
   </trkpt>
   <trkpt lat="46.96082000008153" lon="12.89511499879818">
    <ele>1018.3300000000002</ele>
   </trkpt>
   <trkpt lat="46.961580000000005" lon="12.8952">
    <ele>1023.12</ele>
   </trkpt>
   <trkpt lat="46.962180000000004" lon="12.895340000000001">
    <ele>1027.1000000000001</ele>
   </trkpt>
   <trkpt lat="46.96244" lon="12.895470000000001">
    <ele>1029.65</ele>
   </trkpt>
   <trkpt lat="46.962680000000006" lon="12.89564">
    <ele>1030.68</ele>
   </trkpt>
   <trkpt lat="46.96314" lon="12.896020000000002">
    <ele>1033.1000000000001</ele>
   </trkpt>
   <trkpt lat="46.96354" lon="12.896270000000001">
    <ele>1033.71</ele>
   </trkpt>
   <trkpt lat="46.96385" lon="12.896350000000002">
    <ele>1033.44</ele>
   </trkpt>
   <trkpt lat="46.96423" lon="12.89638">
    <ele>1032.19</ele>
   </trkpt>
   <trkpt lat="46.964670000000005" lon="12.896270000000001">
    <ele>1030.96</ele>
   </trkpt>
   <trkpt lat="46.965390000000006" lon="12.895970000000002">
    <ele>1028.7</ele>
   </trkpt>
   <trkpt lat="46.96567" lon="12.895830000000002">
    <ele>1027.0300000000002</ele>
   </trkpt>
   <trkpt lat="46.96625" lon="12.895660000000001">
    <ele>1025.1000000000001</ele>
   </trkpt>
   <trkpt lat="46.966640000000005" lon="12.895620000000001">
    <ele>1023.86</ele>
   </trkpt>
   <trkpt lat="46.96707000000001" lon="12.895650000000002">
    <ele>1023.0799999999999</ele>
   </trkpt>
   <trkpt lat="46.967530000000004" lon="12.89577">
    <ele>1022.3600000000001</ele>
   </trkpt>
   <trkpt lat="46.968035000099505" lon="12.895929998485629">
    <ele>1021.33</ele>
   </trkpt>
   <trkpt lat="46.968540000000004" lon="12.896090000000001">
    <ele>1019.3000000000001</ele>
   </trkpt>
   <trkpt lat="46.96894" lon="12.89615">
    <ele>1015.6200000000001</ele>
   </trkpt>
   <trkpt lat="46.96907" lon="12.89615">
    <ele>1014.5700000000002</ele>
   </trkpt>
   <trkpt lat="46.96933000000001" lon="12.896130000000001">
    <ele>1012.78</ele>
   </trkpt>
   <trkpt lat="46.969660000000005" lon="12.896070000000002">
    <ele>1010.4300000000002</ele>
   </trkpt>
   <trkpt lat="46.969930000000005" lon="12.895970000000002">
    <ele>1009.5</ele>
   </trkpt>
   <trkpt lat="46.970110000000005" lon="12.89587">
    <ele>1009.3500000000001</ele>
   </trkpt>
   <trkpt lat="46.97043" lon="12.895660000000001">
    <ele>1009.74</ele>
   </trkpt>
   <trkpt lat="46.970890000000004" lon="12.895230000000002">
    <ele>1010.7000000000002</ele>
   </trkpt>
   <trkpt lat="46.97142" lon="12.8947">
    <ele>1011.29</ele>
   </trkpt>
   <trkpt lat="46.971940000000004" lon="12.894100000000002">
    <ele>1010.68</ele>
   </trkpt>
   <trkpt lat="46.97233000000001" lon="12.893730000000001">
    <ele>1010.85</ele>
   </trkpt>
   <trkpt lat="46.97258" lon="12.893460000000001">
    <ele>1011.1700000000001</ele>
   </trkpt>
   <trkpt lat="46.973065000874996" lon="12.893015004023729">
    <ele>1012.1</ele>
   </trkpt>
   <trkpt lat="46.97355" lon="12.892570000000001">
    <ele>1012.9200000000001</ele>
   </trkpt>
   <trkpt lat="46.97404" lon="12.891850000000002">
    <ele>1014.6000000000001</ele>
   </trkpt>
   <trkpt lat="46.97449500103166" lon="12.891375003989774">
    <ele>1015.8000000000001</ele>
   </trkpt>
   <trkpt lat="46.97495000000001" lon="12.8909">
    <ele>1016.96</ele>
   </trkpt>
   <trkpt lat="46.975730000000006" lon="12.890300000000002">
    <ele>1019.2400000000001</ele>
   </trkpt>
   <trkpt lat="46.976020000000005" lon="12.890080000000001">
    <ele>1019.7400000000001</ele>
   </trkpt>
   <trkpt lat="46.97623" lon="12.889880000000002">
    <ele>1020.0400000000001</ele>
   </trkpt>
   <trkpt lat="46.97676666931339" lon="12.889333344260487">
    <ele>1021.7400000000001</ele>
   </trkpt>
   <trkpt lat="46.97730333602515" lon="12.888786677548051">
    <ele>1023.44</ele>
   </trkpt>
   <trkpt lat="46.97784" lon="12.888240000000001">
    <ele>1025.23</ele>
   </trkpt>
   <trkpt lat="46.978120000000004" lon="12.887900000000002">
    <ele>1025.23</ele>
   </trkpt>
   <trkpt lat="46.97852" lon="12.887120000000001">
    <ele>1027.2400000000002</ele>
   </trkpt>
   <trkpt lat="46.9789" lon="12.886180000000001">
    <ele>1029.5500000000002</ele>
   </trkpt>
   <trkpt lat="46.979130000000005" lon="12.885720000000001">
    <ele>1030.21</ele>
   </trkpt>
   <trkpt lat="46.979420000000005" lon="12.885280000000002">
    <ele>1031.8500000000001</ele>
   </trkpt>
   <trkpt lat="46.979780000000005" lon="12.88484">
    <ele>1032.45</ele>
   </trkpt>
   <trkpt lat="46.98022000053459" lon="12.884410003802818">
    <ele>1033.9900000000002</ele>
   </trkpt>
   <trkpt lat="46.98066" lon="12.883980000000001">
    <ele>1035.5500000000002</ele>
   </trkpt>
   <trkpt lat="46.98106000000001" lon="12.883510000000001">
    <ele>1036.28</ele>
   </trkpt>
   <trkpt lat="46.98152" lon="12.882890000000002">
    <ele>1037.28</ele>
   </trkpt>
   <trkpt lat="46.981910000000006" lon="12.88217">
    <ele>1039.0900000000001</ele>
   </trkpt>
   <trkpt lat="46.982345003686575" lon="12.881245007606857">
    <ele>1041.83</ele>
   </trkpt>
   <trkpt lat="46.982780000000005" lon="12.880320000000001">
    <ele>1045.29</ele>
   </trkpt>
   <trkpt lat="46.98316500296874" lon="12.879490006041879">
    <ele>1049.3300000000002</ele>
   </trkpt>
   <trkpt lat="46.98355" lon="12.878660000000002">
    <ele>1051.5</ele>
   </trkpt>
   <trkpt lat="46.98382" lon="12.87818">
    <ele>1053.42</ele>
   </trkpt>
   <trkpt lat="46.98418" lon="12.877650000000001">
    <ele>1054.54</ele>
   </trkpt>
   <trkpt lat="46.98454" lon="12.877260000000001">
    <ele>1055.08</ele>
   </trkpt>
   <trkpt lat="46.98478" lon="12.877070000000002">
    <ele>1055.2700000000002</ele>
   </trkpt>
   <trkpt lat="46.98507" lon="12.876900000000001">
    <ele>1055.2</ele>
   </trkpt>
   <trkpt lat="46.985490000000006" lon="12.87677">
    <ele>1054.78</ele>
   </trkpt>
   <trkpt lat="46.985760000000006" lon="12.876750000000001">
    <ele>1054.78</ele>
   </trkpt>
   <trkpt lat="46.985960000000006" lon="12.87676">
    <ele>1054.5300000000002</ele>
   </trkpt>
   <trkpt lat="46.98678" lon="12.87687">
    <ele>1054.44</ele>
   </trkpt>
   <trkpt lat="46.987010000000005" lon="12.87682">
    <ele>1054.1299999999999</ele>
   </trkpt>
   <trkpt lat="46.98754" lon="12.876510000000001">
    <ele>1053.91</ele>
   </trkpt>
   <trkpt lat="46.98821" lon="12.875960000000001">
    <ele>1053.23</ele>
   </trkpt>
   <trkpt lat="46.98894000000001" lon="12.87527">
    <ele>1053.3100000000002</ele>
   </trkpt>
   <trkpt lat="46.98948" lon="12.874810000000002">
    <ele>1053.88</ele>
   </trkpt>
   <trkpt lat="46.98975" lon="12.874640000000001">
    <ele>1054.15</ele>
   </trkpt>
   <trkpt lat="46.99018" lon="12.87443">
    <ele>1054.6200000000001</ele>
   </trkpt>
   <trkpt lat="46.99054" lon="12.874310000000001">
    <ele>1054.8600000000001</ele>
   </trkpt>
   <trkpt lat="46.99096" lon="12.87424">
    <ele>1055.39</ele>
   </trkpt>
   <trkpt lat="46.99134" lon="12.874220000000001">
    <ele>1055.79</ele>
   </trkpt>
   <trkpt lat="46.99154" lon="12.87423">
    <ele>1055.79</ele>
   </trkpt>
   <trkpt lat="46.991870000000006" lon="12.87428">
    <ele>1056.0500000000002</ele>
   </trkpt>
   <trkpt lat="46.992140000000006" lon="12.874360000000001">
    <ele>1056.2</ele>
   </trkpt>
   <trkpt lat="46.992935716752605" lon="12.874667115419125">
    <ele>1056.9700000000003</ele>
   </trkpt>
   <trkpt lat="46.9937314326841" lon="12.874974239983816">
    <ele>1057.47</ele>
   </trkpt>
   <trkpt lat="46.99452714779441" lon="12.875281373694586">
    <ele>1058.72</ele>
   </trkpt>
   <trkpt lat="46.99532286208348" lon="12.875588516551957">
    <ele>1059.5800000000002</ele>
   </trkpt>
   <trkpt lat="46.99611857555129" lon="12.875895668556446">
    <ele>1060.27</ele>
   </trkpt>
   <trkpt lat="46.99691428819779" lon="12.876202829708568">
    <ele>1060.6200000000001</ele>
   </trkpt>
   <trkpt lat="46.997710000000005" lon="12.876510000000001">
    <ele>1061.82</ele>
   </trkpt>
   <trkpt lat="46.997980000000005" lon="12.87659">
    <ele>1062.72</ele>
   </trkpt>
   <trkpt lat="46.99848" lon="12.87663">
    <ele>1065.19</ele>
   </trkpt>
   <trkpt lat="46.99873" lon="12.87662">
    <ele>1065.94</ele>
   </trkpt>
   <trkpt lat="46.999210000000005" lon="12.876550000000002">
    <ele>1069.29</ele>
   </trkpt>
   <trkpt lat="46.999610000000004" lon="12.87644">
    <ele>1075.3300000000002</ele>
   </trkpt>
   <trkpt lat="47.00039000043075" lon="12.876120004677814">
    <ele>1081.93</ele>
   </trkpt>
   <trkpt lat="47.00117" lon="12.875800000000002">
    <ele>1088.7900000000002</ele>
   </trkpt>
   <trkpt lat="47.00155" lon="12.875710000000002">
    <ele>1090.5200000000002</ele>
   </trkpt>
   <trkpt lat="47.001670000000004" lon="12.875610000000002">
    <ele>1090.6299999999999</ele>
   </trkpt>
   <trkpt lat="47.00175" lon="12.8755">
    <ele>1090.71</ele>
   </trkpt>
   <trkpt lat="47.002050000000004" lon="12.875020000000001">
    <ele>1090.84</ele>
   </trkpt>
   <trkpt lat="47.00216" lon="12.87489">
    <ele>1091.3700000000001</ele>
   </trkpt>
   <trkpt lat="47.002280000000006" lon="12.87479">
    <ele>1091.3700000000001</ele>
   </trkpt>
   <trkpt lat="47.00249" lon="12.874720000000002">
    <ele>1091.3700000000001</ele>
   </trkpt>
   <trkpt lat="47.00321" lon="12.874590000000001">
    <ele>1092.6299999999999</ele>
   </trkpt>
   <trkpt lat="47.00365" lon="12.874450000000001">
    <ele>1093.3000000000002</ele>
   </trkpt>
   <trkpt lat="47.003910000000005" lon="12.874310000000001">
    <ele>1093.65</ele>
   </trkpt>
   <trkpt lat="47.00414000000001" lon="12.87415">
    <ele>1094.5900000000001</ele>
   </trkpt>
   <trkpt lat="47.004400000000004" lon="12.873930000000001">
    <ele>1095.9</ele>
   </trkpt>
   <trkpt lat="47.00509500203487" lon="12.87324500891938">
    <ele>1100.64</ele>
   </trkpt>
   <trkpt lat="47.005790000000005" lon="12.872560000000002">
    <ele>1100.3500000000001</ele>
   </trkpt>
   <trkpt lat="47.006550000000004" lon="12.87194">
    <ele>1097.8400000000001</ele>
   </trkpt>
   <trkpt lat="47.00733750343967" lon="12.871427522660943">
    <ele>1098.0500000000002</ele>
   </trkpt>
   <trkpt lat="47.00812500459299" lon="12.870915030210787">
    <ele>1098.5500000000002</ele>
   </trkpt>
   <trkpt lat="47.00891250345984" lon="12.870402522648721">
    <ele>1099.63</ele>
   </trkpt>
   <trkpt lat="47.0097" lon="12.869890000000002">
    <ele>1100.1000000000001</ele>
   </trkpt>
   <trkpt lat="47.010400000000004" lon="12.869430000000001">
    <ele>1100.4900000000002</ele>
   </trkpt>
   <trkpt lat="47.01117000000001" lon="12.86889">
    <ele>1100.8600000000001</ele>
   </trkpt>
   <trkpt lat="47.011770000000006" lon="12.86852">
    <ele>1101.2</ele>
   </trkpt>
   <trkpt lat="47.01220000000001" lon="12.868290000000002">
    <ele>1101.38</ele>
   </trkpt>
   <trkpt lat="47.01265" lon="12.86819">
    <ele>1101.5300000000002</ele>
   </trkpt>
   <trkpt lat="47.013290000000005" lon="12.868110000000001">
    <ele>1102.16</ele>
   </trkpt>
   <trkpt lat="47.01370000000001" lon="12.868010000000002">
    <ele>1102.44</ele>
   </trkpt>
   <trkpt lat="47.01399000000001" lon="12.86791">
    <ele>1102.71</ele>
   </trkpt>
   <trkpt lat="47.01479400248367" lon="12.867532022766445">
    <ele>1103.42</ele>
   </trkpt>
   <trkpt lat="47.01559800372359" lon="12.86715403415123">
    <ele>1104.14</ele>
   </trkpt>
   <trkpt lat="47.01640200371977" lon="12.866776034153714">
    <ele>1104.8600000000001</ele>
   </trkpt>
   <trkpt lat="47.01720600247208" lon="12.866398022773245">
    <ele>1105.91</ele>
   </trkpt>
   <trkpt lat="47.018010000000004" lon="12.86602">
    <ele>1107.0800000000002</ele>
   </trkpt>
   <trkpt lat="47.01863" lon="12.86575">
    <ele>1107.91</ele>
   </trkpt>
   <trkpt lat="47.01915" lon="12.865450000000001">
    <ele>1108.56</ele>
   </trkpt>
   <trkpt lat="47.01968" lon="12.865010000000002">
    <ele>1109.13</ele>
   </trkpt>
   <trkpt lat="47.02007500096254" lon="12.86455000335475">
    <ele>1109.44</ele>
   </trkpt>
   <trkpt lat="47.02047" lon="12.864090000000001">
    <ele>1109.58</ele>
   </trkpt>
   <trkpt lat="47.020956669527244" lon="12.863510010654528">
    <ele>1109.85</ele>
   </trkpt>
   <trkpt lat="47.021443336126225" lon="12.86293001073536">
    <ele>1110.2800000000002</ele>
   </trkpt>
   <trkpt lat="47.021930000000005" lon="12.862350000000001">
    <ele>1112.14</ele>
   </trkpt>
   <trkpt lat="47.02215" lon="12.86212">
    <ele>1114.7600000000002</ele>
   </trkpt>
   <trkpt lat="47.022420000000004" lon="12.861960000000002">
    <ele>1116.18</ele>
   </trkpt>
   <trkpt lat="47.022650000000006" lon="12.861860000000002">
    <ele>1116.5500000000002</ele>
   </trkpt>
   <trkpt lat="47.02277" lon="12.861830000000001">
    <ele>1116.9900000000002</ele>
   </trkpt>
   <trkpt lat="47.02365000005729" lon="12.8618150002463">
    <ele>1121.65</ele>
   </trkpt>
   <trkpt lat="47.024530000000006" lon="12.8618">
    <ele>1132.5</ele>
   </trkpt>
   <trkpt lat="47.02515500017558" lon="12.86165000173757">
    <ele>1136.4800000000002</ele>
   </trkpt>
   <trkpt lat="47.025780000000005" lon="12.861500000000001">
    <ele>1141.0900000000001</ele>
   </trkpt>
   <trkpt lat="47.026295000141126" lon="12.861405000897758">
    <ele>1144.88</ele>
   </trkpt>
   <trkpt lat="47.026810000000005" lon="12.861310000000001">
    <ele>1146.92</ele>
   </trkpt>
   <trkpt lat="47.027370000000005" lon="12.86129">
    <ele>1154.91</ele>
   </trkpt>
   <trkpt lat="47.02785999997688" lon="12.861329999630346">
    <ele>1159.67</ele>
   </trkpt>
   <trkpt lat="47.02835" lon="12.86137">
    <ele>1165.5000000000002</ele>
   </trkpt>
   <trkpt lat="47.02886" lon="12.861390000000002">
    <ele>1168.7</ele>
   </trkpt>
   <trkpt lat="47.02938" lon="12.86138">
    <ele>1173.19</ele>
   </trkpt>
   <trkpt lat="47.02993500016268" lon="12.861370000101065">
    <ele>1176.83</ele>
   </trkpt>
   <trkpt lat="47.03049" lon="12.861360000000001">
    <ele>1179.2900000000002</ele>
   </trkpt>
   <trkpt lat="47.03065" lon="12.861270000000001">
    <ele>1181.04</ele>
   </trkpt>
   <trkpt lat="47.03074" lon="12.861120000000001">
    <ele>1181.7000000000003</ele>
   </trkpt>
   <trkpt lat="47.03079" lon="12.86095">
    <ele>1183.5800000000002</ele>
   </trkpt>
   <trkpt lat="47.03089000000001" lon="12.860460000000002">
    <ele>1185.18</ele>
   </trkpt>
   <trkpt lat="47.03096" lon="12.860310000000002">
    <ele>1185.18</ele>
   </trkpt>
   <trkpt lat="47.03164" lon="12.859610000000002">
    <ele>1193.03</ele>
   </trkpt>
   <trkpt lat="47.03186" lon="12.85927">
    <ele>1195.88</ele>
   </trkpt>
   <trkpt lat="47.031960000000005" lon="12.85898">
    <ele>1199.24</ele>
   </trkpt>
   <trkpt lat="47.03211" lon="12.85829">
    <ele>1204.35</ele>
   </trkpt>
   <trkpt lat="47.03219000000001" lon="12.858080000000001">
    <ele>1206.43</ele>
   </trkpt>
   <trkpt lat="47.03242" lon="12.857780000000002">
    <ele>1209.69</ele>
   </trkpt>
   <trkpt lat="47.032650000000004" lon="12.857550000000002">
    <ele>1209.69</ele>
   </trkpt>
   <trkpt lat="47.032810000000005" lon="12.85735">
    <ele>1214.31</ele>
   </trkpt>
   <trkpt lat="47.03304000000001" lon="12.856900000000001">
    <ele>1216.89</ele>
   </trkpt>
   <trkpt lat="47.033395004945845" lon="12.855835007056529">
    <ele>1225.5900000000001</ele>
   </trkpt>
   <trkpt lat="47.033750000000005" lon="12.85477">
    <ele>1232.94</ele>
   </trkpt>
   <trkpt lat="47.03381" lon="12.854470000000001">
    <ele>1235.39</ele>
   </trkpt>
   <trkpt lat="47.03379" lon="12.8542">
    <ele>1236.69</ele>
   </trkpt>
   <trkpt lat="47.03365" lon="12.85392">
    <ele>1237.6200000000001</ele>
   </trkpt>
   <trkpt lat="47.033370000000005" lon="12.85369">
    <ele>1239.1100000000001</ele>
   </trkpt>
   <trkpt lat="47.033100000000005" lon="12.853480000000001">
    <ele>1241.41</ele>
   </trkpt>
   <trkpt lat="47.032810000000005" lon="12.8533">
    <ele>1244.1200000000001</ele>
   </trkpt>
   <trkpt lat="47.032560000000004" lon="12.853180000000002">
    <ele>1245.68</ele>
   </trkpt>
   <trkpt lat="47.03175" lon="12.85293">
    <ele>1249.0400000000002</ele>
   </trkpt>
   <trkpt lat="47.03163000000001" lon="12.85275">
    <ele>1249.47</ele>
   </trkpt>
   <trkpt lat="47.031620000000004" lon="12.85255">
    <ele>1249.88</ele>
   </trkpt>
   <trkpt lat="47.031980000000004" lon="12.851410000000001">
    <ele>1255.5500000000002</ele>
   </trkpt>
   <trkpt lat="47.032120000000006" lon="12.851210000000002">
    <ele>1257.03</ele>
   </trkpt>
   <trkpt lat="47.03263500100546" lon="12.850735004562086">
    <ele>1259.49</ele>
   </trkpt>
   <trkpt lat="47.033150000000006" lon="12.85026">
    <ele>1264.41</ele>
   </trkpt>
   <trkpt lat="47.03342000000001" lon="12.85008">
    <ele>1266.0900000000001</ele>
   </trkpt>
   <trkpt lat="47.034040000000005" lon="12.84978">
    <ele>1267.97</ele>
   </trkpt>
   <trkpt lat="47.03463000000001" lon="12.849440000000001">
    <ele>1271.8400000000001</ele>
   </trkpt>
   <trkpt lat="47.03522" lon="12.84895">
    <ele>1277.25</ele>
   </trkpt>
   <trkpt lat="47.035450000000004" lon="12.84867">
    <ele>1278.1</ele>
   </trkpt>
   <trkpt lat="47.03569" lon="12.848320000000001">
    <ele>1281.3100000000002</ele>
   </trkpt>
   <trkpt lat="47.03604000000001" lon="12.847690000000002">
    <ele>1283.69</ele>
   </trkpt>
   <trkpt lat="47.03641500223798" lon="12.84697000509494">
    <ele>1286.95</ele>
   </trkpt>
   <trkpt lat="47.03679" lon="12.846250000000001">
    <ele>1289.3300000000002</ele>
   </trkpt>
   <trkpt lat="47.036910000000006" lon="12.84609">
    <ele>1289.83</ele>
   </trkpt>
   <trkpt lat="47.03716000000001" lon="12.8459">
    <ele>1290.75</ele>
   </trkpt>
   <trkpt lat="47.03743" lon="12.845790000000001">
    <ele>1292.5300000000002</ele>
   </trkpt>
   <trkpt lat="47.0378850001397" lon="12.845585001767553">
    <ele>1294.1299999999999</ele>
   </trkpt>
   <trkpt lat="47.038340000000005" lon="12.84538">
    <ele>1296.31</ele>
   </trkpt>
   <trkpt lat="47.03855" lon="12.845210000000002">
    <ele>1297.5400000000002</ele>
   </trkpt>
   <trkpt lat="47.03884" lon="12.84487">
    <ele>1298.2900000000002</ele>
   </trkpt>
   <trkpt lat="47.03936" lon="12.84397">
    <ele>1299.18</ele>
   </trkpt>
   <trkpt lat="47.03956" lon="12.843770000000001">
    <ele>1299.2400000000002</ele>
   </trkpt>
   <trkpt lat="47.039640000000006" lon="12.8436">
    <ele>1299.5700000000002</ele>
   </trkpt>
   <trkpt lat="47.03972" lon="12.84332">
    <ele>1300.0500000000002</ele>
   </trkpt>
   <trkpt lat="47.039750000000005" lon="12.84327">
    <ele>1300.0500000000002</ele>
   </trkpt>
   <trkpt lat="47.03981" lon="12.843210000000001">
    <ele>1300.0500000000002</ele>
   </trkpt>
   <trkpt lat="47.03979" lon="12.842920000000001">
    <ele>1300.8300000000002</ele>
   </trkpt>
   <trkpt lat="47.039930000000005" lon="12.841700000000001">
    <ele>1300.3600000000001</ele>
   </trkpt>
   <trkpt lat="47.039930000000005" lon="12.841280000000001">
    <ele>1300.3600000000001</ele>
   </trkpt>
   <trkpt lat="47.03999" lon="12.84107">
    <ele>1300.3600000000001</ele>
   </trkpt>
   <trkpt lat="47.04005" lon="12.840890000000002">
    <ele>1300.3600000000001</ele>
   </trkpt>
   <trkpt lat="47.04016000000001" lon="12.840760000000001">
    <ele>1300.3600000000001</ele>
   </trkpt>
  </trkseg>
 </trk>
</gpx>
