<?xml version="1.0" encoding="UTF-8"?>
<gpx creator="StravaGPX" version="1.1" xmlns="http://www.topografix.com/GPX/1/1" xmlns:xsi="http://www.w3.org/2001/XMLSchema-instance" xsi:schemaLocation="http://www.topografix.com/GPX/1/1 http://www.topografix.com/GPX/1/1/gpx.xsd">
 <metadata>
  <name>Austria 3</name>
  <author>
   <name>Xander Staal</name>
   <link href="https://www.strava.com/athletes/2830409"/>
  </author>
  <copyright author="OpenStreetMap contributors">
   <year>2020</year>
   <license>https://www.openstreetmap.org/copyright</license>
  </copyright>
  <link href="https://www.strava.com/routes/3476693068162486832"/>
 </metadata>
 <trk>
  <name>Austria 3</name>
  <link href="https://www.strava.com/routes/3476693068162486832"/>
  <type>cycling</type>
  <trkseg>
   <trkpt lat="47.1475" lon="10.570110000000001">
    <ele>782.49</ele>
   </trkpt>
   <trkpt lat="47.1476950024386" lon="10.570859997214392">
    <ele>782.2300000000001</ele>
   </trkpt>
   <trkpt lat="47.147890000000004" lon="10.571610000000002">
    <ele>782.44</ele>
   </trkpt>
   <trkpt lat="47.147540000000006" lon="10.57177">
    <ele>781.6400000000001</ele>
   </trkpt>
   <trkpt lat="47.14726" lon="10.57179">
    <ele>781.3800000000001</ele>
   </trkpt>
   <trkpt lat="47.146640000000005" lon="10.57205">
    <ele>781.6400000000001</ele>
   </trkpt>
   <trkpt lat="47.14685000220067" lon="10.572764997094515">
    <ele>780.57</ele>
   </trkpt>
   <trkpt lat="47.14706" lon="10.57348">
    <ele>780.0400000000001</ele>
   </trkpt>
   <trkpt lat="47.147260003338005" lon="10.57435999655048">
    <ele>779.8100000000001</ele>
   </trkpt>
   <trkpt lat="47.14746" lon="10.57524">
    <ele>779.4200000000001</ele>
   </trkpt>
   <trkpt lat="47.147580000000005" lon="10.575610000000001">
    <ele>779.4200000000001</ele>
   </trkpt>
   <trkpt lat="47.14775" lon="10.57604">
    <ele>779.48</ele>
   </trkpt>
   <trkpt lat="47.14815" lon="10.57675">
    <ele>779.51</ele>
   </trkpt>
   <trkpt lat="47.14826" lon="10.57699">
    <ele>779.51</ele>
   </trkpt>
   <trkpt lat="47.148595002715986" lon="10.577779995022032">
    <ele>779.4000000000001</ele>
   </trkpt>
   <trkpt lat="47.14893000000001" lon="10.578570000000001">
    <ele>779.3100000000001</ele>
   </trkpt>
   <trkpt lat="47.148950000000006" lon="10.57891">
    <ele>779.48</ele>
   </trkpt>
   <trkpt lat="47.148920000000004" lon="10.57895">
    <ele>779.4300000000001</ele>
   </trkpt>
   <trkpt lat="47.148900000000005" lon="10.579030000000001">
    <ele>779.4300000000001</ele>
   </trkpt>
   <trkpt lat="47.148920000000004" lon="10.57915">
    <ele>779.4200000000001</ele>
   </trkpt>
   <trkpt lat="47.148950000000006" lon="10.5792">
    <ele>779.4200000000001</ele>
   </trkpt>
   <trkpt lat="47.148990000000005" lon="10.579220000000001">
    <ele>779.4200000000001</ele>
   </trkpt>
   <trkpt lat="47.14914" lon="10.579590000000001">
    <ele>779.3100000000001</ele>
   </trkpt>
   <trkpt lat="47.14923" lon="10.579690000000001">
    <ele>779.1300000000001</ele>
   </trkpt>
   <trkpt lat="47.14952" lon="10.580340000000001">
    <ele>778.3100000000001</ele>
   </trkpt>
   <trkpt lat="47.149770000000004" lon="10.580710000000002">
    <ele>777.8600000000001</ele>
   </trkpt>
   <trkpt lat="47.14999" lon="10.580900000000002">
    <ele>777.3800000000001</ele>
   </trkpt>
   <trkpt lat="47.15016000000001" lon="10.580990000000002">
    <ele>777.17</ele>
   </trkpt>
   <trkpt lat="47.15054000000001" lon="10.58111">
    <ele>776.61</ele>
   </trkpt>
   <trkpt lat="47.15138" lon="10.5813">
    <ele>776.3000000000001</ele>
   </trkpt>
   <trkpt lat="47.15149" lon="10.58134">
    <ele>776.2</ele>
   </trkpt>
   <trkpt lat="47.151590000000006" lon="10.5814">
    <ele>776.2</ele>
   </trkpt>
   <trkpt lat="47.15173" lon="10.581510000000002">
    <ele>776.24</ele>
   </trkpt>
   <trkpt lat="47.15222000000001" lon="10.58205">
    <ele>775.95</ele>
   </trkpt>
   <trkpt lat="47.15258" lon="10.58248">
    <ele>775.6400000000001</ele>
   </trkpt>
   <trkpt lat="47.15291000101487" lon="10.58294499721693">
    <ele>774.26</ele>
   </trkpt>
   <trkpt lat="47.153240000000004" lon="10.58341">
    <ele>774.0</ele>
   </trkpt>
   <trkpt lat="47.153690000000005" lon="10.58399">
    <ele>772.63</ele>
   </trkpt>
   <trkpt lat="47.154090000000004" lon="10.58444">
    <ele>772.45</ele>
   </trkpt>
   <trkpt lat="47.15429" lon="10.58459">
    <ele>772.23</ele>
   </trkpt>
   <trkpt lat="47.154630000000004" lon="10.58482">
    <ele>772.08</ele>
   </trkpt>
   <trkpt lat="47.155150000000006" lon="10.58505">
    <ele>771.75</ele>
   </trkpt>
   <trkpt lat="47.15527" lon="10.585130000000001">
    <ele>771.7</ele>
   </trkpt>
   <trkpt lat="47.15549" lon="10.585320000000001">
    <ele>771.7</ele>
   </trkpt>
   <trkpt lat="47.15558" lon="10.585420000000001">
    <ele>771.5400000000001</ele>
   </trkpt>
   <trkpt lat="47.15576" lon="10.585740000000001">
    <ele>771.5400000000001</ele>
   </trkpt>
   <trkpt lat="47.15609000242396" lon="10.586499995074888">
    <ele>771.2800000000001</ele>
   </trkpt>
   <trkpt lat="47.156420000000004" lon="10.58726">
    <ele>770.83</ele>
   </trkpt>
   <trkpt lat="47.15686" lon="10.588180000000001">
    <ele>770.09</ele>
   </trkpt>
   <trkpt lat="47.157320000000006" lon="10.589070000000001">
    <ele>769.5300000000001</ele>
   </trkpt>
   <trkpt lat="47.15748000000001" lon="10.589340000000002">
    <ele>769.33</ele>
   </trkpt>
   <trkpt lat="47.15767" lon="10.58951">
    <ele>768.8600000000001</ele>
   </trkpt>
   <trkpt lat="47.15775000000001" lon="10.58957">
    <ele>768.8600000000001</ele>
   </trkpt>
   <trkpt lat="47.15793" lon="10.589640000000001">
    <ele>768.69</ele>
   </trkpt>
   <trkpt lat="47.158" lon="10.589640000000001">
    <ele>768.69</ele>
   </trkpt>
   <trkpt lat="47.158080000000005" lon="10.58962">
    <ele>768.46</ele>
   </trkpt>
   <trkpt lat="47.15822000000001" lon="10.589500000000001">
    <ele>768.26</ele>
   </trkpt>
   <trkpt lat="47.15879" lon="10.58885">
    <ele>766.6500000000001</ele>
   </trkpt>
   <trkpt lat="47.15918000104467" lon="10.588365003533578">
    <ele>765.9200000000001</ele>
   </trkpt>
   <trkpt lat="47.15957" lon="10.58788">
    <ele>765.82</ele>
   </trkpt>
   <trkpt lat="47.160410000000006" lon="10.5883">
    <ele>765.45</ele>
   </trkpt>
   <trkpt lat="47.160700000000006" lon="10.58849">
    <ele>765.3700000000001</ele>
   </trkpt>
   <trkpt lat="47.160920000000004" lon="10.58868">
    <ele>765.32</ele>
   </trkpt>
   <trkpt lat="47.16146000214947" lon="10.5891799898118">
    <ele>764.83</ele>
   </trkpt>
   <trkpt lat="47.162000002123534" lon="10.589679989787626">
    <ele>764.5500000000001</ele>
   </trkpt>
   <trkpt lat="47.16254000000001" lon="10.59018">
    <ele>764.5</ele>
   </trkpt>
   <trkpt lat="47.16316000133782" lon="10.590729993600394">
    <ele>763.9</ele>
   </trkpt>
   <trkpt lat="47.16378" lon="10.591280000000001">
    <ele>763.69</ele>
   </trkpt>
   <trkpt lat="47.16409" lon="10.59153">
    <ele>763.7900000000001</ele>
   </trkpt>
   <trkpt lat="47.164460000000005" lon="10.591740000000001">
    <ele>764.35</ele>
   </trkpt>
   <trkpt lat="47.164950000000005" lon="10.592">
    <ele>764.08</ele>
   </trkpt>
   <trkpt lat="47.165330000000004" lon="10.59223">
    <ele>763.72</ele>
   </trkpt>
   <trkpt lat="47.165820000993996" lon="10.59267999595276">
    <ele>763.47</ele>
   </trkpt>
   <trkpt lat="47.16631" lon="10.59313">
    <ele>763.35</ele>
   </trkpt>
   <trkpt lat="47.16666000000001" lon="10.59336">
    <ele>763.0</ele>
   </trkpt>
   <trkpt lat="47.16703000065418" lon="10.593804996650842">
    <ele>763.07</ele>
   </trkpt>
   <trkpt lat="47.1674" lon="10.59425">
    <ele>762.95</ele>
   </trkpt>
   <trkpt lat="47.167570000000005" lon="10.5945">
    <ele>762.87</ele>
   </trkpt>
   <trkpt lat="47.16776" lon="10.59487">
    <ele>762.46</ele>
   </trkpt>
   <trkpt lat="47.16801" lon="10.595540000000002">
    <ele>761.02</ele>
   </trkpt>
   <trkpt lat="47.16808" lon="10.59566">
    <ele>760.8900000000001</ele>
   </trkpt>
   <trkpt lat="47.168325001603016" lon="10.596264997235302">
    <ele>760.08</ele>
   </trkpt>
   <trkpt lat="47.16857" lon="10.596870000000001">
    <ele>759.7700000000001</ele>
   </trkpt>
   <trkpt lat="47.16874000000001" lon="10.597430000000001">
    <ele>759.5</ele>
   </trkpt>
   <trkpt lat="47.16879" lon="10.597650000000002">
    <ele>759.5</ele>
   </trkpt>
   <trkpt lat="47.16883000000001" lon="10.59814">
    <ele>759.4900000000001</ele>
   </trkpt>
   <trkpt lat="47.168820000000004" lon="10.59862">
    <ele>759.65</ele>
   </trkpt>
   <trkpt lat="47.168890000000005" lon="10.599400000000001">
    <ele>760.8600000000001</ele>
   </trkpt>
   <trkpt lat="47.16888" lon="10.600040000000002">
    <ele>761.1000000000001</ele>
   </trkpt>
   <trkpt lat="47.16897" lon="10.600750000000001">
    <ele>761.0300000000001</ele>
   </trkpt>
   <trkpt lat="47.16908" lon="10.6013">
    <ele>760.73</ele>
   </trkpt>
   <trkpt lat="47.169340000000005" lon="10.60229">
    <ele>760.6</ele>
   </trkpt>
   <trkpt lat="47.169430000000006" lon="10.602480000000002">
    <ele>760.75</ele>
   </trkpt>
   <trkpt lat="47.169790000000006" lon="10.6035">
    <ele>759.58</ele>
   </trkpt>
   <trkpt lat="47.17013" lon="10.604320000000001">
    <ele>756.99</ele>
   </trkpt>
   <trkpt lat="47.17016" lon="10.60449">
    <ele>757.0300000000001</ele>
   </trkpt>
   <trkpt lat="47.170030000000004" lon="10.60468">
    <ele>757.24</ele>
   </trkpt>
   <trkpt lat="47.17002" lon="10.60486">
    <ele>758.17</ele>
   </trkpt>
   <trkpt lat="47.170170000000006" lon="10.60501">
    <ele>758.73</ele>
   </trkpt>
   <trkpt lat="47.17024000000001" lon="10.6051">
    <ele>758.9200000000001</ele>
   </trkpt>
   <trkpt lat="47.170710002921204" lon="10.605919992736009">
    <ele>758.57</ele>
   </trkpt>
   <trkpt lat="47.17118000000001" lon="10.60674">
    <ele>757.6700000000001</ele>
   </trkpt>
   <trkpt lat="47.17123" lon="10.606940000000002">
    <ele>757.59</ele>
   </trkpt>
   <trkpt lat="47.17143" lon="10.607320000000001">
    <ele>757.46</ele>
   </trkpt>
   <trkpt lat="47.17161" lon="10.60759">
    <ele>757.3100000000001</ele>
   </trkpt>
   <trkpt lat="47.17166" lon="10.60772">
    <ele>757.14</ele>
   </trkpt>
   <trkpt lat="47.171710000000004" lon="10.60792">
    <ele>757.14</ele>
   </trkpt>
   <trkpt lat="47.172200000000004" lon="10.609">
    <ele>755.75</ele>
   </trkpt>
   <trkpt lat="47.172430000000006" lon="10.60968">
    <ele>755.33</ele>
   </trkpt>
   <trkpt lat="47.17257" lon="10.610040000000001">
    <ele>755.3000000000001</ele>
   </trkpt>
   <trkpt lat="47.172760000000004" lon="10.610420000000001">
    <ele>755.19</ele>
   </trkpt>
   <trkpt lat="47.17327" lon="10.611260000000001">
    <ele>754.35</ele>
   </trkpt>
   <trkpt lat="47.173680000000004" lon="10.61209">
    <ele>753.8100000000001</ele>
   </trkpt>
   <trkpt lat="47.173700000000004" lon="10.612290000000002">
    <ele>753.8100000000001</ele>
   </trkpt>
   <trkpt lat="47.17367" lon="10.6125">
    <ele>753.7900000000001</ele>
   </trkpt>
   <trkpt lat="47.17362000000001" lon="10.61264">
    <ele>753.7900000000001</ele>
   </trkpt>
   <trkpt lat="47.17353000000001" lon="10.612810000000001">
    <ele>753.9100000000001</ele>
   </trkpt>
   <trkpt lat="47.173480000000005" lon="10.61307">
    <ele>754.0600000000001</ele>
   </trkpt>
   <trkpt lat="47.173480000000005" lon="10.61335">
    <ele>754.68</ele>
   </trkpt>
   <trkpt lat="47.173550000000006" lon="10.61414">
    <ele>754.59</ele>
   </trkpt>
   <trkpt lat="47.17372000326431" lon="10.615009997067645">
    <ele>754.4200000000001</ele>
   </trkpt>
   <trkpt lat="47.17389000000001" lon="10.61588">
    <ele>756.0000000000001</ele>
   </trkpt>
   <trkpt lat="47.174220000000005" lon="10.616650000000002">
    <ele>755.2</ele>
   </trkpt>
   <trkpt lat="47.17428" lon="10.616710000000001">
    <ele>755.0400000000001</ele>
   </trkpt>
   <trkpt lat="47.174350000000004" lon="10.61673">
    <ele>755.0400000000001</ele>
   </trkpt>
   <trkpt lat="47.174420000000005" lon="10.616700000000002">
    <ele>754.51</ele>
   </trkpt>
   <trkpt lat="47.17463" lon="10.616530000000001">
    <ele>754.1500000000001</ele>
   </trkpt>
   <trkpt lat="47.17483000000001" lon="10.616430000000001">
    <ele>753.83</ele>
   </trkpt>
   <trkpt lat="47.17494000000001" lon="10.616340000000001">
    <ele>753.83</ele>
   </trkpt>
   <trkpt lat="47.175250000000005" lon="10.616200000000001">
    <ele>753.56</ele>
   </trkpt>
   <trkpt lat="47.175450000000005" lon="10.61603">
    <ele>753.69</ele>
   </trkpt>
   <trkpt lat="47.175670000000004" lon="10.61579">
    <ele>754.2800000000001</ele>
   </trkpt>
   <trkpt lat="47.175760000000004" lon="10.615730000000001">
    <ele>754.9100000000001</ele>
   </trkpt>
   <trkpt lat="47.17586000000001" lon="10.615710000000002">
    <ele>755.9</ele>
   </trkpt>
   <trkpt lat="47.176010000000005" lon="10.615720000000001">
    <ele>756.3100000000001</ele>
   </trkpt>
   <trkpt lat="47.176100000000005" lon="10.61575">
    <ele>756.62</ele>
   </trkpt>
   <trkpt lat="47.176190000000005" lon="10.61583">
    <ele>756.8100000000001</ele>
   </trkpt>
   <trkpt lat="47.176820000000006" lon="10.61659">
    <ele>756.63</ele>
   </trkpt>
   <trkpt lat="47.176930000000006" lon="10.616610000000001">
    <ele>756.33</ele>
   </trkpt>
   <trkpt lat="47.17705" lon="10.61672">
    <ele>755.97</ele>
   </trkpt>
   <trkpt lat="47.17741" lon="10.617140000000001">
    <ele>755.0600000000001</ele>
   </trkpt>
   <trkpt lat="47.177550000000004" lon="10.61735">
    <ele>755.72</ele>
   </trkpt>
   <trkpt lat="47.17763" lon="10.61766">
    <ele>755.97</ele>
   </trkpt>
   <trkpt lat="47.17777" lon="10.61795">
    <ele>755.78</ele>
   </trkpt>
   <trkpt lat="47.17794000000001" lon="10.618390000000002">
    <ele>756.53</ele>
   </trkpt>
   <trkpt lat="47.17799" lon="10.618480000000002">
    <ele>757.0400000000001</ele>
   </trkpt>
   <trkpt lat="47.178050000000006" lon="10.618540000000001">
    <ele>757.0400000000001</ele>
   </trkpt>
   <trkpt lat="47.17821000000001" lon="10.61861">
    <ele>757.5500000000001</ele>
   </trkpt>
   <trkpt lat="47.1784" lon="10.618620000000002">
    <ele>758.2200000000001</ele>
   </trkpt>
   <trkpt lat="47.178520000000006" lon="10.61866">
    <ele>758.2200000000001</ele>
   </trkpt>
   <trkpt lat="47.178610000000006" lon="10.618720000000001">
    <ele>758.38</ele>
   </trkpt>
   <trkpt lat="47.17884" lon="10.61893">
    <ele>758.6100000000001</ele>
   </trkpt>
   <trkpt lat="47.17902" lon="10.619140000000002">
    <ele>758.7</ele>
   </trkpt>
   <trkpt lat="47.17945" lon="10.619760000000001">
    <ele>760.4300000000001</ele>
   </trkpt>
   <trkpt lat="47.17958" lon="10.619900000000001">
    <ele>761.8800000000001</ele>
   </trkpt>
   <trkpt lat="47.17971000000001" lon="10.62001">
    <ele>763.1300000000001</ele>
   </trkpt>
   <trkpt lat="47.179790000000004" lon="10.62005">
    <ele>763.9200000000001</ele>
   </trkpt>
   <trkpt lat="47.18029000000001" lon="10.6202">
    <ele>766.8000000000001</ele>
   </trkpt>
   <trkpt lat="47.18039" lon="10.62025">
    <ele>766.9800000000001</ele>
   </trkpt>
   <trkpt lat="47.180550000000004" lon="10.62052">
    <ele>767.2800000000001</ele>
   </trkpt>
   <trkpt lat="47.180885002269015" lon="10.621229995680748">
    <ele>767.1300000000001</ele>
   </trkpt>
   <trkpt lat="47.18122" lon="10.62194">
    <ele>765.8800000000001</ele>
   </trkpt>
   <trkpt lat="47.1816" lon="10.62302">
    <ele>762.62</ele>
   </trkpt>
   <trkpt lat="47.181810000000006" lon="10.62391">
    <ele>760.41</ele>
   </trkpt>
   <trkpt lat="47.18197000000001" lon="10.62489">
    <ele>767.99</ele>
   </trkpt>
   <trkpt lat="47.182030000000005" lon="10.6255">
    <ele>770.8100000000001</ele>
   </trkpt>
   <trkpt lat="47.18213" lon="10.62555">
    <ele>770.2800000000001</ele>
   </trkpt>
   <trkpt lat="47.1822" lon="10.62564">
    <ele>769.94</ele>
   </trkpt>
   <trkpt lat="47.18226000000001" lon="10.625760000000001">
    <ele>768.33</ele>
   </trkpt>
   <trkpt lat="47.18247500451952" lon="10.626779995836307">
    <ele>761.09</ele>
   </trkpt>
   <trkpt lat="47.18269" lon="10.6278">
    <ele>754.24</ele>
   </trkpt>
   <trkpt lat="47.18289" lon="10.628400000000001">
    <ele>752.9200000000001</ele>
   </trkpt>
   <trkpt lat="47.18319" lon="10.629510000000002">
    <ele>755.33</ele>
   </trkpt>
   <trkpt lat="47.18340000477116" lon="10.630559995719226">
    <ele>761.83</ele>
   </trkpt>
   <trkpt lat="47.18361" lon="10.63161">
    <ele>765.0</ele>
   </trkpt>
   <trkpt lat="47.18386500455692" lon="10.632634995020167">
    <ele>766.9200000000001</ele>
   </trkpt>
   <trkpt lat="47.18412000000001" lon="10.63366">
    <ele>765.72</ele>
   </trkpt>
   <trkpt lat="47.184180000000005" lon="10.63441">
    <ele>767.7400000000001</ele>
   </trkpt>
   <trkpt lat="47.18431" lon="10.635110000000001">
    <ele>766.5900000000001</ele>
   </trkpt>
   <trkpt lat="47.18431" lon="10.635240000000001">
    <ele>766.2800000000001</ele>
   </trkpt>
   <trkpt lat="47.184290000000004" lon="10.635380000000001">
    <ele>766.14</ele>
   </trkpt>
   <trkpt lat="47.18422" lon="10.63554">
    <ele>765.97</ele>
   </trkpt>
   <trkpt lat="47.18397" lon="10.635950000000001">
    <ele>765.11</ele>
   </trkpt>
   <trkpt lat="47.18392" lon="10.636080000000002">
    <ele>764.87</ele>
   </trkpt>
   <trkpt lat="47.1839" lon="10.636170000000002">
    <ele>764.69</ele>
   </trkpt>
   <trkpt lat="47.183960000000006" lon="10.63653">
    <ele>764.0</ele>
   </trkpt>
   <trkpt lat="47.184070000000006" lon="10.6369">
    <ele>763.1000000000001</ele>
   </trkpt>
   <trkpt lat="47.184290000000004" lon="10.637410000000001">
    <ele>762.35</ele>
   </trkpt>
   <trkpt lat="47.18482" lon="10.63846">
    <ele>761.23</ele>
   </trkpt>
   <trkpt lat="47.18513" lon="10.639510000000001">
    <ele>755.87</ele>
   </trkpt>
   <trkpt lat="47.18517000000001" lon="10.639690000000002">
    <ele>756.48</ele>
   </trkpt>
   <trkpt lat="47.18518" lon="10.639840000000001">
    <ele>757.1000000000001</ele>
   </trkpt>
   <trkpt lat="47.185300000000005" lon="10.64042">
    <ele>758.5500000000001</ele>
   </trkpt>
   <trkpt lat="47.18549" lon="10.640960000000002">
    <ele>757.5</ele>
   </trkpt>
   <trkpt lat="47.1856" lon="10.641210000000001">
    <ele>757.08</ele>
   </trkpt>
   <trkpt lat="47.185840000000006" lon="10.641710000000002">
    <ele>754.8800000000001</ele>
   </trkpt>
   <trkpt lat="47.18605" lon="10.642000000000001">
    <ele>752.0400000000001</ele>
   </trkpt>
   <trkpt lat="47.18620000000001" lon="10.642290000000001">
    <ele>750.0300000000001</ele>
   </trkpt>
   <trkpt lat="47.186440000000005" lon="10.64262">
    <ele>746.6600000000001</ele>
   </trkpt>
   <trkpt lat="47.186580000000006" lon="10.64269">
    <ele>746.3900000000001</ele>
   </trkpt>
   <trkpt lat="47.18675" lon="10.642660000000001">
    <ele>746.0500000000001</ele>
   </trkpt>
   <trkpt lat="47.186820000000004" lon="10.64267">
    <ele>745.9100000000001</ele>
   </trkpt>
   <trkpt lat="47.186910000000005" lon="10.642750000000001">
    <ele>745.8</ele>
   </trkpt>
   <trkpt lat="47.187270000000005" lon="10.6433">
    <ele>746.09</ele>
   </trkpt>
   <trkpt lat="47.18751" lon="10.643550000000001">
    <ele>747.58</ele>
   </trkpt>
   <trkpt lat="47.18768000000001" lon="10.643690000000001">
    <ele>747.47</ele>
   </trkpt>
   <trkpt lat="47.187780000000004" lon="10.6438">
    <ele>747.1000000000001</ele>
   </trkpt>
   <trkpt lat="47.18793" lon="10.643930000000001">
    <ele>746.85</ele>
   </trkpt>
   <trkpt lat="47.18813" lon="10.644060000000001">
    <ele>746.72</ele>
   </trkpt>
   <trkpt lat="47.188210000000005" lon="10.644200000000001">
    <ele>746.48</ele>
   </trkpt>
   <trkpt lat="47.18863" lon="10.64461">
    <ele>745.57</ele>
   </trkpt>
   <trkpt lat="47.188900000000004" lon="10.64484">
    <ele>745.02</ele>
   </trkpt>
   <trkpt lat="47.18901" lon="10.644950000000001">
    <ele>744.2500000000001</ele>
   </trkpt>
   <trkpt lat="47.18912" lon="10.645100000000001">
    <ele>744.01</ele>
   </trkpt>
   <trkpt lat="47.18966" lon="10.645610000000001">
    <ele>743.09</ele>
   </trkpt>
   <trkpt lat="47.190130000698105" lon="10.645994996634267">
    <ele>742.98</ele>
   </trkpt>
   <trkpt lat="47.1906" lon="10.64638">
    <ele>743.84</ele>
   </trkpt>
   <trkpt lat="47.191190000000006" lon="10.6471">
    <ele>746.14</ele>
   </trkpt>
   <trkpt lat="47.19145" lon="10.64747">
    <ele>745.63</ele>
   </trkpt>
   <trkpt lat="47.19200000000001" lon="10.648330000000001">
    <ele>744.83</ele>
   </trkpt>
   <trkpt lat="47.19220000000001" lon="10.648710000000001">
    <ele>744.35</ele>
   </trkpt>
   <trkpt lat="47.19276000000001" lon="10.649610000000001">
    <ele>743.4300000000001</ele>
   </trkpt>
   <trkpt lat="47.19295" lon="10.649830000000001">
    <ele>743.4300000000001</ele>
   </trkpt>
   <trkpt lat="47.19317" lon="10.65">
    <ele>742.9100000000001</ele>
   </trkpt>
   <trkpt lat="47.193380000000005" lon="10.650120000000001">
    <ele>742.9100000000001</ele>
   </trkpt>
   <trkpt lat="47.194030000000005" lon="10.6508">
    <ele>742.3700000000001</ele>
   </trkpt>
   <trkpt lat="47.194280000000006" lon="10.65108">
    <ele>742.01</ele>
   </trkpt>
   <trkpt lat="47.19462" lon="10.65174">
    <ele>741.9100000000001</ele>
   </trkpt>
   <trkpt lat="47.19493000000001" lon="10.65244">
    <ele>741.45</ele>
   </trkpt>
   <trkpt lat="47.19518" lon="10.652750000000001">
    <ele>740.8100000000001</ele>
   </trkpt>
   <trkpt lat="47.195260000000005" lon="10.652800000000001">
    <ele>740.8100000000001</ele>
   </trkpt>
   <trkpt lat="47.19540000000001" lon="10.65277">
    <ele>740.0600000000001</ele>
   </trkpt>
   <trkpt lat="47.1957" lon="10.65259">
    <ele>739.72</ele>
   </trkpt>
   <trkpt lat="47.195820000000005" lon="10.65257">
    <ele>739.74</ele>
   </trkpt>
   <trkpt lat="47.196020000000004" lon="10.65259">
    <ele>739.87</ele>
   </trkpt>
   <trkpt lat="47.19599" lon="10.653300000000002">
    <ele>739.7600000000001</ele>
   </trkpt>
   <trkpt lat="47.19599" lon="10.65381">
    <ele>739.53</ele>
   </trkpt>
   <trkpt lat="47.19606" lon="10.6546">
    <ele>739.23</ele>
   </trkpt>
   <trkpt lat="47.19621" lon="10.655240000000001">
    <ele>739.1500000000001</ele>
   </trkpt>
   <trkpt lat="47.19632000000001" lon="10.65549">
    <ele>739.08</ele>
   </trkpt>
   <trkpt lat="47.19644" lon="10.655690000000002">
    <ele>739.07</ele>
   </trkpt>
   <trkpt lat="47.19655" lon="10.655830000000002">
    <ele>739.11</ele>
   </trkpt>
   <trkpt lat="47.19670000000001" lon="10.655940000000001">
    <ele>739.24</ele>
   </trkpt>
   <trkpt lat="47.196830000000006" lon="10.656">
    <ele>739.1800000000001</ele>
   </trkpt>
   <trkpt lat="47.196920000000006" lon="10.656080000000001">
    <ele>739.1800000000001</ele>
   </trkpt>
   <trkpt lat="47.19708000000001" lon="10.65639">
    <ele>738.99</ele>
   </trkpt>
   <trkpt lat="47.19724" lon="10.65679">
    <ele>738.5400000000001</ele>
   </trkpt>
   <trkpt lat="47.19736" lon="10.657200000000001">
    <ele>737.92</ele>
   </trkpt>
   <trkpt lat="47.19744000215514" lon="10.65789999914935">
    <ele>737.53</ele>
   </trkpt>
   <trkpt lat="47.197520000000004" lon="10.658600000000002">
    <ele>737.45</ele>
   </trkpt>
   <trkpt lat="47.19769000372216" lon="10.659519997268351">
    <ele>737.24</ele>
   </trkpt>
   <trkpt lat="47.197860000000006" lon="10.660440000000001">
    <ele>737.2800000000001</ele>
   </trkpt>
   <trkpt lat="47.19807" lon="10.661320000000002">
    <ele>736.48</ele>
   </trkpt>
   <trkpt lat="47.19820000000001" lon="10.66167">
    <ele>736.32</ele>
   </trkpt>
   <trkpt lat="47.198310000000006" lon="10.661930000000002">
    <ele>736.23</ele>
   </trkpt>
   <trkpt lat="47.198550000000004" lon="10.662360000000001">
    <ele>736.0500000000001</ele>
   </trkpt>
   <trkpt lat="47.19883" lon="10.662830000000001">
    <ele>735.9100000000001</ele>
   </trkpt>
   <trkpt lat="47.199145001105975" lon="10.663319997186479">
    <ele>735.3900000000001</ele>
   </trkpt>
   <trkpt lat="47.19946" lon="10.663810000000002">
    <ele>735.0000000000001</ele>
   </trkpt>
   <trkpt lat="47.199650000000005" lon="10.664280000000002">
    <ele>734.94</ele>
   </trkpt>
   <trkpt lat="47.199920000000006" lon="10.665220000000001">
    <ele>734.83</ele>
   </trkpt>
   <trkpt lat="47.200100000000006" lon="10.66562">
    <ele>734.82</ele>
   </trkpt>
   <trkpt lat="47.20036" lon="10.66614">
    <ele>734.97</ele>
   </trkpt>
   <trkpt lat="47.20037000000001" lon="10.666580000000002">
    <ele>735.1800000000001</ele>
   </trkpt>
   <trkpt lat="47.20051" lon="10.66698">
    <ele>735.1899999999999</ele>
   </trkpt>
   <trkpt lat="47.2008" lon="10.66802">
    <ele>735.14</ele>
   </trkpt>
   <trkpt lat="47.20085" lon="10.668220000000002">
    <ele>735.13</ele>
   </trkpt>
   <trkpt lat="47.200880000000005" lon="10.66848">
    <ele>735.1</ele>
   </trkpt>
   <trkpt lat="47.200845001987524" lon="10.669155000342146">
    <ele>734.86</ele>
   </trkpt>
   <trkpt lat="47.200810000000004" lon="10.669830000000001">
    <ele>734.72</ele>
   </trkpt>
   <trkpt lat="47.200900000000004" lon="10.670470000000002">
    <ele>734.11</ele>
   </trkpt>
   <trkpt lat="47.20091" lon="10.67106">
    <ele>733.95</ele>
   </trkpt>
   <trkpt lat="47.200970000000005" lon="10.67176">
    <ele>733.6</ele>
   </trkpt>
   <trkpt lat="47.201" lon="10.671840000000001">
    <ele>733.47</ele>
   </trkpt>
   <trkpt lat="47.20158000000001" lon="10.67205">
    <ele>733.4000000000001</ele>
   </trkpt>
   <trkpt lat="47.20168" lon="10.672120000000001">
    <ele>733.41</ele>
   </trkpt>
   <trkpt lat="47.202000000000005" lon="10.672450000000001">
    <ele>733.7</ele>
   </trkpt>
   <trkpt lat="47.20206" lon="10.672450000000001">
    <ele>733.74</ele>
   </trkpt>
   <trkpt lat="47.20208" lon="10.672540000000001">
    <ele>733.74</ele>
   </trkpt>
   <trkpt lat="47.20214000000001" lon="10.67267">
    <ele>733.74</ele>
   </trkpt>
   <trkpt lat="47.202200000000005" lon="10.67294">
    <ele>733.7900000000001</ele>
   </trkpt>
   <trkpt lat="47.2023" lon="10.673240000000002">
    <ele>734.1</ele>
   </trkpt>
   <trkpt lat="47.202420000000004" lon="10.67351">
    <ele>734.1</ele>
   </trkpt>
   <trkpt lat="47.202690000000004" lon="10.67393">
    <ele>734.92</ele>
   </trkpt>
   <trkpt lat="47.2031200010733" lon="10.67443499586426">
    <ele>735.14</ele>
   </trkpt>
   <trkpt lat="47.20355000000001" lon="10.674940000000001">
    <ele>734.57</ele>
   </trkpt>
   <trkpt lat="47.203660000000006" lon="10.675080000000001">
    <ele>734.2900000000001</ele>
   </trkpt>
   <trkpt lat="47.20374" lon="10.67528">
    <ele>733.7</ele>
   </trkpt>
   <trkpt lat="47.20382" lon="10.67534">
    <ele>733.02</ele>
   </trkpt>
   <trkpt lat="47.203880000000005" lon="10.675370000000001">
    <ele>733.02</ele>
   </trkpt>
   <trkpt lat="47.203920000000004" lon="10.67543">
    <ele>732.21</ele>
   </trkpt>
   <trkpt lat="47.203970000000005" lon="10.67562">
    <ele>732.1200000000001</ele>
   </trkpt>
   <trkpt lat="47.203990000000005" lon="10.675630000000002">
    <ele>732.1200000000001</ele>
   </trkpt>
   <trkpt lat="47.203875003367884" lon="10.676510001916023">
    <ele>730.8500000000001</ele>
   </trkpt>
   <trkpt lat="47.20376" lon="10.67739">
    <ele>730.5200000000001</ele>
   </trkpt>
   <trkpt lat="47.20376" lon="10.677560000000001">
    <ele>730.5200000000001</ele>
   </trkpt>
   <trkpt lat="47.203860000000006" lon="10.677930000000002">
    <ele>730.57</ele>
   </trkpt>
   <trkpt lat="47.20414" lon="10.678830000000001">
    <ele>730.22</ele>
   </trkpt>
   <trkpt lat="47.20451000280193" lon="10.679634994347772">
    <ele>729.75</ele>
   </trkpt>
   <trkpt lat="47.20488" lon="10.68044">
    <ele>729.77</ele>
   </trkpt>
   <trkpt lat="47.205683335440504" lon="10.679953348045528">
    <ele>730.11</ele>
   </trkpt>
   <trkpt lat="47.20648666882034" lon="10.679466681350988">
    <ele>729.98</ele>
   </trkpt>
   <trkpt lat="47.20729" lon="10.678980000000001">
    <ele>730.2700000000001</ele>
   </trkpt>
   <trkpt lat="47.20763000578443" lon="10.680134992531661">
    <ele>729.94</ele>
   </trkpt>
   <trkpt lat="47.20797" lon="10.68129">
    <ele>729.7600000000001</ele>
   </trkpt>
   <trkpt lat="47.20815500297345" lon="10.682119996999518">
    <ele>729.6400000000001</ele>
   </trkpt>
   <trkpt lat="47.20834000000001" lon="10.682950000000002">
    <ele>729.31</ele>
   </trkpt>
   <trkpt lat="47.20857" lon="10.683750000000002">
    <ele>728.96</ele>
   </trkpt>
   <trkpt lat="47.20881000000001" lon="10.68453">
    <ele>728.8500000000001</ele>
   </trkpt>
   <trkpt lat="47.20912000645368" lon="10.685389989998818">
    <ele>728.26</ele>
   </trkpt>
   <trkpt lat="47.20943000647238" lon="10.686249990050559">
    <ele>728.26</ele>
   </trkpt>
   <trkpt lat="47.209740000000004" lon="10.68711">
    <ele>727.9000000000001</ele>
   </trkpt>
   <trkpt lat="47.210178018394586" lon="10.688137966054033">
    <ele>727.77</ele>
   </trkpt>
   <trkpt lat="47.2106160275949" lon="10.689165949087238">
    <ele>727.71</ele>
   </trkpt>
   <trkpt lat="47.21105402760064" lon="10.690193949099799">
    <ele>727.6600000000001</ele>
   </trkpt>
   <trkpt lat="47.21149201841148" lon="10.691221966091902">
    <ele>727.5400000000001</ele>
   </trkpt>
   <trkpt lat="47.21193" lon="10.692250000000001">
    <ele>727.07</ele>
   </trkpt>
   <trkpt lat="47.21233" lon="10.69288">
    <ele>726.45</ele>
   </trkpt>
   <trkpt lat="47.21251" lon="10.693420000000001">
    <ele>725.75</ele>
   </trkpt>
   <trkpt lat="47.21276" lon="10.693850000000001">
    <ele>726.01</ele>
   </trkpt>
   <trkpt lat="47.212790000000005" lon="10.69401">
    <ele>726.01</ele>
   </trkpt>
   <trkpt lat="47.21276" lon="10.694260000000002">
    <ele>726.3000000000001</ele>
   </trkpt>
   <trkpt lat="47.21244" lon="10.694880000000001">
    <ele>726.6800000000001</ele>
   </trkpt>
   <trkpt lat="47.212410000000006" lon="10.695070000000001">
    <ele>726.6400000000001</ele>
   </trkpt>
   <trkpt lat="47.212410000000006" lon="10.69527">
    <ele>726.6400000000001</ele>
   </trkpt>
   <trkpt lat="47.21256500238601" lon="10.696009997855233">
    <ele>726.23</ele>
   </trkpt>
   <trkpt lat="47.212720000000004" lon="10.696750000000002">
    <ele>726.33</ele>
   </trkpt>
   <trkpt lat="47.21303" lon="10.697980000000001">
    <ele>726.1500000000001</ele>
   </trkpt>
   <trkpt lat="47.213260000000005" lon="10.69917">
    <ele>726.0600000000001</ele>
   </trkpt>
   <trkpt lat="47.213260000000005" lon="10.699250000000001">
    <ele>725.9300000000001</ele>
   </trkpt>
   <trkpt lat="47.21322000000001" lon="10.69949">
    <ele>725.9000000000001</ele>
   </trkpt>
   <trkpt lat="47.21329" lon="10.70039">
    <ele>725.74</ele>
   </trkpt>
   <trkpt lat="47.213330000000006" lon="10.70048">
    <ele>725.74</ele>
   </trkpt>
   <trkpt lat="47.21336" lon="10.700500000000002">
    <ele>725.5600000000001</ele>
   </trkpt>
   <trkpt lat="47.21341" lon="10.700500000000002">
    <ele>725.5600000000001</ele>
   </trkpt>
   <trkpt lat="47.213880000063995" lon="10.70041500074745">
    <ele>725.1500000000001</ele>
   </trkpt>
   <trkpt lat="47.21435" lon="10.700330000000001">
    <ele>725.3900000000001</ele>
   </trkpt>
   <trkpt lat="47.21441" lon="10.70034">
    <ele>725.3900000000001</ele>
   </trkpt>
   <trkpt lat="47.21446" lon="10.700370000000001">
    <ele>725.25</ele>
   </trkpt>
   <trkpt lat="47.2145" lon="10.70044">
    <ele>725.25</ele>
   </trkpt>
   <trkpt lat="47.214690000000004" lon="10.70161">
    <ele>725.07</ele>
   </trkpt>
   <trkpt lat="47.214855005081425" lon="10.70268999668693">
    <ele>724.7</ele>
   </trkpt>
   <trkpt lat="47.21502" lon="10.70377">
    <ele>724.86</ele>
   </trkpt>
   <trkpt lat="47.214800000000004" lon="10.704270000000001">
    <ele>725.36</ele>
   </trkpt>
   <trkpt lat="47.21481000000001" lon="10.70434">
    <ele>725.36</ele>
   </trkpt>
   <trkpt lat="47.21506" lon="10.704910000000002">
    <ele>725.0000000000001</ele>
   </trkpt>
   <trkpt lat="47.2152" lon="10.70531">
    <ele>725.0000000000001</ele>
   </trkpt>
   <trkpt lat="47.21529" lon="10.70579">
    <ele>724.6800000000001</ele>
   </trkpt>
   <trkpt lat="47.21541334097435" lon="10.706726662367648">
    <ele>724.6300000000001</ele>
   </trkpt>
   <trkpt lat="47.21553667431536" lon="10.707663329092464">
    <ele>724.4</ele>
   </trkpt>
   <trkpt lat="47.21566000000001" lon="10.7086">
    <ele>724.2</ele>
   </trkpt>
   <trkpt lat="47.21577334124499" lon="10.709553329293657">
    <ele>724.1500000000001</ele>
   </trkpt>
   <trkpt lat="47.215886674582556" lon="10.710506662662505">
    <ele>724.0600000000001</ele>
   </trkpt>
   <trkpt lat="47.216" lon="10.71146">
    <ele>723.5100000000001</ele>
   </trkpt>
   <trkpt lat="47.216140006356085" lon="10.712669996691803">
    <ele>723.4100000000001</ele>
   </trkpt>
   <trkpt lat="47.216280000000005" lon="10.713880000000001">
    <ele>723.35</ele>
   </trkpt>
   <trkpt lat="47.21640500705183" lon="10.715154996789545">
    <ele>723.25</ele>
   </trkpt>
   <trkpt lat="47.216530000000006" lon="10.71643">
    <ele>722.96</ele>
   </trkpt>
   <trkpt lat="47.216570002129195" lon="10.717129999429215">
    <ele>722.86</ele>
   </trkpt>
   <trkpt lat="47.21661" lon="10.717830000000001">
    <ele>722.6</ele>
   </trkpt>
   <trkpt lat="47.21656" lon="10.717960000000001">
    <ele>722.6600000000001</ele>
   </trkpt>
   <trkpt lat="47.21640000000001" lon="10.71808">
    <ele>722.69</ele>
   </trkpt>
   <trkpt lat="47.216370000000005" lon="10.71814">
    <ele>722.6800000000001</ele>
   </trkpt>
   <trkpt lat="47.21641" lon="10.71897">
    <ele>722.3900000000001</ele>
   </trkpt>
   <trkpt lat="47.216330000000006" lon="10.71925">
    <ele>722.31</ele>
   </trkpt>
   <trkpt lat="47.21627" lon="10.71959">
    <ele>722.32</ele>
   </trkpt>
   <trkpt lat="47.21627" lon="10.719840000000001">
    <ele>722.26</ele>
   </trkpt>
   <trkpt lat="47.21633000324389" lon="10.720704998861411">
    <ele>722.0600000000001</ele>
   </trkpt>
   <trkpt lat="47.216390000000004" lon="10.721570000000002">
    <ele>721.57</ele>
   </trkpt>
   <trkpt lat="47.21645" lon="10.722150000000001">
    <ele>720.5600000000001</ele>
   </trkpt>
   <trkpt lat="47.216550000000005" lon="10.72258">
    <ele>720.38</ele>
   </trkpt>
   <trkpt lat="47.21651000000001" lon="10.7231">
    <ele>719.96</ele>
   </trkpt>
   <trkpt lat="47.21651000000001" lon="10.723690000000001">
    <ele>720.0500000000001</ele>
   </trkpt>
   <trkpt lat="47.216680000000004" lon="10.724120000000001">
    <ele>720.61</ele>
   </trkpt>
   <trkpt lat="47.216840000000005" lon="10.725340000000001">
    <ele>721.2400000000001</ele>
   </trkpt>
   <trkpt lat="47.21684500241346" lon="10.726084999773784">
    <ele>720.9000000000001</ele>
   </trkpt>
   <trkpt lat="47.21685" lon="10.726830000000001">
    <ele>720.4100000000001</ele>
   </trkpt>
   <trkpt lat="47.21681" lon="10.72685">
    <ele>720.23</ele>
   </trkpt>
   <trkpt lat="47.216800000000006" lon="10.727">
    <ele>720.01</ele>
   </trkpt>
   <trkpt lat="47.217330000000004" lon="10.726880000000001">
    <ele>721.1</ele>
   </trkpt>
   <trkpt lat="47.2173" lon="10.725760000000001">
    <ele>721.2</ele>
   </trkpt>
   <trkpt lat="47.21801000000001" lon="10.72577">
    <ele>722.0500000000001</ele>
   </trkpt>
   <trkpt lat="47.21799" lon="10.72516">
    <ele>722.49</ele>
   </trkpt>
   <trkpt lat="47.21791500330757" lon="10.724289998941773">
    <ele>723.3000000000001</ele>
   </trkpt>
   <trkpt lat="47.21784" lon="10.72342">
    <ele>726.6</ele>
   </trkpt>
   <trkpt lat="47.217760000000006" lon="10.723030000000001">
    <ele>727.97</ele>
   </trkpt>
   <trkpt lat="47.21761" lon="10.72264">
    <ele>728.96</ele>
   </trkpt>
   <trkpt lat="47.217380000000006" lon="10.72234">
    <ele>729.4900000000001</ele>
   </trkpt>
   <trkpt lat="47.217220000000005" lon="10.7222">
    <ele>729.58</ele>
   </trkpt>
   <trkpt lat="47.217020000000005" lon="10.722100000000001">
    <ele>729.53</ele>
   </trkpt>
   <trkpt lat="47.216840000000005" lon="10.72206">
    <ele>729.3000000000001</ele>
   </trkpt>
   <trkpt lat="47.216660000000005" lon="10.72206">
    <ele>729.16</ele>
   </trkpt>
   <trkpt lat="47.21618500025158" lon="10.72212000050767">
    <ele>727.8000000000001</ele>
   </trkpt>
   <trkpt lat="47.21571" lon="10.722180000000002">
    <ele>725.87</ele>
   </trkpt>
   <trkpt lat="47.21546000000001" lon="10.72212">
    <ele>724.19</ele>
   </trkpt>
   <trkpt lat="47.21533" lon="10.722050000000001">
    <ele>723.9000000000001</ele>
   </trkpt>
   <trkpt lat="47.21519000000001" lon="10.72194">
    <ele>723.3900000000001</ele>
   </trkpt>
   <trkpt lat="47.215" lon="10.72174">
    <ele>723.1</ele>
   </trkpt>
   <trkpt lat="47.214600000000004" lon="10.72114">
    <ele>723.13</ele>
   </trkpt>
   <trkpt lat="47.21453" lon="10.721">
    <ele>723.13</ele>
   </trkpt>
   <trkpt lat="47.21439" lon="10.72058">
    <ele>723.23</ele>
   </trkpt>
   <trkpt lat="47.21426751384213" lon="10.719549992831913">
    <ele>723.1700000000001</ele>
   </trkpt>
   <trkpt lat="47.2141450184537" lon="10.718519990422116">
    <ele>723.5100000000001</ele>
   </trkpt>
   <trkpt lat="47.214022513834834" lon="10.71748999277093">
    <ele>723.53</ele>
   </trkpt>
   <trkpt lat="47.2139" lon="10.716460000000001">
    <ele>723.7</ele>
   </trkpt>
   <trkpt lat="47.21388" lon="10.71597">
    <ele>723.8500000000001</ele>
   </trkpt>
   <trkpt lat="47.21389667381779" lon="10.715063333965771">
    <ele>724.0300000000001</ele>
   </trkpt>
   <trkpt lat="47.213913340483316" lon="10.71415666736152">
    <ele>723.99</ele>
   </trkpt>
   <trkpt lat="47.213930000000005" lon="10.71325">
    <ele>724.23</ele>
   </trkpt>
   <trkpt lat="47.21392" lon="10.712200000000001">
    <ele>724.2700000000001</ele>
   </trkpt>
   <trkpt lat="47.213860000000004" lon="10.711620000000002">
    <ele>724.47</ele>
   </trkpt>
   <trkpt lat="47.21372" lon="10.71063">
    <ele>724.45</ele>
   </trkpt>
   <trkpt lat="47.213540006136704" lon="10.70944499616153">
    <ele>724.36</ele>
   </trkpt>
   <trkpt lat="47.21336" lon="10.708260000000001">
    <ele>724.6800000000001</ele>
   </trkpt>
   <trkpt lat="47.21325" lon="10.70766">
    <ele>724.59</ele>
   </trkpt>
   <trkpt lat="47.213170000000005" lon="10.707410000000001">
    <ele>724.6600000000001</ele>
   </trkpt>
   <trkpt lat="47.212770000000006" lon="10.70639">
    <ele>724.7</ele>
   </trkpt>
   <trkpt lat="47.21255000000001" lon="10.70588">
    <ele>724.8100000000001</ele>
   </trkpt>
   <trkpt lat="47.212480000000006" lon="10.70579">
    <ele>724.8100000000001</ele>
   </trkpt>
   <trkpt lat="47.21238" lon="10.705720000000001">
    <ele>724.9100000000001</ele>
   </trkpt>
   <trkpt lat="47.21228000000001" lon="10.705680000000001">
    <ele>724.9100000000001</ele>
   </trkpt>
   <trkpt lat="47.212160000000004" lon="10.70569">
    <ele>725.01</ele>
   </trkpt>
   <trkpt lat="47.21193" lon="10.70578">
    <ele>725.4100000000001</ele>
   </trkpt>
   <trkpt lat="47.21172000000001" lon="10.70593">
    <ele>726.0500000000001</ele>
   </trkpt>
   <trkpt lat="47.21148" lon="10.706150000000001">
    <ele>727.37</ele>
   </trkpt>
   <trkpt lat="47.21139" lon="10.70626">
    <ele>727.8800000000001</ele>
   </trkpt>
   <trkpt lat="47.21121" lon="10.706380000000001">
    <ele>727.75</ele>
   </trkpt>
   <trkpt lat="47.21107000000001" lon="10.70658">
    <ele>728.65</ele>
   </trkpt>
   <trkpt lat="47.210770000000004" lon="10.70709">
    <ele>732.4000000000001</ele>
   </trkpt>
   <trkpt lat="47.21067" lon="10.70716">
    <ele>733.8100000000001</ele>
   </trkpt>
   <trkpt lat="47.210570000000004" lon="10.70719">
    <ele>736.3700000000001</ele>
   </trkpt>
   <trkpt lat="47.210260000000005" lon="10.707210000000002">
    <ele>741.92</ele>
   </trkpt>
   <trkpt lat="47.21016" lon="10.70725">
    <ele>741.92</ele>
   </trkpt>
   <trkpt lat="47.210080000000005" lon="10.707310000000001">
    <ele>744.47</ele>
   </trkpt>
   <trkpt lat="47.20987" lon="10.707630000000002">
    <ele>748.1700000000001</ele>
   </trkpt>
   <trkpt lat="47.209740000000004" lon="10.70775">
    <ele>750.12</ele>
   </trkpt>
   <trkpt lat="47.20938" lon="10.70794">
    <ele>757.4900000000001</ele>
   </trkpt>
   <trkpt lat="47.20929" lon="10.70795">
    <ele>758.4000000000001</ele>
   </trkpt>
   <trkpt lat="47.20922" lon="10.707920000000001">
    <ele>758.8300000000002</ele>
   </trkpt>
   <trkpt lat="47.20918" lon="10.707790000000001">
    <ele>759.63</ele>
   </trkpt>
   <trkpt lat="47.20917000000001" lon="10.70767">
    <ele>761.17</ele>
   </trkpt>
   <trkpt lat="47.2092" lon="10.70728">
    <ele>763.2700000000001</ele>
   </trkpt>
   <trkpt lat="47.20919000000001" lon="10.706430000000001">
    <ele>768.46</ele>
   </trkpt>
   <trkpt lat="47.20904" lon="10.70559">
    <ele>774.05</ele>
   </trkpt>
   <trkpt lat="47.20893" lon="10.70518">
    <ele>780.58</ele>
   </trkpt>
   <trkpt lat="47.208940000000005" lon="10.70489">
    <ele>780.58</ele>
   </trkpt>
   <trkpt lat="47.209250000000004" lon="10.704">
    <ele>788.59</ele>
   </trkpt>
   <trkpt lat="47.209270000000004" lon="10.703830000000002">
    <ele>789.5200000000001</ele>
   </trkpt>
   <trkpt lat="47.20924" lon="10.70378">
    <ele>789.5200000000001</ele>
   </trkpt>
   <trkpt lat="47.20919000000001" lon="10.70376">
    <ele>790.5300000000001</ele>
   </trkpt>
   <trkpt lat="47.20913" lon="10.70378">
    <ele>790.5300000000001</ele>
   </trkpt>
   <trkpt lat="47.208920000000006" lon="10.70434">
    <ele>794.21</ele>
   </trkpt>
   <trkpt lat="47.20868" lon="10.70476">
    <ele>796.6800000000001</ele>
   </trkpt>
   <trkpt lat="47.20863000000001" lon="10.704910000000002">
    <ele>800.58</ele>
   </trkpt>
   <trkpt lat="47.20859" lon="10.70514">
    <ele>800.58</ele>
   </trkpt>
   <trkpt lat="47.20862" lon="10.70593">
    <ele>806.7800000000001</ele>
   </trkpt>
   <trkpt lat="47.208540000000006" lon="10.70602">
    <ele>807.4100000000001</ele>
   </trkpt>
   <trkpt lat="47.208490000000005" lon="10.705990000000002">
    <ele>807.4100000000001</ele>
   </trkpt>
   <trkpt lat="47.20846" lon="10.705910000000001">
    <ele>807.4100000000001</ele>
   </trkpt>
   <trkpt lat="47.208400000000005" lon="10.7056">
    <ele>809.5300000000001</ele>
   </trkpt>
   <trkpt lat="47.20837" lon="10.705380000000002">
    <ele>811.3100000000001</ele>
   </trkpt>
   <trkpt lat="47.20837" lon="10.70513">
    <ele>811.3100000000001</ele>
   </trkpt>
   <trkpt lat="47.20844" lon="10.704490000000002">
    <ele>817.74</ele>
   </trkpt>
   <trkpt lat="47.208510000000004" lon="10.704120000000001">
    <ele>820.3000000000001</ele>
   </trkpt>
   <trkpt lat="47.208760000000005" lon="10.703000000000001">
    <ele>829.0500000000001</ele>
   </trkpt>
   <trkpt lat="47.2088900020632" lon="10.702315001563536">
    <ele>836.22</ele>
   </trkpt>
   <trkpt lat="47.20902" lon="10.701630000000002">
    <ele>842.4100000000001</ele>
   </trkpt>
   <trkpt lat="47.209030000000006" lon="10.701400000000001">
    <ele>843.99</ele>
   </trkpt>
   <trkpt lat="47.209030000000006" lon="10.701220000000001">
    <ele>843.99</ele>
   </trkpt>
   <trkpt lat="47.20895" lon="10.70081">
    <ele>850.1</ele>
   </trkpt>
   <trkpt lat="47.208870000000005" lon="10.700640000000002">
    <ele>850.1</ele>
   </trkpt>
   <trkpt lat="47.20877" lon="10.70048">
    <ele>853.25</ele>
   </trkpt>
   <trkpt lat="47.20862" lon="10.700320000000001">
    <ele>854.8500000000001</ele>
   </trkpt>
   <trkpt lat="47.208200000000005" lon="10.700050000000001">
    <ele>859.26</ele>
   </trkpt>
   <trkpt lat="47.208040000000004" lon="10.699860000000001">
    <ele>863.04</ele>
   </trkpt>
   <trkpt lat="47.20792" lon="10.69963">
    <ele>863.04</ele>
   </trkpt>
   <trkpt lat="47.2077" lon="10.69876">
    <ele>872.8800000000001</ele>
   </trkpt>
   <trkpt lat="47.207620000000006" lon="10.698540000000001">
    <ele>874.85</ele>
   </trkpt>
   <trkpt lat="47.207440000000005" lon="10.698220000000001">
    <ele>877.1600000000001</ele>
   </trkpt>
   <trkpt lat="47.207260000000005" lon="10.69799">
    <ele>879.2800000000001</ele>
   </trkpt>
   <trkpt lat="47.2068" lon="10.69762">
    <ele>883.2200000000001</ele>
   </trkpt>
   <trkpt lat="47.20647" lon="10.697270000000001">
    <ele>884.21</ele>
   </trkpt>
   <trkpt lat="47.20597" lon="10.696660000000001">
    <ele>885.12</ele>
   </trkpt>
   <trkpt lat="47.20548" lon="10.696100000000001">
    <ele>885.2</ele>
   </trkpt>
   <trkpt lat="47.205450000000006" lon="10.69598">
    <ele>884.46</ele>
   </trkpt>
   <trkpt lat="47.20568" lon="10.695680000000001">
    <ele>884.21</ele>
   </trkpt>
   <trkpt lat="47.20570000000001" lon="10.69561">
    <ele>884.21</ele>
   </trkpt>
   <trkpt lat="47.205510000000004" lon="10.69438">
    <ele>882.45</ele>
   </trkpt>
   <trkpt lat="47.2055" lon="10.69421">
    <ele>881.5200000000001</ele>
   </trkpt>
   <trkpt lat="47.205540000000006" lon="10.693980000000002">
    <ele>879.99</ele>
   </trkpt>
   <trkpt lat="47.20555" lon="10.69368">
    <ele>879.99</ele>
   </trkpt>
   <trkpt lat="47.205540000000006" lon="10.693980000000002">
    <ele>882.46</ele>
   </trkpt>
   <trkpt lat="47.2055" lon="10.69421">
    <ele>882.46</ele>
   </trkpt>
   <trkpt lat="47.205510000000004" lon="10.69438">
    <ele>882.46</ele>
   </trkpt>
   <trkpt lat="47.20570000000001" lon="10.69561">
    <ele>882.5100000000001</ele>
   </trkpt>
   <trkpt lat="47.20568" lon="10.695680000000001">
    <ele>882.5100000000001</ele>
   </trkpt>
   <trkpt lat="47.205450000000006" lon="10.69598">
    <ele>886.44</ele>
   </trkpt>
   <trkpt lat="47.20548" lon="10.696100000000001">
    <ele>886.44</ele>
   </trkpt>
   <trkpt lat="47.20597" lon="10.696660000000001">
    <ele>884.72</ele>
   </trkpt>
   <trkpt lat="47.20647" lon="10.697270000000001">
    <ele>884.8600000000001</ele>
   </trkpt>
   <trkpt lat="47.2068" lon="10.69762">
    <ele>879.68</ele>
   </trkpt>
   <trkpt lat="47.207260000000005" lon="10.69799">
    <ele>877.09</ele>
   </trkpt>
   <trkpt lat="47.207440000000005" lon="10.698220000000001">
    <ele>877.09</ele>
   </trkpt>
   <trkpt lat="47.207620000000006" lon="10.698540000000001">
    <ele>871.74</ele>
   </trkpt>
   <trkpt lat="47.2077" lon="10.69876">
    <ele>871.74</ele>
   </trkpt>
   <trkpt lat="47.20792" lon="10.69963">
    <ele>853.0000000000001</ele>
   </trkpt>
   <trkpt lat="47.208040000000004" lon="10.699860000000001">
    <ele>853.0000000000001</ele>
   </trkpt>
   <trkpt lat="47.208200000000005" lon="10.700050000000001">
    <ele>853.0000000000001</ele>
   </trkpt>
   <trkpt lat="47.20862" lon="10.700320000000001">
    <ele>844.19</ele>
   </trkpt>
   <trkpt lat="47.20877" lon="10.70048">
    <ele>844.19</ele>
   </trkpt>
   <trkpt lat="47.208870000000005" lon="10.700640000000002">
    <ele>844.19</ele>
   </trkpt>
   <trkpt lat="47.20895" lon="10.70081">
    <ele>844.19</ele>
   </trkpt>
   <trkpt lat="47.209030000000006" lon="10.701220000000001">
    <ele>844.19</ele>
   </trkpt>
   <trkpt lat="47.209030000000006" lon="10.701400000000001">
    <ele>844.19</ele>
   </trkpt>
   <trkpt lat="47.20902" lon="10.701630000000002">
    <ele>844.19</ele>
   </trkpt>
   <trkpt lat="47.208890002019395" lon="10.702315001794313">
    <ele>828.67</ele>
   </trkpt>
   <trkpt lat="47.208760000000005" lon="10.703000000000001">
    <ele>832.97</ele>
   </trkpt>
   <trkpt lat="47.208510000000004" lon="10.704120000000001">
    <ele>832.97</ele>
   </trkpt>
   <trkpt lat="47.20844" lon="10.704490000000002">
    <ele>803.1700000000001</ele>
   </trkpt>
   <trkpt lat="47.20837" lon="10.70513">
    <ele>803.1700000000001</ele>
   </trkpt>
   <trkpt lat="47.20837" lon="10.705380000000002">
    <ele>803.1700000000001</ele>
   </trkpt>
   <trkpt lat="47.208400000000005" lon="10.7056">
    <ele>803.1700000000001</ele>
   </trkpt>
   <trkpt lat="47.20846" lon="10.705910000000001">
    <ele>803.1700000000001</ele>
   </trkpt>
   <trkpt lat="47.208490000000005" lon="10.705990000000002">
    <ele>803.1700000000001</ele>
   </trkpt>
   <trkpt lat="47.208540000000006" lon="10.70602">
    <ele>803.1700000000001</ele>
   </trkpt>
   <trkpt lat="47.20862" lon="10.70593">
    <ele>803.1700000000001</ele>
   </trkpt>
   <trkpt lat="47.20859" lon="10.70514">
    <ele>803.1700000000001</ele>
   </trkpt>
   <trkpt lat="47.20863000000001" lon="10.704910000000002">
    <ele>786.1700000000001</ele>
   </trkpt>
   <trkpt lat="47.20868" lon="10.70476">
    <ele>786.1700000000001</ele>
   </trkpt>
   <trkpt lat="47.208920000000006" lon="10.70434">
    <ele>786.1700000000001</ele>
   </trkpt>
   <trkpt lat="47.20913" lon="10.70378">
    <ele>786.1700000000001</ele>
   </trkpt>
   <trkpt lat="47.20919000000001" lon="10.70376">
    <ele>786.1700000000001</ele>
   </trkpt>
   <trkpt lat="47.20924" lon="10.70378">
    <ele>786.1700000000001</ele>
   </trkpt>
   <trkpt lat="47.209270000000004" lon="10.703830000000002">
    <ele>786.1700000000001</ele>
   </trkpt>
   <trkpt lat="47.209250000000004" lon="10.704">
    <ele>786.1700000000001</ele>
   </trkpt>
   <trkpt lat="47.208940000000005" lon="10.70489">
    <ele>786.1700000000001</ele>
   </trkpt>
   <trkpt lat="47.20893" lon="10.70518">
    <ele>786.1700000000001</ele>
   </trkpt>
   <trkpt lat="47.20904" lon="10.70559">
    <ele>762.9200000000001</ele>
   </trkpt>
   <trkpt lat="47.20919000000001" lon="10.706430000000001">
    <ele>762.9200000000001</ele>
   </trkpt>
   <trkpt lat="47.2092" lon="10.70728">
    <ele>762.9200000000001</ele>
   </trkpt>
   <trkpt lat="47.20917000000001" lon="10.70767">
    <ele>755.2500000000001</ele>
   </trkpt>
   <trkpt lat="47.20918" lon="10.707790000000001">
    <ele>755.2500000000001</ele>
   </trkpt>
   <trkpt lat="47.20922" lon="10.707920000000001">
    <ele>755.2500000000001</ele>
   </trkpt>
   <trkpt lat="47.20929" lon="10.70795">
    <ele>755.2500000000001</ele>
   </trkpt>
   <trkpt lat="47.20938" lon="10.70794">
    <ele>755.2500000000001</ele>
   </trkpt>
   <trkpt lat="47.209740000000004" lon="10.70775">
    <ele>738.3400000000001</ele>
   </trkpt>
   <trkpt lat="47.20987" lon="10.707630000000002">
    <ele>738.3400000000001</ele>
   </trkpt>
   <trkpt lat="47.210080000000005" lon="10.707310000000001">
    <ele>738.3400000000001</ele>
   </trkpt>
   <trkpt lat="47.21016" lon="10.70725">
    <ele>738.3400000000001</ele>
   </trkpt>
   <trkpt lat="47.210260000000005" lon="10.707210000000002">
    <ele>738.3400000000001</ele>
   </trkpt>
   <trkpt lat="47.210570000000004" lon="10.70719">
    <ele>729.58</ele>
   </trkpt>
   <trkpt lat="47.21067" lon="10.70716">
    <ele>729.22</ele>
   </trkpt>
   <trkpt lat="47.210770000000004" lon="10.70709">
    <ele>729.22</ele>
   </trkpt>
   <trkpt lat="47.21107000000001" lon="10.70658">
    <ele>724.8100000000001</ele>
   </trkpt>
   <trkpt lat="47.21121" lon="10.706380000000001">
    <ele>723.7600000000001</ele>
   </trkpt>
   <trkpt lat="47.21139" lon="10.70626">
    <ele>723.6800000000001</ele>
   </trkpt>
   <trkpt lat="47.21148" lon="10.706150000000001">
    <ele>723.6800000000001</ele>
   </trkpt>
   <trkpt lat="47.21172000000001" lon="10.70593">
    <ele>722.1</ele>
   </trkpt>
   <trkpt lat="47.21193" lon="10.70578">
    <ele>722.1</ele>
   </trkpt>
   <trkpt lat="47.212160000000004" lon="10.70569">
    <ele>722.1</ele>
   </trkpt>
   <trkpt lat="47.21228000000001" lon="10.705680000000001">
    <ele>722.1</ele>
   </trkpt>
   <trkpt lat="47.21238" lon="10.705720000000001">
    <ele>722.23</ele>
   </trkpt>
   <trkpt lat="47.212480000000006" lon="10.70579">
    <ele>722.23</ele>
   </trkpt>
   <trkpt lat="47.21255000000001" lon="10.70588">
    <ele>722.23</ele>
   </trkpt>
   <trkpt lat="47.212770000000006" lon="10.70639">
    <ele>721.98</ele>
   </trkpt>
   <trkpt lat="47.213170000000005" lon="10.707410000000001">
    <ele>721.9000000000001</ele>
   </trkpt>
   <trkpt lat="47.21325" lon="10.70766">
    <ele>721.7500000000001</ele>
   </trkpt>
   <trkpt lat="47.21336" lon="10.708260000000001">
    <ele>721.7500000000001</ele>
   </trkpt>
   <trkpt lat="47.2135400060809" lon="10.709444995794168">
    <ele>721.6700000000001</ele>
   </trkpt>
   <trkpt lat="47.21372" lon="10.71063">
    <ele>721.6700000000001</ele>
   </trkpt>
   <trkpt lat="47.213860000000004" lon="10.711620000000002">
    <ele>721.6700000000001</ele>
   </trkpt>
   <trkpt lat="47.21392" lon="10.712200000000001">
    <ele>721.6700000000001</ele>
   </trkpt>
   <trkpt lat="47.213930000000005" lon="10.71325">
    <ele>721.21</ele>
   </trkpt>
   <trkpt lat="47.21391334048676" lon="10.71415666717403">
    <ele>721.21</ele>
   </trkpt>
   <trkpt lat="47.21389667382125" lon="10.715063333778286">
    <ele>721.21</ele>
   </trkpt>
   <trkpt lat="47.21388" lon="10.71597">
    <ele>721.21</ele>
   </trkpt>
   <trkpt lat="47.2139" lon="10.716460000000001">
    <ele>721.1800000000001</ele>
   </trkpt>
   <trkpt lat="47.21402251384927" lon="10.717489992892265">
    <ele>721.1800000000001</ele>
   </trkpt>
   <trkpt lat="47.214145018468145" lon="10.718519990543449">
    <ele>721.1500000000001</ele>
   </trkpt>
   <trkpt lat="47.21426751385657" lon="10.719549992953244">
    <ele>720.83</ele>
   </trkpt>
   <trkpt lat="47.21439" lon="10.72058">
    <ele>720.83</ele>
   </trkpt>
   <trkpt lat="47.21453" lon="10.721">
    <ele>720.6300000000001</ele>
   </trkpt>
   <trkpt lat="47.214600000000004" lon="10.72114">
    <ele>720.58</ele>
   </trkpt>
   <trkpt lat="47.215" lon="10.72174">
    <ele>720.58</ele>
   </trkpt>
   <trkpt lat="47.21519000000001" lon="10.72194">
    <ele>719.0300000000001</ele>
   </trkpt>
   <trkpt lat="47.21533" lon="10.722050000000001">
    <ele>719.0300000000001</ele>
   </trkpt>
   <trkpt lat="47.21546000000001" lon="10.72212">
    <ele>719.0300000000001</ele>
   </trkpt>
   <trkpt lat="47.21571" lon="10.722180000000002">
    <ele>719.0300000000001</ele>
   </trkpt>
   <trkpt lat="47.21618499977975" lon="10.72212000056727">
    <ele>720.4100000000001</ele>
   </trkpt>
   <trkpt lat="47.216660000000005" lon="10.72206">
    <ele>720.4100000000001</ele>
   </trkpt>
   <trkpt lat="47.216840000000005" lon="10.72206">
    <ele>720.4100000000001</ele>
   </trkpt>
   <trkpt lat="47.217020000000005" lon="10.722100000000001">
    <ele>721.11</ele>
   </trkpt>
   <trkpt lat="47.217220000000005" lon="10.7222">
    <ele>721.11</ele>
   </trkpt>
   <trkpt lat="47.217380000000006" lon="10.72234">
    <ele>721.11</ele>
   </trkpt>
   <trkpt lat="47.21761" lon="10.72264">
    <ele>721.11</ele>
   </trkpt>
   <trkpt lat="47.217760000000006" lon="10.723030000000001">
    <ele>721.11</ele>
   </trkpt>
   <trkpt lat="47.21784" lon="10.72342">
    <ele>720.1200000000001</ele>
   </trkpt>
   <trkpt lat="47.21791500327784" lon="10.724289998597042">
    <ele>719.72</ele>
   </trkpt>
   <trkpt lat="47.21799" lon="10.72516">
    <ele>719.37</ele>
   </trkpt>
   <trkpt lat="47.218016675366826" lon="10.72615999898134">
    <ele>719.5600000000001</ele>
   </trkpt>
   <trkpt lat="47.21804334203316" lon="10.727159998968697">
    <ele>719.5600000000001</ele>
   </trkpt>
   <trkpt lat="47.218070000000004" lon="10.72816">
    <ele>718.98</ele>
   </trkpt>
   <trkpt lat="47.218090006961674" lon="10.729424999540672">
    <ele>718.23</ele>
   </trkpt>
   <trkpt lat="47.21811" lon="10.730690000000001">
    <ele>718.1200000000001</ele>
   </trkpt>
   <trkpt lat="47.218160000000005" lon="10.731280000000002">
    <ele>717.99</ele>
   </trkpt>
   <trkpt lat="47.21815" lon="10.731570000000001">
    <ele>717.96</ele>
   </trkpt>
   <trkpt lat="47.218120000000006" lon="10.731620000000001">
    <ele>717.96</ele>
   </trkpt>
   <trkpt lat="47.21810000000001" lon="10.731720000000001">
    <ele>717.8100000000001</ele>
   </trkpt>
   <trkpt lat="47.21813" lon="10.73183">
    <ele>717.8100000000001</ele>
   </trkpt>
   <trkpt lat="47.21815" lon="10.73187">
    <ele>717.8100000000001</ele>
   </trkpt>
   <trkpt lat="47.21818334226507" lon="10.732883331988337">
    <ele>717.8100000000001</ele>
   </trkpt>
   <trkpt lat="47.21821667559607" lon="10.73389666525093">
    <ele>717.5</ele>
   </trkpt>
   <trkpt lat="47.218250000000005" lon="10.734910000000001">
    <ele>717.33</ele>
   </trkpt>
   <trkpt lat="47.218230000000005" lon="10.735050000000001">
    <ele>717.33</ele>
   </trkpt>
   <trkpt lat="47.21819000000001" lon="10.735090000000001">
    <ele>717.33</ele>
   </trkpt>
   <trkpt lat="47.21817" lon="10.73516">
    <ele>717.32</ele>
   </trkpt>
   <trkpt lat="47.21817" lon="10.73529">
    <ele>717.32</ele>
   </trkpt>
   <trkpt lat="47.21819000000001" lon="10.73534">
    <ele>717.2900000000001</ele>
   </trkpt>
   <trkpt lat="47.218250000000005" lon="10.7354">
    <ele>717.2700000000001</ele>
   </trkpt>
   <trkpt lat="47.21828000000001" lon="10.73582">
    <ele>717.23</ele>
   </trkpt>
   <trkpt lat="47.21831" lon="10.735940000000001">
    <ele>717.23</ele>
   </trkpt>
   <trkpt lat="47.218323344247025" lon="10.737059999418591">
    <ele>717.3100000000001</ele>
   </trkpt>
   <trkpt lat="47.21833667758014" lon="10.73817999940069">
    <ele>716.71</ele>
   </trkpt>
   <trkpt lat="47.21835" lon="10.7393">
    <ele>716.71</ele>
   </trkpt>
   <trkpt lat="47.21842" lon="10.739740000000001">
    <ele>716.4200000000001</ele>
   </trkpt>
   <trkpt lat="47.21858" lon="10.740120000000001">
    <ele>716.4200000000001</ele>
   </trkpt>
   <trkpt lat="47.218610000000005" lon="10.74027">
    <ele>716.4200000000001</ele>
   </trkpt>
   <trkpt lat="47.218630000000005" lon="10.74117">
    <ele>716.3100000000001</ele>
   </trkpt>
   <trkpt lat="47.218610000000005" lon="10.741340000000001">
    <ele>716.3100000000001</ele>
   </trkpt>
   <trkpt lat="47.218560000000004" lon="10.74145">
    <ele>716.3100000000001</ele>
   </trkpt>
   <trkpt lat="47.21846" lon="10.7416">
    <ele>716.3100000000001</ele>
   </trkpt>
   <trkpt lat="47.218410000000006" lon="10.741700000000002">
    <ele>716.3100000000001</ele>
   </trkpt>
   <trkpt lat="47.21838" lon="10.741840000000002">
    <ele>716.3100000000001</ele>
   </trkpt>
   <trkpt lat="47.218410000000006" lon="10.742730000000002">
    <ele>716.3100000000001</ele>
   </trkpt>
   <trkpt lat="47.2184" lon="10.74383">
    <ele>715.3100000000001</ele>
   </trkpt>
   <trkpt lat="47.21840751305046" lon="10.744829999536835">
    <ele>714.96</ele>
   </trkpt>
   <trkpt lat="47.218415017400424" lon="10.745829999356896">
    <ele>714.69</ele>
   </trkpt>
   <trkpt lat="47.21842251304987" lon="10.74682999945986">
    <ele>714.45</ele>
   </trkpt>
   <trkpt lat="47.218430000000005" lon="10.74783">
    <ele>714.45</ele>
   </trkpt>
   <trkpt lat="47.21846" lon="10.74815">
    <ele>714.45</ele>
   </trkpt>
   <trkpt lat="47.21851" lon="10.748460000000001">
    <ele>714.45</ele>
   </trkpt>
   <trkpt lat="47.2186" lon="10.74872">
    <ele>714.45</ele>
   </trkpt>
   <trkpt lat="47.21869" lon="10.74892">
    <ele>714.45</ele>
   </trkpt>
   <trkpt lat="47.218810000000005" lon="10.749130000000001">
    <ele>714.45</ele>
   </trkpt>
   <trkpt lat="47.218970000000006" lon="10.74933">
    <ele>716.96</ele>
   </trkpt>
   <trkpt lat="47.219400000460936" lon="10.749659997313842">
    <ele>716.96</ele>
   </trkpt>
   <trkpt lat="47.21983" lon="10.74999">
    <ele>716.96</ele>
   </trkpt>
   <trkpt lat="47.220090000000006" lon="10.75032">
    <ele>716.96</ele>
   </trkpt>
   <trkpt lat="47.22025000000001" lon="10.750680000000001">
    <ele>716.96</ele>
   </trkpt>
   <trkpt lat="47.22034000000001" lon="10.75093">
    <ele>715.94</ele>
   </trkpt>
   <trkpt lat="47.22054000000001" lon="10.751560000000001">
    <ele>715.32</ele>
   </trkpt>
   <trkpt lat="47.220620000000004" lon="10.751890000000001">
    <ele>717.72</ele>
   </trkpt>
   <trkpt lat="47.22061" lon="10.75196">
    <ele>717.72</ele>
   </trkpt>
   <trkpt lat="47.22059" lon="10.752030000000001">
    <ele>717.72</ele>
   </trkpt>
   <trkpt lat="47.220490000000005" lon="10.75211">
    <ele>717.72</ele>
   </trkpt>
   <trkpt lat="47.220040000000004" lon="10.752270000000001">
    <ele>719.9700000000001</ele>
   </trkpt>
   <trkpt lat="47.2199" lon="10.75234">
    <ele>719.9700000000001</ele>
   </trkpt>
   <trkpt lat="47.21932" lon="10.752730000000001">
    <ele>723.7900000000001</ele>
   </trkpt>
   <trkpt lat="47.21938" lon="10.7529">
    <ele>729.75</ele>
   </trkpt>
   <trkpt lat="47.21942000000001" lon="10.752960000000002">
    <ele>729.75</ele>
   </trkpt>
   <trkpt lat="47.219480000000004" lon="10.753">
    <ele>729.75</ele>
   </trkpt>
   <trkpt lat="47.219710000000006" lon="10.753060000000001">
    <ele>731.47</ele>
   </trkpt>
   <trkpt lat="47.219800000000006" lon="10.753120000000001">
    <ele>731.47</ele>
   </trkpt>
   <trkpt lat="47.220000000000006" lon="10.753300000000001">
    <ele>732.6700000000001</ele>
   </trkpt>
   <trkpt lat="47.220270000000006" lon="10.753580000000001">
    <ele>743.01</ele>
   </trkpt>
   <trkpt lat="47.220400000000005" lon="10.753730000000001">
    <ele>743.01</ele>
   </trkpt>
   <trkpt lat="47.220510000000004" lon="10.753900000000002">
    <ele>743.01</ele>
   </trkpt>
   <trkpt lat="47.220580000000005" lon="10.754130000000002">
    <ele>743.0000000000001</ele>
   </trkpt>
   <trkpt lat="47.220580000000005" lon="10.754280000000001">
    <ele>743.0000000000001</ele>
   </trkpt>
   <trkpt lat="47.22048" lon="10.75491">
    <ele>747.68</ele>
   </trkpt>
   <trkpt lat="47.220420000000004" lon="10.755260000000002">
    <ele>747.68</ele>
   </trkpt>
   <trkpt lat="47.22026" lon="10.755510000000001">
    <ele>748.97</ele>
   </trkpt>
   <trkpt lat="47.220240000000004" lon="10.75558">
    <ele>748.97</ele>
   </trkpt>
   <trkpt lat="47.22025000000001" lon="10.75572">
    <ele>748.97</ele>
   </trkpt>
   <trkpt lat="47.220270000000006" lon="10.755780000000001">
    <ele>748.97</ele>
   </trkpt>
   <trkpt lat="47.22021" lon="10.755870000000002">
    <ele>751.73</ele>
   </trkpt>
   <trkpt lat="47.220200000000006" lon="10.75605">
    <ele>751.7900000000001</ele>
   </trkpt>
   <trkpt lat="47.22025000000001" lon="10.756160000000001">
    <ele>751.7900000000001</ele>
   </trkpt>
   <trkpt lat="47.22034000000001" lon="10.756210000000001">
    <ele>748.53</ele>
   </trkpt>
   <trkpt lat="47.22039" lon="10.756200000000002">
    <ele>748.4900000000001</ele>
   </trkpt>
   <trkpt lat="47.22046" lon="10.756530000000001">
    <ele>736.97</ele>
   </trkpt>
   <trkpt lat="47.220530000000004" lon="10.75664">
    <ele>736.97</ele>
   </trkpt>
   <trkpt lat="47.220650000000006" lon="10.75675">
    <ele>736.97</ele>
   </trkpt>
   <trkpt lat="47.220710000000004" lon="10.756770000000001">
    <ele>741.53</ele>
   </trkpt>
   <trkpt lat="47.22095" lon="10.756780000000001">
    <ele>741.53</ele>
   </trkpt>
   <trkpt lat="47.221030000000006" lon="10.75684">
    <ele>745.89</ele>
   </trkpt>
   <trkpt lat="47.22113" lon="10.757000000000001">
    <ele>745.89</ele>
   </trkpt>
   <trkpt lat="47.22117" lon="10.757430000000001">
    <ele>744.5400000000001</ele>
   </trkpt>
   <trkpt lat="47.22119000000001" lon="10.757950000000001">
    <ele>744.5400000000001</ele>
   </trkpt>
   <trkpt lat="47.221140018636866" lon="10.759145003376025">
    <ele>750.6</ele>
   </trkpt>
   <trkpt lat="47.22109002484926" lon="10.760340004498616">
    <ele>750.6</ele>
   </trkpt>
   <trkpt lat="47.22104001863722" lon="10.76153500336723">
    <ele>760.82</ele>
   </trkpt>
   <trkpt lat="47.22099" lon="10.762730000000001">
    <ele>760.82</ele>
   </trkpt>
   <trkpt lat="47.22095" lon="10.76298">
    <ele>760.82</ele>
   </trkpt>
   <trkpt lat="47.22065000453076" lon="10.76399500557736">
    <ele>778.63</ele>
   </trkpt>
   <trkpt lat="47.22035" lon="10.76501">
    <ele>767.61</ele>
   </trkpt>
   <trkpt lat="47.22023" lon="10.76556">
    <ele>767.61</ele>
   </trkpt>
   <trkpt lat="47.2201" lon="10.766670000000001">
    <ele>767.61</ele>
   </trkpt>
   <trkpt lat="47.21997" lon="10.76731">
    <ele>771.88</ele>
   </trkpt>
   <trkpt lat="47.21988" lon="10.767570000000001">
    <ele>771.88</ele>
   </trkpt>
   <trkpt lat="47.21961500177065" lon="10.768220003413903">
    <ele>771.88</ele>
   </trkpt>
   <trkpt lat="47.219350000000006" lon="10.768870000000001">
    <ele>777.12</ele>
   </trkpt>
   <trkpt lat="47.2190600045026" lon="10.769890005661177">
    <ele>777.12</ele>
   </trkpt>
   <trkpt lat="47.218770000000006" lon="10.77091">
    <ele>778.84</ele>
   </trkpt>
   <trkpt lat="47.21829501572264" lon="10.77200752948906">
    <ele>782.5200000000001</ele>
   </trkpt>
   <trkpt lat="47.21782002096509" lon="10.773105039314382">
    <ele>782.5200000000001</ele>
   </trkpt>
   <trkpt lat="47.21734501572774" lon="10.774202529476208">
    <ele>782.5200000000001</ele>
   </trkpt>
   <trkpt lat="47.21687000000001" lon="10.775300000000001">
    <ele>798.0500000000001</ele>
   </trkpt>
   <trkpt lat="47.216460000000005" lon="10.776330000000002">
    <ele>798.0500000000001</ele>
   </trkpt>
   <trkpt lat="47.21625000180138" lon="10.776965002371979">
    <ele>801.8100000000001</ele>
   </trkpt>
   <trkpt lat="47.21604000000001" lon="10.777600000000001">
    <ele>801.8100000000001</ele>
   </trkpt>
   <trkpt lat="47.21569001151604" lon="10.778750015149592">
    <ele>804.1100000000001</ele>
   </trkpt>
   <trkpt lat="47.21534001152541" lon="10.779900015118487">
    <ele>806.83</ele>
   </trkpt>
   <trkpt lat="47.21499000000001" lon="10.78105">
    <ele>808.5600000000001</ele>
   </trkpt>
   <trkpt lat="47.21466000990473" lon="10.782116679924947">
    <ele>811.03</ele>
   </trkpt>
   <trkpt lat="47.21433000991003" lon="10.783183346574319">
    <ele>812.36</ele>
   </trkpt>
   <trkpt lat="47.214000000000006" lon="10.78425">
    <ele>812.36</ele>
   </trkpt>
   <trkpt lat="47.213860000000004" lon="10.784780000000001">
    <ele>812.36</ele>
   </trkpt>
   <trkpt lat="47.21365" lon="10.78598">
    <ele>826.59</ele>
   </trkpt>
   <trkpt lat="47.213530000000006" lon="10.787120000000002">
    <ele>826.59</ele>
   </trkpt>
   <trkpt lat="47.2135" lon="10.78775">
    <ele>826.59</ele>
   </trkpt>
   <trkpt lat="47.2135" lon="10.78838">
    <ele>826.59</ele>
   </trkpt>
   <trkpt lat="47.21353500475526" lon="10.789424999448016">
    <ele>826.59</ele>
   </trkpt>
   <trkpt lat="47.213570000000004" lon="10.790470000000001">
    <ele>822.9000000000001</ele>
   </trkpt>
   <trkpt lat="47.213570000000004" lon="10.79049">
    <ele>822.84</ele>
   </trkpt>
   <trkpt lat="47.21360001445765" lon="10.791542498228534">
    <ele>819.25</ele>
   </trkpt>
   <trkpt lat="47.213630019277154" lon="10.792594997648255">
    <ele>816.27</ele>
   </trkpt>
   <trkpt lat="47.213660014458526" lon="10.793647498258787">
    <ele>816.27</ele>
   </trkpt>
   <trkpt lat="47.21369000000001" lon="10.7947">
    <ele>807.24</ele>
   </trkpt>
   <trkpt lat="47.21372" lon="10.79512">
    <ele>807.24</ele>
   </trkpt>
   <trkpt lat="47.213770000000004" lon="10.795490000000001">
    <ele>807.24</ele>
   </trkpt>
   <trkpt lat="47.213955002897535" lon="10.796304997191864">
    <ele>807.24</ele>
   </trkpt>
   <trkpt lat="47.21414" lon="10.797120000000001">
    <ele>807.24</ele>
   </trkpt>
   <trkpt lat="47.21421" lon="10.79756">
    <ele>785.5500000000001</ele>
   </trkpt>
   <trkpt lat="47.21434000658175" lon="10.798789996986438">
    <ele>785.5500000000001</ele>
   </trkpt>
   <trkpt lat="47.214470000000006" lon="10.800020000000002">
    <ele>785.5500000000001</ele>
   </trkpt>
   <trkpt lat="47.21464" lon="10.80072">
    <ele>782.45</ele>
   </trkpt>
   <trkpt lat="47.21477" lon="10.80108">
    <ele>785.12</ele>
   </trkpt>
   <trkpt lat="47.21491" lon="10.801390000000001">
    <ele>785.12</ele>
   </trkpt>
   <trkpt lat="47.21539335056272" lon="10.80227995943976">
    <ele>772.41</ele>
   </trkpt>
   <trkpt lat="47.215876694234225" lon="10.803169935103554">
    <ele>773.7400000000001</ele>
   </trkpt>
   <trkpt lat="47.216360031014254" lon="10.804059926991728">
    <ele>773.7400000000001</ele>
   </trkpt>
   <trkpt lat="47.216843360902594" lon="10.804949935104618">
    <ele>773.7400000000001</ele>
   </trkpt>
   <trkpt lat="47.21732668389899" lon="10.805839959442563">
    <ele>773.7400000000001</ele>
   </trkpt>
   <trkpt lat="47.21781000000001" lon="10.806730000000002">
    <ele>739.6600000000001</ele>
   </trkpt>
   <trkpt lat="47.218050000000005" lon="10.807220000000001">
    <ele>739.6600000000001</ele>
   </trkpt>
   <trkpt lat="47.218300000000006" lon="10.8078">
    <ele>739.6600000000001</ele>
   </trkpt>
   <trkpt lat="47.21847" lon="10.80827">
    <ele>739.6600000000001</ele>
   </trkpt>
   <trkpt lat="47.218630000000005" lon="10.808810000000001">
    <ele>739.6600000000001</ele>
   </trkpt>
   <trkpt lat="47.218825003051016" lon="10.809649996830943">
    <ele>739.6600000000001</ele>
   </trkpt>
   <trkpt lat="47.21902" lon="10.810490000000001">
    <ele>739.6600000000001</ele>
   </trkpt>
   <trkpt lat="47.21923" lon="10.811190000000002">
    <ele>739.6600000000001</ele>
   </trkpt>
   <trkpt lat="47.21954" lon="10.811850000000002">
    <ele>726.99</ele>
   </trkpt>
   <trkpt lat="47.22006000687161" lon="10.812739982507912">
    <ele>726.99</ele>
   </trkpt>
   <trkpt lat="47.22058000685172" lon="10.813629982473582">
    <ele>726.36</ele>
   </trkpt>
   <trkpt lat="47.22110000000001" lon="10.814520000000002">
    <ele>726.9100000000001</ele>
   </trkpt>
   <trkpt lat="47.22158000756984" lon="10.81528247926102">
    <ele>723.14</ele>
   </trkpt>
   <trkpt lat="47.2220600100814" lon="10.816044972328974">
    <ele>721.49</ele>
   </trkpt>
   <trkpt lat="47.222540007534484" lon="10.816807479204213">
    <ele>712.98</ele>
   </trkpt>
   <trkpt lat="47.223020000000005" lon="10.817570000000002">
    <ele>714.08</ele>
   </trkpt>
   <trkpt lat="47.223220000000005" lon="10.818000000000001">
    <ele>713.6300000000001</ele>
   </trkpt>
   <trkpt lat="47.22336000000001" lon="10.81845">
    <ele>713.6300000000001</ele>
   </trkpt>
   <trkpt lat="47.22348" lon="10.818990000000001">
    <ele>710.2600000000001</ele>
   </trkpt>
   <trkpt lat="47.223660013023945" lon="10.820213325049417">
    <ele>706.1500000000001</ele>
   </trkpt>
   <trkpt lat="47.2238400130275" lon="10.821436658406574">
    <ele>710.99</ele>
   </trkpt>
   <trkpt lat="47.22402" lon="10.82266">
    <ele>711.9200000000001</ele>
   </trkpt>
   <trkpt lat="47.22410000000001" lon="10.823350000000001">
    <ele>715.5100000000001</ele>
   </trkpt>
   <trkpt lat="47.224120000000006" lon="10.823540000000001">
    <ele>715.6</ele>
   </trkpt>
   <trkpt lat="47.224120000000006" lon="10.82408">
    <ele>720.8500000000001</ele>
   </trkpt>
   <trkpt lat="47.224090000000004" lon="10.824620000000001">
    <ele>720.8500000000001</ele>
   </trkpt>
   <trkpt lat="47.22402" lon="10.825030000000002">
    <ele>720.8500000000001</ele>
   </trkpt>
   <trkpt lat="47.223890000000004" lon="10.825560000000001">
    <ele>722.47</ele>
   </trkpt>
   <trkpt lat="47.223780000000005" lon="10.825890000000001">
    <ele>722.47</ele>
   </trkpt>
   <trkpt lat="47.22348" lon="10.826500000000001">
    <ele>723.8500000000001</ele>
   </trkpt>
   <trkpt lat="47.22302000468838" lon="10.827233346044446">
    <ele>725.84</ele>
   </trkpt>
   <trkpt lat="47.222560004697804" lon="10.827966679362586">
    <ele>725.84</ele>
   </trkpt>
   <trkpt lat="47.222100000000005" lon="10.828700000000001">
    <ele>725.84</ele>
   </trkpt>
   <trkpt lat="47.221900000000005" lon="10.829120000000001">
    <ele>733.75</ele>
   </trkpt>
   <trkpt lat="47.22182" lon="10.829350000000002">
    <ele>733.75</ele>
   </trkpt>
   <trkpt lat="47.22167" lon="10.829870000000001">
    <ele>733.75</ele>
   </trkpt>
   <trkpt lat="47.22157000000001" lon="10.83041">
    <ele>733.75</ele>
   </trkpt>
   <trkpt lat="47.22153" lon="10.83093">
    <ele>733.75</ele>
   </trkpt>
   <trkpt lat="47.22153" lon="10.83145">
    <ele>733.75</ele>
   </trkpt>
   <trkpt lat="47.22161000887381" lon="10.832459996933075">
    <ele>733.75</ele>
   </trkpt>
   <trkpt lat="47.221690008872336" lon="10.833469996914433">
    <ele>735.0300000000001</ele>
   </trkpt>
   <trkpt lat="47.22177000000001" lon="10.834480000000001">
    <ele>735.0300000000001</ele>
   </trkpt>
   <trkpt lat="47.22187" lon="10.8352">
    <ele>735.0300000000001</ele>
   </trkpt>
   <trkpt lat="47.22204000000001" lon="10.83596">
    <ele>733.4200000000001</ele>
   </trkpt>
   <trkpt lat="47.22223" lon="10.83656">
    <ele>733.4200000000001</ele>
   </trkpt>
   <trkpt lat="47.22247500197019" lon="10.837239996742728">
    <ele>729.6</ele>
   </trkpt>
   <trkpt lat="47.22272" lon="10.83792">
    <ele>729.6</ele>
   </trkpt>
   <trkpt lat="47.22306251063294" lon="10.838822482516333">
    <ele>729.6</ele>
   </trkpt>
   <trkpt lat="47.22340501417954" lon="10.839724976694143">
    <ele>728.0500000000001</ele>
   </trkpt>
   <trkpt lat="47.22374751063964" lon="10.840627482533472">
    <ele>728.0500000000001</ele>
   </trkpt>
   <trkpt lat="47.224090000000004" lon="10.84153">
    <ele>728.0500000000001</ele>
   </trkpt>
   <trkpt lat="47.224450000000004" lon="10.84219">
    <ele>727.0200000000001</ele>
   </trkpt>
   <trkpt lat="47.224970000000006" lon="10.84298">
    <ele>727.0200000000001</ele>
   </trkpt>
   <trkpt lat="47.22550667193838" lon="10.843756650974756">
    <ele>726.6600000000001</ele>
   </trkpt>
   <trkpt lat="47.226043338628735" lon="10.844533317675445">
    <ele>721.9000000000001</ele>
   </trkpt>
   <trkpt lat="47.226580000000006" lon="10.845310000000001">
    <ele>720.57</ele>
   </trkpt>
   <trkpt lat="47.22710500784904" lon="10.846084976987651">
    <ele>725.1</ele>
   </trkpt>
   <trkpt lat="47.22763001047268" lon="10.846859969327141">
    <ele>725.1</ele>
   </trkpt>
   <trkpt lat="47.228155007870704" lon="10.84763497701891">
    <ele>720.4100000000001</ele>
   </trkpt>
   <trkpt lat="47.228680000000004" lon="10.848410000000001">
    <ele>720.4100000000001</ele>
   </trkpt>
   <trkpt lat="47.22905" lon="10.849">
    <ele>720.4100000000001</ele>
   </trkpt>
   <trkpt lat="47.229530000000004" lon="10.85003">
    <ele>728.5500000000001</ele>
   </trkpt>
   <trkpt lat="47.229980000000005" lon="10.851090000000001">
    <ele>735.65</ele>
   </trkpt>
   <trkpt lat="47.23017" lon="10.85148">
    <ele>732.16</ele>
   </trkpt>
   <trkpt lat="47.23039000000001" lon="10.85185">
    <ele>732.16</ele>
   </trkpt>
   <trkpt lat="47.230700000000006" lon="10.85227">
    <ele>736.9000000000001</ele>
   </trkpt>
   <trkpt lat="47.231320000000004" lon="10.85303">
    <ele>732.7900000000001</ele>
   </trkpt>
   <trkpt lat="47.23156" lon="10.85349">
    <ele>734.7</ele>
   </trkpt>
   <trkpt lat="47.231590000000004" lon="10.85373">
    <ele>734.6600000000001</ele>
   </trkpt>
   <trkpt lat="47.231550000000006" lon="10.85379">
    <ele>734.6600000000001</ele>
   </trkpt>
   <trkpt lat="47.23153000000001" lon="10.853940000000001">
    <ele>733.92</ele>
   </trkpt>
   <trkpt lat="47.231570000000005" lon="10.854090000000001">
    <ele>734.14</ele>
   </trkpt>
   <trkpt lat="47.23152" lon="10.854180000000001">
    <ele>734.11</ele>
   </trkpt>
   <trkpt lat="47.231500000000004" lon="10.85429">
    <ele>734.11</ele>
   </trkpt>
   <trkpt lat="47.23113000000001" lon="10.85491">
    <ele>731.98</ele>
   </trkpt>
   <trkpt lat="47.231" lon="10.855070000000001">
    <ele>732.1800000000001</ele>
   </trkpt>
   <trkpt lat="47.23089" lon="10.85513">
    <ele>732.1800000000001</ele>
   </trkpt>
   <trkpt lat="47.230830000000005" lon="10.85514">
    <ele>732.1700000000001</ele>
   </trkpt>
   <trkpt lat="47.23077000000001" lon="10.855110000000002">
    <ele>732.1700000000001</ele>
   </trkpt>
   <trkpt lat="47.230720000000005" lon="10.855070000000001">
    <ele>731.7900000000001</ele>
   </trkpt>
   <trkpt lat="47.230610000000006" lon="10.85495">
    <ele>731.7900000000001</ele>
   </trkpt>
   <trkpt lat="47.23062" lon="10.85486">
    <ele>730.92</ele>
   </trkpt>
   <trkpt lat="47.23059000000001" lon="10.85471">
    <ele>729.0500000000001</ele>
   </trkpt>
   <trkpt lat="47.23053" lon="10.85462">
    <ele>729.0500000000001</ele>
   </trkpt>
   <trkpt lat="47.23042" lon="10.85458">
    <ele>729.0500000000001</ele>
   </trkpt>
   <trkpt lat="47.23035" lon="10.854600000000001">
    <ele>727.25</ele>
   </trkpt>
   <trkpt lat="47.230290000000004" lon="10.854650000000001">
    <ele>727.25</ele>
   </trkpt>
   <trkpt lat="47.230230000000006" lon="10.85476">
    <ele>728.4</ele>
   </trkpt>
   <trkpt lat="47.23022" lon="10.8549">
    <ele>728.98</ele>
   </trkpt>
   <trkpt lat="47.230250000000005" lon="10.855060000000002">
    <ele>728.98</ele>
   </trkpt>
   <trkpt lat="47.23012000000001" lon="10.85543">
    <ele>730.16</ele>
   </trkpt>
   <trkpt lat="47.229670000000006" lon="10.85612">
    <ele>729.69</ele>
   </trkpt>
   <trkpt lat="47.22921" lon="10.856630000000001">
    <ele>731.87</ele>
   </trkpt>
   <trkpt lat="47.228755000540744" lon="10.857055003877214">
    <ele>730.3900000000001</ele>
   </trkpt>
   <trkpt lat="47.228300000000004" lon="10.85748">
    <ele>728.3900000000001</ele>
   </trkpt>
   <trkpt lat="47.22798" lon="10.857840000000001">
    <ele>728.3900000000001</ele>
   </trkpt>
   <trkpt lat="47.22773" lon="10.858170000000001">
    <ele>728.3900000000001</ele>
   </trkpt>
   <trkpt lat="47.227540000000005" lon="10.858490000000002">
    <ele>730.08</ele>
   </trkpt>
   <trkpt lat="47.2274" lon="10.858780000000001">
    <ele>730.08</ele>
   </trkpt>
   <trkpt lat="47.22713" lon="10.859620000000001">
    <ele>730.08</ele>
   </trkpt>
   <trkpt lat="47.22699" lon="10.85997">
    <ele>730.08</ele>
   </trkpt>
   <trkpt lat="47.22683000000001" lon="10.860230000000001">
    <ele>730.08</ele>
   </trkpt>
   <trkpt lat="47.226710000000004" lon="10.860370000000001">
    <ele>730.08</ele>
   </trkpt>
   <trkpt lat="47.226530000000004" lon="10.86054">
    <ele>730.08</ele>
   </trkpt>
   <trkpt lat="47.226350000000004" lon="10.86067">
    <ele>730.08</ele>
   </trkpt>
   <trkpt lat="47.22618000000001" lon="10.860750000000001">
    <ele>730.08</ele>
   </trkpt>
   <trkpt lat="47.225370000000005" lon="10.86106">
    <ele>738.77</ele>
   </trkpt>
   <trkpt lat="47.22458" lon="10.86134">
    <ele>738.77</ele>
   </trkpt>
   <trkpt lat="47.22401000000001" lon="10.861440000000002">
    <ele>737.71</ele>
   </trkpt>
   <trkpt lat="47.223870000000005" lon="10.861450000000001">
    <ele>737.71</ele>
   </trkpt>
   <trkpt lat="47.22355" lon="10.86142">
    <ele>737.71</ele>
   </trkpt>
   <trkpt lat="47.2227" lon="10.861210000000002">
    <ele>737.1700000000001</ele>
   </trkpt>
   <trkpt lat="47.22243" lon="10.8611">
    <ele>737.1700000000001</ele>
   </trkpt>
   <trkpt lat="47.221995000332704" lon="10.860859998076085">
    <ele>740.47</ele>
   </trkpt>
   <trkpt lat="47.221560000000004" lon="10.86062">
    <ele>734.5500000000001</ele>
   </trkpt>
   <trkpt lat="47.2214" lon="10.860560000000001">
    <ele>734.7900000000001</ele>
   </trkpt>
   <trkpt lat="47.22115" lon="10.860550000000002">
    <ele>734.7900000000001</ele>
   </trkpt>
   <trkpt lat="47.221030000000006" lon="10.860610000000001">
    <ele>734.7900000000001</ele>
   </trkpt>
   <trkpt lat="47.220800000000004" lon="10.86082">
    <ele>741.71</ele>
   </trkpt>
   <trkpt lat="47.22041000068901" lon="10.86123000306036">
    <ele>741.71</ele>
   </trkpt>
   <trkpt lat="47.220020000000005" lon="10.861640000000001">
    <ele>736.1700000000001</ele>
   </trkpt>
   <trkpt lat="47.219800000000006" lon="10.86189">
    <ele>736.1700000000001</ele>
   </trkpt>
   <trkpt lat="47.21963" lon="10.862160000000001">
    <ele>736.1700000000001</ele>
   </trkpt>
   <trkpt lat="47.21952" lon="10.86245">
    <ele>736.1700000000001</ele>
   </trkpt>
   <trkpt lat="47.219355004163894" lon="10.863425002866057">
    <ele>742.3700000000001</ele>
   </trkpt>
   <trkpt lat="47.219190000000005" lon="10.864400000000002">
    <ele>742.3700000000001</ele>
   </trkpt>
   <trkpt lat="47.219060000000006" lon="10.864920000000001">
    <ele>742.3700000000001</ele>
   </trkpt>
   <trkpt lat="47.21871" lon="10.865730000000001">
    <ele>748.41</ele>
   </trkpt>
   <trkpt lat="47.218430000000005" lon="10.866240000000001">
    <ele>748.41</ele>
   </trkpt>
   <trkpt lat="47.218320000000006" lon="10.86636">
    <ele>755.11</ele>
   </trkpt>
   <trkpt lat="47.218160000000005" lon="10.86649">
    <ele>755.11</ele>
   </trkpt>
   <trkpt lat="47.217960000000005" lon="10.86658">
    <ele>755.11</ele>
   </trkpt>
   <trkpt lat="47.217470000000006" lon="10.86672">
    <ele>755.8800000000001</ele>
   </trkpt>
   <trkpt lat="47.217150000000004" lon="10.86678">
    <ele>755.8800000000001</ele>
   </trkpt>
   <trkpt lat="47.2169" lon="10.86674">
    <ele>756.36</ele>
   </trkpt>
   <trkpt lat="47.216390000000004" lon="10.866570000000001">
    <ele>758.4000000000001</ele>
   </trkpt>
   <trkpt lat="47.216240000000006" lon="10.866560000000002">
    <ele>758.4000000000001</ele>
   </trkpt>
   <trkpt lat="47.215900000000005" lon="10.866610000000001">
    <ele>755.7900000000001</ele>
   </trkpt>
   <trkpt lat="47.21551" lon="10.866800000000001">
    <ele>756.87</ele>
   </trkpt>
   <trkpt lat="47.215" lon="10.867180000000001">
    <ele>757.5500000000001</ele>
   </trkpt>
   <trkpt lat="47.21459" lon="10.867600000000001">
    <ele>757.57</ele>
   </trkpt>
   <trkpt lat="47.214510000000004" lon="10.86771">
    <ele>757.57</ele>
   </trkpt>
   <trkpt lat="47.21417" lon="10.868210000000001">
    <ele>755.5</ele>
   </trkpt>
   <trkpt lat="47.21382500208457" lon="10.868885004190867">
    <ele>755.5</ele>
   </trkpt>
   <trkpt lat="47.213480000000004" lon="10.869560000000002">
    <ele>748.0600000000001</ele>
   </trkpt>
   <trkpt lat="47.21322000000001" lon="10.869980000000002">
    <ele>748.0600000000001</ele>
   </trkpt>
   <trkpt lat="47.21293000000001" lon="10.870330000000001">
    <ele>747.32</ele>
   </trkpt>
   <trkpt lat="47.2126" lon="10.87062">
    <ele>754.7</ele>
   </trkpt>
   <trkpt lat="47.212500000000006" lon="10.870700000000001">
    <ele>754.7</ele>
   </trkpt>
   <trkpt lat="47.212070000452336" lon="10.870975002150823">
    <ele>753.7600000000001</ele>
   </trkpt>
   <trkpt lat="47.21164" lon="10.871250000000002">
    <ele>753.58</ele>
   </trkpt>
   <trkpt lat="47.21135" lon="10.87142">
    <ele>752.57</ele>
   </trkpt>
   <trkpt lat="47.2111" lon="10.871530000000002">
    <ele>752.57</ele>
   </trkpt>
   <trkpt lat="47.21052" lon="10.8717">
    <ele>760.4200000000001</ele>
   </trkpt>
   <trkpt lat="47.20993000000001" lon="10.871810000000002">
    <ele>760.4200000000001</ele>
   </trkpt>
   <trkpt lat="47.20965" lon="10.87193">
    <ele>760.4200000000001</ele>
   </trkpt>
   <trkpt lat="47.209320000000005" lon="10.87212">
    <ele>760.4200000000001</ele>
   </trkpt>
   <trkpt lat="47.20881000000001" lon="10.872630000000001">
    <ele>758.82</ele>
   </trkpt>
   <trkpt lat="47.208560000000006" lon="10.872990000000001">
    <ele>758.82</ele>
   </trkpt>
   <trkpt lat="47.208360000000006" lon="10.87334">
    <ele>758.82</ele>
   </trkpt>
   <trkpt lat="47.208110000000005" lon="10.873850000000001">
    <ele>758.82</ele>
   </trkpt>
   <trkpt lat="47.207980000000006" lon="10.87428">
    <ele>758.82</ele>
   </trkpt>
   <trkpt lat="47.20771001040281" lon="10.87537334445558">
    <ele>758.82</ele>
   </trkpt>
   <trkpt lat="47.207440010404824" lon="10.876466677780545">
    <ele>758.82</ele>
   </trkpt>
   <trkpt lat="47.207170000000005" lon="10.87756">
    <ele>758.82</ele>
   </trkpt>
   <trkpt lat="47.207010000000004" lon="10.87836">
    <ele>759.5</ele>
   </trkpt>
   <trkpt lat="47.206860000000006" lon="10.879620000000001">
    <ele>759.5</ele>
   </trkpt>
   <trkpt lat="47.20682" lon="10.88061">
    <ele>759.5</ele>
   </trkpt>
   <trkpt lat="47.20683500238194" lon="10.881349999774798">
    <ele>759.5</ele>
   </trkpt>
   <trkpt lat="47.20685" lon="10.882090000000002">
    <ele>759.5</ele>
   </trkpt>
   <trkpt lat="47.206810000000004" lon="10.882560000000002">
    <ele>758.6600000000001</ele>
   </trkpt>
   <trkpt lat="47.20676" lon="10.88296">
    <ele>758.6400000000001</ele>
   </trkpt>
   <trkpt lat="47.206630000000004" lon="10.883550000000001">
    <ele>758.26</ele>
   </trkpt>
   <trkpt lat="47.20634667360836" lon="10.884443342882731">
    <ele>760.65</ele>
   </trkpt>
   <trkpt lat="47.20606334027303" lon="10.885336676222211">
    <ele>760.65</ele>
   </trkpt>
   <trkpt lat="47.205780000000004" lon="10.886230000000001">
    <ele>761.63</ele>
   </trkpt>
   <trkpt lat="47.205470000000005" lon="10.88733">
    <ele>763.53</ele>
   </trkpt>
   <trkpt lat="47.20525000000001" lon="10.888300000000001">
    <ele>763.84</ele>
   </trkpt>
   <trkpt lat="47.205050006072845" lon="10.889480004358367">
    <ele>765.11</ele>
   </trkpt>
   <trkpt lat="47.20485" lon="10.89066">
    <ele>766.8800000000001</ele>
   </trkpt>
   <trkpt lat="47.20474" lon="10.891110000000001">
    <ele>766.8800000000001</ele>
   </trkpt>
   <trkpt lat="47.20461" lon="10.89154">
    <ele>767.39</ele>
   </trkpt>
   <trkpt lat="47.204405001571125" lon="10.892145002400659">
    <ele>769.17</ele>
   </trkpt>
   <trkpt lat="47.20420000000001" lon="10.892750000000001">
    <ele>769.17</ele>
   </trkpt>
   <trkpt lat="47.20397000372615" lon="10.893675003995053">
    <ele>770.11</ele>
   </trkpt>
   <trkpt lat="47.20374" lon="10.8946">
    <ele>771.41</ele>
   </trkpt>
   <trkpt lat="47.20338" lon="10.89573">
    <ele>773.57</ele>
   </trkpt>
   <trkpt lat="47.20317000000001" lon="10.896510000000001">
    <ele>774.94</ele>
   </trkpt>
   <trkpt lat="47.20282" lon="10.89769">
    <ele>777.2500000000001</ele>
   </trkpt>
   <trkpt lat="47.20272000000001" lon="10.898140000000001">
    <ele>778.8100000000001</ele>
   </trkpt>
   <trkpt lat="47.20259" lon="10.89849">
    <ele>779.0300000000001</ele>
   </trkpt>
   <trkpt lat="47.20243000000001" lon="10.898790000000002">
    <ele>779.7400000000001</ele>
   </trkpt>
   <trkpt lat="47.202310000000004" lon="10.898940000000001">
    <ele>780.0100000000001</ele>
   </trkpt>
   <trkpt lat="47.20217" lon="10.8991">
    <ele>780.1600000000001</ele>
   </trkpt>
   <trkpt lat="47.201930000000004" lon="10.89929">
    <ele>780.85</ele>
   </trkpt>
   <trkpt lat="47.20177" lon="10.89935">
    <ele>781.2600000000001</ele>
   </trkpt>
   <trkpt lat="47.201730000000005" lon="10.899310000000002">
    <ele>781.2600000000001</ele>
   </trkpt>
   <trkpt lat="47.201690000000006" lon="10.8993">
    <ele>781.2600000000001</ele>
   </trkpt>
   <trkpt lat="47.20165" lon="10.899310000000002">
    <ele>781.2600000000001</ele>
   </trkpt>
   <trkpt lat="47.20158000000001" lon="10.89938">
    <ele>781.5200000000001</ele>
   </trkpt>
   <trkpt lat="47.20156" lon="10.89944">
    <ele>781.73</ele>
   </trkpt>
   <trkpt lat="47.20141" lon="10.89952">
    <ele>781.73</ele>
   </trkpt>
   <trkpt lat="47.20127" lon="10.899550000000001">
    <ele>782.94</ele>
   </trkpt>
   <trkpt lat="47.20107" lon="10.899640000000002">
    <ele>782.98</ele>
   </trkpt>
   <trkpt lat="47.200810000000004" lon="10.89981">
    <ele>785.3500000000001</ele>
   </trkpt>
   <trkpt lat="47.200430000000004" lon="10.90009">
    <ele>786.59</ele>
   </trkpt>
   <trkpt lat="47.19997" lon="10.900580000000001">
    <ele>786.59</ele>
   </trkpt>
   <trkpt lat="47.199650000000005" lon="10.901050000000001">
    <ele>794.2900000000001</ele>
   </trkpt>
   <trkpt lat="47.199180005844056" lon="10.901870014538764">
    <ele>793.63</ele>
   </trkpt>
   <trkpt lat="47.1987100058375" lon="10.90269001454999">
    <ele>802.6800000000001</ele>
   </trkpt>
   <trkpt lat="47.198240000000006" lon="10.90351">
    <ele>805.57</ele>
   </trkpt>
   <trkpt lat="47.19774500323093" lon="10.904355007670324">
    <ele>805.57</ele>
   </trkpt>
   <trkpt lat="47.197250000000004" lon="10.9052">
    <ele>808.9300000000001</ele>
   </trkpt>
   <trkpt lat="47.19695" lon="10.90563">
    <ele>808.9300000000001</ele>
   </trkpt>
   <trkpt lat="47.196600000000004" lon="10.90605">
    <ele>814.18</ele>
   </trkpt>
   <trkpt lat="47.1963" lon="10.90634">
    <ele>814.18</ele>
   </trkpt>
   <trkpt lat="47.195730000000005" lon="10.90681">
    <ele>814.18</ele>
   </trkpt>
   <trkpt lat="47.195460000000004" lon="10.90699">
    <ele>814.18</ele>
   </trkpt>
   <trkpt lat="47.195130000000006" lon="10.907160000000001">
    <ele>828.3100000000001</ele>
   </trkpt>
   <trkpt lat="47.194750000000006" lon="10.907300000000001">
    <ele>828.3100000000001</ele>
   </trkpt>
   <trkpt lat="47.19427" lon="10.90741">
    <ele>828.3100000000001</ele>
   </trkpt>
   <trkpt lat="47.19409" lon="10.907440000000001">
    <ele>829.84</ele>
   </trkpt>
   <trkpt lat="47.193650000000005" lon="10.90745">
    <ele>832.9000000000001</ele>
   </trkpt>
   <trkpt lat="47.193220000000004" lon="10.907430000000002">
    <ele>834.2400000000001</ele>
   </trkpt>
   <trkpt lat="47.19277" lon="10.907340000000001">
    <ele>837.01</ele>
   </trkpt>
   <trkpt lat="47.191970000000005" lon="10.90704">
    <ele>837.89</ele>
   </trkpt>
   <trkpt lat="47.191195000512636" lon="10.906689994879923">
    <ele>838.11</ele>
   </trkpt>
   <trkpt lat="47.19042" lon="10.90634">
    <ele>838.2700000000001</ele>
   </trkpt>
   <trkpt lat="47.190200000000004" lon="10.906260000000001">
    <ele>838.07</ele>
   </trkpt>
   <trkpt lat="47.189870000000006" lon="10.90619">
    <ele>838.07</ele>
   </trkpt>
   <trkpt lat="47.18948" lon="10.90615">
    <ele>841.35</ele>
   </trkpt>
   <trkpt lat="47.18907" lon="10.90618">
    <ele>841.8500000000001</ele>
   </trkpt>
   <trkpt lat="47.188660000000006" lon="10.906270000000001">
    <ele>841.8500000000001</ele>
   </trkpt>
   <trkpt lat="47.188390000000005" lon="10.90638">
    <ele>841.8500000000001</ele>
   </trkpt>
   <trkpt lat="47.187990000000006" lon="10.906600000000001">
    <ele>842.45</ele>
   </trkpt>
   <trkpt lat="47.18762" lon="10.906860000000002">
    <ele>842.45</ele>
   </trkpt>
   <trkpt lat="47.187310000000004" lon="10.907070000000001">
    <ele>842.45</ele>
   </trkpt>
   <trkpt lat="47.18688" lon="10.907240000000002">
    <ele>851.5500000000001</ele>
   </trkpt>
   <trkpt lat="47.18647000000001" lon="10.907250000000001">
    <ele>851.5500000000001</ele>
   </trkpt>
   <trkpt lat="47.186260000000004" lon="10.907250000000001">
    <ele>853.47</ele>
   </trkpt>
   <trkpt lat="47.18627" lon="10.907150000000001">
    <ele>853.4100000000001</ele>
   </trkpt>
   <trkpt lat="47.18585" lon="10.907160000000001">
    <ele>854.4</ele>
   </trkpt>
   <trkpt lat="47.185660000000006" lon="10.907210000000001">
    <ele>854.4</ele>
   </trkpt>
   <trkpt lat="47.18535000000001" lon="10.9074">
    <ele>854.4</ele>
   </trkpt>
   <trkpt lat="47.18525" lon="10.90751">
    <ele>854.4</ele>
   </trkpt>
   <trkpt lat="47.18504" lon="10.90783">
    <ele>854.4</ele>
   </trkpt>
   <trkpt lat="47.184900000000006" lon="10.908180000000002">
    <ele>854.4</ele>
   </trkpt>
   <trkpt lat="47.184740000000005" lon="10.908710000000001">
    <ele>854.4</ele>
   </trkpt>
   <trkpt lat="47.18466" lon="10.90882">
    <ele>854.4</ele>
   </trkpt>
   <trkpt lat="47.18462" lon="10.908850000000001">
    <ele>854.4</ele>
   </trkpt>
   <trkpt lat="47.184540000000005" lon="10.90883">
    <ele>854.4</ele>
   </trkpt>
   <trkpt lat="47.18451" lon="10.90877">
    <ele>854.4</ele>
   </trkpt>
   <trkpt lat="47.18451" lon="10.90863">
    <ele>854.4</ele>
   </trkpt>
   <trkpt lat="47.18468000000001" lon="10.908140000000001">
    <ele>854.4</ele>
   </trkpt>
   <trkpt lat="47.184740000000005" lon="10.907810000000001">
    <ele>882.23</ele>
   </trkpt>
   <trkpt lat="47.18470000000001" lon="10.906680000000001">
    <ele>882.23</ele>
   </trkpt>
   <trkpt lat="47.184760000000004" lon="10.905520000000001">
    <ele>882.23</ele>
   </trkpt>
   <trkpt lat="47.18475" lon="10.90543">
    <ele>882.23</ele>
   </trkpt>
   <trkpt lat="47.18470000000001" lon="10.90529">
    <ele>882.23</ele>
   </trkpt>
   <trkpt lat="47.18459000000001" lon="10.905180000000001">
    <ele>882.23</ele>
   </trkpt>
   <trkpt lat="47.184470000000005" lon="10.90517">
    <ele>882.23</ele>
   </trkpt>
   <trkpt lat="47.18437" lon="10.905230000000001">
    <ele>882.23</ele>
   </trkpt>
   <trkpt lat="47.184380000000004" lon="10.90534">
    <ele>882.87</ele>
   </trkpt>
   <trkpt lat="47.18435" lon="10.905420000000001">
    <ele>882.87</ele>
   </trkpt>
   <trkpt lat="47.18432000000001" lon="10.905550000000002">
    <ele>882.87</ele>
   </trkpt>
   <trkpt lat="47.18431" lon="10.90605">
    <ele>882.87</ele>
   </trkpt>
   <trkpt lat="47.184270000000005" lon="10.90643">
    <ele>882.87</ele>
   </trkpt>
   <trkpt lat="47.1841" lon="10.907160000000001">
    <ele>882.87</ele>
   </trkpt>
   <trkpt lat="47.18395" lon="10.907950000000001">
    <ele>882.87</ele>
   </trkpt>
   <trkpt lat="47.183840000000004" lon="10.90831">
    <ele>882.87</ele>
   </trkpt>
   <trkpt lat="47.18377" lon="10.90848">
    <ele>882.87</ele>
   </trkpt>
   <trkpt lat="47.183670000000006" lon="10.90864">
    <ele>882.87</ele>
   </trkpt>
   <trkpt lat="47.18347000000001" lon="10.90886">
    <ele>921.22</ele>
   </trkpt>
   <trkpt lat="47.18287" lon="10.909220000000001">
    <ele>921.22</ele>
   </trkpt>
   <trkpt lat="47.18242000073058" lon="10.909600003134567">
    <ele>921.22</ele>
   </trkpt>
   <trkpt lat="47.18197000000001" lon="10.909980000000001">
    <ele>921.22</ele>
   </trkpt>
   <trkpt lat="47.181810000000006" lon="10.91009">
    <ele>921.22</ele>
   </trkpt>
   <trkpt lat="47.18135" lon="10.910290000000002">
    <ele>921.22</ele>
   </trkpt>
   <trkpt lat="47.181180000000005" lon="10.910380000000002">
    <ele>921.22</ele>
   </trkpt>
   <trkpt lat="47.18106" lon="10.91047">
    <ele>921.22</ele>
   </trkpt>
   <trkpt lat="47.18088" lon="10.910720000000001">
    <ele>921.22</ele>
   </trkpt>
   <trkpt lat="47.18056000000001" lon="10.911330000000001">
    <ele>927.2300000000001</ele>
   </trkpt>
   <trkpt lat="47.18041" lon="10.91155">
    <ele>925.5300000000001</ele>
   </trkpt>
   <trkpt lat="47.180310000000006" lon="10.91164">
    <ele>925.5300000000001</ele>
   </trkpt>
   <trkpt lat="47.18018000000001" lon="10.91172">
    <ele>925.5300000000001</ele>
   </trkpt>
   <trkpt lat="47.18003" lon="10.91178">
    <ele>925.5300000000001</ele>
   </trkpt>
   <trkpt lat="47.17929" lon="10.91183">
    <ele>923.72</ele>
   </trkpt>
   <trkpt lat="47.179100000000005" lon="10.91187">
    <ele>923.72</ele>
   </trkpt>
   <trkpt lat="47.17868000000001" lon="10.912">
    <ele>923.72</ele>
   </trkpt>
   <trkpt lat="47.17842" lon="10.91205">
    <ele>921.54</ele>
   </trkpt>
   <trkpt lat="47.178230000000006" lon="10.91205">
    <ele>921.54</ele>
   </trkpt>
   <trkpt lat="47.17799" lon="10.91201">
    <ele>921.54</ele>
   </trkpt>
   <trkpt lat="47.17774000000001" lon="10.91191">
    <ele>921.54</ele>
   </trkpt>
   <trkpt lat="47.17752" lon="10.911790000000002">
    <ele>923.6800000000001</ele>
   </trkpt>
   <trkpt lat="47.177220000000005" lon="10.91153">
    <ele>922.4000000000001</ele>
   </trkpt>
   <trkpt lat="47.17699" lon="10.911280000000001">
    <ele>922.4300000000001</ele>
   </trkpt>
   <trkpt lat="47.17698" lon="10.91127">
    <ele>926.32</ele>
   </trkpt>
   <trkpt lat="47.17674" lon="10.910990000000002">
    <ele>926.58</ele>
   </trkpt>
   <trkpt lat="47.17636" lon="10.910580000000001">
    <ele>926.6200000000001</ele>
   </trkpt>
   <trkpt lat="47.17613" lon="10.910390000000001">
    <ele>926.61</ele>
   </trkpt>
   <trkpt lat="47.175940000000004" lon="10.910260000000001">
    <ele>926.7900000000001</ele>
   </trkpt>
   <trkpt lat="47.175630000000005" lon="10.91013">
    <ele>926.9100000000001</ele>
   </trkpt>
   <trkpt lat="47.175360000000005" lon="10.91005">
    <ele>927.4100000000001</ele>
   </trkpt>
   <trkpt lat="47.17515" lon="10.910010000000002">
    <ele>927.73</ele>
   </trkpt>
   <trkpt lat="47.17502" lon="10.91">
    <ele>927.6500000000001</ele>
   </trkpt>
   <trkpt lat="47.17502" lon="10.91064">
    <ele>928.0800000000002</ele>
   </trkpt>
   <trkpt lat="47.17501" lon="10.9107">
    <ele>927.66</ele>
   </trkpt>
   <trkpt lat="47.17497" lon="10.91075">
    <ele>927.66</ele>
   </trkpt>
   <trkpt lat="47.174850000000006" lon="10.910760000000002">
    <ele>927.5500000000001</ele>
   </trkpt>
   <trkpt lat="47.17465000000001" lon="10.9107">
    <ele>927.6</ele>
   </trkpt>
   <trkpt lat="47.174290000000006" lon="10.910670000000001">
    <ele>927.8900000000001</ele>
   </trkpt>
   <trkpt lat="47.17421" lon="10.910680000000001">
    <ele>927.82</ele>
   </trkpt>
   <trkpt lat="47.174130000000005" lon="10.910720000000001">
    <ele>927.82</ele>
   </trkpt>
   <trkpt lat="47.17357000007004" lon="10.910880001699018">
    <ele>927.0400000000001</ele>
   </trkpt>
   <trkpt lat="47.173010000000005" lon="10.911040000000002">
    <ele>927.09</ele>
   </trkpt>
   <trkpt lat="47.17268000000001" lon="10.91107">
    <ele>927.24</ele>
   </trkpt>
   <trkpt lat="47.17213" lon="10.911340000000001">
    <ele>927.54</ele>
   </trkpt>
   <trkpt lat="47.171850000000006" lon="10.91167">
    <ele>927.7700000000001</ele>
   </trkpt>
   <trkpt lat="47.17143" lon="10.91248">
    <ele>928.0800000000002</ele>
   </trkpt>
   <trkpt lat="47.171170000000004" lon="10.91291">
    <ele>928.1600000000001</ele>
   </trkpt>
   <trkpt lat="47.17107000000001" lon="10.913260000000001">
    <ele>928.0600000000001</ele>
   </trkpt>
   <trkpt lat="47.171020000000006" lon="10.91336">
    <ele>928.0600000000001</ele>
   </trkpt>
   <trkpt lat="47.170950000000005" lon="10.91341">
    <ele>928.0600000000001</ele>
   </trkpt>
   <trkpt lat="47.170880000000004" lon="10.913430000000002">
    <ele>928.0600000000001</ele>
   </trkpt>
   <trkpt lat="47.17067" lon="10.913450000000001">
    <ele>927.9100000000001</ele>
   </trkpt>
   <trkpt lat="47.170390000000005" lon="10.913440000000001">
    <ele>928.1100000000001</ele>
   </trkpt>
   <trkpt lat="47.17031" lon="10.91346">
    <ele>928.1100000000001</ele>
   </trkpt>
   <trkpt lat="47.17024000000001" lon="10.913540000000001">
    <ele>928.1100000000001</ele>
   </trkpt>
   <trkpt lat="47.170230000000004" lon="10.91399">
    <ele>928.75</ele>
   </trkpt>
   <trkpt lat="47.170210000000004" lon="10.91413">
    <ele>928.75</ele>
   </trkpt>
   <trkpt lat="47.17016" lon="10.91416">
    <ele>928.75</ele>
   </trkpt>
   <trkpt lat="47.16959000000001" lon="10.91413">
    <ele>928.8400000000001</ele>
   </trkpt>
   <trkpt lat="47.169200000000004" lon="10.91413">
    <ele>928.9200000000001</ele>
   </trkpt>
   <trkpt lat="47.16886" lon="10.914100000000001">
    <ele>929.71</ele>
   </trkpt>
   <trkpt lat="47.16859" lon="10.91413">
    <ele>929.9200000000001</ele>
   </trkpt>
   <trkpt lat="47.168380000000006" lon="10.914200000000001">
    <ele>929.6700000000001</ele>
   </trkpt>
   <trkpt lat="47.1678800002932" lon="10.914465002501078">
    <ele>929.7400000000001</ele>
   </trkpt>
   <trkpt lat="47.16738" lon="10.91473">
    <ele>930.3000000000001</ele>
   </trkpt>
   <trkpt lat="47.16731" lon="10.91474">
    <ele>930.3000000000001</ele>
   </trkpt>
   <trkpt lat="47.16724000000001" lon="10.91474">
    <ele>930.3000000000001</ele>
   </trkpt>
   <trkpt lat="47.16707" lon="10.91469">
    <ele>930.4300000000001</ele>
   </trkpt>
   <trkpt lat="47.16666000000001" lon="10.914530000000001">
    <ele>930.4700000000001</ele>
   </trkpt>
   <trkpt lat="47.166380000000004" lon="10.91446">
    <ele>930.73</ele>
   </trkpt>
   <trkpt lat="47.166090000000004" lon="10.914420000000002">
    <ele>931.03</ele>
   </trkpt>
   <trkpt lat="47.16584" lon="10.914340000000001">
    <ele>931.1400000000001</ele>
   </trkpt>
   <trkpt lat="47.165620000000004" lon="10.914190000000001">
    <ele>931.32</ele>
   </trkpt>
   <trkpt lat="47.16523" lon="10.91399">
    <ele>932.2300000000001</ele>
   </trkpt>
   <trkpt lat="47.16501" lon="10.91385">
    <ele>932.44</ele>
   </trkpt>
   <trkpt lat="47.16431" lon="10.91346">
    <ele>932.9900000000001</ele>
   </trkpt>
   <trkpt lat="47.163830000000004" lon="10.913290000000002">
    <ele>933.4000000000001</ele>
   </trkpt>
   <trkpt lat="47.16373" lon="10.91323">
    <ele>933.44</ele>
   </trkpt>
   <trkpt lat="47.1636" lon="10.913120000000001">
    <ele>933.45</ele>
   </trkpt>
   <trkpt lat="47.16331" lon="10.912780000000001">
    <ele>933.8000000000001</ele>
   </trkpt>
   <trkpt lat="47.16263000000001" lon="10.912370000000001">
    <ele>934.5200000000001</ele>
   </trkpt>
   <trkpt lat="47.162530000000004" lon="10.912360000000001">
    <ele>934.6300000000001</ele>
   </trkpt>
   <trkpt lat="47.16246" lon="10.912450000000002">
    <ele>934.71</ele>
   </trkpt>
   <trkpt lat="47.162380000000006" lon="10.912980000000001">
    <ele>935.08</ele>
   </trkpt>
   <trkpt lat="47.162330000000004" lon="10.91308">
    <ele>935.08</ele>
   </trkpt>
   <trkpt lat="47.16228" lon="10.913110000000001">
    <ele>935.08</ele>
   </trkpt>
   <trkpt lat="47.16223" lon="10.9131">
    <ele>935.1</ele>
   </trkpt>
   <trkpt lat="47.16219" lon="10.913070000000001">
    <ele>935.1</ele>
   </trkpt>
   <trkpt lat="47.162020000000005" lon="10.91291">
    <ele>934.9900000000001</ele>
   </trkpt>
   <trkpt lat="47.16163" lon="10.91262">
    <ele>935.2900000000001</ele>
   </trkpt>
   <trkpt lat="47.161410000000004" lon="10.912400000000002">
    <ele>935.71</ele>
   </trkpt>
   <trkpt lat="47.161300000000004" lon="10.912320000000001">
    <ele>935.9200000000001</ele>
   </trkpt>
   <trkpt lat="47.1612" lon="10.912270000000001">
    <ele>936.2900000000001</ele>
   </trkpt>
   <trkpt lat="47.16118" lon="10.91247">
    <ele>936.07</ele>
   </trkpt>
   <trkpt lat="47.161180003926695" lon="10.9134200000676">
    <ele>935.97</ele>
   </trkpt>
   <trkpt lat="47.16118" lon="10.914370000000002">
    <ele>935.2800000000001</ele>
   </trkpt>
   <trkpt lat="47.161150000000006" lon="10.91458">
    <ele>935.5500000000001</ele>
   </trkpt>
   <trkpt lat="47.160830000000004" lon="10.914610000000001">
    <ele>935.7700000000001</ele>
   </trkpt>
   <trkpt lat="47.16013" lon="10.914530000000001">
    <ele>936.46</ele>
   </trkpt>
   <trkpt lat="47.1595" lon="10.914560000000002">
    <ele>937.1700000000001</ele>
   </trkpt>
   <trkpt lat="47.15923" lon="10.91468">
    <ele>937.4300000000001</ele>
   </trkpt>
   <trkpt lat="47.15881" lon="10.91497">
    <ele>938.15</ele>
   </trkpt>
   <trkpt lat="47.158570000000005" lon="10.91534">
    <ele>939.0200000000001</ele>
   </trkpt>
   <trkpt lat="47.158460000000005" lon="10.91548">
    <ele>939.95</ele>
   </trkpt>
   <trkpt lat="47.158210000000004" lon="10.915690000000001">
    <ele>942.2300000000001</ele>
   </trkpt>
   <trkpt lat="47.158150000000006" lon="10.91572">
    <ele>942.2300000000001</ele>
   </trkpt>
   <trkpt lat="47.158010000000004" lon="10.915690000000001">
    <ele>945.08</ele>
   </trkpt>
   <trkpt lat="47.15776" lon="10.915740000000001">
    <ele>947.4000000000001</ele>
   </trkpt>
   <trkpt lat="47.157270000000004" lon="10.915920000000002">
    <ele>951.7700000000001</ele>
   </trkpt>
   <trkpt lat="47.157210000000006" lon="10.915920000000002">
    <ele>951.7700000000001</ele>
   </trkpt>
   <trkpt lat="47.15684" lon="10.9158">
    <ele>955.1800000000001</ele>
   </trkpt>
   <trkpt lat="47.15635" lon="10.91572">
    <ele>959.97</ele>
   </trkpt>
   <trkpt lat="47.15612" lon="10.91566">
    <ele>960.6600000000001</ele>
   </trkpt>
   <trkpt lat="47.155390000000004" lon="10.915360000000002">
    <ele>962.1</ele>
   </trkpt>
   <trkpt lat="47.15522000000001" lon="10.91535">
    <ele>962.34</ele>
   </trkpt>
   <trkpt lat="47.15505" lon="10.91529">
    <ele>962.34</ele>
   </trkpt>
   <trkpt lat="47.154740000000004" lon="10.91502">
    <ele>962.4300000000001</ele>
   </trkpt>
   <trkpt lat="47.154560000000004" lon="10.914900000000001">
    <ele>962.0400000000001</ele>
   </trkpt>
   <trkpt lat="47.154270000000004" lon="10.91459">
    <ele>960.74</ele>
   </trkpt>
   <trkpt lat="47.15408" lon="10.91445">
    <ele>960.82</ele>
   </trkpt>
   <trkpt lat="47.154" lon="10.914420000000002">
    <ele>961.28</ele>
   </trkpt>
   <trkpt lat="47.15391" lon="10.914420000000002">
    <ele>961.3600000000001</ele>
   </trkpt>
   <trkpt lat="47.153310000000005" lon="10.914510000000002">
    <ele>962.23</ele>
   </trkpt>
   <trkpt lat="47.15303" lon="10.91469">
    <ele>964.46</ele>
   </trkpt>
   <trkpt lat="47.15283" lon="10.914800000000001">
    <ele>965.86</ele>
   </trkpt>
   <trkpt lat="47.15249000000001" lon="10.91507">
    <ele>966.58</ele>
   </trkpt>
   <trkpt lat="47.15222000000001" lon="10.9152">
    <ele>968.0600000000001</ele>
   </trkpt>
   <trkpt lat="47.152120000000004" lon="10.91529">
    <ele>968.58</ele>
   </trkpt>
   <trkpt lat="47.15187" lon="10.915590000000002">
    <ele>970.1800000000001</ele>
   </trkpt>
   <trkpt lat="47.15171" lon="10.915650000000001">
    <ele>970.13</ele>
   </trkpt>
   <trkpt lat="47.15156" lon="10.915790000000001">
    <ele>969.94</ele>
   </trkpt>
   <trkpt lat="47.15142" lon="10.9158">
    <ele>969.9100000000001</ele>
   </trkpt>
   <trkpt lat="47.151300000000006" lon="10.9159">
    <ele>970.13</ele>
   </trkpt>
   <trkpt lat="47.15106" lon="10.916250000000002">
    <ele>971.1500000000001</ele>
   </trkpt>
   <trkpt lat="47.15082" lon="10.91641">
    <ele>971.71</ele>
   </trkpt>
   <trkpt lat="47.150600000000004" lon="10.91666">
    <ele>972.0900000000001</ele>
   </trkpt>
   <trkpt lat="47.150290000000005" lon="10.91694">
    <ele>973.23</ele>
   </trkpt>
   <trkpt lat="47.14992" lon="10.917060000000001">
    <ele>973.44</ele>
   </trkpt>
   <trkpt lat="47.14965" lon="10.91712">
    <ele>973.4800000000001</ele>
   </trkpt>
   <trkpt lat="47.149280000000005" lon="10.917330000000002">
    <ele>973.8200000000002</ele>
   </trkpt>
   <trkpt lat="47.14913000000001" lon="10.91746">
    <ele>974.1700000000001</ele>
   </trkpt>
   <trkpt lat="47.149" lon="10.917620000000001">
    <ele>974.6800000000001</ele>
   </trkpt>
   <trkpt lat="47.148770000000006" lon="10.91801">
    <ele>976.34</ele>
   </trkpt>
   <trkpt lat="47.14844000078151" lon="10.918460002929649">
    <ele>978.2</ele>
   </trkpt>
   <trkpt lat="47.14811" lon="10.91891">
    <ele>980.86</ele>
   </trkpt>
   <trkpt lat="47.14791" lon="10.919070000000001">
    <ele>981.72</ele>
   </trkpt>
   <trkpt lat="47.147420000000004" lon="10.919170000000001">
    <ele>981.96</ele>
   </trkpt>
   <trkpt lat="47.146950000000004" lon="10.91932">
    <ele>982.8100000000001</ele>
   </trkpt>
   <trkpt lat="47.14678000000001" lon="10.919400000000001">
    <ele>983.47</ele>
   </trkpt>
   <trkpt lat="47.14668" lon="10.91947">
    <ele>983.72</ele>
   </trkpt>
   <trkpt lat="47.1462100015329" lon="10.920075005426161">
    <ele>987.38</ele>
   </trkpt>
   <trkpt lat="47.14574" lon="10.92068">
    <ele>994.6800000000001</ele>
   </trkpt>
   <trkpt lat="47.145500000000006" lon="10.92092">
    <ele>996.7600000000001</ele>
   </trkpt>
   <trkpt lat="47.14493" lon="10.921420000000001">
    <ele>1007.0799999999999</ele>
   </trkpt>
   <trkpt lat="47.144740000000006" lon="10.92153">
    <ele>1008.51</ele>
   </trkpt>
   <trkpt lat="47.1445" lon="10.92181">
    <ele>1009.39</ele>
   </trkpt>
   <trkpt lat="47.1441" lon="10.922110000000002">
    <ele>1011.0700000000002</ele>
   </trkpt>
   <trkpt lat="47.14396000000001" lon="10.92229">
    <ele>1011.86</ele>
   </trkpt>
   <trkpt lat="47.143570000000004" lon="10.923020000000001">
    <ele>1018.17</ele>
   </trkpt>
   <trkpt lat="47.143480000000004" lon="10.923240000000002">
    <ele>1020.4300000000002</ele>
   </trkpt>
   <trkpt lat="47.143280000000004" lon="10.9235">
    <ele>1021.23</ele>
   </trkpt>
   <trkpt lat="47.143130000000006" lon="10.923580000000001">
    <ele>1021.73</ele>
   </trkpt>
   <trkpt lat="47.14291" lon="10.92379">
    <ele>1022.6000000000001</ele>
   </trkpt>
   <trkpt lat="47.142610000000005" lon="10.924190000000001">
    <ele>1025.43</ele>
   </trkpt>
   <trkpt lat="47.14218" lon="10.924880000000002">
    <ele>1026.78</ele>
   </trkpt>
   <trkpt lat="47.14195" lon="10.925130000000001">
    <ele>1027.91</ele>
   </trkpt>
   <trkpt lat="47.141830000000006" lon="10.9253">
    <ele>1028.51</ele>
   </trkpt>
   <trkpt lat="47.14157" lon="10.9258">
    <ele>1030.46</ele>
   </trkpt>
   <trkpt lat="47.14121" lon="10.927010000000001">
    <ele>1034.01</ele>
   </trkpt>
   <trkpt lat="47.141090000000005" lon="10.927380000000001">
    <ele>1034.81</ele>
   </trkpt>
   <trkpt lat="47.140660000000004" lon="10.928">
    <ele>1035.49</ele>
   </trkpt>
   <trkpt lat="47.140190000000004" lon="10.927840000000002">
    <ele>1032.2</ele>
   </trkpt>
   <trkpt lat="47.139970000000005" lon="10.92773">
    <ele>1031.5</ele>
   </trkpt>
   <trkpt lat="47.1398" lon="10.927610000000001">
    <ele>1031.19</ele>
   </trkpt>
   <trkpt lat="47.13974" lon="10.92754">
    <ele>1031.2700000000002</ele>
   </trkpt>
   <trkpt lat="47.139520000000005" lon="10.927560000000001">
    <ele>1031.5700000000002</ele>
   </trkpt>
   <trkpt lat="47.138670000000005" lon="10.92796">
    <ele>1036.52</ele>
   </trkpt>
   <trkpt lat="47.1383" lon="10.92805">
    <ele>1038.04</ele>
   </trkpt>
   <trkpt lat="47.137980000000006" lon="10.928080000000001">
    <ele>1039.67</ele>
   </trkpt>
   <trkpt lat="47.13772" lon="10.928070000000002">
    <ele>1039.67</ele>
   </trkpt>
   <trkpt lat="47.13729000000001" lon="10.92816">
    <ele>1043.94</ele>
   </trkpt>
   <trkpt lat="47.136990000000004" lon="10.9282">
    <ele>1045.67</ele>
   </trkpt>
   <trkpt lat="47.13669" lon="10.92819">
    <ele>1046.71</ele>
   </trkpt>
   <trkpt lat="47.13646000000001" lon="10.92806">
    <ele>1048.66</ele>
   </trkpt>
   <trkpt lat="47.13633" lon="10.927940000000001">
    <ele>1049.0300000000002</ele>
   </trkpt>
   <trkpt lat="47.135875001553565" lon="10.927329994692672">
    <ele>1049.94</ele>
   </trkpt>
   <trkpt lat="47.13542" lon="10.926720000000001">
    <ele>1050.8200000000002</ele>
   </trkpt>
   <trkpt lat="47.135360000000006" lon="10.92656">
    <ele>1050.9700000000003</ele>
   </trkpt>
   <trkpt lat="47.13533" lon="10.92641">
    <ele>1050.92</ele>
   </trkpt>
   <trkpt lat="47.13534000000001" lon="10.926120000000001">
    <ele>1050.6100000000001</ele>
   </trkpt>
   <trkpt lat="47.135130000000004" lon="10.926100000000002">
    <ele>1051.74</ele>
   </trkpt>
   <trkpt lat="47.134780000000006" lon="10.926020000000001">
    <ele>1052.77</ele>
   </trkpt>
   <trkpt lat="47.134100000000004" lon="10.925780000000001">
    <ele>1054.07</ele>
   </trkpt>
   <trkpt lat="47.13374" lon="10.92558">
    <ele>1054.15</ele>
   </trkpt>
   <trkpt lat="47.13335000000001" lon="10.92528">
    <ele>1053.99</ele>
   </trkpt>
   <trkpt lat="47.13299000000001" lon="10.924930000000002">
    <ele>1053.68</ele>
   </trkpt>
   <trkpt lat="47.132385002437296" lon="10.9241699912588">
    <ele>1052.07</ele>
   </trkpt>
   <trkpt lat="47.131780000000006" lon="10.92341">
    <ele>1049.71</ele>
   </trkpt>
   <trkpt lat="47.13165" lon="10.923250000000001">
    <ele>1049.71</ele>
   </trkpt>
   <trkpt lat="47.13148" lon="10.923110000000001">
    <ele>1046.72</ele>
   </trkpt>
   <trkpt lat="47.131130000000006" lon="10.922930000000001">
    <ele>1046.72</ele>
   </trkpt>
   <trkpt lat="47.130930000000006" lon="10.92289">
    <ele>1045.0700000000002</ele>
   </trkpt>
   <trkpt lat="47.130660000000006" lon="10.922910000000002">
    <ele>1045.0700000000002</ele>
   </trkpt>
   <trkpt lat="47.130410000000005" lon="10.92303">
    <ele>1043.68</ele>
   </trkpt>
   <trkpt lat="47.13018" lon="10.923190000000002">
    <ele>1042.39</ele>
   </trkpt>
   <trkpt lat="47.130010000000006" lon="10.923390000000001">
    <ele>1042.39</ele>
   </trkpt>
   <trkpt lat="47.12989" lon="10.923580000000001">
    <ele>1041.77</ele>
   </trkpt>
   <trkpt lat="47.12970000000001" lon="10.923960000000001">
    <ele>1041.25</ele>
   </trkpt>
   <trkpt lat="47.129540000000006" lon="10.924230000000001">
    <ele>1039.2700000000002</ele>
   </trkpt>
   <trkpt lat="47.1293" lon="10.9245">
    <ele>1039.2700000000002</ele>
   </trkpt>
   <trkpt lat="47.12903000000001" lon="10.92472">
    <ele>1037.86</ele>
   </trkpt>
   <trkpt lat="47.128820000000005" lon="10.92483">
    <ele>1036.38</ele>
   </trkpt>
   <trkpt lat="47.128530000000005" lon="10.92487">
    <ele>1036.38</ele>
   </trkpt>
   <trkpt lat="47.12784999995533" lon="10.92491500057883">
    <ele>1033.96</ele>
   </trkpt>
   <trkpt lat="47.12717000000001" lon="10.92496">
    <ele>1030.46</ele>
   </trkpt>
   <trkpt lat="47.12691" lon="10.92506">
    <ele>1030.46</ele>
   </trkpt>
   <trkpt lat="47.12677" lon="10.925170000000001">
    <ele>1027.3400000000001</ele>
   </trkpt>
   <trkpt lat="47.12666" lon="10.92528">
    <ele>1027.3400000000001</ele>
   </trkpt>
   <trkpt lat="47.126490000000004" lon="10.92552">
    <ele>1026.6000000000001</ele>
   </trkpt>
   <trkpt lat="47.126360000000005" lon="10.92581">
    <ele>1026.01</ele>
   </trkpt>
   <trkpt lat="47.12606" lon="10.926860000000001">
    <ele>1023.7</ele>
   </trkpt>
   <trkpt lat="47.12583" lon="10.92735">
    <ele>1023.22</ele>
   </trkpt>
   <trkpt lat="47.125600000000006" lon="10.92777">
    <ele>1023.1400000000001</ele>
   </trkpt>
   <trkpt lat="47.125350000000005" lon="10.928120000000002">
    <ele>1023.4800000000001</ele>
   </trkpt>
   <trkpt lat="47.1251" lon="10.92838">
    <ele>1024.38</ele>
   </trkpt>
   <trkpt lat="47.12453500082498" lon="10.92878500422175">
    <ele>1025.98</ele>
   </trkpt>
   <trkpt lat="47.12397000000001" lon="10.92919">
    <ele>1028.58</ele>
   </trkpt>
   <trkpt lat="47.123360000000005" lon="10.9297">
    <ele>1031.9</ele>
   </trkpt>
   <trkpt lat="47.12308" lon="10.929960000000001">
    <ele>1032.8300000000002</ele>
   </trkpt>
   <trkpt lat="47.12268000074128" lon="10.930390003301094">
    <ele>1035.76</ele>
   </trkpt>
   <trkpt lat="47.12228" lon="10.93082">
    <ele>1037.23</ele>
   </trkpt>
   <trkpt lat="47.121950000000005" lon="10.931120000000002">
    <ele>1039.5</ele>
   </trkpt>
   <trkpt lat="47.12142500072168" lon="10.931535004117118">
    <ele>1042.1599999999999</ele>
   </trkpt>
   <trkpt lat="47.120900000000006" lon="10.93195">
    <ele>1044.42</ele>
   </trkpt>
   <trkpt lat="47.12019" lon="10.93255">
    <ele>1047.5800000000002</ele>
   </trkpt>
   <trkpt lat="47.119780000000006" lon="10.93293">
    <ele>1050.41</ele>
   </trkpt>
   <trkpt lat="47.119400000000006" lon="10.933330000000002">
    <ele>1052.28</ele>
   </trkpt>
   <trkpt lat="47.11883000381958" lon="10.933993347556948">
    <ele>1054.75</ele>
   </trkpt>
   <trkpt lat="47.118260003809766" lon="10.934656680901492">
    <ele>1057.43</ele>
   </trkpt>
   <trkpt lat="47.11769" lon="10.93532">
    <ele>1060.71</ele>
   </trkpt>
   <trkpt lat="47.117200000000004" lon="10.935720000000002">
    <ele>1063.1000000000001</ele>
   </trkpt>
   <trkpt lat="47.11704" lon="10.93584">
    <ele>1063.1000000000001</ele>
   </trkpt>
   <trkpt lat="47.116600000000005" lon="10.93599">
    <ele>1066.95</ele>
   </trkpt>
   <trkpt lat="47.11641" lon="10.93603">
    <ele>1067.48</ele>
   </trkpt>
   <trkpt lat="47.115930000000006" lon="10.93607">
    <ele>1071.32</ele>
   </trkpt>
   <trkpt lat="47.115730000000006" lon="10.93612">
    <ele>1073.73</ele>
   </trkpt>
   <trkpt lat="47.11558" lon="10.93621">
    <ele>1073.73</ele>
   </trkpt>
   <trkpt lat="47.115410000000004" lon="10.936390000000001">
    <ele>1076.5</ele>
   </trkpt>
   <trkpt lat="47.11531" lon="10.936630000000001">
    <ele>1077.26</ele>
   </trkpt>
   <trkpt lat="47.115260000000006" lon="10.936940000000002">
    <ele>1079.0700000000002</ele>
   </trkpt>
   <trkpt lat="47.115170000000006" lon="10.937420000000001">
    <ele>1081.7800000000002</ele>
   </trkpt>
   <trkpt lat="47.11496" lon="10.937890000000001">
    <ele>1085.29</ele>
   </trkpt>
   <trkpt lat="47.114900000000006" lon="10.938110000000002">
    <ele>1087.58</ele>
   </trkpt>
   <trkpt lat="47.11486000000001" lon="10.93856">
    <ele>1090.02</ele>
   </trkpt>
   <trkpt lat="47.114830000000005" lon="10.938690000000001">
    <ele>1090.02</ele>
   </trkpt>
   <trkpt lat="47.11469" lon="10.939010000000001">
    <ele>1092.27</ele>
   </trkpt>
   <trkpt lat="47.11451" lon="10.93917">
    <ele>1094.6</ele>
   </trkpt>
   <trkpt lat="47.114360000000005" lon="10.93922">
    <ele>1094.6</ele>
   </trkpt>
   <trkpt lat="47.11361" lon="10.93936">
    <ele>1102.2200000000003</ele>
   </trkpt>
   <trkpt lat="47.11343" lon="10.93942">
    <ele>1102.2200000000003</ele>
   </trkpt>
   <trkpt lat="47.113220000000005" lon="10.93955">
    <ele>1103.2900000000002</ele>
   </trkpt>
   <trkpt lat="47.11305" lon="10.939720000000001">
    <ele>1104.6</ele>
   </trkpt>
   <trkpt lat="47.11294" lon="10.93992">
    <ele>1105.1200000000001</ele>
   </trkpt>
   <trkpt lat="47.112820000000006" lon="10.940270000000002">
    <ele>1105.5900000000001</ele>
   </trkpt>
   <trkpt lat="47.112610000000004" lon="10.94097">
    <ele>1107.22</ele>
   </trkpt>
   <trkpt lat="47.11251" lon="10.94128">
    <ele>1108.8500000000001</ele>
   </trkpt>
   <trkpt lat="47.1124" lon="10.941510000000001">
    <ele>1108.8500000000001</ele>
   </trkpt>
   <trkpt lat="47.11222" lon="10.94171">
    <ele>1109.34</ele>
   </trkpt>
   <trkpt lat="47.111940000000004" lon="10.94186">
    <ele>1109.8700000000001</ele>
   </trkpt>
   <trkpt lat="47.111850000000004" lon="10.94189">
    <ele>1109.8700000000001</ele>
   </trkpt>
   <trkpt lat="47.11168000000001" lon="10.94189">
    <ele>1111.67</ele>
   </trkpt>
   <trkpt lat="47.111290000000004" lon="10.941770000000002">
    <ele>1112.91</ele>
   </trkpt>
   <trkpt lat="47.11099" lon="10.94172">
    <ele>1114.23</ele>
   </trkpt>
   <trkpt lat="47.110780000000005" lon="10.941730000000002">
    <ele>1115.75</ele>
   </trkpt>
   <trkpt lat="47.11061" lon="10.941790000000001">
    <ele>1117.68</ele>
   </trkpt>
   <trkpt lat="47.11039" lon="10.941930000000001">
    <ele>1118.2</ele>
   </trkpt>
   <trkpt lat="47.11018000000001" lon="10.942150000000002">
    <ele>1120.3500000000001</ele>
   </trkpt>
   <trkpt lat="47.11003" lon="10.942430000000002">
    <ele>1121.2600000000002</ele>
   </trkpt>
   <trkpt lat="47.10989000000001" lon="10.94278">
    <ele>1122.42</ele>
   </trkpt>
   <trkpt lat="47.10969500352974" lon="10.943680003274201">
    <ele>1124.3100000000002</ele>
   </trkpt>
   <trkpt lat="47.109500000000004" lon="10.94458">
    <ele>1126.18</ele>
   </trkpt>
   <trkpt lat="47.109350000000006" lon="10.945150000000002">
    <ele>1126.4</ele>
   </trkpt>
   <trkpt lat="47.109140000000004" lon="10.945760000000002">
    <ele>1128.7900000000002</ele>
   </trkpt>
   <trkpt lat="47.108830000000005" lon="10.946530000000001">
    <ele>1130.59</ele>
   </trkpt>
   <trkpt lat="47.108450005042315" lon="10.947290010820776">
    <ele>1133.3000000000002</ele>
   </trkpt>
   <trkpt lat="47.1080700050577" lon="10.948050010789865">
    <ele>1137.69</ele>
   </trkpt>
   <trkpt lat="47.107690000000005" lon="10.948810000000002">
    <ele>1141.99</ele>
   </trkpt>
   <trkpt lat="47.10761" lon="10.94913">
    <ele>1142.9600000000003</ele>
   </trkpt>
   <trkpt lat="47.10757" lon="10.949390000000001">
    <ele>1143.6000000000001</ele>
   </trkpt>
   <trkpt lat="47.107530000000004" lon="10.950090000000001">
    <ele>1145.2900000000002</ele>
   </trkpt>
   <trkpt lat="47.107470000000006" lon="10.950470000000001">
    <ele>1146.92</ele>
   </trkpt>
   <trkpt lat="47.10734" lon="10.950890000000001">
    <ele>1147.81</ele>
   </trkpt>
   <trkpt lat="47.107200000000006" lon="10.95146">
    <ele>1149.04</ele>
   </trkpt>
   <trkpt lat="47.107110000000006" lon="10.95218">
    <ele>1149.95</ele>
   </trkpt>
   <trkpt lat="47.107020000000006" lon="10.952580000000001">
    <ele>1150.1100000000001</ele>
   </trkpt>
   <trkpt lat="47.10689000000001" lon="10.95292">
    <ele>1150.1100000000001</ele>
   </trkpt>
   <trkpt lat="47.10671000000001" lon="10.9532">
    <ele>1149.8300000000002</ele>
   </trkpt>
   <trkpt lat="47.10651000000001" lon="10.9534">
    <ele>1149.8300000000002</ele>
   </trkpt>
   <trkpt lat="47.10624000000001" lon="10.95354">
    <ele>1149.93</ele>
   </trkpt>
   <trkpt lat="47.10591" lon="10.953600000000002">
    <ele>1149.65</ele>
   </trkpt>
   <trkpt lat="47.10573" lon="10.953560000000001">
    <ele>1149.63</ele>
   </trkpt>
   <trkpt lat="47.1054" lon="10.9534">
    <ele>1149.71</ele>
   </trkpt>
   <trkpt lat="47.10526" lon="10.953270000000002">
    <ele>1149.7700000000002</ele>
   </trkpt>
   <trkpt lat="47.10474000000001" lon="10.95264">
    <ele>1150.46</ele>
   </trkpt>
   <trkpt lat="47.104600000000005" lon="10.952520000000002">
    <ele>1150.46</ele>
   </trkpt>
   <trkpt lat="47.10437" lon="10.95236">
    <ele>1150.93</ele>
   </trkpt>
   <trkpt lat="47.10407000000001" lon="10.952240000000002">
    <ele>1150.93</ele>
   </trkpt>
   <trkpt lat="47.10380000000001" lon="10.952200000000001">
    <ele>1151.2900000000002</ele>
   </trkpt>
   <trkpt lat="47.10351000000001" lon="10.95222">
    <ele>1151.42</ele>
   </trkpt>
   <trkpt lat="47.10268666736183" lon="10.952506675540372">
    <ele>1152.8</ele>
   </trkpt>
   <trkpt lat="47.101863334008435" lon="10.952793342213845">
    <ele>1153.6000000000001</ele>
   </trkpt>
   <trkpt lat="47.101040000000005" lon="10.953080000000002">
    <ele>1154.2</ele>
   </trkpt>
   <trkpt lat="47.10056500016205" lon="10.9532250012721">
    <ele>1154.0300000000002</ele>
   </trkpt>
   <trkpt lat="47.10009" lon="10.953370000000001">
    <ele>1154.8</ele>
   </trkpt>
   <trkpt lat="47.09962" lon="10.953470000000001">
    <ele>1155.31</ele>
   </trkpt>
   <trkpt lat="47.09913500002895" lon="10.95350500031711">
    <ele>1155.55</ele>
   </trkpt>
   <trkpt lat="47.098650000000006" lon="10.95354">
    <ele>1155.67</ele>
   </trkpt>
   <trkpt lat="47.09808500004231" lon="10.953560000210786">
    <ele>1155.92</ele>
   </trkpt>
   <trkpt lat="47.09752" lon="10.95358">
    <ele>1156.0600000000002</ele>
   </trkpt>
   <trkpt lat="47.09702" lon="10.95362">
    <ele>1156.3300000000002</ele>
   </trkpt>
   <trkpt lat="47.096210000000006" lon="10.953790000000001">
    <ele>1157.01</ele>
   </trkpt>
   <trkpt lat="47.09574000014935" lon="10.953975001632688">
    <ele>1157.21</ele>
   </trkpt>
   <trkpt lat="47.095270000000006" lon="10.954160000000002">
    <ele>1157.45</ele>
   </trkpt>
   <trkpt lat="47.09456" lon="10.954540000000001">
    <ele>1157.8300000000002</ele>
   </trkpt>
   <trkpt lat="47.09394" lon="10.954970000000001">
    <ele>1158.71</ele>
   </trkpt>
   <trkpt lat="47.09353" lon="10.955340000000001">
    <ele>1159.2900000000002</ele>
   </trkpt>
   <trkpt lat="47.093050000000005" lon="10.955810000000001">
    <ele>1160.0600000000002</ele>
   </trkpt>
   <trkpt lat="47.09264500095951" lon="10.956290003701374">
    <ele>1160.3300000000002</ele>
   </trkpt>
   <trkpt lat="47.092240000000004" lon="10.95677">
    <ele>1160.8200000000002</ele>
   </trkpt>
   <trkpt lat="47.09176667002061" lon="10.957390011009627">
    <ele>1161.51</ele>
   </trkpt>
   <trkpt lat="47.091293336695585" lon="10.958010010998601">
    <ele>1161.75</ele>
   </trkpt>
   <trkpt lat="47.09082" lon="10.958630000000001">
    <ele>1161.93</ele>
   </trkpt>
   <trkpt lat="47.09044" lon="10.95911">
    <ele>1162.23</ele>
   </trkpt>
   <trkpt lat="47.090030000000006" lon="10.959480000000001">
    <ele>1162.71</ele>
   </trkpt>
   <trkpt lat="47.089670000000005" lon="10.959700000000002">
    <ele>1162.79</ele>
   </trkpt>
   <trkpt lat="47.08948" lon="10.95978">
    <ele>1162.88</ele>
   </trkpt>
   <trkpt lat="47.0891" lon="10.959890000000001">
    <ele>1162.8700000000001</ele>
   </trkpt>
   <trkpt lat="47.088405000058685" lon="10.960050002099846">
    <ele>1163.01</ele>
   </trkpt>
   <trkpt lat="47.08771" lon="10.960210000000002">
    <ele>1163.14</ele>
   </trkpt>
   <trkpt lat="47.087210000000006" lon="10.960360000000001">
    <ele>1163.72</ele>
   </trkpt>
   <trkpt lat="47.087" lon="10.96044">
    <ele>1163.72</ele>
   </trkpt>
   <trkpt lat="47.08663000000001" lon="10.96062">
    <ele>1164.16</ele>
   </trkpt>
   <trkpt lat="47.08619000035112" lon="10.960900002306493">
    <ele>1164.5800000000002</ele>
   </trkpt>
   <trkpt lat="47.085750000000004" lon="10.96118">
    <ele>1164.8100000000002</ele>
   </trkpt>
   <trkpt lat="47.08526500051278" lon="10.961550003432">
    <ele>1165.1100000000001</ele>
   </trkpt>
   <trkpt lat="47.08478" lon="10.961920000000001">
    <ele>1165.19</ele>
   </trkpt>
   <trkpt lat="47.08426" lon="10.962250000000001">
    <ele>1165.25</ele>
   </trkpt>
   <trkpt lat="47.083673334187175" lon="10.962566673651436">
    <ele>1165.45</ele>
   </trkpt>
   <trkpt lat="47.08308666750154" lon="10.962883340328235">
    <ele>1165.7700000000002</ele>
   </trkpt>
   <trkpt lat="47.0825" lon="10.9632">
    <ele>1166.17</ele>
   </trkpt>
   <trkpt lat="47.082150000000006" lon="10.963450000000002">
    <ele>1166.52</ele>
   </trkpt>
   <trkpt lat="47.08175000000001" lon="10.963880000000001">
    <ele>1166.95</ele>
   </trkpt>
   <trkpt lat="47.081520000000005" lon="10.964200000000002">
    <ele>1167.1100000000001</ele>
   </trkpt>
   <trkpt lat="47.08122500117781" lon="10.964730003014798">
    <ele>1167.27</ele>
   </trkpt>
   <trkpt lat="47.08093" lon="10.96526">
    <ele>1167.66</ele>
   </trkpt>
   <trkpt lat="47.080600000000004" lon="10.965700000000002">
    <ele>1167.66</ele>
   </trkpt>
   <trkpt lat="47.08039" lon="10.96592">
    <ele>1168.1000000000001</ele>
   </trkpt>
   <trkpt lat="47.07979750318927" lon="10.966415016521855">
    <ele>1168.4</ele>
   </trkpt>
   <trkpt lat="47.07920500424585" lon="10.966910022034252">
    <ele>1169.07</ele>
   </trkpt>
   <trkpt lat="47.078612503169786" lon="10.967405016537622">
    <ele>1169.37</ele>
   </trkpt>
   <trkpt lat="47.07802" lon="10.9679">
    <ele>1170.23</ele>
   </trkpt>
   <trkpt lat="47.07773" lon="10.96809">
    <ele>1170.23</ele>
   </trkpt>
   <trkpt lat="47.07720500051434" lon="10.96840000299757">
    <ele>1171.38</ele>
   </trkpt>
   <trkpt lat="47.07668" lon="10.968710000000002">
    <ele>1172.3100000000002</ele>
   </trkpt>
   <trkpt lat="47.076100000000004" lon="10.96929">
    <ele>1175.88</ele>
   </trkpt>
   <trkpt lat="47.07565" lon="10.969600000000002">
    <ele>1176.62</ele>
   </trkpt>
   <trkpt lat="47.07562" lon="10.969560000000001">
    <ele>1176.62</ele>
   </trkpt>
   <trkpt lat="47.07555000000001" lon="10.969560000000001">
    <ele>1176.95</ele>
   </trkpt>
   <trkpt lat="47.075520000000004" lon="10.969610000000001">
    <ele>1177.4900000000002</ele>
   </trkpt>
   <trkpt lat="47.07537000000001" lon="10.96976">
    <ele>1177.68</ele>
   </trkpt>
   <trkpt lat="47.075210000000006" lon="10.969830000000002">
    <ele>1177.7700000000002</ele>
   </trkpt>
   <trkpt lat="47.07460000009626" lon="10.969975001658662">
    <ele>1178.45</ele>
   </trkpt>
   <trkpt lat="47.07399" lon="10.970120000000001">
    <ele>1180.01</ele>
   </trkpt>
   <trkpt lat="47.07312" lon="10.97037">
    <ele>1184.05</ele>
   </trkpt>
   <trkpt lat="47.07291000000001" lon="10.970450000000001">
    <ele>1183.4</ele>
   </trkpt>
   <trkpt lat="47.072750000000006" lon="10.970550000000001">
    <ele>1181.67</ele>
   </trkpt>
   <trkpt lat="47.072410000000005" lon="10.97084">
    <ele>1180.83</ele>
   </trkpt>
   <trkpt lat="47.07226000000001" lon="10.97094">
    <ele>1180.19</ele>
   </trkpt>
   <trkpt lat="47.07209" lon="10.971010000000001">
    <ele>1179.51</ele>
   </trkpt>
   <trkpt lat="47.07193" lon="10.971020000000001">
    <ele>1178.8500000000001</ele>
   </trkpt>
   <trkpt lat="47.07184" lon="10.971010000000001">
    <ele>1178.8500000000001</ele>
   </trkpt>
   <trkpt lat="47.07170000000001" lon="10.97095">
    <ele>1178.0600000000002</ele>
   </trkpt>
   <trkpt lat="47.07157" lon="10.970880000000001">
    <ele>1178.0600000000002</ele>
   </trkpt>
   <trkpt lat="47.07106" lon="10.97051">
    <ele>1176.8500000000001</ele>
   </trkpt>
   <trkpt lat="47.0705450004707" lon="10.970189996923478">
    <ele>1174.26</ele>
   </trkpt>
   <trkpt lat="47.07003" lon="10.96987">
    <ele>1173.66</ele>
   </trkpt>
   <trkpt lat="47.06946000000001" lon="10.969600000000002">
    <ele>1173.6200000000001</ele>
   </trkpt>
   <trkpt lat="47.06918" lon="10.969510000000001">
    <ele>1173.68</ele>
   </trkpt>
   <trkpt lat="47.06868" lon="10.96929">
    <ele>1173.51</ele>
   </trkpt>
   <trkpt lat="47.068200000000004" lon="10.969000000000001">
    <ele>1173.5900000000001</ele>
   </trkpt>
   <trkpt lat="47.067473335311554" lon="10.968529987221213">
    <ele>1173.75</ele>
   </trkpt>
   <trkpt lat="47.06674666870037" lon="10.968059987257332">
    <ele>1173.91</ele>
   </trkpt>
   <trkpt lat="47.06602" lon="10.967590000000001">
    <ele>1172.32</ele>
   </trkpt>
   <trkpt lat="47.066030000000005" lon="10.967550000000001">
    <ele>1172.35</ele>
   </trkpt>
   <trkpt lat="47.06602" lon="10.96746">
    <ele>1172.35</ele>
   </trkpt>
   <trkpt lat="47.06598" lon="10.967410000000001">
    <ele>1174.1200000000001</ele>
   </trkpt>
   <trkpt lat="47.065920000000006" lon="10.967390000000002">
    <ele>1174.1200000000001</ele>
   </trkpt>
   <trkpt lat="47.065870000000004" lon="10.967440000000002">
    <ele>1174.1200000000001</ele>
   </trkpt>
   <trkpt lat="47.06584" lon="10.967530000000002">
    <ele>1174.1200000000001</ele>
   </trkpt>
   <trkpt lat="47.065250000000006" lon="10.96746">
    <ele>1174.68</ele>
   </trkpt>
   <trkpt lat="47.06469000018979" lon="10.967339998766652">
    <ele>1174.96</ele>
   </trkpt>
   <trkpt lat="47.064130000000006" lon="10.967220000000001">
    <ele>1174.9900000000002</ele>
   </trkpt>
   <trkpt lat="47.063930000000006" lon="10.967160000000002">
    <ele>1175.0</ele>
   </trkpt>
   <trkpt lat="47.06356" lon="10.967020000000002">
    <ele>1175.2</ele>
   </trkpt>
   <trkpt lat="47.06276750214958" lon="10.966612481817785">
    <ele>1175.7600000000002</ele>
   </trkpt>
   <trkpt lat="47.06197500285372" lon="10.966204975751152">
    <ele>1177.04</ele>
   </trkpt>
   <trkpt lat="47.061182502112494" lon="10.965797481799436">
    <ele>1177.74</ele>
   </trkpt>
   <trkpt lat="47.060390000000005" lon="10.965390000000001">
    <ele>1178.13</ele>
   </trkpt>
   <trkpt lat="47.05966" lon="10.965140000000002">
    <ele>1178.72</ele>
   </trkpt>
   <trkpt lat="47.05924" lon="10.965060000000001">
    <ele>1179.0</ele>
   </trkpt>
   <trkpt lat="47.058490000000006" lon="10.965050000000002">
    <ele>1179.74</ele>
   </trkpt>
   <trkpt lat="47.058040000000005" lon="10.965110000000001">
    <ele>1180.14</ele>
   </trkpt>
   <trkpt lat="47.057280000854526" lon="10.965330012539008">
    <ele>1180.65</ele>
   </trkpt>
   <trkpt lat="47.05652000128773" lon="10.96555001880644">
    <ele>1182.0000000000002</ele>
   </trkpt>
   <trkpt lat="47.05576000129966" lon="10.965770018802642">
    <ele>1182.79</ele>
   </trkpt>
   <trkpt lat="47.05500000089032" lon="10.965990012527953">
    <ele>1183.84</ele>
   </trkpt>
   <trkpt lat="47.05424000000001" lon="10.96621">
    <ele>1184.7500000000002</ele>
   </trkpt>
   <trkpt lat="47.053720000000006" lon="10.966320000000001">
    <ele>1185.64</ele>
   </trkpt>
   <trkpt lat="47.05341000000001" lon="10.966330000000001">
    <ele>1186.11</ele>
   </trkpt>
   <trkpt lat="47.05286" lon="10.96625">
    <ele>1186.91</ele>
   </trkpt>
   <trkpt lat="47.052110000000006" lon="10.965990000000001">
    <ele>1188.52</ele>
   </trkpt>
   <trkpt lat="47.051590000000004" lon="10.96587">
    <ele>1188.91</ele>
   </trkpt>
   <trkpt lat="47.05134" lon="10.965850000000001">
    <ele>1188.91</ele>
   </trkpt>
   <trkpt lat="47.05096" lon="10.96587">
    <ele>1189.16</ele>
   </trkpt>
   <trkpt lat="47.050720000000005" lon="10.96593">
    <ele>1189.0900000000001</ele>
   </trkpt>
   <trkpt lat="47.05021000000001" lon="10.966140000000001">
    <ele>1189.5300000000002</ele>
   </trkpt>
   <trkpt lat="47.049800000000005" lon="10.966420000000001">
    <ele>1189.5300000000002</ele>
   </trkpt>
   <trkpt lat="47.049200000000006" lon="10.966930000000001">
    <ele>1189.96</ele>
   </trkpt>
   <trkpt lat="47.048880000000004" lon="10.967160000000002">
    <ele>1190.4</ele>
   </trkpt>
   <trkpt lat="47.04813000163039" lon="10.967765008476716">
    <ele>1190.5700000000002</ele>
   </trkpt>
   <trkpt lat="47.047380000000004" lon="10.96837">
    <ele>1191.38</ele>
   </trkpt>
   <trkpt lat="47.04674000107322" lon="10.968860005857433">
    <ele>1191.63</ele>
   </trkpt>
   <trkpt lat="47.0461" lon="10.96935">
    <ele>1191.8300000000002</ele>
   </trkpt>
   <trkpt lat="47.045590000000004" lon="10.96978">
    <ele>1192.0600000000002</ele>
   </trkpt>
   <trkpt lat="47.04511000149071" lon="10.970340004892075">
    <ele>1192.73</ele>
   </trkpt>
   <trkpt lat="47.044630000000005" lon="10.9709">
    <ele>1193.3100000000002</ele>
   </trkpt>
   <trkpt lat="47.04402" lon="10.971770000000001">
    <ele>1194.46</ele>
   </trkpt>
   <trkpt lat="47.04350750873046" lon="10.972587523553203">
    <ele>1195.0</ele>
   </trkpt>
   <trkpt lat="47.042995011643455" lon="10.97340503139924">
    <ele>1195.67</ele>
   </trkpt>
   <trkpt lat="47.0424825087392" lon="10.974222523538518">
    <ele>1196.7800000000002</ele>
   </trkpt>
   <trkpt lat="47.041970000000006" lon="10.975040000000002">
    <ele>1197.47</ele>
   </trkpt>
   <trkpt lat="47.041790000000006" lon="10.97536">
    <ele>1197.63</ele>
   </trkpt>
   <trkpt lat="47.0416" lon="10.97574">
    <ele>1197.89</ele>
   </trkpt>
   <trkpt lat="47.041410000000006" lon="10.97619">
    <ele>1197.9700000000003</ele>
   </trkpt>
   <trkpt lat="47.04121000000001" lon="10.976730000000002">
    <ele>1198.47</ele>
   </trkpt>
   <trkpt lat="47.041050000000006" lon="10.97724">
    <ele>1199.06</ele>
   </trkpt>
   <trkpt lat="47.04073334622205" lon="10.978456681095446">
    <ele>1200.89</ele>
   </trkpt>
   <trkpt lat="47.040416679558845" lon="10.97967334774853">
    <ele>1202.93</ele>
   </trkpt>
   <trkpt lat="47.0401" lon="10.98089">
    <ele>1204.23</ele>
   </trkpt>
   <trkpt lat="47.03994" lon="10.981330000000002">
    <ele>1204.93</ele>
   </trkpt>
   <trkpt lat="47.03972" lon="10.98179">
    <ele>1205.87</ele>
   </trkpt>
   <trkpt lat="47.03933000188838" lon="10.982460005009598">
    <ele>1206.73</ele>
   </trkpt>
   <trkpt lat="47.038940000000004" lon="10.983130000000001">
    <ele>1206.96</ele>
   </trkpt>
   <trkpt lat="47.03868500128975" lon="10.983685002763108">
    <ele>1208.17</ele>
   </trkpt>
   <trkpt lat="47.038430000000005" lon="10.984240000000002">
    <ele>1208.6100000000001</ele>
   </trkpt>
   <trkpt lat="47.038230000000006" lon="10.98454">
    <ele>1209.66</ele>
   </trkpt>
   <trkpt lat="47.038000000000004" lon="10.984820000000001">
    <ele>1210.39</ele>
   </trkpt>
   <trkpt lat="47.03777" lon="10.984990000000002">
    <ele>1211.6100000000001</ele>
   </trkpt>
   <trkpt lat="47.03755" lon="10.98511">
    <ele>1212.97</ele>
   </trkpt>
   <trkpt lat="47.0369" lon="10.9853">
    <ele>1214.48</ele>
   </trkpt>
   <trkpt lat="47.036460000000005" lon="10.98553">
    <ele>1215.38</ele>
   </trkpt>
   <trkpt lat="47.036190000000005" lon="10.985710000000001">
    <ele>1215.48</ele>
   </trkpt>
   <trkpt lat="47.035900000000005" lon="10.985940000000001">
    <ele>1215.3200000000002</ele>
   </trkpt>
   <trkpt lat="47.035450000000004" lon="10.98642">
    <ele>1214.72</ele>
   </trkpt>
   <trkpt lat="47.03499" lon="10.987110000000001">
    <ele>1214.18</ele>
   </trkpt>
   <trkpt lat="47.03483000000001" lon="10.987430000000002">
    <ele>1213.95</ele>
   </trkpt>
   <trkpt lat="47.03468" lon="10.98779">
    <ele>1213.89</ele>
   </trkpt>
   <trkpt lat="47.034395002649376" lon="10.988570004161778">
    <ele>1214.9</ele>
   </trkpt>
   <trkpt lat="47.034110000000005" lon="10.989350000000002">
    <ele>1215.2200000000003</ele>
   </trkpt>
   <trkpt lat="47.034000000000006" lon="10.98956">
    <ele>1216.0600000000002</ele>
   </trkpt>
   <trkpt lat="47.03376" lon="10.98994">
    <ele>1216.76</ele>
   </trkpt>
   <trkpt lat="47.03358" lon="10.99014">
    <ele>1216.76</ele>
   </trkpt>
   <trkpt lat="47.03334" lon="10.99032">
    <ele>1218.65</ele>
   </trkpt>
   <trkpt lat="47.032720000000005" lon="10.9907">
    <ele>1219.8</ele>
   </trkpt>
   <trkpt lat="47.03206" lon="10.991330000000001">
    <ele>1220.79</ele>
   </trkpt>
   <trkpt lat="47.03173" lon="10.99159">
    <ele>1220.96</ele>
   </trkpt>
   <trkpt lat="47.0315" lon="10.99172">
    <ele>1220.9</ele>
   </trkpt>
   <trkpt lat="47.03117" lon="10.99183">
    <ele>1220.6800000000003</ele>
   </trkpt>
   <trkpt lat="47.030800000000006" lon="10.991900000000001">
    <ele>1220.52</ele>
   </trkpt>
   <trkpt lat="47.030240000000006" lon="10.991950000000001">
    <ele>1220.63</ele>
   </trkpt>
   <trkpt lat="47.02969" lon="10.99205">
    <ele>1221.0800000000002</ele>
   </trkpt>
   <trkpt lat="47.029120000000006" lon="10.992260000000002">
    <ele>1222.1200000000001</ele>
   </trkpt>
   <trkpt lat="47.02844" lon="10.992590000000002">
    <ele>1222.8600000000001</ele>
   </trkpt>
   <trkpt lat="47.02808" lon="10.992830000000001">
    <ele>1223.4</ele>
   </trkpt>
   <trkpt lat="47.02754" lon="10.99323">
    <ele>1224.5300000000002</ele>
   </trkpt>
   <trkpt lat="47.027" lon="10.993540000000001">
    <ele>1225.3500000000001</ele>
   </trkpt>
   <trkpt lat="47.0266" lon="10.9937">
    <ele>1225.8999999999999</ele>
   </trkpt>
   <trkpt lat="47.026030000000006" lon="10.993870000000001">
    <ele>1226.58</ele>
   </trkpt>
   <trkpt lat="47.025270000000006" lon="10.99403">
    <ele>1227.3500000000001</ele>
   </trkpt>
   <trkpt lat="47.0246550001305" lon="10.994140001253331">
    <ele>1228.11</ele>
   </trkpt>
   <trkpt lat="47.02404000000001" lon="10.994250000000001">
    <ele>1228.3200000000002</ele>
   </trkpt>
   <trkpt lat="47.0232" lon="10.99445">
    <ele>1229.14</ele>
   </trkpt>
   <trkpt lat="47.02265000038604" lon="10.994685002358766">
    <ele>1230.75</ele>
   </trkpt>
   <trkpt lat="47.0221" lon="10.99492">
    <ele>1231.6100000000001</ele>
   </trkpt>
   <trkpt lat="47.02179" lon="10.995030000000002">
    <ele>1232.25</ele>
   </trkpt>
   <trkpt lat="47.021370000000005" lon="10.995140000000001">
    <ele>1232.66</ele>
   </trkpt>
   <trkpt lat="47.02069" lon="10.995220000000002">
    <ele>1234.48</ele>
   </trkpt>
   <trkpt lat="47.02014999983562" lon="10.995270000521927">
    <ele>1235.8600000000001</ele>
   </trkpt>
   <trkpt lat="47.01961000000001" lon="10.995320000000001">
    <ele>1236.31</ele>
   </trkpt>
   <trkpt lat="47.01939" lon="10.995370000000001">
    <ele>1236.6200000000001</ele>
   </trkpt>
   <trkpt lat="47.01921" lon="10.995450000000002">
    <ele>1237.18</ele>
   </trkpt>
   <trkpt lat="47.019040000000004" lon="10.995550000000001">
    <ele>1237.6</ele>
   </trkpt>
   <trkpt lat="47.018840000000004" lon="10.99571">
    <ele>1238.52</ele>
   </trkpt>
   <trkpt lat="47.01858000000001" lon="10.996030000000001">
    <ele>1239.8500000000001</ele>
   </trkpt>
   <trkpt lat="47.01836" lon="10.996530000000002">
    <ele>1244.18</ele>
   </trkpt>
   <trkpt lat="47.01821" lon="10.997100000000001">
    <ele>1246.0200000000002</ele>
   </trkpt>
   <trkpt lat="47.01814" lon="10.9976">
    <ele>1248.0</ele>
   </trkpt>
   <trkpt lat="47.01805" lon="10.99788">
    <ele>1250.42</ele>
   </trkpt>
   <trkpt lat="47.017900000000004" lon="10.99815">
    <ele>1250.42</ele>
   </trkpt>
   <trkpt lat="47.01769" lon="10.99835">
    <ele>1252.39</ele>
   </trkpt>
   <trkpt lat="47.01697" lon="10.998850000000001">
    <ele>1255.95</ele>
   </trkpt>
   <trkpt lat="47.01659" lon="10.99915">
    <ele>1257.24</ele>
   </trkpt>
   <trkpt lat="47.016205000650636" lon="10.999535002770333">
    <ele>1257.71</ele>
   </trkpt>
   <trkpt lat="47.015820000000005" lon="10.999920000000001">
    <ele>1257.8200000000002</ele>
   </trkpt>
   <trkpt lat="47.015480000000004" lon="11.00022">
    <ele>1257.8100000000002</ele>
   </trkpt>
   <trkpt lat="47.01487000088648" lon="11.00067500520833">
    <ele>1257.5800000000002</ele>
   </trkpt>
   <trkpt lat="47.01426000000001" lon="11.001130000000002">
    <ele>1259.43</ele>
   </trkpt>
   <trkpt lat="47.01373500063126" lon="11.001445002977077">
    <ele>1262.3700000000001</ele>
   </trkpt>
   <trkpt lat="47.01321" lon="11.00176">
    <ele>1263.97</ele>
   </trkpt>
   <trkpt lat="47.013040000000004" lon="11.00181">
    <ele>1263.97</ele>
   </trkpt>
   <trkpt lat="47.012820000000005" lon="11.001830000000002">
    <ele>1264.25</ele>
   </trkpt>
   <trkpt lat="47.01259" lon="11.001800000000001">
    <ele>1264.25</ele>
   </trkpt>
   <trkpt lat="47.01232" lon="11.001690000000002">
    <ele>1264.44</ele>
   </trkpt>
   <trkpt lat="47.01167" lon="11.00136">
    <ele>1264.4700000000003</ele>
   </trkpt>
   <trkpt lat="47.011410000000005" lon="11.00125">
    <ele>1265.19</ele>
   </trkpt>
   <trkpt lat="47.011250000000004" lon="11.001190000000001">
    <ele>1265.88</ele>
   </trkpt>
   <trkpt lat="47.01099000000001" lon="11.001140000000001">
    <ele>1267.47</ele>
   </trkpt>
   <trkpt lat="47.01071" lon="11.00116">
    <ele>1269.3600000000001</ele>
   </trkpt>
   <trkpt lat="47.010450000000006" lon="11.001240000000001">
    <ele>1271.7</ele>
   </trkpt>
   <trkpt lat="47.010160000000006" lon="11.00139">
    <ele>1272.54</ele>
   </trkpt>
   <trkpt lat="47.00994000000001" lon="11.001600000000002">
    <ele>1276.43</ele>
   </trkpt>
   <trkpt lat="47.00976000000001" lon="11.00186">
    <ele>1279.63</ele>
   </trkpt>
   <trkpt lat="47.009620000000005" lon="11.00224">
    <ele>1282.0200000000002</ele>
   </trkpt>
   <trkpt lat="47.00954" lon="11.002740000000001">
    <ele>1282.69</ele>
   </trkpt>
   <trkpt lat="47.00947" lon="11.003060000000001">
    <ele>1286.27</ele>
   </trkpt>
   <trkpt lat="47.00936" lon="11.00336">
    <ele>1287.26</ele>
   </trkpt>
   <trkpt lat="47.008970000000005" lon="11.00411">
    <ele>1292.45</ele>
   </trkpt>
   <trkpt lat="47.008520000000004" lon="11.004800000000001">
    <ele>1295.4800000000002</ele>
   </trkpt>
   <trkpt lat="47.00824" lon="11.005130000000001">
    <ele>1298.03</ele>
   </trkpt>
   <trkpt lat="47.00797000000001" lon="11.00538">
    <ele>1300.04</ele>
   </trkpt>
   <trkpt lat="47.00768" lon="11.00553">
    <ele>1303.2800000000002</ele>
   </trkpt>
   <trkpt lat="47.007130000000004" lon="11.005690000000001">
    <ele>1305.94</ele>
   </trkpt>
   <trkpt lat="47.00692" lon="11.005830000000001">
    <ele>1307.3700000000001</ele>
   </trkpt>
   <trkpt lat="47.00638000000001" lon="11.00637">
    <ele>1311.5100000000002</ele>
   </trkpt>
   <trkpt lat="47.00576" lon="11.00679">
    <ele>1316.17</ele>
   </trkpt>
   <trkpt lat="47.00562" lon="11.00694">
    <ele>1317.76</ele>
   </trkpt>
   <trkpt lat="47.00553000000001" lon="11.00711">
    <ele>1317.76</ele>
   </trkpt>
   <trkpt lat="47.00544000000001" lon="11.00741">
    <ele>1319.64</ele>
   </trkpt>
   <trkpt lat="47.00533" lon="11.007950000000001">
    <ele>1322.72</ele>
   </trkpt>
   <trkpt lat="47.005250000000004" lon="11.008180000000001">
    <ele>1323.16</ele>
   </trkpt>
   <trkpt lat="47.00511" lon="11.00844">
    <ele>1323.5400000000002</ele>
   </trkpt>
   <trkpt lat="47.00491" lon="11.008700000000001">
    <ele>1323.79</ele>
   </trkpt>
   <trkpt lat="47.004650000000005" lon="11.0089">
    <ele>1324.33</ele>
   </trkpt>
   <trkpt lat="47.00417" lon="11.00904">
    <ele>1324.64</ele>
   </trkpt>
   <trkpt lat="47.00377" lon="11.009300000000001">
    <ele>1325.0400000000002</ele>
   </trkpt>
   <trkpt lat="47.003600000000006" lon="11.009350000000001">
    <ele>1325.21</ele>
   </trkpt>
   <trkpt lat="47.003400000000006" lon="11.009350000000001">
    <ele>1325.56</ele>
   </trkpt>
   <trkpt lat="47.00301" lon="11.009310000000001">
    <ele>1326.15</ele>
   </trkpt>
   <trkpt lat="47.002770000000005" lon="11.00924">
    <ele>1327.0300000000002</ele>
   </trkpt>
   <trkpt lat="47.002610000000004" lon="11.009170000000001">
    <ele>1327.0300000000002</ele>
   </trkpt>
   <trkpt lat="47.00242" lon="11.00913">
    <ele>1329.25</ele>
   </trkpt>
   <trkpt lat="47.00213" lon="11.00914">
    <ele>1329.25</ele>
   </trkpt>
   <trkpt lat="47.00202" lon="11.0091">
    <ele>1329.79</ele>
   </trkpt>
   <trkpt lat="47.00169" lon="11.0089">
    <ele>1331.68</ele>
   </trkpt>
   <trkpt lat="47.00155" lon="11.00886">
    <ele>1331.68</ele>
   </trkpt>
   <trkpt lat="47.00139" lon="11.008870000000002">
    <ele>1332.8600000000001</ele>
   </trkpt>
   <trkpt lat="47.0009" lon="11.00909">
    <ele>1334.23</ele>
   </trkpt>
   <trkpt lat="47.00057" lon="11.009150000000002">
    <ele>1334.7900000000002</ele>
   </trkpt>
   <trkpt lat="46.999880000000005" lon="11.00909">
    <ele>1334.99</ele>
   </trkpt>
   <trkpt lat="46.999700000000004" lon="11.00909">
    <ele>1335.13</ele>
   </trkpt>
   <trkpt lat="46.99956" lon="11.009120000000001">
    <ele>1335.13</ele>
   </trkpt>
   <trkpt lat="46.999430000000004" lon="11.009170000000001">
    <ele>1335.53</ele>
   </trkpt>
   <trkpt lat="46.99926000000001" lon="11.00929">
    <ele>1335.53</ele>
   </trkpt>
   <trkpt lat="46.99871" lon="11.009770000000001">
    <ele>1335.97</ele>
   </trkpt>
   <trkpt lat="46.99859000000001" lon="11.009860000000002">
    <ele>1335.97</ele>
   </trkpt>
   <trkpt lat="46.998470000000005" lon="11.009920000000001">
    <ele>1336.39</ele>
   </trkpt>
   <trkpt lat="46.99821000000001" lon="11.009950000000002">
    <ele>1336.5600000000002</ele>
   </trkpt>
   <trkpt lat="46.997640000000004" lon="11.009950000000002">
    <ele>1337.0700000000002</ele>
   </trkpt>
   <trkpt lat="46.99738000000001" lon="11.00999">
    <ele>1337.19</ele>
   </trkpt>
   <trkpt lat="46.99674" lon="11.010150000000001">
    <ele>1337.15</ele>
   </trkpt>
   <trkpt lat="46.99635000000001" lon="11.01031">
    <ele>1337.48</ele>
   </trkpt>
   <trkpt lat="46.996170000000006" lon="11.01036">
    <ele>1338.3400000000001</ele>
   </trkpt>
   <trkpt lat="46.99566" lon="11.01035">
    <ele>1338.3400000000001</ele>
   </trkpt>
   <trkpt lat="46.99508" lon="11.0104">
    <ele>1339.0300000000002</ele>
   </trkpt>
   <trkpt lat="46.994890000000005" lon="11.01045">
    <ele>1339.35</ele>
   </trkpt>
   <trkpt lat="46.994240000000005" lon="11.01073">
    <ele>1339.8500000000001</ele>
   </trkpt>
   <trkpt lat="46.993930000000006" lon="11.01079">
    <ele>1340.09</ele>
   </trkpt>
   <trkpt lat="46.993640000000006" lon="11.01082">
    <ele>1340.47</ele>
   </trkpt>
   <trkpt lat="46.993410000000004" lon="11.01083">
    <ele>1340.8500000000001</ele>
   </trkpt>
   <trkpt lat="46.993100000000005" lon="11.01088">
    <ele>1341.3400000000001</ele>
   </trkpt>
   <trkpt lat="46.992630000000005" lon="11.01102">
    <ele>1341.7</ele>
   </trkpt>
   <trkpt lat="46.9924" lon="11.011050000000001">
    <ele>1341.88</ele>
   </trkpt>
   <trkpt lat="46.99217" lon="11.011080000000002">
    <ele>1342.2900000000002</ele>
   </trkpt>
   <trkpt lat="46.991960000000006" lon="11.01107">
    <ele>1342.4600000000003</ele>
   </trkpt>
   <trkpt lat="46.99137" lon="11.01096">
    <ele>1343.6100000000001</ele>
   </trkpt>
   <trkpt lat="46.99105" lon="11.010940000000002">
    <ele>1344.1900000000003</ele>
   </trkpt>
   <trkpt lat="46.99089000000001" lon="11.01097">
    <ele>1344.3400000000001</ele>
   </trkpt>
   <trkpt lat="46.990610000000004" lon="11.011090000000001">
    <ele>1344.45</ele>
   </trkpt>
   <trkpt lat="46.990010000000005" lon="11.011510000000001">
    <ele>1345.23</ele>
   </trkpt>
   <trkpt lat="46.989580000000004" lon="11.01168">
    <ele>1345.3300000000002</ele>
   </trkpt>
   <trkpt lat="46.989450000000005" lon="11.011700000000001">
    <ele>1345.52</ele>
   </trkpt>
   <trkpt lat="46.98926" lon="11.01172">
    <ele>1345.52</ele>
   </trkpt>
   <trkpt lat="46.9889" lon="11.01168">
    <ele>1345.91</ele>
   </trkpt>
   <trkpt lat="46.98830000029428" lon="11.011503329373747">
    <ele>1346.9</ele>
   </trkpt>
   <trkpt lat="46.98770000031686" lon="11.011326662713785">
    <ele>1347.31</ele>
   </trkpt>
   <trkpt lat="46.987100000000005" lon="11.01115">
    <ele>1347.49</ele>
   </trkpt>
   <trkpt lat="46.98682" lon="11.0111">
    <ele>1347.88</ele>
   </trkpt>
   <trkpt lat="46.986380000000004" lon="11.01112">
    <ele>1347.76</ele>
   </trkpt>
   <trkpt lat="46.985960000000006" lon="11.011050000000001">
    <ele>1347.2400000000002</ele>
   </trkpt>
   <trkpt lat="46.985710000000005" lon="11.011040000000001">
    <ele>1347.13</ele>
   </trkpt>
   <trkpt lat="46.985440000000004" lon="11.01111">
    <ele>1347.13</ele>
   </trkpt>
   <trkpt lat="46.985310000000005" lon="11.011180000000001">
    <ele>1347.08</ele>
   </trkpt>
   <trkpt lat="46.98465" lon="11.011790000000001">
    <ele>1346.5800000000002</ele>
   </trkpt>
   <trkpt lat="46.98436" lon="11.011930000000001">
    <ele>1346.0700000000002</ele>
   </trkpt>
   <trkpt lat="46.983510000054864" lon="11.012040001748687">
    <ele>1345.69</ele>
   </trkpt>
   <trkpt lat="46.98266" lon="11.01215">
    <ele>1345.21</ele>
   </trkpt>
   <trkpt lat="46.982470000000006" lon="11.01214">
    <ele>1345.0300000000002</ele>
   </trkpt>
   <trkpt lat="46.982310000000005" lon="11.0121">
    <ele>1345.0300000000002</ele>
   </trkpt>
   <trkpt lat="46.982110000000006" lon="11.01199">
    <ele>1344.71</ele>
   </trkpt>
   <trkpt lat="46.981950000000005" lon="11.01182">
    <ele>1344.71</ele>
   </trkpt>
   <trkpt lat="46.981350000000006" lon="11.010890000000002">
    <ele>1343.7400000000002</ele>
   </trkpt>
   <trkpt lat="46.98095000000001" lon="11.01022">
    <ele>1343.15</ele>
   </trkpt>
   <trkpt lat="46.980740000000004" lon="11.009920000000001">
    <ele>1342.8200000000002</ele>
   </trkpt>
   <trkpt lat="46.98048000000001" lon="11.00971">
    <ele>1342.77</ele>
   </trkpt>
   <trkpt lat="46.980360000000005" lon="11.00966">
    <ele>1342.7900000000002</ele>
   </trkpt>
   <trkpt lat="46.98010000000001" lon="11.009640000000001">
    <ele>1342.8600000000001</ele>
   </trkpt>
   <trkpt lat="46.979960000000005" lon="11.009670000000002">
    <ele>1343.01</ele>
   </trkpt>
   <trkpt lat="46.9797" lon="11.009780000000001">
    <ele>1343.18</ele>
   </trkpt>
   <trkpt lat="46.97922000045952" lon="11.01011500302764">
    <ele>1343.3700000000001</ele>
   </trkpt>
   <trkpt lat="46.97874" lon="11.01045">
    <ele>1344.39</ele>
   </trkpt>
   <trkpt lat="46.97818" lon="11.010900000000001">
    <ele>1345.49</ele>
   </trkpt>
   <trkpt lat="46.977970000000006" lon="11.01102">
    <ele>1345.5800000000002</ele>
   </trkpt>
   <trkpt lat="46.97776" lon="11.0111">
    <ele>1345.5900000000001</ele>
   </trkpt>
   <trkpt lat="46.97735" lon="11.01121">
    <ele>1345.5400000000002</ele>
   </trkpt>
   <trkpt lat="46.97675" lon="11.01129">
    <ele>1345.6800000000003</ele>
   </trkpt>
   <trkpt lat="46.9763" lon="11.011320000000001">
    <ele>1345.9800000000002</ele>
   </trkpt>
   <trkpt lat="46.97579" lon="11.01125">
    <ele>1346.3500000000001</ele>
   </trkpt>
   <trkpt lat="46.97543" lon="11.011170000000002">
    <ele>1346.8500000000001</ele>
   </trkpt>
   <trkpt lat="46.974680000000006" lon="11.01092">
    <ele>1347.0900000000001</ele>
   </trkpt>
   <trkpt lat="46.97424000013774" lon="11.010739998517646">
    <ele>1347.32</ele>
   </trkpt>
   <trkpt lat="46.973800000000004" lon="11.010560000000002">
    <ele>1347.8100000000002</ele>
   </trkpt>
   <trkpt lat="46.97327000000001" lon="11.01031">
    <ele>1348.26</ele>
   </trkpt>
   <trkpt lat="46.972550000000005" lon="11.00993">
    <ele>1349.13</ele>
   </trkpt>
   <trkpt lat="46.972100000000005" lon="11.00966">
    <ele>1349.58</ele>
   </trkpt>
   <trkpt lat="46.971590000000006" lon="11.009260000000001">
    <ele>1349.8400000000001</ele>
   </trkpt>
   <trkpt lat="46.97133" lon="11.009010000000002">
    <ele>1349.97</ele>
   </trkpt>
   <trkpt lat="46.97117" lon="11.008880000000001">
    <ele>1350.1000000000001</ele>
   </trkpt>
   <trkpt lat="46.97093" lon="11.00876">
    <ele>1350.6200000000001</ele>
   </trkpt>
   <trkpt lat="46.970650000000006" lon="11.00872">
    <ele>1350.8200000000002</ele>
   </trkpt>
   <trkpt lat="46.969800000000006" lon="11.008700000000001">
    <ele>1351.89</ele>
   </trkpt>
   <trkpt lat="46.969590000000004" lon="11.008650000000001">
    <ele>1352.2800000000002</ele>
   </trkpt>
   <trkpt lat="46.96940000000001" lon="11.00857">
    <ele>1352.74</ele>
   </trkpt>
   <trkpt lat="46.96882" lon="11.00821">
    <ele>1354.8500000000001</ele>
   </trkpt>
   <trkpt lat="46.96871" lon="11.00816">
    <ele>1354.72</ele>
   </trkpt>
   <trkpt lat="46.96837000000001" lon="11.00807">
    <ele>1354.19</ele>
   </trkpt>
   <trkpt lat="46.96791" lon="11.007890000000002">
    <ele>1354.03</ele>
   </trkpt>
   <trkpt lat="46.96759" lon="11.00773">
    <ele>1353.91</ele>
   </trkpt>
   <trkpt lat="46.966860000000004" lon="11.00741">
    <ele>1354.2800000000002</ele>
   </trkpt>
   <trkpt lat="46.96640000000001" lon="11.007320000000002">
    <ele>1354.64</ele>
   </trkpt>
   <trkpt lat="46.966100000000004" lon="11.007330000000001">
    <ele>1355.1200000000001</ele>
   </trkpt>
   <trkpt lat="46.965860000000006" lon="11.00736">
    <ele>1355.1200000000001</ele>
   </trkpt>
   <trkpt lat="46.965300000000006" lon="11.00746">
    <ele>1356.14</ele>
   </trkpt>
   <trkpt lat="46.96484999993218" lon="11.007565000910288">
    <ele>1356.43</ele>
   </trkpt>
   <trkpt lat="46.964400000000005" lon="11.007670000000001">
    <ele>1357.18</ele>
   </trkpt>
   <trkpt lat="46.96352" lon="11.007840000000002">
    <ele>1358.24</ele>
   </trkpt>
   <trkpt lat="46.962770000000006" lon="11.00797">
    <ele>1359.28</ele>
   </trkpt>
   <trkpt lat="46.9618799999829" lon="11.00807000167035">
    <ele>1361.7400000000002</ele>
   </trkpt>
   <trkpt lat="46.96099" lon="11.008170000000002">
    <ele>1362.95</ele>
   </trkpt>
   <trkpt lat="46.960260000000005" lon="11.008360000000001">
    <ele>1363.92</ele>
   </trkpt>
   <trkpt lat="46.95998" lon="11.00848">
    <ele>1364.2800000000002</ele>
   </trkpt>
   <trkpt lat="46.959500000000006" lon="11.008790000000001">
    <ele>1364.51</ele>
   </trkpt>
   <trkpt lat="46.95871500161039" lon="11.009395008862915">
    <ele>1364.96</ele>
   </trkpt>
   <trkpt lat="46.957930000000005" lon="11.010000000000002">
    <ele>1365.3400000000001</ele>
   </trkpt>
   <trkpt lat="46.95740500053618" lon="11.010385003857403">
    <ele>1367.21</ele>
   </trkpt>
   <trkpt lat="46.956880000000005" lon="11.01077">
    <ele>1372.19</ele>
   </trkpt>
   <trkpt lat="46.9566" lon="11.010850000000001">
    <ele>1374.0</ele>
   </trkpt>
   <trkpt lat="46.95646000000001" lon="11.010850000000001">
    <ele>1374.0</ele>
   </trkpt>
   <trkpt lat="46.95619000000001" lon="11.01078">
    <ele>1378.3</ele>
   </trkpt>
   <trkpt lat="46.955850000000005" lon="11.010620000000001">
    <ele>1383.3200000000002</ele>
   </trkpt>
   <trkpt lat="46.95568" lon="11.010620000000001">
    <ele>1383.3200000000002</ele>
   </trkpt>
   <trkpt lat="46.95555" lon="11.010660000000001">
    <ele>1385.9800000000002</ele>
   </trkpt>
   <trkpt lat="46.95537" lon="11.01078">
    <ele>1385.9800000000002</ele>
   </trkpt>
   <trkpt lat="46.95521" lon="11.01097">
    <ele>1392.27</ele>
   </trkpt>
   <trkpt lat="46.95506" lon="11.01134">
    <ele>1393.0</ele>
   </trkpt>
   <trkpt lat="46.95485" lon="11.011940000000001">
    <ele>1398.6900000000003</ele>
   </trkpt>
   <trkpt lat="46.95465" lon="11.012350000000001">
    <ele>1400.23</ele>
   </trkpt>
   <trkpt lat="46.95449000000001" lon="11.012490000000001">
    <ele>1401.8100000000002</ele>
   </trkpt>
   <trkpt lat="46.95425" lon="11.012550000000001">
    <ele>1406.13</ele>
   </trkpt>
   <trkpt lat="46.954100000000004" lon="11.012490000000001">
    <ele>1407.16</ele>
   </trkpt>
   <trkpt lat="46.953950000000006" lon="11.012350000000001">
    <ele>1408.65</ele>
   </trkpt>
   <trkpt lat="46.953860000000006" lon="11.01219">
    <ele>1411.0500000000002</ele>
   </trkpt>
   <trkpt lat="46.95378" lon="11.01196">
    <ele>1414.5400000000002</ele>
   </trkpt>
   <trkpt lat="46.95373000000001" lon="11.011640000000002">
    <ele>1416.0900000000001</ele>
   </trkpt>
   <trkpt lat="46.95371" lon="11.01129">
    <ele>1417.0900000000001</ele>
   </trkpt>
   <trkpt lat="46.95367" lon="11.01101">
    <ele>1421.0500000000002</ele>
   </trkpt>
   <trkpt lat="46.953610000000005" lon="11.01078">
    <ele>1421.04</ele>
   </trkpt>
   <trkpt lat="46.953540000000004" lon="11.0106">
    <ele>1423.8000000000002</ele>
   </trkpt>
   <trkpt lat="46.953390000000006" lon="11.010370000000002">
    <ele>1424.2700000000002</ele>
   </trkpt>
   <trkpt lat="46.9532" lon="11.010230000000002">
    <ele>1425.55</ele>
   </trkpt>
   <trkpt lat="46.953140000000005" lon="11.010200000000001">
    <ele>1425.55</ele>
   </trkpt>
   <trkpt lat="46.95257" lon="11.010060000000001">
    <ele>1429.75</ele>
   </trkpt>
   <trkpt lat="46.95199" lon="11.009920000000001">
    <ele>1434.7200000000003</ele>
   </trkpt>
   <trkpt lat="46.95176000000001" lon="11.00988">
    <ele>1435.5900000000001</ele>
   </trkpt>
   <trkpt lat="46.951550000000005" lon="11.009910000000001">
    <ele>1437.4</ele>
   </trkpt>
   <trkpt lat="46.95140000000001" lon="11.00999">
    <ele>1437.4</ele>
   </trkpt>
   <trkpt lat="46.95127" lon="11.010110000000001">
    <ele>1438.74</ele>
   </trkpt>
   <trkpt lat="46.95084000000001" lon="11.010660000000001">
    <ele>1442.0400000000002</ele>
   </trkpt>
   <trkpt lat="46.950500000000005" lon="11.010990000000001">
    <ele>1443.39</ele>
   </trkpt>
   <trkpt lat="46.950120000000005" lon="11.011270000000001">
    <ele>1445.5200000000002</ele>
   </trkpt>
   <trkpt lat="46.949960000000004" lon="11.01143">
    <ele>1446.44</ele>
   </trkpt>
   <trkpt lat="46.94989" lon="11.011600000000001">
    <ele>1446.44</ele>
   </trkpt>
   <trkpt lat="46.94984" lon="11.011930000000001">
    <ele>1447.3400000000001</ele>
   </trkpt>
   <trkpt lat="46.94981000000001" lon="11.012490000000001">
    <ele>1449.2800000000002</ele>
   </trkpt>
   <trkpt lat="46.949740000000006" lon="11.012780000000001">
    <ele>1449.2800000000002</ele>
   </trkpt>
   <trkpt lat="46.94957" lon="11.01321">
    <ele>1452.01</ele>
   </trkpt>
   <trkpt lat="46.949400000000004" lon="11.013890000000002">
    <ele>1454.39</ele>
   </trkpt>
   <trkpt lat="46.949250000000006" lon="11.0143">
    <ele>1456.89</ele>
   </trkpt>
   <trkpt lat="46.94895" lon="11.014990000000001">
    <ele>1457.92</ele>
   </trkpt>
   <trkpt lat="46.94860000269155" lon="11.015765004897423">
    <ele>1462.47</ele>
   </trkpt>
   <trkpt lat="46.94825" lon="11.01654">
    <ele>1466.97</ele>
   </trkpt>
   <trkpt lat="46.94803000182145" lon="11.01717500241909">
    <ele>1471.41</ele>
   </trkpt>
   <trkpt lat="46.947810000000004" lon="11.01781">
    <ele>1475.13</ele>
   </trkpt>
   <trkpt lat="46.94776" lon="11.01809">
    <ele>1476.14</ele>
   </trkpt>
   <trkpt lat="46.947770000000006" lon="11.01847">
    <ele>1478.7400000000002</ele>
   </trkpt>
   <trkpt lat="46.94785" lon="11.018930000000001">
    <ele>1481.41</ele>
   </trkpt>
   <trkpt lat="46.948010000000004" lon="11.01947">
    <ele>1485.5800000000002</ele>
   </trkpt>
   <trkpt lat="46.948170000000005" lon="11.01979">
    <ele>1486.75</ele>
   </trkpt>
   <trkpt lat="46.94841" lon="11.0202">
    <ele>1490.0000000000002</ele>
   </trkpt>
   <trkpt lat="46.94849000000001" lon="11.020430000000001">
    <ele>1490.45</ele>
   </trkpt>
   <trkpt lat="46.948530000000005" lon="11.020700000000001">
    <ele>1490.6000000000001</ele>
   </trkpt>
   <trkpt lat="46.948525002646214" lon="11.021480000432312">
    <ele>1489.3500000000001</ele>
   </trkpt>
   <trkpt lat="46.94852" lon="11.022260000000001">
    <ele>1488.3400000000001</ele>
   </trkpt>
   <trkpt lat="46.9485" lon="11.02288">
    <ele>1486.1000000000001</ele>
   </trkpt>
   <trkpt lat="46.94843" lon="11.02316">
    <ele>1484.88</ele>
   </trkpt>
   <trkpt lat="46.948260000000005" lon="11.02363">
    <ele>1483.42</ele>
   </trkpt>
   <trkpt lat="46.948080000000004" lon="11.023990000000001">
    <ele>1482.5800000000002</ele>
   </trkpt>
   <trkpt lat="46.947680000000005" lon="11.02471">
    <ele>1480.52</ele>
   </trkpt>
   <trkpt lat="46.94756" lon="11.02481">
    <ele>1479.66</ele>
   </trkpt>
   <trkpt lat="46.94718" lon="11.02505">
    <ele>1478.63</ele>
   </trkpt>
   <trkpt lat="46.946540000000006" lon="11.02556">
    <ele>1476.3600000000001</ele>
   </trkpt>
   <trkpt lat="46.94639" lon="11.025760000000002">
    <ele>1476.0300000000002</ele>
   </trkpt>
   <trkpt lat="46.946290000000005" lon="11.025860000000002">
    <ele>1476.0300000000002</ele>
   </trkpt>
   <trkpt lat="46.946180000000005" lon="11.02593">
    <ele>1474.17</ele>
   </trkpt>
   <trkpt lat="46.94596000000001" lon="11.026010000000001">
    <ele>1474.17</ele>
   </trkpt>
   <trkpt lat="46.945750000000004" lon="11.02613">
    <ele>1471.8200000000002</ele>
   </trkpt>
   <trkpt lat="46.94521" lon="11.026580000000001">
    <ele>1470.48</ele>
   </trkpt>
   <trkpt lat="46.94493000000001" lon="11.026750000000002">
    <ele>1469.44</ele>
   </trkpt>
   <trkpt lat="46.944330000254475" lon="11.026970002449707">
    <ele>1466.1200000000001</ele>
   </trkpt>
   <trkpt lat="46.94373" lon="11.027190000000001">
    <ele>1462.4</ele>
   </trkpt>
   <trkpt lat="46.94328" lon="11.0273">
    <ele>1460.0400000000002</ele>
   </trkpt>
   <trkpt lat="46.94268" lon="11.027420000000001">
    <ele>1458.2700000000002</ele>
   </trkpt>
   <trkpt lat="46.94234" lon="11.027450000000002">
    <ele>1457.9700000000003</ele>
   </trkpt>
   <trkpt lat="46.94182500027441" lon="11.027414999681612">
    <ele>1457.93</ele>
   </trkpt>
   <trkpt lat="46.94131" lon="11.02738">
    <ele>1458.22</ele>
   </trkpt>
   <trkpt lat="46.94104" lon="11.02734">
    <ele>1458.41</ele>
   </trkpt>
   <trkpt lat="46.94055" lon="11.02715">
    <ele>1459.5</ele>
   </trkpt>
   <trkpt lat="46.940310000000004" lon="11.02715">
    <ele>1459.3200000000002</ele>
   </trkpt>
   <trkpt lat="46.940200000000004" lon="11.027170000000002">
    <ele>1459.13</ele>
   </trkpt>
   <trkpt lat="46.93972" lon="11.027320000000001">
    <ele>1458.8100000000002</ele>
   </trkpt>
   <trkpt lat="46.93916500007166" lon="11.027410000926993">
    <ele>1463.74</ele>
   </trkpt>
   <trkpt lat="46.938610000000004" lon="11.027500000000002">
    <ele>1465.8200000000002</ele>
   </trkpt>
   <trkpt lat="46.938460000000006" lon="11.027500000000002">
    <ele>1466.96</ele>
   </trkpt>
   <trkpt lat="46.93833" lon="11.027460000000001">
    <ele>1466.8100000000002</ele>
   </trkpt>
   <trkpt lat="46.93807" lon="11.02735">
    <ele>1466.91</ele>
   </trkpt>
   <trkpt lat="46.937670000000004" lon="11.02715">
    <ele>1468.96</ele>
   </trkpt>
   <trkpt lat="46.93720000015595" lon="11.026949998236784">
    <ele>1470.55</ele>
   </trkpt>
   <trkpt lat="46.936730000000004" lon="11.026750000000002">
    <ele>1472.8600000000001</ele>
   </trkpt>
   <trkpt lat="46.93616500014582" lon="11.026534997710419">
    <ele>1473.92</ele>
   </trkpt>
   <trkpt lat="46.9356" lon="11.02632">
    <ele>1478.15</ele>
   </trkpt>
   <trkpt lat="46.93547" lon="11.02627">
    <ele>1479.57</ele>
   </trkpt>
   <trkpt lat="46.9352" lon="11.026110000000001">
    <ele>1483.8200000000002</ele>
   </trkpt>
   <trkpt lat="46.934960000000004" lon="11.025910000000001">
    <ele>1484.9800000000002</ele>
   </trkpt>
   <trkpt lat="46.93439" lon="11.02532">
    <ele>1497.5800000000002</ele>
   </trkpt>
   <trkpt lat="46.93428" lon="11.025170000000001">
    <ele>1498.79</ele>
   </trkpt>
   <trkpt lat="46.93421000000001" lon="11.025030000000001">
    <ele>1499.92</ele>
   </trkpt>
   <trkpt lat="46.9341" lon="11.02467">
    <ele>1501.8200000000002</ele>
   </trkpt>
   <trkpt lat="46.934050000000006" lon="11.024590000000002">
    <ele>1502.0900000000001</ele>
   </trkpt>
   <trkpt lat="46.93397" lon="11.024590000000002">
    <ele>1502.39</ele>
   </trkpt>
   <trkpt lat="46.933930000000004" lon="11.02467">
    <ele>1503.1000000000001</ele>
   </trkpt>
   <trkpt lat="46.933930000000004" lon="11.02477">
    <ele>1503.94</ele>
   </trkpt>
   <trkpt lat="46.934090000000005" lon="11.025260000000001">
    <ele>1507.12</ele>
   </trkpt>
   <trkpt lat="46.93433" lon="11.025760000000002">
    <ele>1509.63</ele>
   </trkpt>
   <trkpt lat="46.934520000000006" lon="11.02668">
    <ele>1519.94</ele>
   </trkpt>
   <trkpt lat="46.93477" lon="11.027310000000002">
    <ele>1526.7</ele>
   </trkpt>
   <trkpt lat="46.93489" lon="11.02776">
    <ele>1527.8200000000002</ele>
   </trkpt>
   <trkpt lat="46.93498" lon="11.028030000000001">
    <ele>1532.58</ele>
   </trkpt>
   <trkpt lat="46.935190000000006" lon="11.028400000000001">
    <ele>1537.1800000000003</ele>
   </trkpt>
   <trkpt lat="46.93531" lon="11.0288">
    <ele>1538.27</ele>
   </trkpt>
   <trkpt lat="46.93558" lon="11.029340000000001">
    <ele>1543.0700000000002</ele>
   </trkpt>
   <trkpt lat="46.93565" lon="11.029720000000001">
    <ele>1550.25</ele>
   </trkpt>
   <trkpt lat="46.935680000000005" lon="11.030230000000001">
    <ele>1553.3700000000001</ele>
   </trkpt>
   <trkpt lat="46.93572" lon="11.030380000000001">
    <ele>1553.3700000000001</ele>
   </trkpt>
   <trkpt lat="46.935860000000005" lon="11.030740000000002">
    <ele>1558.0800000000002</ele>
   </trkpt>
   <trkpt lat="46.935930000000006" lon="11.03101">
    <ele>1559.5</ele>
   </trkpt>
   <trkpt lat="46.935930000000006" lon="11.031310000000001">
    <ele>1562.03</ele>
   </trkpt>
   <trkpt lat="46.935860000000005" lon="11.031970000000001">
    <ele>1567.32</ele>
   </trkpt>
   <trkpt lat="46.93567" lon="11.03292">
    <ele>1577.49</ele>
   </trkpt>
   <trkpt lat="46.93563" lon="11.033510000000001">
    <ele>1581.77</ele>
   </trkpt>
   <trkpt lat="46.935590000000005" lon="11.03358">
    <ele>1581.77</ele>
   </trkpt>
   <trkpt lat="46.93554" lon="11.03359">
    <ele>1582.48</ele>
   </trkpt>
   <trkpt lat="46.93551" lon="11.03358">
    <ele>1582.48</ele>
   </trkpt>
   <trkpt lat="46.935460000000006" lon="11.033510000000001">
    <ele>1583.2400000000002</ele>
   </trkpt>
   <trkpt lat="46.935460000000006" lon="11.033050000000001">
    <ele>1585.8500000000001</ele>
   </trkpt>
   <trkpt lat="46.9354" lon="11.032630000000001">
    <ele>1589.0000000000002</ele>
   </trkpt>
   <trkpt lat="46.93533" lon="11.032290000000001">
    <ele>1592.8600000000001</ele>
   </trkpt>
   <trkpt lat="46.93529" lon="11.031630000000002">
    <ele>1596.18</ele>
   </trkpt>
   <trkpt lat="46.93525" lon="11.03153">
    <ele>1596.18</ele>
   </trkpt>
   <trkpt lat="46.935230000000004" lon="11.03151">
    <ele>1596.42</ele>
   </trkpt>
   <trkpt lat="46.935190000000006" lon="11.03151">
    <ele>1596.69</ele>
   </trkpt>
   <trkpt lat="46.935140000000004" lon="11.031550000000001">
    <ele>1596.69</ele>
   </trkpt>
   <trkpt lat="46.93511" lon="11.03162">
    <ele>1597.3100000000002</ele>
   </trkpt>
   <trkpt lat="46.93507" lon="11.032480000000001">
    <ele>1601.73</ele>
   </trkpt>
   <trkpt lat="46.934960000000004" lon="11.03301">
    <ele>1607.5900000000001</ele>
   </trkpt>
   <trkpt lat="46.93465500453892" lon="11.034030005777051">
    <ele>1615.18</ele>
   </trkpt>
   <trkpt lat="46.93435" lon="11.03505">
    <ele>1625.1100000000001</ele>
   </trkpt>
   <trkpt lat="46.93408" lon="11.035680000000001">
    <ele>1627.2000000000003</ele>
   </trkpt>
   <trkpt lat="46.933910000000004" lon="11.035990000000002">
    <ele>1631.0700000000002</ele>
   </trkpt>
   <trkpt lat="46.93377" lon="11.03622">
    <ele>1633.3500000000001</ele>
   </trkpt>
   <trkpt lat="46.933490000000006" lon="11.036570000000001">
    <ele>1635.7700000000002</ele>
   </trkpt>
   <trkpt lat="46.933040000000005" lon="11.03697">
    <ele>1640.95</ele>
   </trkpt>
   <trkpt lat="46.93250666797007" lon="11.037370008034069">
    <ele>1644.4900000000002</ele>
   </trkpt>
   <trkpt lat="46.93197333454701" lon="11.037770008101251">
    <ele>1647.55</ele>
   </trkpt>
   <trkpt lat="46.93144" lon="11.038170000000001">
    <ele>1648.13</ele>
   </trkpt>
   <trkpt lat="46.931160000000006" lon="11.038430000000002">
    <ele>1648.1100000000001</ele>
   </trkpt>
   <trkpt lat="46.930765000632086" lon="11.038860003359455">
    <ele>1647.49</ele>
   </trkpt>
   <trkpt lat="46.93037" lon="11.039290000000001">
    <ele>1647.25</ele>
   </trkpt>
   <trkpt lat="46.930220000000006" lon="11.039430000000001">
    <ele>1646.91</ele>
   </trkpt>
   <trkpt lat="46.93001" lon="11.039570000000001">
    <ele>1646.7900000000002</ele>
   </trkpt>
   <trkpt lat="46.92981" lon="11.039660000000001">
    <ele>1646.5500000000002</ele>
   </trkpt>
   <trkpt lat="46.929190000000006" lon="11.03988">
    <ele>1646.33</ele>
   </trkpt>
   <trkpt lat="46.928940000000004" lon="11.039990000000001">
    <ele>1646.2</ele>
   </trkpt>
   <trkpt lat="46.92866" lon="11.040180000000001">
    <ele>1646.0400000000002</ele>
   </trkpt>
   <trkpt lat="46.928430000000006" lon="11.04039">
    <ele>1645.94</ele>
   </trkpt>
   <trkpt lat="46.92822" lon="11.040600000000001">
    <ele>1645.89</ele>
   </trkpt>
   <trkpt lat="46.92804" lon="11.040840000000001">
    <ele>1645.7800000000002</ele>
   </trkpt>
   <trkpt lat="46.92752000255495" lon="11.041605007415908">
    <ele>1646.3100000000002</ele>
   </trkpt>
   <trkpt lat="46.92700000000001" lon="11.04237">
    <ele>1647.0000000000002</ele>
   </trkpt>
   <trkpt lat="46.926680000000005" lon="11.04282">
    <ele>1647.7</ele>
   </trkpt>
   <trkpt lat="46.926410000000004" lon="11.04312">
    <ele>1648.7200000000003</ele>
   </trkpt>
   <trkpt lat="46.926260000000006" lon="11.043220000000002">
    <ele>1648.7200000000003</ele>
   </trkpt>
   <trkpt lat="46.92602" lon="11.04334">
    <ele>1649.0900000000001</ele>
   </trkpt>
   <trkpt lat="46.92586000000001" lon="11.04339">
    <ele>1650.3500000000001</ele>
   </trkpt>
   <trkpt lat="46.92568000000001" lon="11.043410000000002">
    <ele>1650.3500000000001</ele>
   </trkpt>
   <trkpt lat="46.925090000000004" lon="11.043420000000001">
    <ele>1652.88</ele>
   </trkpt>
   <trkpt lat="46.92495" lon="11.043460000000001">
    <ele>1653.31</ele>
   </trkpt>
   <trkpt lat="46.92456000000001" lon="11.043650000000001">
    <ele>1654.19</ele>
   </trkpt>
   <trkpt lat="46.924420000000005" lon="11.04367">
    <ele>1654.19</ele>
   </trkpt>
   <trkpt lat="46.924240000000005" lon="11.04367">
    <ele>1655.52</ele>
   </trkpt>
   <trkpt lat="46.923550000000006" lon="11.04354">
    <ele>1657.16</ele>
   </trkpt>
   <trkpt lat="46.92322" lon="11.043550000000002">
    <ele>1658.8700000000001</ele>
   </trkpt>
   <trkpt lat="46.922700000008604" lon="11.043610000583188">
    <ele>1659.7400000000002</ele>
   </trkpt>
   <trkpt lat="46.922180000000004" lon="11.04367">
    <ele>1660.73</ele>
   </trkpt>
   <trkpt lat="46.92163" lon="11.04368">
    <ele>1662.4200000000003</ele>
   </trkpt>
   <trkpt lat="46.921130000000005" lon="11.043560000000001">
    <ele>1664.41</ele>
   </trkpt>
   <trkpt lat="46.92045" lon="11.043370000000001">
    <ele>1666.95</ele>
   </trkpt>
   <trkpt lat="46.91973" lon="11.04306">
    <ele>1670.7</ele>
   </trkpt>
   <trkpt lat="46.919180000000004" lon="11.042900000000001">
    <ele>1675.27</ele>
   </trkpt>
   <trkpt lat="46.91840666671513" lon="11.042823331120056">
    <ele>1680.8500000000001</ele>
   </trkpt>
   <trkpt lat="46.917633333379065" lon="11.04274666445316">
    <ele>1685.5600000000002</ele>
   </trkpt>
   <trkpt lat="46.91686000000001" lon="11.042670000000001">
    <ele>1689.2300000000002</ele>
   </trkpt>
   <trkpt lat="46.91657000000001" lon="11.04259">
    <ele>1690.3300000000002</ele>
   </trkpt>
   <trkpt lat="46.91601000000001" lon="11.04241">
    <ele>1691.43</ele>
   </trkpt>
   <trkpt lat="46.91546500026801" lon="11.04212999711465">
    <ele>1692.8</ele>
   </trkpt>
   <trkpt lat="46.91492" lon="11.04185">
    <ele>1694.74</ele>
   </trkpt>
   <trkpt lat="46.91427333404731" lon="11.04155999299296">
    <ele>1697.65</ele>
   </trkpt>
   <trkpt lat="46.913626667362344" lon="11.041269992984862">
    <ele>1700.53</ele>
   </trkpt>
   <trkpt lat="46.912980000000005" lon="11.040980000000001">
    <ele>1703.66</ele>
   </trkpt>
   <trkpt lat="46.912650000000006" lon="11.040890000000001">
    <ele>1704.2700000000002</ele>
   </trkpt>
   <trkpt lat="46.9123" lon="11.040840000000001">
    <ele>1707.17</ele>
   </trkpt>
   <trkpt lat="46.91196" lon="11.04086">
    <ele>1709.17</ele>
   </trkpt>
   <trkpt lat="46.911590000000004" lon="11.040970000000002">
    <ele>1710.95</ele>
   </trkpt>
   <trkpt lat="46.91123" lon="11.041160000000001">
    <ele>1714.7800000000002</ele>
   </trkpt>
   <trkpt lat="46.91079000032169" lon="11.041440002311171">
    <ele>1722.5800000000002</ele>
   </trkpt>
   <trkpt lat="46.91035" lon="11.041720000000002">
    <ele>1725.33</ele>
   </trkpt>
   <trkpt lat="46.91017" lon="11.041810000000002">
    <ele>1726.8500000000001</ele>
   </trkpt>
   <trkpt lat="46.909980000000004" lon="11.04188">
    <ele>1727.2200000000003</ele>
   </trkpt>
   <trkpt lat="46.90961" lon="11.041950000000002">
    <ele>1729.7900000000002</ele>
   </trkpt>
   <trkpt lat="46.90943" lon="11.04193">
    <ele>1732.05</ele>
   </trkpt>
   <trkpt lat="46.90917" lon="11.041830000000001">
    <ele>1733.94</ele>
   </trkpt>
   <trkpt lat="46.90865" lon="11.04151">
    <ele>1739.81</ele>
   </trkpt>
   <trkpt lat="46.90823" lon="11.04119">
    <ele>1744.1200000000001</ele>
   </trkpt>
   <trkpt lat="46.907720000000005" lon="11.040840000000001">
    <ele>1751.14</ele>
   </trkpt>
   <trkpt lat="46.907090000000004" lon="11.04044">
    <ele>1754.9500000000003</ele>
   </trkpt>
   <trkpt lat="46.906670000000005" lon="11.040230000000001">
    <ele>1757.36</ele>
   </trkpt>
   <trkpt lat="46.90628" lon="11.04006">
    <ele>1758.5900000000001</ele>
   </trkpt>
   <trkpt lat="46.905950000000004" lon="11.039940000000001">
    <ele>1759.5900000000001</ele>
   </trkpt>
   <trkpt lat="46.905570000000004" lon="11.039840000000002">
    <ele>1762.9</ele>
   </trkpt>
   <trkpt lat="46.90522000000001" lon="11.03973">
    <ele>1764.5000000000002</ele>
   </trkpt>
   <trkpt lat="46.904740000000004" lon="11.039420000000002">
    <ele>1767.2900000000002</ele>
   </trkpt>
   <trkpt lat="46.90446000000001" lon="11.039150000000001">
    <ele>1769.0500000000002</ele>
   </trkpt>
   <trkpt lat="46.904230000000005" lon="11.03903">
    <ele>1771.5200000000002</ele>
   </trkpt>
   <trkpt lat="46.90402" lon="11.03902">
    <ele>1771.1100000000001</ele>
   </trkpt>
   <trkpt lat="46.90392000000001" lon="11.039060000000001">
    <ele>1771.1100000000001</ele>
   </trkpt>
   <trkpt lat="46.90373" lon="11.03926">
    <ele>1771.2900000000002</ele>
   </trkpt>
   <trkpt lat="46.903620000000004" lon="11.039470000000001">
    <ele>1771.9600000000003</ele>
   </trkpt>
   <trkpt lat="46.90355" lon="11.03977">
    <ele>1772.42</ele>
   </trkpt>
   <trkpt lat="46.90354000000001" lon="11.04011">
    <ele>1773.4900000000002</ele>
   </trkpt>
   <trkpt lat="46.903560000000006" lon="11.04029">
    <ele>1773.71</ele>
   </trkpt>
   <trkpt lat="46.903650000000006" lon="11.04066">
    <ele>1774.2600000000002</ele>
   </trkpt>
   <trkpt lat="46.90366" lon="11.04076">
    <ele>1774.2600000000002</ele>
   </trkpt>
   <trkpt lat="46.90363000000001" lon="11.04082">
    <ele>1774.49</ele>
   </trkpt>
   <trkpt lat="46.90355" lon="11.04086">
    <ele>1774.8000000000002</ele>
   </trkpt>
   <trkpt lat="46.903490000000005" lon="11.04082">
    <ele>1775.17</ele>
   </trkpt>
   <trkpt lat="46.903220000000005" lon="11.040310000000002">
    <ele>1778.8000000000002</ele>
   </trkpt>
   <trkpt lat="46.90312" lon="11.04016">
    <ele>1779.6000000000001</ele>
   </trkpt>
   <trkpt lat="46.90301" lon="11.040040000000001">
    <ele>1780.3600000000001</ele>
   </trkpt>
   <trkpt lat="46.902750000000005" lon="11.03983">
    <ele>1782.0200000000002</ele>
   </trkpt>
   <trkpt lat="46.902550000000005" lon="11.03973">
    <ele>1782.79</ele>
   </trkpt>
   <trkpt lat="46.902370000000005" lon="11.039670000000001">
    <ele>1783.2700000000002</ele>
   </trkpt>
   <trkpt lat="46.902080000000005" lon="11.039650000000002">
    <ele>1783.46</ele>
   </trkpt>
   <trkpt lat="46.9014549998735" lon="11.039740001072468">
    <ele>1783.1100000000001</ele>
   </trkpt>
   <trkpt lat="46.900830000000006" lon="11.03983">
    <ele>1782.7400000000002</ele>
   </trkpt>
   <trkpt lat="46.90002166678568" lon="11.039905005653804">
    <ele>1781.8400000000001</ele>
   </trkpt>
   <trkpt lat="46.8992133335224" lon="11.039980009046042">
    <ele>1781.67</ele>
   </trkpt>
   <trkpt lat="46.89840500021012" lon="11.040055010176836">
    <ele>1781.26</ele>
   </trkpt>
   <trkpt lat="46.89759666684885" lon="11.040130009046326">
    <ele>1781.9</ele>
   </trkpt>
   <trkpt lat="46.896788333438614" lon="11.04020500565464">
    <ele>1784.41</ele>
   </trkpt>
   <trkpt lat="46.89598" lon="11.040280000000001">
    <ele>1786.45</ele>
   </trkpt>
   <trkpt lat="46.89566000000001" lon="11.04029">
    <ele>1786.64</ele>
   </trkpt>
   <trkpt lat="46.89531" lon="11.040270000000001">
    <ele>1787.19</ele>
   </trkpt>
   <trkpt lat="46.89508000000001" lon="11.04024">
    <ele>1787.8300000000002</ele>
   </trkpt>
   <trkpt lat="46.894372500258285" lon="11.040094994257748">
    <ele>1791.5400000000002</ele>
   </trkpt>
   <trkpt lat="46.89366500033348" lon="11.039949992341562">
    <ele>1792.19</ele>
   </trkpt>
   <trkpt lat="46.89295750022559" lon="11.039804994251245">
    <ele>1794.17</ele>
   </trkpt>
   <trkpt lat="46.892250000000004" lon="11.039660000000001">
    <ele>1796.2900000000002</ele>
   </trkpt>
   <trkpt lat="46.891380000000005" lon="11.039530000000001">
    <ele>1800.1200000000001</ele>
   </trkpt>
   <trkpt lat="46.89090500014732" lon="11.039484999614583">
    <ele>1801.02</ele>
   </trkpt>
   <trkpt lat="46.89043" lon="11.03944">
    <ele>1802.49</ele>
   </trkpt>
   <trkpt lat="46.889680000000006" lon="11.039390000000001">
    <ele>1806.0800000000002</ele>
   </trkpt>
   <trkpt lat="46.8891499999699" lon="11.039369999801172">
    <ele>1810.1200000000001</ele>
   </trkpt>
   <trkpt lat="46.88862" lon="11.03935">
    <ele>1815.67</ele>
   </trkpt>
   <trkpt lat="46.88787000000001" lon="11.03935">
    <ele>1820.7700000000002</ele>
   </trkpt>
   <trkpt lat="46.887550000000005" lon="11.039330000000001">
    <ele>1823.41</ele>
   </trkpt>
   <trkpt lat="46.887330000000006" lon="11.039290000000001">
    <ele>1825.23</ele>
   </trkpt>
   <trkpt lat="46.88714" lon="11.03921">
    <ele>1826.92</ele>
   </trkpt>
   <trkpt lat="46.88696" lon="11.039050000000001">
    <ele>1826.93</ele>
   </trkpt>
   <trkpt lat="46.886810000000004" lon="11.03883">
    <ele>1828.6000000000001</ele>
   </trkpt>
   <trkpt lat="46.886610000000005" lon="11.038340000000002">
    <ele>1831.2100000000003</ele>
   </trkpt>
   <trkpt lat="46.88651" lon="11.038150000000002">
    <ele>1832.5300000000002</ele>
   </trkpt>
   <trkpt lat="46.8864" lon="11.038020000000001">
    <ele>1833.13</ele>
   </trkpt>
   <trkpt lat="46.886250000000004" lon="11.03794">
    <ele>1833.8200000000002</ele>
   </trkpt>
   <trkpt lat="46.88613" lon="11.037970000000001">
    <ele>1835.46</ele>
   </trkpt>
   <trkpt lat="46.886" lon="11.03804">
    <ele>1835.46</ele>
   </trkpt>
   <trkpt lat="46.885810000000006" lon="11.03824">
    <ele>1839.5700000000002</ele>
   </trkpt>
   <trkpt lat="46.88570000000001" lon="11.038440000000001">
    <ele>1842.38</ele>
   </trkpt>
   <trkpt lat="46.885630000000006" lon="11.03869">
    <ele>1843.71</ele>
   </trkpt>
   <trkpt lat="46.885600000000004" lon="11.03883">
    <ele>1843.71</ele>
   </trkpt>
   <trkpt lat="46.885630000000006" lon="11.039230000000002">
    <ele>1847.1200000000001</ele>
   </trkpt>
   <trkpt lat="46.88568" lon="11.039470000000001">
    <ele>1848.3100000000002</ele>
   </trkpt>
   <trkpt lat="46.885850000000005" lon="11.03977">
    <ele>1849.7200000000003</ele>
   </trkpt>
   <trkpt lat="46.88593" lon="11.039850000000001">
    <ele>1850.69</ele>
   </trkpt>
   <trkpt lat="46.88609" lon="11.03997">
    <ele>1851.76</ele>
   </trkpt>
   <trkpt lat="46.88627" lon="11.04002">
    <ele>1853.35</ele>
   </trkpt>
   <trkpt lat="46.88645" lon="11.040030000000002">
    <ele>1855.43</ele>
   </trkpt>
   <trkpt lat="46.886810000000004" lon="11.040000000000001">
    <ele>1858.5300000000002</ele>
   </trkpt>
   <trkpt lat="46.887010000000004" lon="11.04005">
    <ele>1860.69</ele>
   </trkpt>
   <trkpt lat="46.887240000000006" lon="11.040170000000002">
    <ele>1862.78</ele>
   </trkpt>
   <trkpt lat="46.88759" lon="11.040450000000002">
    <ele>1867.9800000000002</ele>
   </trkpt>
   <trkpt lat="46.88786" lon="11.040610000000001">
    <ele>1868.89</ele>
   </trkpt>
   <trkpt lat="46.88851500020235" lon="11.0408599969205">
    <ele>1877.55</ele>
   </trkpt>
   <trkpt lat="46.88917000000001" lon="11.041110000000002">
    <ele>1882.51</ele>
   </trkpt>
   <trkpt lat="46.88974000019185" lon="11.041364997249225">
    <ele>1888.7600000000002</ele>
   </trkpt>
   <trkpt lat="46.89031000000001" lon="11.041620000000002">
    <ele>1892.9300000000003</ele>
   </trkpt>
   <trkpt lat="46.890890000000006" lon="11.04194">
    <ele>1897.3000000000002</ele>
   </trkpt>
   <trkpt lat="46.89158333479484" lon="11.042353322630927">
    <ele>1906.9000000000003</ele>
   </trkpt>
   <trkpt lat="46.89227666810204" lon="11.0427666559485">
    <ele>1914.6900000000003</ele>
   </trkpt>
   <trkpt lat="46.892970000000005" lon="11.043180000000001">
    <ele>1921.72</ele>
   </trkpt>
   <trkpt lat="46.893330000000006" lon="11.04338">
    <ele>1924.6900000000003</ele>
   </trkpt>
   <trkpt lat="46.89336" lon="11.043450000000002">
    <ele>1924.6900000000003</ele>
   </trkpt>
   <trkpt lat="46.89334" lon="11.043520000000001">
    <ele>1925.3000000000002</ele>
   </trkpt>
   <trkpt lat="46.893260000000005" lon="11.04357">
    <ele>1925.96</ele>
   </trkpt>
   <trkpt lat="46.893060000000006" lon="11.043460000000001">
    <ele>1927.8500000000001</ele>
   </trkpt>
   <trkpt lat="46.89285" lon="11.04338">
    <ele>1929.61</ele>
   </trkpt>
   <trkpt lat="46.892360000000004" lon="11.043330000000001">
    <ele>1935.16</ele>
   </trkpt>
   <trkpt lat="46.891960000000005" lon="11.043280000000001">
    <ele>1941.63</ele>
   </trkpt>
   <trkpt lat="46.89141" lon="11.04316">
    <ele>1946.22</ele>
   </trkpt>
   <trkpt lat="46.89119" lon="11.04315">
    <ele>1949.7700000000002</ele>
   </trkpt>
   <trkpt lat="46.89063" lon="11.043190000000001">
    <ele>1954.8500000000001</ele>
   </trkpt>
   <trkpt lat="46.89032" lon="11.043140000000001">
    <ele>1956.4</ele>
   </trkpt>
   <trkpt lat="46.89022000000001" lon="11.04324">
    <ele>1957.3000000000002</ele>
   </trkpt>
   <trkpt lat="46.89021" lon="11.043310000000002">
    <ele>1957.71</ele>
   </trkpt>
   <trkpt lat="46.89025" lon="11.04335">
    <ele>1958.17</ele>
   </trkpt>
   <trkpt lat="46.89059" lon="11.0434">
    <ele>1960.7800000000002</ele>
   </trkpt>
   <trkpt lat="46.89085" lon="11.04348">
    <ele>1965.2500000000002</ele>
   </trkpt>
   <trkpt lat="46.891360000000006" lon="11.04381">
    <ele>1971.5900000000001</ele>
   </trkpt>
   <trkpt lat="46.891830000000006" lon="11.04419">
    <ele>1980.97</ele>
   </trkpt>
   <trkpt lat="46.892010000000006" lon="11.04429">
    <ele>1980.97</ele>
   </trkpt>
   <trkpt lat="46.89276" lon="11.04461">
    <ele>1992.3400000000001</ele>
   </trkpt>
   <trkpt lat="46.89296" lon="11.04471">
    <ele>1995.1200000000001</ele>
   </trkpt>
   <trkpt lat="46.89325" lon="11.044920000000001">
    <ele>1998.89</ele>
   </trkpt>
   <trkpt lat="46.89343" lon="11.04508">
    <ele>2001.16</ele>
   </trkpt>
   <trkpt lat="46.89377" lon="11.04554">
    <ele>2007.1799999999998</ele>
   </trkpt>
   <trkpt lat="46.893930000000005" lon="11.045770000000001">
    <ele>2008.8500000000001</ele>
   </trkpt>
   <trkpt lat="46.89423" lon="11.046090000000001">
    <ele>2012.6500000000003</ele>
   </trkpt>
   <trkpt lat="46.89443000000001" lon="11.0462">
    <ele>2017.2000000000003</ele>
   </trkpt>
   <trkpt lat="46.89464" lon="11.046270000000002">
    <ele>2021.6700000000003</ele>
   </trkpt>
   <trkpt lat="46.894740000000006" lon="11.046330000000001">
    <ele>2021.6700000000003</ele>
   </trkpt>
   <trkpt lat="46.89517000000001" lon="11.046660000000001">
    <ele>2025.55</ele>
   </trkpt>
   <trkpt lat="46.89524" lon="11.04677">
    <ele>2026.13</ele>
   </trkpt>
   <trkpt lat="46.895230000000005" lon="11.046880000000002">
    <ele>2026.4700000000003</ele>
   </trkpt>
   <trkpt lat="46.89518" lon="11.04692">
    <ele>2026.8300000000004</ele>
   </trkpt>
   <trkpt lat="46.895140000000005" lon="11.04691">
    <ele>2027.6100000000001</ele>
   </trkpt>
   <trkpt lat="46.894890000000004" lon="11.04672">
    <ele>2029.7</ele>
   </trkpt>
   <trkpt lat="46.89477" lon="11.04668">
    <ele>2031.5400000000002</ele>
   </trkpt>
   <trkpt lat="46.894510000000004" lon="11.046700000000001">
    <ele>2034.17</ele>
   </trkpt>
   <trkpt lat="46.894200000000005" lon="11.046800000000001">
    <ele>2037.0600000000002</ele>
   </trkpt>
   <trkpt lat="46.894090000000006" lon="11.046800000000001">
    <ele>2041.35</ele>
   </trkpt>
   <trkpt lat="46.89397" lon="11.04678">
    <ele>2041.35</ele>
   </trkpt>
   <trkpt lat="46.89385" lon="11.04672">
    <ele>2042.92</ele>
   </trkpt>
   <trkpt lat="46.893530000000005" lon="11.046500000000002">
    <ele>2044.96</ele>
   </trkpt>
   <trkpt lat="46.893480000000004" lon="11.046500000000002">
    <ele>2045.48</ele>
   </trkpt>
   <trkpt lat="46.89345" lon="11.046520000000001">
    <ele>2045.48</ele>
   </trkpt>
   <trkpt lat="46.89345" lon="11.04667">
    <ele>2046.0500000000002</ele>
   </trkpt>
   <trkpt lat="46.89361" lon="11.04686">
    <ele>2047.3300000000002</ele>
   </trkpt>
   <trkpt lat="46.89403" lon="11.04724">
    <ele>2052.2200000000003</ele>
   </trkpt>
   <trkpt lat="46.89461000000001" lon="11.047590000000001">
    <ele>2058.8</ele>
   </trkpt>
   <trkpt lat="46.89495" lon="11.047740000000001">
    <ele>2060.71</ele>
   </trkpt>
   <trkpt lat="46.895050000000005" lon="11.04775">
    <ele>2065.23</ele>
   </trkpt>
   <trkpt lat="46.895340000000004" lon="11.047680000000001">
    <ele>2066.26</ele>
   </trkpt>
   <trkpt lat="46.89547" lon="11.04767">
    <ele>2069.95</ele>
   </trkpt>
   <trkpt lat="46.895590000000006" lon="11.047680000000001">
    <ele>2069.95</ele>
   </trkpt>
   <trkpt lat="46.89569" lon="11.04771">
    <ele>2071.99</ele>
   </trkpt>
   <trkpt lat="46.89582" lon="11.047780000000001">
    <ele>2071.99</ele>
   </trkpt>
   <trkpt lat="46.896190000000004" lon="11.04809">
    <ele>2077.92</ele>
   </trkpt>
   <trkpt lat="46.896390000000004" lon="11.04817">
    <ele>2079.75</ele>
   </trkpt>
   <trkpt lat="46.89660000000001" lon="11.04817">
    <ele>2081.86</ele>
   </trkpt>
   <trkpt lat="46.89707000000001" lon="11.04803">
    <ele>2085.88</ele>
   </trkpt>
   <trkpt lat="46.897270000000006" lon="11.04804">
    <ele>2086.82</ele>
   </trkpt>
   <trkpt lat="46.89739" lon="11.048070000000001">
    <ele>2088.5800000000004</ele>
   </trkpt>
   <trkpt lat="46.897580000000005" lon="11.04818">
    <ele>2089.3700000000003</ele>
   </trkpt>
   <trkpt lat="46.89775" lon="11.048330000000002">
    <ele>2090.32</ele>
   </trkpt>
   <trkpt lat="46.89793" lon="11.048570000000002">
    <ele>2090.98</ele>
   </trkpt>
   <trkpt lat="46.898500000000006" lon="11.04949">
    <ele>2095.65</ele>
   </trkpt>
   <trkpt lat="46.89871" lon="11.049740000000002">
    <ele>2095.65</ele>
   </trkpt>
   <trkpt lat="46.89891" lon="11.049890000000001">
    <ele>2097.34</ele>
   </trkpt>
   <trkpt lat="46.899100000000004" lon="11.049980000000001">
    <ele>2098.78</ele>
   </trkpt>
   <trkpt lat="46.89929" lon="11.050040000000001">
    <ele>2099.12</ele>
   </trkpt>
   <trkpt lat="46.899620000000006" lon="11.05009">
    <ele>2100.47</ele>
   </trkpt>
   <trkpt lat="46.89983" lon="11.05006">
    <ele>2101.48</ele>
   </trkpt>
   <trkpt lat="46.900040000000004" lon="11.049990000000001">
    <ele>2102.7500000000005</ele>
   </trkpt>
   <trkpt lat="46.90070500063496" lon="11.04957500521902">
    <ele>2105.88</ele>
   </trkpt>
   <trkpt lat="46.90137000000001" lon="11.04916">
    <ele>2109.54</ele>
   </trkpt>
   <trkpt lat="46.90155" lon="11.049100000000001">
    <ele>2109.54</ele>
   </trkpt>
   <trkpt lat="46.90173" lon="11.049080000000002">
    <ele>2111.2200000000003</ele>
   </trkpt>
   <trkpt lat="46.901920000000004" lon="11.04911">
    <ele>2112.1000000000004</ele>
   </trkpt>
   <trkpt lat="46.902120000000004" lon="11.049190000000001">
    <ele>2115.7700000000004</ele>
   </trkpt>
   <trkpt lat="46.902260000000005" lon="11.049280000000001">
    <ele>2115.7700000000004</ele>
   </trkpt>
   <trkpt lat="46.90238" lon="11.0494">
    <ele>2115.7700000000004</ele>
   </trkpt>
   <trkpt lat="46.90251000000001" lon="11.04954">
    <ele>2117.68</ele>
   </trkpt>
   <trkpt lat="46.90261" lon="11.049710000000001">
    <ele>2118.61</ele>
   </trkpt>
   <trkpt lat="46.902770000000004" lon="11.05011">
    <ele>2120.6800000000003</ele>
   </trkpt>
   <trkpt lat="46.90305500356406" lon="11.051014995183444">
    <ele>2125.26</ele>
   </trkpt>
   <trkpt lat="46.90334000000001" lon="11.05192">
    <ele>2129.75</ele>
   </trkpt>
   <trkpt lat="46.9035" lon="11.05222">
    <ele>2133.1200000000003</ele>
   </trkpt>
   <trkpt lat="46.9037" lon="11.052380000000001">
    <ele>2133.1200000000003</ele>
   </trkpt>
   <trkpt lat="46.90393" lon="11.052460000000002">
    <ele>2134.3900000000003</ele>
   </trkpt>
   <trkpt lat="46.904160000000005" lon="11.052430000000001">
    <ele>2136.6800000000003</ele>
   </trkpt>
   <trkpt lat="46.904320000000006" lon="11.052370000000002">
    <ele>2136.6800000000003</ele>
   </trkpt>
   <trkpt lat="46.904810000000005" lon="11.05178">
    <ele>2142.11</ele>
   </trkpt>
   <trkpt lat="46.90496" lon="11.05164">
    <ele>2142.86</ele>
   </trkpt>
   <trkpt lat="46.90509" lon="11.05156">
    <ele>2142.86</ele>
   </trkpt>
   <trkpt lat="46.905240000000006" lon="11.051540000000001">
    <ele>2144.4400000000005</ele>
   </trkpt>
   <trkpt lat="46.90552" lon="11.05155">
    <ele>2145.54</ele>
   </trkpt>
   <trkpt lat="46.90621" lon="11.05166">
    <ele>2149.69</ele>
   </trkpt>
   <trkpt lat="46.90695" lon="11.05188">
    <ele>2154.05</ele>
   </trkpt>
   <trkpt lat="46.907560000000004" lon="11.05211">
    <ele>2158.04</ele>
   </trkpt>
   <trkpt lat="46.907900000000005" lon="11.05225">
    <ele>2160.9700000000003</ele>
   </trkpt>
   <trkpt lat="46.90842000021582" lon="11.052494997601727">
    <ele>2164.7400000000002</ele>
   </trkpt>
   <trkpt lat="46.90894" lon="11.052740000000002">
    <ele>2166.57</ele>
   </trkpt>
   <trkpt lat="46.908930000000005" lon="11.05278">
    <ele>2166.57</ele>
   </trkpt>
   <trkpt lat="46.90926" lon="11.052900000000001">
    <ele>2167.1</ele>
   </trkpt>
   <trkpt lat="46.90961" lon="11.05292">
    <ele>2166.53</ele>
   </trkpt>
   <trkpt lat="46.90988" lon="11.05292">
    <ele>2166.15</ele>
   </trkpt>
   <trkpt lat="46.90988" lon="11.052790000000002">
    <ele>2166.15</ele>
   </trkpt>
   <trkpt lat="46.91011" lon="11.052840000000002">
    <ele>2165.29</ele>
   </trkpt>
   <trkpt lat="46.910410000000006" lon="11.05301">
    <ele>2164.28</ele>
   </trkpt>
   <trkpt lat="46.91058" lon="11.053030000000001">
    <ele>2163.4</ele>
   </trkpt>
   <trkpt lat="46.911300000000004" lon="11.052930000000002">
    <ele>2159.26</ele>
   </trkpt>
   <trkpt lat="46.911770000000004" lon="11.05291">
    <ele>2157.4</ele>
   </trkpt>
   <trkpt lat="46.91223" lon="11.052980000000002">
    <ele>2155.26</ele>
   </trkpt>
   <trkpt lat="46.912650000000006" lon="11.05316">
    <ele>2151.45</ele>
   </trkpt>
   <trkpt lat="46.91321000000001" lon="11.05343">
    <ele>2145.01</ele>
   </trkpt>
   <trkpt lat="46.913320000000006" lon="11.05343">
    <ele>2144.09</ele>
   </trkpt>
   <trkpt lat="46.913410000000006" lon="11.053410000000001">
    <ele>2144.09</ele>
   </trkpt>
   <trkpt lat="46.91355" lon="11.05334">
    <ele>2141.4600000000005</ele>
   </trkpt>
   <trkpt lat="46.913610000000006" lon="11.05329">
    <ele>2140.06</ele>
   </trkpt>
   <trkpt lat="46.913850000000004" lon="11.05291">
    <ele>2135.05</ele>
   </trkpt>
   <trkpt lat="46.91402" lon="11.052760000000001">
    <ele>2135.05</ele>
   </trkpt>
   <trkpt lat="46.914100000000005" lon="11.05272">
    <ele>2135.05</ele>
   </trkpt>
   <trkpt lat="46.914190000000005" lon="11.052710000000001">
    <ele>2130.46</ele>
   </trkpt>
   <trkpt lat="46.914755000198504" lon="11.052769999386822">
    <ele>2126.08</ele>
   </trkpt>
   <trkpt lat="46.91532" lon="11.05283">
    <ele>2121.88</ele>
   </trkpt>
   <trkpt lat="46.91592000000001" lon="11.05286">
    <ele>2112.0</ele>
   </trkpt>
   <trkpt lat="46.91672500000557" lon="11.052869999849834">
    <ele>2107.42</ele>
   </trkpt>
   <trkpt lat="46.917530000000006" lon="11.05288">
    <ele>2096.82</ele>
   </trkpt>
   <trkpt lat="46.9179" lon="11.053090000000001">
    <ele>2093.3</ele>
   </trkpt>
   <trkpt lat="46.91803" lon="11.05311">
    <ele>2092.3199999999997</ele>
   </trkpt>
   <trkpt lat="46.91868500008849" lon="11.053015001154181">
    <ele>2084.48</ele>
   </trkpt>
   <trkpt lat="46.919340000000005" lon="11.05292">
    <ele>2079.36</ele>
   </trkpt>
   <trkpt lat="46.91984" lon="11.05288">
    <ele>2076.33</ele>
   </trkpt>
   <trkpt lat="46.92036499999349" lon="11.052855000245408">
    <ele>2073.83</ele>
   </trkpt>
   <trkpt lat="46.92089000000001" lon="11.05283">
    <ele>2071.8900000000003</ele>
   </trkpt>
   <trkpt lat="46.92114" lon="11.05291">
    <ele>2071.1400000000003</ele>
   </trkpt>
   <trkpt lat="46.92134" lon="11.053080000000001">
    <ele>2069.63</ele>
   </trkpt>
   <trkpt lat="46.9215" lon="11.053360000000001">
    <ele>2068.39</ele>
   </trkpt>
   <trkpt lat="46.92157" lon="11.05361">
    <ele>2066.9900000000002</ele>
   </trkpt>
   <trkpt lat="46.92162500427718" lon="11.054599999169241">
    <ele>2062.78</ele>
   </trkpt>
   <trkpt lat="46.92168" lon="11.05559">
    <ele>2059.75</ele>
   </trkpt>
   <trkpt lat="46.921670000000006" lon="11.05601">
    <ele>2059.75</ele>
   </trkpt>
   <trkpt lat="46.92156000000001" lon="11.057">
    <ele>2053.58</ele>
   </trkpt>
   <trkpt lat="46.92154000000001" lon="11.057310000000001">
    <ele>2053.58</ele>
   </trkpt>
   <trkpt lat="46.92154000000001" lon="11.058570000000001">
    <ele>2046.8100000000002</ele>
   </trkpt>
   <trkpt lat="46.92146" lon="11.05939">
    <ele>2042.72</ele>
   </trkpt>
   <trkpt lat="46.92130000825599" lon="11.060363339103464">
    <ele>2038.2100000000003</ele>
   </trkpt>
   <trkpt lat="46.92114000826308" lon="11.061336672393567">
    <ele>2036.14</ele>
   </trkpt>
   <trkpt lat="46.92098000000001" lon="11.06231">
    <ele>2036.5900000000004</ele>
   </trkpt>
   <trkpt lat="46.92077002098356" lon="11.063577514898226">
    <ele>2040.7300000000002</ele>
   </trkpt>
   <trkpt lat="46.920560027978546" lon="11.064845019860957">
    <ele>2050.32</ele>
   </trkpt>
   <trkpt lat="46.920350020985175" lon="11.06611251488769">
    <ele>2057.46</ele>
   </trkpt>
   <trkpt lat="46.92014" lon="11.067380000000002">
    <ele>2067.4100000000003</ele>
   </trkpt>
   <trkpt lat="46.92004000000001" lon="11.06783">
    <ele>2070.56</ele>
   </trkpt>
   <trkpt lat="46.91962" lon="11.068950000000001">
    <ele>2080.4300000000003</ele>
   </trkpt>
   <trkpt lat="46.91953" lon="11.06933">
    <ele>2082.23</ele>
   </trkpt>
   <trkpt lat="46.919410000000006" lon="11.07047">
    <ele>2088.6</ele>
   </trkpt>
   <trkpt lat="46.91934500503651" lon="11.071545001213758">
    <ele>2094.64</ele>
   </trkpt>
   <trkpt lat="46.91928" lon="11.07262">
    <ele>2100.4900000000002</ele>
   </trkpt>
   <trkpt lat="46.919200000000004" lon="11.07327">
    <ele>2104.8</ele>
   </trkpt>
   <trkpt lat="46.91887667446456" lon="11.074216678107176">
    <ele>2112.03</ele>
   </trkpt>
   <trkpt lat="46.91855334112595" lon="11.075163344789152">
    <ele>2118.1800000000003</ele>
   </trkpt>
   <trkpt lat="46.91823" lon="11.076110000000002">
    <ele>2125.9700000000003</ele>
   </trkpt>
   <trkpt lat="46.91780000000001" lon="11.077140000000002">
    <ele>2134.35</ele>
   </trkpt>
   <trkpt lat="46.917410000000004" lon="11.07797">
    <ele>2139.12</ele>
   </trkpt>
   <trkpt lat="46.91702000410358" lon="11.078656676665494">
    <ele>2144.9500000000003</ele>
   </trkpt>
   <trkpt lat="46.91663000410157" lon="11.079343343335543">
    <ele>2149.9300000000003</ele>
   </trkpt>
   <trkpt lat="46.91624" lon="11.08003">
    <ele>2156.28</ele>
   </trkpt>
   <trkpt lat="46.916000000000004" lon="11.08079">
    <ele>2159.37</ele>
   </trkpt>
   <trkpt lat="46.91588" lon="11.081330000000001">
    <ele>2165.94</ele>
   </trkpt>
   <trkpt lat="46.915760000000006" lon="11.08178">
    <ele>2165.94</ele>
   </trkpt>
   <trkpt lat="46.91563000000001" lon="11.082080000000001">
    <ele>2168.3500000000004</ele>
   </trkpt>
   <trkpt lat="46.91521667141311" lon="11.08281667799286">
    <ele>2175.5600000000004</ele>
   </trkpt>
   <trkpt lat="46.914803338100974" lon="11.0835533446216">
    <ele>2182.69</ele>
   </trkpt>
   <trkpt lat="46.914390000000004" lon="11.084290000000001">
    <ele>2189.65</ele>
   </trkpt>
   <trkpt lat="46.91405" lon="11.084840000000002">
    <ele>2194.0000000000005</ele>
   </trkpt>
   <trkpt lat="46.913576669463566" lon="11.085403343244277">
    <ele>2202.7000000000003</ele>
   </trkpt>
   <trkpt lat="46.91310333616392" lon="11.0859666765374">
    <ele>2209.9900000000002</ele>
   </trkpt>
   <trkpt lat="46.91263000000001" lon="11.086530000000002">
    <ele>2216.67</ele>
   </trkpt>
   <trkpt lat="46.91234" lon="11.0868">
    <ele>2220.44</ele>
   </trkpt>
   <trkpt lat="46.91203" lon="11.087000000000002">
    <ele>2222.02</ele>
   </trkpt>
   <trkpt lat="46.9117" lon="11.08718">
    <ele>2230.2400000000002</ele>
   </trkpt>
   <trkpt lat="46.910885000698066" lon="11.087555005662892">
    <ele>2237.81</ele>
   </trkpt>
   <trkpt lat="46.910070000000005" lon="11.08793">
    <ele>2247.4</ele>
   </trkpt>
   <trkpt lat="46.90975" lon="11.088040000000001">
    <ele>2252.96</ele>
   </trkpt>
   <trkpt lat="46.909310000000005" lon="11.088090000000001">
    <ele>2255.3900000000003</ele>
   </trkpt>
   <trkpt lat="46.90927000000001" lon="11.08811">
    <ele>2256.01</ele>
   </trkpt>
   <trkpt lat="46.90923" lon="11.08816">
    <ele>2256.01</ele>
   </trkpt>
   <trkpt lat="46.909220000000005" lon="11.0883">
    <ele>2257.1600000000003</ele>
   </trkpt>
   <trkpt lat="46.90932" lon="11.088600000000001">
    <ele>2259.58</ele>
   </trkpt>
   <trkpt lat="46.9095" lon="11.088890000000001">
    <ele>2262.29</ele>
   </trkpt>
   <trkpt lat="46.909620000000004" lon="11.08901">
    <ele>2264.0200000000004</ele>
   </trkpt>
   <trkpt lat="46.90975" lon="11.0891">
    <ele>2267.79</ele>
   </trkpt>
   <trkpt lat="46.9099" lon="11.08915">
    <ele>2268.4</ele>
   </trkpt>
   <trkpt lat="46.91006" lon="11.08915">
    <ele>2270.28</ele>
   </trkpt>
   <trkpt lat="46.910320000000006" lon="11.0891">
    <ele>2271.4700000000003</ele>
   </trkpt>
   <trkpt lat="46.910360000000004" lon="11.089110000000002">
    <ele>2271.4700000000003</ele>
   </trkpt>
   <trkpt lat="46.91039000000001" lon="11.08914">
    <ele>2272.4</ele>
   </trkpt>
   <trkpt lat="46.9104" lon="11.089250000000002">
    <ele>2272.4</ele>
   </trkpt>
   <trkpt lat="46.91035" lon="11.08932">
    <ele>2272.4</ele>
   </trkpt>
   <trkpt lat="46.90957" lon="11.089540000000001">
    <ele>2278.9700000000003</ele>
   </trkpt>
   <trkpt lat="46.90881" lon="11.0899">
    <ele>2288.04</ele>
   </trkpt>
   <trkpt lat="46.908590000000004" lon="11.089970000000001">
    <ele>2288.04</ele>
   </trkpt>
   <trkpt lat="46.90798" lon="11.09008">
    <ele>2296.28</ele>
   </trkpt>
   <trkpt lat="46.9076" lon="11.090240000000001">
    <ele>2300.5</ele>
   </trkpt>
   <trkpt lat="46.906980000000004" lon="11.09063">
    <ele>2307.48</ele>
   </trkpt>
   <trkpt lat="46.90652" lon="11.090850000000001">
    <ele>2313.45</ele>
   </trkpt>
   <trkpt lat="46.906180000000006" lon="11.09093">
    <ele>2318.42</ele>
   </trkpt>
   <trkpt lat="46.905530000000006" lon="11.09097">
    <ele>2323.9</ele>
   </trkpt>
   <trkpt lat="46.904650000000004" lon="11.09098">
    <ele>2333.4100000000003</ele>
   </trkpt>
   <trkpt lat="46.904520000000005" lon="11.091000000000001">
    <ele>2334.17</ele>
   </trkpt>
   <trkpt lat="46.90449" lon="11.091040000000001">
    <ele>2334.17</ele>
   </trkpt>
   <trkpt lat="46.90448000000001" lon="11.09115">
    <ele>2334.9900000000002</ele>
   </trkpt>
   <trkpt lat="46.904520000000005" lon="11.0912">
    <ele>2335.86</ele>
   </trkpt>
   <trkpt lat="46.90523" lon="11.091380000000001">
    <ele>2340.4100000000003</ele>
   </trkpt>
   <trkpt lat="46.905280000000005" lon="11.091420000000001">
    <ele>2340.4100000000003</ele>
   </trkpt>
   <trkpt lat="46.905280000000005" lon="11.091560000000001">
    <ele>2341.06</ele>
   </trkpt>
   <trkpt lat="46.905240000000006" lon="11.09159">
    <ele>2341.06</ele>
   </trkpt>
   <trkpt lat="46.90496" lon="11.091560000000001">
    <ele>2342.92</ele>
   </trkpt>
   <trkpt lat="46.90466000000001" lon="11.09157">
    <ele>2346.32</ele>
   </trkpt>
   <trkpt lat="46.90417" lon="11.09176">
    <ele>2350.77</ele>
   </trkpt>
   <trkpt lat="46.904" lon="11.09181">
    <ele>2352.1800000000003</ele>
   </trkpt>
   <trkpt lat="46.90375" lon="11.09182">
    <ele>2356.09</ele>
   </trkpt>
   <trkpt lat="46.90326" lon="11.09176">
    <ele>2360.07</ele>
   </trkpt>
   <trkpt lat="46.90288" lon="11.091800000000001">
    <ele>2365.88</ele>
   </trkpt>
   <trkpt lat="46.90226999997811" lon="11.091990002217598">
    <ele>2371.9700000000003</ele>
   </trkpt>
   <trkpt lat="46.90166000000001" lon="11.09218">
    <ele>2381.0200000000004</ele>
   </trkpt>
   <trkpt lat="46.90110000000001" lon="11.09224">
    <ele>2385.82</ele>
   </trkpt>
   <trkpt lat="46.901050000000005" lon="11.092270000000001">
    <ele>2385.82</ele>
   </trkpt>
   <trkpt lat="46.90102" lon="11.09233">
    <ele>2385.82</ele>
   </trkpt>
   <trkpt lat="46.90102" lon="11.09246">
    <ele>2386.2900000000004</ele>
   </trkpt>
   <trkpt lat="46.90108" lon="11.09256">
    <ele>2386.6800000000003</ele>
   </trkpt>
   <trkpt lat="46.90181000076978" lon="11.092929995050111">
    <ele>2392.71</ele>
   </trkpt>
   <trkpt lat="46.90254" lon="11.093300000000001">
    <ele>2401.4300000000003</ele>
   </trkpt>
   <trkpt lat="46.902750000000005" lon="11.093440000000001">
    <ele>2404.8</ele>
   </trkpt>
   <trkpt lat="46.902890000000006" lon="11.09356">
    <ele>2407.51</ele>
   </trkpt>
   <trkpt lat="46.90303" lon="11.093720000000001">
    <ele>2409.18</ele>
   </trkpt>
   <trkpt lat="46.903220000000005" lon="11.09402">
    <ele>2415.47</ele>
   </trkpt>
   <trkpt lat="46.90345000000001" lon="11.09425">
    <ele>2415.47</ele>
   </trkpt>
   <trkpt lat="46.903600000000004" lon="11.09434">
    <ele>2417.23</ele>
   </trkpt>
   <trkpt lat="46.90375" lon="11.09439">
    <ele>2417.23</ele>
   </trkpt>
   <trkpt lat="46.90401000000001" lon="11.0944">
    <ele>2423.78</ele>
   </trkpt>
   <trkpt lat="46.904680000000006" lon="11.09434">
    <ele>2428.73</ele>
   </trkpt>
   <trkpt lat="46.904810000000005" lon="11.09434">
    <ele>2429.2900000000004</ele>
   </trkpt>
   <trkpt lat="46.904900000000005" lon="11.094410000000002">
    <ele>2429.9500000000003</ele>
   </trkpt>
   <trkpt lat="46.90489" lon="11.094600000000002">
    <ele>2431.55</ele>
   </trkpt>
   <trkpt lat="46.90478" lon="11.094750000000001">
    <ele>2432.4500000000003</ele>
   </trkpt>
   <trkpt lat="46.904430000000005" lon="11.095020000000002">
    <ele>2436.78</ele>
   </trkpt>
   <trkpt lat="46.90411" lon="11.095220000000001">
    <ele>2441.5</ele>
   </trkpt>
   <trkpt lat="46.90357" lon="11.09543">
    <ele>2445.3</ele>
   </trkpt>
   <trkpt lat="46.90353" lon="11.09551">
    <ele>2446.61</ele>
   </trkpt>
   <trkpt lat="46.90354000000001" lon="11.095600000000001">
    <ele>2446.61</ele>
   </trkpt>
   <trkpt lat="46.90392000000001" lon="11.096">
    <ele>2453.3900000000003</ele>
   </trkpt>
   <trkpt lat="46.904360000000004" lon="11.096620000000001">
    <ele>2462.53</ele>
   </trkpt>
   <trkpt lat="46.90442" lon="11.096680000000001">
    <ele>2462.53</ele>
   </trkpt>
   <trkpt lat="46.90453" lon="11.09674">
    <ele>2465.4100000000003</ele>
   </trkpt>
   <trkpt lat="46.90466000000001" lon="11.096760000000002">
    <ele>2465.9900000000002</ele>
   </trkpt>
   <trkpt lat="46.904740000000004" lon="11.09675">
    <ele>2467.59</ele>
   </trkpt>
   <trkpt lat="46.905" lon="11.096660000000002">
    <ele>2469.2000000000003</ele>
   </trkpt>
   <trkpt lat="46.905120000000004" lon="11.09665">
    <ele>2469.11</ele>
   </trkpt>
   <trkpt lat="46.90525" lon="11.096710000000002">
    <ele>2468.9100000000003</ele>
   </trkpt>
   <trkpt lat="46.905330000000006" lon="11.096820000000001">
    <ele>2468.2400000000002</ele>
   </trkpt>
   <trkpt lat="46.905350000000006" lon="11.09697">
    <ele>2468.2400000000002</ele>
   </trkpt>
   <trkpt lat="46.90534" lon="11.09731">
    <ele>2466.05</ele>
   </trkpt>
   <trkpt lat="46.90532" lon="11.09745">
    <ele>2464.38</ele>
   </trkpt>
   <trkpt lat="46.90529" lon="11.097570000000001">
    <ele>2464.38</ele>
   </trkpt>
   <trkpt lat="46.90516" lon="11.097790000000002">
    <ele>2462.9100000000003</ele>
   </trkpt>
   <trkpt lat="46.90505" lon="11.09791">
    <ele>2461.31</ele>
   </trkpt>
   <trkpt lat="46.90493000000001" lon="11.09797">
    <ele>2460.07</ele>
   </trkpt>
   <trkpt lat="46.90484000000001" lon="11.097980000000002">
    <ele>2458.79</ele>
   </trkpt>
   <trkpt lat="46.90455" lon="11.09792">
    <ele>2456.8500000000004</ele>
   </trkpt>
   <trkpt lat="46.90438" lon="11.097940000000001">
    <ele>2455.47</ele>
   </trkpt>
   <trkpt lat="46.904230000000005" lon="11.097980000000002">
    <ele>2454.76</ele>
   </trkpt>
   <trkpt lat="46.90415" lon="11.098020000000002">
    <ele>2454.76</ele>
   </trkpt>
   <trkpt lat="46.90406" lon="11.098120000000002">
    <ele>2452.83</ele>
   </trkpt>
   <trkpt lat="46.90402" lon="11.09819">
    <ele>2452.83</ele>
   </trkpt>
   <trkpt lat="46.90397" lon="11.098350000000002">
    <ele>2451.9</ele>
   </trkpt>
   <trkpt lat="46.903960000000005" lon="11.098450000000001">
    <ele>2451.19</ele>
   </trkpt>
   <trkpt lat="46.90399" lon="11.09862">
    <ele>2451.19</ele>
   </trkpt>
   <trkpt lat="46.904090000000004" lon="11.09899">
    <ele>2447.69</ele>
   </trkpt>
   <trkpt lat="46.90410000000001" lon="11.09933">
    <ele>2445.86</ele>
   </trkpt>
   <trkpt lat="46.904070000000004" lon="11.099680000000001">
    <ele>2444.11</ele>
   </trkpt>
   <trkpt lat="46.90388" lon="11.100380000000001">
    <ele>2442.05</ele>
   </trkpt>
   <trkpt lat="46.903830000000006" lon="11.1005">
    <ele>2441.64</ele>
   </trkpt>
   <trkpt lat="46.90373" lon="11.100650000000002">
    <ele>2441.43</ele>
   </trkpt>
   <trkpt lat="46.90354000000001" lon="11.10086">
    <ele>2440.88</ele>
   </trkpt>
   <trkpt lat="46.90312" lon="11.10121">
    <ele>2440.11</ele>
   </trkpt>
   <trkpt lat="46.902950000000004" lon="11.101400000000002">
    <ele>2440.11</ele>
   </trkpt>
   <trkpt lat="46.902750000000005" lon="11.101690000000001">
    <ele>2439.2200000000003</ele>
   </trkpt>
   <trkpt lat="46.902620000000006" lon="11.101790000000001">
    <ele>2439.2200000000003</ele>
   </trkpt>
   <trkpt lat="46.902390000000004" lon="11.101890000000001">
    <ele>2438.9800000000005</ele>
   </trkpt>
   <trkpt lat="46.902170000000005" lon="11.101920000000002">
    <ele>2438.79</ele>
   </trkpt>
   <trkpt lat="46.902010000000004" lon="11.101880000000001">
    <ele>2438.55</ele>
   </trkpt>
   <trkpt lat="46.90184000000001" lon="11.101790000000001">
    <ele>2438.28</ele>
   </trkpt>
   <trkpt lat="46.90153" lon="11.10158">
    <ele>2436.64</ele>
   </trkpt>
   <trkpt lat="46.901300000000006" lon="11.101550000000001">
    <ele>2436.1800000000003</ele>
   </trkpt>
   <trkpt lat="46.9012" lon="11.10157">
    <ele>2436.1800000000003</ele>
   </trkpt>
   <trkpt lat="46.90110000000001" lon="11.10167">
    <ele>2435.96</ele>
   </trkpt>
   <trkpt lat="46.90091" lon="11.102070000000001">
    <ele>2434.8900000000003</ele>
   </trkpt>
   <trkpt lat="46.90079" lon="11.102210000000001">
    <ele>2434.66</ele>
   </trkpt>
   <trkpt lat="46.90059" lon="11.102310000000001">
    <ele>2434.26</ele>
   </trkpt>
   <trkpt lat="46.90041" lon="11.102350000000001">
    <ele>2433.52</ele>
   </trkpt>
   <trkpt lat="46.90021" lon="11.102310000000001">
    <ele>2433.25</ele>
   </trkpt>
   <trkpt lat="46.89985" lon="11.102150000000002">
    <ele>2432.69</ele>
   </trkpt>
   <trkpt lat="46.89963" lon="11.102110000000001">
    <ele>2432.69</ele>
   </trkpt>
   <trkpt lat="46.89925" lon="11.102210000000001">
    <ele>2431.5</ele>
   </trkpt>
   <trkpt lat="46.89909" lon="11.102300000000001">
    <ele>2430.9800000000005</ele>
   </trkpt>
   <trkpt lat="46.898990000000005" lon="11.10238">
    <ele>2430.9800000000005</ele>
   </trkpt>
   <trkpt lat="46.89887" lon="11.10251">
    <ele>2430.1600000000003</ele>
   </trkpt>
   <trkpt lat="46.89876" lon="11.10274">
    <ele>2429.86</ele>
   </trkpt>
   <trkpt lat="46.898430000000005" lon="11.103670000000001">
    <ele>2429.13</ele>
   </trkpt>
   <trkpt lat="46.898300000000006" lon="11.103860000000001">
    <ele>2428.7</ele>
   </trkpt>
   <trkpt lat="46.898160000000004" lon="11.103980000000002">
    <ele>2428.0600000000004</ele>
   </trkpt>
   <trkpt lat="46.89734000000001" lon="11.104370000000001">
    <ele>2425.23</ele>
   </trkpt>
   <trkpt lat="46.89719" lon="11.10454">
    <ele>2424.1800000000003</ele>
   </trkpt>
   <trkpt lat="46.89705000000001" lon="11.104790000000001">
    <ele>2423.9900000000002</ele>
   </trkpt>
   <trkpt lat="46.89697" lon="11.104880000000001">
    <ele>2423.9100000000003</ele>
   </trkpt>
   <trkpt lat="46.896460000000005" lon="11.10524">
    <ele>2424.77</ele>
   </trkpt>
   <trkpt lat="46.89618" lon="11.105390000000002">
    <ele>2425.7400000000002</ele>
   </trkpt>
   <trkpt lat="46.89609" lon="11.10542">
    <ele>2425.7400000000002</ele>
   </trkpt>
   <trkpt lat="46.895970000000005" lon="11.105490000000001">
    <ele>2425.7400000000002</ele>
   </trkpt>
   <trkpt lat="46.89582" lon="11.10565">
    <ele>2426.26</ele>
   </trkpt>
   <trkpt lat="46.895340000000004" lon="11.106330000000002">
    <ele>2428.57</ele>
   </trkpt>
   <trkpt lat="46.89524" lon="11.106560000000002">
    <ele>2429.6900000000005</ele>
   </trkpt>
   <trkpt lat="46.895160000000004" lon="11.10688">
    <ele>2430.25</ele>
   </trkpt>
   <trkpt lat="46.895" lon="11.107830000000002">
    <ele>2418.48</ele>
   </trkpt>
   <trkpt lat="46.894940000000005" lon="11.108030000000001">
    <ele>2418.19</ele>
   </trkpt>
   <trkpt lat="46.89481000000001" lon="11.108220000000001">
    <ele>2417.9300000000003</ele>
   </trkpt>
   <trkpt lat="46.894025006784666" lon="11.108778374198156">
    <ele>2415.17</ele>
   </trkpt>
   <trkpt lat="46.89324001085453" lon="11.109336732049734">
    <ele>2412.09</ele>
   </trkpt>
   <trkpt lat="46.89245501220976" lon="11.109895073555602">
    <ele>2409.59</ele>
   </trkpt>
   <trkpt lat="46.89167001085052" lon="11.110453398716635">
    <ele>2407.11</ele>
   </trkpt>
   <trkpt lat="46.890885006776955" lon="11.1110117075337">
    <ele>2404.1200000000003</ele>
   </trkpt>
   <trkpt lat="46.890100000000004" lon="11.11157">
    <ele>2399.84</ele>
   </trkpt>
   <trkpt lat="46.890010000000004" lon="11.11161">
    <ele>2399.84</ele>
   </trkpt>
   <trkpt lat="46.88994" lon="11.111590000000001">
    <ele>2399.84</ele>
   </trkpt>
   <trkpt lat="46.889720000000004" lon="11.11143">
    <ele>2392.98</ele>
   </trkpt>
   <trkpt lat="46.88922" lon="11.111020000000002">
    <ele>2390.93</ele>
   </trkpt>
   <trkpt lat="46.88864" lon="11.11059">
    <ele>2379.75</ele>
   </trkpt>
   <trkpt lat="46.888070000000006" lon="11.1103">
    <ele>2373.5600000000004</ele>
   </trkpt>
   <trkpt lat="46.887910000000005" lon="11.110240000000001">
    <ele>2371.03</ele>
   </trkpt>
   <trkpt lat="46.88768" lon="11.110190000000001">
    <ele>2371.03</ele>
   </trkpt>
   <trkpt lat="46.88736" lon="11.11017">
    <ele>2365.3500000000004</ele>
   </trkpt>
   <trkpt lat="46.88709" lon="11.110100000000001">
    <ele>2362.33</ele>
   </trkpt>
   <trkpt lat="46.88702000000001" lon="11.110140000000001">
    <ele>2361.27</ele>
   </trkpt>
   <trkpt lat="46.887" lon="11.110220000000002">
    <ele>2361.27</ele>
   </trkpt>
   <trkpt lat="46.88702000000001" lon="11.110270000000002">
    <ele>2361.27</ele>
   </trkpt>
   <trkpt lat="46.887060000000005" lon="11.11031">
    <ele>2359.05</ele>
   </trkpt>
   <trkpt lat="46.887150000000005" lon="11.110320000000002">
    <ele>2359.05</ele>
   </trkpt>
   <trkpt lat="46.887570000000004" lon="11.11048">
    <ele>2353.84</ele>
   </trkpt>
   <trkpt lat="46.887730000000005" lon="11.110560000000001">
    <ele>2349.8</ele>
   </trkpt>
   <trkpt lat="46.88785000000001" lon="11.11063">
    <ele>2349.8</ele>
   </trkpt>
   <trkpt lat="46.888130000000004" lon="11.110880000000002">
    <ele>2345.87</ele>
   </trkpt>
   <trkpt lat="46.88881000000001" lon="11.11166">
    <ele>2337.5600000000004</ele>
   </trkpt>
   <trkpt lat="46.889050000000005" lon="11.11203">
    <ele>2335.03</ele>
   </trkpt>
   <trkpt lat="46.88928000000001" lon="11.11223">
    <ele>2331.1800000000003</ele>
   </trkpt>
   <trkpt lat="46.889340000000004" lon="11.11232">
    <ele>2331.1800000000003</ele>
   </trkpt>
   <trkpt lat="46.88937000000001" lon="11.112400000000001">
    <ele>2331.1800000000003</ele>
   </trkpt>
   <trkpt lat="46.88937000000001" lon="11.11246">
    <ele>2331.1800000000003</ele>
   </trkpt>
   <trkpt lat="46.88933" lon="11.11251">
    <ele>2327.2700000000004</ele>
   </trkpt>
   <trkpt lat="46.88926000000001" lon="11.112490000000001">
    <ele>2327.2700000000004</ele>
   </trkpt>
   <trkpt lat="46.88888" lon="11.11208">
    <ele>2322.95</ele>
   </trkpt>
   <trkpt lat="46.888720000000006" lon="11.111930000000001">
    <ele>2317.9500000000003</ele>
   </trkpt>
   <trkpt lat="46.888600000000004" lon="11.11185">
    <ele>2317.9500000000003</ele>
   </trkpt>
   <trkpt lat="46.888160000000006" lon="11.111630000000002">
    <ele>2311.63</ele>
   </trkpt>
   <trkpt lat="46.88788" lon="11.11152">
    <ele>2311.63</ele>
   </trkpt>
   <trkpt lat="46.887220000151615" lon="11.111334997724464">
    <ele>2301.81</ele>
   </trkpt>
   <trkpt lat="46.88656" lon="11.11115">
    <ele>2294.1900000000005</ele>
   </trkpt>
   <trkpt lat="46.886320000000005" lon="11.111130000000001">
    <ele>2292.32</ele>
   </trkpt>
   <trkpt lat="46.88582" lon="11.11119">
    <ele>2287.3300000000004</ele>
   </trkpt>
   <trkpt lat="46.88575" lon="11.11115">
    <ele>2286.4600000000005</ele>
   </trkpt>
   <trkpt lat="46.885540000000006" lon="11.110940000000001">
    <ele>2283.69</ele>
   </trkpt>
   <trkpt lat="46.885490000000004" lon="11.11092">
    <ele>2283.69</ele>
   </trkpt>
   <trkpt lat="46.885450000000006" lon="11.11095">
    <ele>2283.69</ele>
   </trkpt>
   <trkpt lat="46.885450000000006" lon="11.111030000000001">
    <ele>2280.85</ele>
   </trkpt>
   <trkpt lat="46.885470000000005" lon="11.111080000000001">
    <ele>2280.85</ele>
   </trkpt>
   <trkpt lat="46.88584" lon="11.11143">
    <ele>2277.26</ele>
   </trkpt>
   <trkpt lat="46.886320000000005" lon="11.111730000000001">
    <ele>2269.84</ele>
   </trkpt>
   <trkpt lat="46.88692000038824" lon="11.11200999688995">
    <ele>2265.07</ele>
   </trkpt>
   <trkpt lat="46.88752" lon="11.112290000000002">
    <ele>2259.4800000000005</ele>
   </trkpt>
   <trkpt lat="46.88796000000001" lon="11.112520000000002">
    <ele>2254.2</ele>
   </trkpt>
   <trkpt lat="46.88823000000001" lon="11.1127">
    <ele>2249.9500000000003</ele>
   </trkpt>
   <trkpt lat="46.888600000000004" lon="11.113050000000001">
    <ele>2247.28</ele>
   </trkpt>
   <trkpt lat="46.888830000000006" lon="11.11331">
    <ele>2244.07</ele>
   </trkpt>
   <trkpt lat="46.888920000000006" lon="11.11349">
    <ele>2240.99</ele>
   </trkpt>
   <trkpt lat="46.889010000000006" lon="11.113760000000001">
    <ele>2237.78</ele>
   </trkpt>
   <trkpt lat="46.88927500433609" lon="11.11475999499237">
    <ele>2231.1200000000003</ele>
   </trkpt>
   <trkpt lat="46.889540000000004" lon="11.115760000000002">
    <ele>2224.3</ele>
   </trkpt>
   <trkpt lat="46.88974" lon="11.116850000000001">
    <ele>2215.03</ele>
   </trkpt>
   <trkpt lat="46.889810000000004" lon="11.11701">
    <ele>2215.03</ele>
   </trkpt>
   <trkpt lat="46.889880000000005" lon="11.117120000000002">
    <ele>2213.28</ele>
   </trkpt>
   <trkpt lat="46.890240000711145" lon="11.117519997331316">
    <ele>2208.7000000000003</ele>
   </trkpt>
   <trkpt lat="46.890600000000006" lon="11.117920000000002">
    <ele>2204.18</ele>
   </trkpt>
   <trkpt lat="46.890930000000004" lon="11.1181">
    <ele>2201.87</ele>
   </trkpt>
   <trkpt lat="46.89105000000001" lon="11.118250000000002">
    <ele>2198.55</ele>
   </trkpt>
   <trkpt lat="46.89126" lon="11.118630000000001">
    <ele>2196.72</ele>
   </trkpt>
   <trkpt lat="46.89137" lon="11.11875">
    <ele>2194.56</ele>
   </trkpt>
   <trkpt lat="46.89181000000001" lon="11.119060000000001">
    <ele>2190.3900000000003</ele>
   </trkpt>
   <trkpt lat="46.892140000000005" lon="11.11926">
    <ele>2186.35</ele>
   </trkpt>
   <trkpt lat="46.892450000000004" lon="11.119570000000001">
    <ele>2183.0800000000004</ele>
   </trkpt>
   <trkpt lat="46.893150000000006" lon="11.119810000000001">
    <ele>2176.4300000000003</ele>
   </trkpt>
   <trkpt lat="46.893350000000005" lon="11.12005">
    <ele>2173.71</ele>
   </trkpt>
   <trkpt lat="46.89356" lon="11.120650000000001">
    <ele>2167.92</ele>
   </trkpt>
   <trkpt lat="46.893750000000004" lon="11.1209">
    <ele>2164.7700000000004</ele>
   </trkpt>
   <trkpt lat="46.89399" lon="11.121160000000001">
    <ele>2161.5200000000004</ele>
   </trkpt>
   <trkpt lat="46.89425000000001" lon="11.121390000000002">
    <ele>2159.6300000000006</ele>
   </trkpt>
   <trkpt lat="46.89439" lon="11.12146">
    <ele>2157.17</ele>
   </trkpt>
   <trkpt lat="46.89446" lon="11.12152">
    <ele>2157.17</ele>
   </trkpt>
   <trkpt lat="46.894690000000004" lon="11.121860000000002">
    <ele>2154.17</ele>
   </trkpt>
   <trkpt lat="46.89515" lon="11.122160000000001">
    <ele>2149.29</ele>
   </trkpt>
   <trkpt lat="46.89517000000001" lon="11.122200000000001">
    <ele>2147.8100000000004</ele>
   </trkpt>
   <trkpt lat="46.89515" lon="11.122300000000001">
    <ele>2147.8100000000004</ele>
   </trkpt>
   <trkpt lat="46.895120000000006" lon="11.12232">
    <ele>2147.8100000000004</ele>
   </trkpt>
   <trkpt lat="46.89506" lon="11.12231">
    <ele>2147.8100000000004</ele>
   </trkpt>
   <trkpt lat="46.89466" lon="11.12213">
    <ele>2140.88</ele>
   </trkpt>
   <trkpt lat="46.89432" lon="11.121870000000001">
    <ele>2135.92</ele>
   </trkpt>
   <trkpt lat="46.89412" lon="11.12176">
    <ele>2135.92</ele>
   </trkpt>
   <trkpt lat="46.89363" lon="11.12157">
    <ele>2127.7400000000002</ele>
   </trkpt>
   <trkpt lat="46.8933" lon="11.12148">
    <ele>2124.26</ele>
   </trkpt>
   <trkpt lat="46.892765000304415" lon="11.12122999752116">
    <ele>2121.2200000000003</ele>
   </trkpt>
   <trkpt lat="46.892230000000005" lon="11.120980000000001">
    <ele>2114.77</ele>
   </trkpt>
   <trkpt lat="46.89193" lon="11.120880000000001">
    <ele>2109.63</ele>
   </trkpt>
   <trkpt lat="46.89153" lon="11.120650000000001">
    <ele>2105.3</ele>
   </trkpt>
   <trkpt lat="46.89143000000001" lon="11.12062">
    <ele>2105.3</ele>
   </trkpt>
   <trkpt lat="46.89084000000862" lon="11.120584999615176">
    <ele>2096.63</ele>
   </trkpt>
   <trkpt lat="46.89025" lon="11.120550000000001">
    <ele>2091.21</ele>
   </trkpt>
   <trkpt lat="46.88998" lon="11.120510000000001">
    <ele>2086.51</ele>
   </trkpt>
   <trkpt lat="46.88929" lon="11.12001">
    <ele>2079.3</ele>
   </trkpt>
   <trkpt lat="46.889" lon="11.119530000000001">
    <ele>2073.5800000000004</ele>
   </trkpt>
   <trkpt lat="46.88861000000001" lon="11.11908">
    <ele>2069.53</ele>
   </trkpt>
   <trkpt lat="46.88823000000001" lon="11.11838">
    <ele>2063.55</ele>
   </trkpt>
   <trkpt lat="46.887800000000006" lon="11.11805">
    <ele>2059.11</ele>
   </trkpt>
   <trkpt lat="46.88739" lon="11.117700000000001">
    <ele>2051.69</ele>
   </trkpt>
   <trkpt lat="46.8873" lon="11.117590000000002">
    <ele>2051.69</ele>
   </trkpt>
   <trkpt lat="46.887" lon="11.117070000000002">
    <ele>2047.3500000000001</ele>
   </trkpt>
   <trkpt lat="46.8868" lon="11.116850000000001">
    <ele>2045.5800000000002</ele>
   </trkpt>
   <trkpt lat="46.88655000000001" lon="11.11649">
    <ele>2044.5100000000002</ele>
   </trkpt>
   <trkpt lat="46.88604" lon="11.116140000000001">
    <ele>2042.58</ele>
   </trkpt>
   <trkpt lat="46.88559000013025" lon="11.11592999820955">
    <ele>2041.44</ele>
   </trkpt>
   <trkpt lat="46.88514000000001" lon="11.115720000000001">
    <ele>2039.9199999999998</ele>
   </trkpt>
   <trkpt lat="46.88497" lon="11.115720000000001">
    <ele>2039.3000000000002</ele>
   </trkpt>
   <trkpt lat="46.88463" lon="11.11583">
    <ele>2037.7</ele>
   </trkpt>
   <trkpt lat="46.88449000000001" lon="11.115860000000001">
    <ele>2037.3400000000004</ele>
   </trkpt>
   <trkpt lat="46.88440000000001" lon="11.115850000000002">
    <ele>2036.7</ele>
   </trkpt>
   <trkpt lat="46.884280000000004" lon="11.115810000000002">
    <ele>2036.33</ele>
   </trkpt>
   <trkpt lat="46.88398" lon="11.115620000000002">
    <ele>2035.05</ele>
   </trkpt>
   <trkpt lat="46.883720000000004" lon="11.115630000000001">
    <ele>2033.9</ele>
   </trkpt>
   <trkpt lat="46.88364000000001" lon="11.11561">
    <ele>2033.5900000000001</ele>
   </trkpt>
   <trkpt lat="46.883430000000004" lon="11.115440000000001">
    <ele>2032.9</ele>
   </trkpt>
   <trkpt lat="46.88317000000001" lon="11.11518">
    <ele>2030.7400000000002</ele>
   </trkpt>
   <trkpt lat="46.88295" lon="11.11499">
    <ele>2029.77</ele>
   </trkpt>
   <trkpt lat="46.88290000000001" lon="11.114920000000001">
    <ele>2029.77</ele>
   </trkpt>
   <trkpt lat="46.88273000203605" lon="11.11422499752383">
    <ele>2027.89</ele>
   </trkpt>
   <trkpt lat="46.882560000000005" lon="11.11353">
    <ele>2025.7400000000002</ele>
   </trkpt>
   <trkpt lat="46.88246" lon="11.112860000000001">
    <ele>2023.4</ele>
   </trkpt>
   <trkpt lat="46.88239" lon="11.112540000000001">
    <ele>2022.4200000000003</ele>
   </trkpt>
   <trkpt lat="46.882290000000005" lon="11.112250000000001">
    <ele>2022.4200000000003</ele>
   </trkpt>
   <trkpt lat="46.88215" lon="11.112">
    <ele>2016.5900000000004</ele>
   </trkpt>
   <trkpt lat="46.8821" lon="11.11195">
    <ele>2016.5900000000004</ele>
   </trkpt>
   <trkpt lat="46.88206" lon="11.11198">
    <ele>2016.5900000000004</ele>
   </trkpt>
   <trkpt lat="46.88205000000001" lon="11.112050000000002">
    <ele>2016.5900000000004</ele>
   </trkpt>
   <trkpt lat="46.88212" lon="11.112210000000001">
    <ele>2013.49</ele>
   </trkpt>
   <trkpt lat="46.882310000000004" lon="11.112860000000001">
    <ele>2010.4300000000003</ele>
   </trkpt>
   <trkpt lat="46.882340000000006" lon="11.113150000000001">
    <ele>2006.4200000000003</ele>
   </trkpt>
   <trkpt lat="46.882360000000006" lon="11.113800000000001">
    <ele>2001.8899999999999</ele>
   </trkpt>
   <trkpt lat="46.88255" lon="11.11481">
    <ele>1996.8000000000002</ele>
   </trkpt>
   <trkpt lat="46.882540000000006" lon="11.114880000000001">
    <ele>1996.8000000000002</ele>
   </trkpt>
   <trkpt lat="46.88252000000001" lon="11.11491">
    <ele>1996.8000000000002</ele>
   </trkpt>
   <trkpt lat="46.882490000000004" lon="11.114920000000001">
    <ele>1991.0100000000002</ele>
   </trkpt>
   <trkpt lat="46.88246" lon="11.11491">
    <ele>1991.0100000000002</ele>
   </trkpt>
   <trkpt lat="46.88242" lon="11.114790000000001">
    <ele>1991.0100000000002</ele>
   </trkpt>
   <trkpt lat="46.882360000000006" lon="11.11447">
    <ele>1991.0100000000002</ele>
   </trkpt>
   <trkpt lat="46.88224" lon="11.113990000000001">
    <ele>1985.71</ele>
   </trkpt>
   <trkpt lat="46.88183" lon="11.11289">
    <ele>1976.14</ele>
   </trkpt>
   <trkpt lat="46.88179" lon="11.112810000000001">
    <ele>1976.14</ele>
   </trkpt>
   <trkpt lat="46.881710000000005" lon="11.112770000000001">
    <ele>1973.99</ele>
   </trkpt>
   <trkpt lat="46.88167000000001" lon="11.11278">
    <ele>1973.99</ele>
   </trkpt>
   <trkpt lat="46.88165" lon="11.112860000000001">
    <ele>1972.47</ele>
   </trkpt>
   <trkpt lat="46.881660000000004" lon="11.112950000000001">
    <ele>1972.47</ele>
   </trkpt>
   <trkpt lat="46.88179" lon="11.113230000000001">
    <ele>1968.5200000000002</ele>
   </trkpt>
   <trkpt lat="46.881870000000006" lon="11.113470000000001">
    <ele>1967.5600000000002</ele>
   </trkpt>
   <trkpt lat="46.881980000000006" lon="11.113990000000001">
    <ele>1963.3200000000002</ele>
   </trkpt>
   <trkpt lat="46.88205000000001" lon="11.114920000000001">
    <ele>1958.22</ele>
   </trkpt>
   <trkpt lat="46.882070000000006" lon="11.11504">
    <ele>1957.2500000000002</ele>
   </trkpt>
   <trkpt lat="46.88217" lon="11.115290000000002">
    <ele>1955.1</ele>
   </trkpt>
   <trkpt lat="46.882180000000005" lon="11.11536">
    <ele>1955.1</ele>
   </trkpt>
   <trkpt lat="46.882160000000006" lon="11.115430000000002">
    <ele>1952.3000000000002</ele>
   </trkpt>
   <trkpt lat="46.88214000000001" lon="11.115450000000001">
    <ele>1952.3000000000002</ele>
   </trkpt>
   <trkpt lat="46.882090000000005" lon="11.115440000000001">
    <ele>1952.3000000000002</ele>
   </trkpt>
   <trkpt lat="46.88206" lon="11.115400000000001">
    <ele>1952.3000000000002</ele>
   </trkpt>
   <trkpt lat="46.88197" lon="11.11508">
    <ele>1950.2</ele>
   </trkpt>
   <trkpt lat="46.88167000000001" lon="11.114220000000001">
    <ele>1942.65</ele>
   </trkpt>
   <trkpt lat="46.881600000000006" lon="11.1141">
    <ele>1942.65</ele>
   </trkpt>
   <trkpt lat="46.88156" lon="11.114090000000001">
    <ele>1939.52</ele>
   </trkpt>
   <trkpt lat="46.881530000000005" lon="11.114120000000002">
    <ele>1939.52</ele>
   </trkpt>
   <trkpt lat="46.881530000000005" lon="11.114220000000001">
    <ele>1939.52</ele>
   </trkpt>
   <trkpt lat="46.88161" lon="11.11447">
    <ele>1938.2</ele>
   </trkpt>
   <trkpt lat="46.88177" lon="11.11522">
    <ele>1932.8700000000001</ele>
   </trkpt>
   <trkpt lat="46.88186" lon="11.115480000000002">
    <ele>1932.8700000000001</ele>
   </trkpt>
   <trkpt lat="46.88197" lon="11.11561">
    <ele>1928.92</ele>
   </trkpt>
   <trkpt lat="46.882250000000006" lon="11.115770000000001">
    <ele>1928.92</ele>
   </trkpt>
   <trkpt lat="46.882650000000005" lon="11.11608">
    <ele>1924.7200000000003</ele>
   </trkpt>
   <trkpt lat="46.88277" lon="11.116140000000001">
    <ele>1921.91</ele>
   </trkpt>
   <trkpt lat="46.883100000000006" lon="11.11625">
    <ele>1919.01</ele>
   </trkpt>
   <trkpt lat="46.883250000000004" lon="11.1164">
    <ele>1916.13</ele>
   </trkpt>
   <trkpt lat="46.883390000000006" lon="11.116700000000002">
    <ele>1915.3300000000002</ele>
   </trkpt>
   <trkpt lat="46.88344000000001" lon="11.116990000000001">
    <ele>1913.49</ele>
   </trkpt>
   <trkpt lat="46.88349" lon="11.117500000000001">
    <ele>1909.4400000000003</ele>
   </trkpt>
   <trkpt lat="46.88353" lon="11.11763">
    <ele>1909.4400000000003</ele>
   </trkpt>
   <trkpt lat="46.88374" lon="11.117890000000001">
    <ele>1905.04</ele>
   </trkpt>
   <trkpt lat="46.88418" lon="11.11818">
    <ele>1899.6100000000001</ele>
   </trkpt>
   <trkpt lat="46.88443" lon="11.11846">
    <ele>1897.14</ele>
   </trkpt>
   <trkpt lat="46.884690000000006" lon="11.11869">
    <ele>1894.47</ele>
   </trkpt>
   <trkpt lat="46.88524" lon="11.11913">
    <ele>1889.4700000000003</ele>
   </trkpt>
   <trkpt lat="46.88535" lon="11.119100000000001">
    <ele>1885.9800000000002</ele>
   </trkpt>
   <trkpt lat="46.885540000000006" lon="11.118960000000001">
    <ele>1883.4</ele>
   </trkpt>
   <trkpt lat="46.885580000000004" lon="11.118960000000001">
    <ele>1883.4</ele>
   </trkpt>
   <trkpt lat="46.88575" lon="11.119090000000002">
    <ele>1879.7100000000003</ele>
   </trkpt>
   <trkpt lat="46.8858" lon="11.119190000000001">
    <ele>1879.7100000000003</ele>
   </trkpt>
   <trkpt lat="46.88590000000001" lon="11.119480000000001">
    <ele>1875.3400000000001</ele>
   </trkpt>
   <trkpt lat="46.88597" lon="11.11979">
    <ele>1871.3600000000001</ele>
   </trkpt>
   <trkpt lat="46.88606" lon="11.11996">
    <ele>1871.3600000000001</ele>
   </trkpt>
   <trkpt lat="46.88647" lon="11.12062">
    <ele>1863.3500000000001</ele>
   </trkpt>
   <trkpt lat="46.886570000000006" lon="11.12082">
    <ele>1862.03</ele>
   </trkpt>
   <trkpt lat="46.886750000000006" lon="11.121300000000002">
    <ele>1856.1900000000003</ele>
   </trkpt>
   <trkpt lat="46.88683" lon="11.121450000000001">
    <ele>1854.72</ele>
   </trkpt>
   <trkpt lat="46.88707" lon="11.121730000000001">
    <ele>1850.44</ele>
   </trkpt>
   <trkpt lat="46.887240000000006" lon="11.121970000000001">
    <ele>1847.59</ele>
   </trkpt>
   <trkpt lat="46.88743500363423" lon="11.122884996622373">
    <ele>1838.68</ele>
   </trkpt>
   <trkpt lat="46.88763" lon="11.123800000000001">
    <ele>1832.47</ele>
   </trkpt>
   <trkpt lat="46.88775000300513" lon="11.124629998183039">
    <ele>1825.8</ele>
   </trkpt>
   <trkpt lat="46.88787000000001" lon="11.12546">
    <ele>1820.54</ele>
   </trkpt>
   <trkpt lat="46.88779" lon="11.1263">
    <ele>1818.2900000000002</ele>
   </trkpt>
   <trkpt lat="46.887800000000006" lon="11.12639">
    <ele>1817.83</ele>
   </trkpt>
   <trkpt lat="46.88785000000001" lon="11.126520000000001">
    <ele>1817.5800000000002</ele>
   </trkpt>
   <trkpt lat="46.887950000000004" lon="11.12662">
    <ele>1817.4800000000002</ele>
   </trkpt>
   <trkpt lat="46.88819" lon="11.12676">
    <ele>1817.23</ele>
   </trkpt>
   <trkpt lat="46.88866000048307" lon="11.127024997777925">
    <ele>1816.3500000000001</ele>
   </trkpt>
   <trkpt lat="46.88913" lon="11.12729">
    <ele>1815.3600000000001</ele>
   </trkpt>
   <trkpt lat="46.889250000000004" lon="11.127300000000002">
    <ele>1815.3600000000001</ele>
   </trkpt>
   <trkpt lat="46.88978" lon="11.127160000000002">
    <ele>1814.0</ele>
   </trkpt>
   <trkpt lat="46.889950000000006" lon="11.12714">
    <ele>1814.0</ele>
   </trkpt>
   <trkpt lat="46.890510000000006" lon="11.1272">
    <ele>1811.15</ele>
   </trkpt>
   <trkpt lat="46.89097999995021" lon="11.12727999928573">
    <ele>1808.6000000000001</ele>
   </trkpt>
   <trkpt lat="46.891450000000006" lon="11.127360000000001">
    <ele>1804.55</ele>
   </trkpt>
   <trkpt lat="46.89153" lon="11.12738">
    <ele>1803.4</ele>
   </trkpt>
   <trkpt lat="46.892070000000004" lon="11.1278">
    <ele>1797.74</ele>
   </trkpt>
   <trkpt lat="46.892410000000005" lon="11.127970000000001">
    <ele>1793.8200000000002</ele>
   </trkpt>
   <trkpt lat="46.89291" lon="11.12817">
    <ele>1788.3500000000001</ele>
   </trkpt>
   <trkpt lat="46.89318" lon="11.128240000000002">
    <ele>1786.7400000000002</ele>
   </trkpt>
   <trkpt lat="46.893820000000005" lon="11.12832">
    <ele>1781.19</ele>
   </trkpt>
   <trkpt lat="46.894350000292" lon="11.128409999154119">
    <ele>1777.8200000000002</ele>
   </trkpt>
   <trkpt lat="46.89488" lon="11.1285">
    <ele>1772.42</ele>
   </trkpt>
   <trkpt lat="46.89513" lon="11.12859">
    <ele>1770.0000000000002</ele>
   </trkpt>
   <trkpt lat="46.895540000068785" lon="11.128864997722715">
    <ele>1767.0</ele>
   </trkpt>
   <trkpt lat="46.895950000000006" lon="11.129140000000001">
    <ele>1762.73</ele>
   </trkpt>
   <trkpt lat="46.89634" lon="11.129340000000001">
    <ele>1760.4</ele>
   </trkpt>
   <trkpt lat="46.89641" lon="11.129510000000002">
    <ele>1759.03</ele>
   </trkpt>
   <trkpt lat="46.89636" lon="11.129900000000001">
    <ele>1758.38</ele>
   </trkpt>
   <trkpt lat="46.89631000000001" lon="11.13">
    <ele>1758.38</ele>
   </trkpt>
   <trkpt lat="46.896260000000005" lon="11.13002">
    <ele>1758.38</ele>
   </trkpt>
   <trkpt lat="46.8962" lon="11.13002">
    <ele>1754.6800000000003</ele>
   </trkpt>
   <trkpt lat="46.8956" lon="11.129740000000002">
    <ele>1749.5600000000002</ele>
   </trkpt>
   <trkpt lat="46.895500000000006" lon="11.12973">
    <ele>1749.5600000000002</ele>
   </trkpt>
   <trkpt lat="46.89471" lon="11.13005">
    <ele>1745.7900000000002</ele>
   </trkpt>
   <trkpt lat="46.89426000032993" lon="11.13040500315147">
    <ele>1742.64</ele>
   </trkpt>
   <trkpt lat="46.89381" lon="11.13076">
    <ele>1740.6800000000003</ele>
   </trkpt>
   <trkpt lat="46.893600000000006" lon="11.13091">
    <ele>1739.0900000000001</ele>
   </trkpt>
   <trkpt lat="46.8935" lon="11.13094">
    <ele>1739.0900000000001</ele>
   </trkpt>
   <trkpt lat="46.893030000140556" lon="11.130945000042324">
    <ele>1736.88</ele>
   </trkpt>
   <trkpt lat="46.89256" lon="11.13095">
    <ele>1734.8400000000001</ele>
   </trkpt>
   <trkpt lat="46.892030000000005" lon="11.131010000000002">
    <ele>1733.0700000000002</ele>
   </trkpt>
   <trkpt lat="46.89190000000001" lon="11.13099">
    <ele>1733.0700000000002</ele>
   </trkpt>
   <trkpt lat="46.89141" lon="11.130830000000001">
    <ele>1729.3600000000001</ele>
   </trkpt>
   <trkpt lat="46.891040000000004" lon="11.130740000000001">
    <ele>1728.6800000000003</ele>
   </trkpt>
   <trkpt lat="46.89088" lon="11.1308">
    <ele>1728.23</ele>
   </trkpt>
   <trkpt lat="46.890730000000005" lon="11.130980000000001">
    <ele>1727.8700000000001</ele>
   </trkpt>
   <trkpt lat="46.890350000000005" lon="11.13169">
    <ele>1725.39</ele>
   </trkpt>
   <trkpt lat="46.890260000000005" lon="11.132050000000001">
    <ele>1725.15</ele>
   </trkpt>
   <trkpt lat="46.890260000000005" lon="11.132370000000002">
    <ele>1724.9800000000002</ele>
   </trkpt>
   <trkpt lat="46.89031000000001" lon="11.13264">
    <ele>1724.73</ele>
   </trkpt>
   <trkpt lat="46.89047" lon="11.13324">
    <ele>1724.6200000000001</ele>
   </trkpt>
   <trkpt lat="46.890640000000005" lon="11.13372">
    <ele>1724.4800000000002</ele>
   </trkpt>
   <trkpt lat="46.89079" lon="11.134">
    <ele>1724.4800000000002</ele>
   </trkpt>
   <trkpt lat="46.890890000000006" lon="11.13414">
    <ele>1724.29</ele>
   </trkpt>
   <trkpt lat="46.89114000000001" lon="11.13432">
    <ele>1724.0900000000001</ele>
   </trkpt>
   <trkpt lat="46.891220000000004" lon="11.134440000000001">
    <ele>1724.0900000000001</ele>
   </trkpt>
   <trkpt lat="46.89124" lon="11.13471">
    <ele>1723.74</ele>
   </trkpt>
   <trkpt lat="46.89121" lon="11.1348">
    <ele>1723.6200000000001</ele>
   </trkpt>
   <trkpt lat="46.89061" lon="11.135340000000001">
    <ele>1723.1900000000003</ele>
   </trkpt>
   <trkpt lat="46.88998" lon="11.135580000000001">
    <ele>1723.0100000000002</ele>
   </trkpt>
   <trkpt lat="46.889720000000004" lon="11.135720000000001">
    <ele>1722.9500000000003</ele>
   </trkpt>
   <trkpt lat="46.88962" lon="11.135850000000001">
    <ele>1722.94</ele>
   </trkpt>
   <trkpt lat="46.88949" lon="11.136080000000002">
    <ele>1722.7200000000003</ele>
   </trkpt>
   <trkpt lat="46.889140000000005" lon="11.13705">
    <ele>1721.99</ele>
   </trkpt>
   <trkpt lat="46.888980000000004" lon="11.137340000000002">
    <ele>1721.8500000000001</ele>
   </trkpt>
   <trkpt lat="46.88886" lon="11.13747">
    <ele>1721.4</ele>
   </trkpt>
   <trkpt lat="46.888345000701854" lon="11.137855003654279">
    <ele>1720.8100000000002</ele>
   </trkpt>
   <trkpt lat="46.88783" lon="11.138240000000001">
    <ele>1719.99</ele>
   </trkpt>
   <trkpt lat="46.8871900007769" lon="11.138533340320336">
    <ele>1719.13</ele>
   </trkpt>
   <trkpt lat="46.886550000804505" lon="11.138826673640905">
    <ele>1718.23</ele>
   </trkpt>
   <trkpt lat="46.88591" lon="11.13912">
    <ele>1717.38</ele>
   </trkpt>
   <trkpt lat="46.885690000000004" lon="11.13926">
    <ele>1717.38</ele>
   </trkpt>
   <trkpt lat="46.88562" lon="11.13934">
    <ele>1716.9200000000003</ele>
   </trkpt>
   <trkpt lat="46.88528500127962" lon="11.139885003425547">
    <ele>1716.43</ele>
   </trkpt>
   <trkpt lat="46.88495" lon="11.14043">
    <ele>1715.1000000000001</ele>
   </trkpt>
   <trkpt lat="46.884530000000005" lon="11.141290000000001">
    <ele>1712.49</ele>
   </trkpt>
   <trkpt lat="46.88447" lon="11.14156">
    <ele>1712.49</ele>
   </trkpt>
   <trkpt lat="46.88447" lon="11.1417">
    <ele>1711.3400000000001</ele>
   </trkpt>
   <trkpt lat="46.88449000000001" lon="11.141810000000001">
    <ele>1711.3400000000001</ele>
   </trkpt>
   <trkpt lat="46.88474500271472" lon="11.142599996236884">
    <ele>1709.89</ele>
   </trkpt>
   <trkpt lat="46.885000000000005" lon="11.14339">
    <ele>1708.0000000000002</ele>
   </trkpt>
   <trkpt lat="46.88499" lon="11.143490000000002">
    <ele>1707.0500000000002</ele>
   </trkpt>
   <trkpt lat="46.88488" lon="11.143870000000001">
    <ele>1707.0500000000002</ele>
   </trkpt>
   <trkpt lat="46.88476000000001" lon="11.14408">
    <ele>1705.98</ele>
   </trkpt>
   <trkpt lat="46.88434500085163" lon="11.144550003760623">
    <ele>1704.4800000000002</ele>
   </trkpt>
   <trkpt lat="46.88393000000001" lon="11.14502">
    <ele>1702.3000000000002</ele>
   </trkpt>
   <trkpt lat="46.883860000000006" lon="11.145150000000001">
    <ele>1702.3000000000002</ele>
   </trkpt>
   <trkpt lat="46.883810000000004" lon="11.145290000000001">
    <ele>1701.75</ele>
   </trkpt>
   <trkpt lat="46.88356" lon="11.14643">
    <ele>1700.4</ele>
   </trkpt>
   <trkpt lat="46.88346000000001" lon="11.14657">
    <ele>1699.2500000000002</ele>
   </trkpt>
   <trkpt lat="46.88306" lon="11.146780000000001">
    <ele>1698.39</ele>
   </trkpt>
   <trkpt lat="46.88295" lon="11.146870000000002">
    <ele>1698.39</ele>
   </trkpt>
   <trkpt lat="46.882690000000004" lon="11.14719">
    <ele>1697.0800000000002</ele>
   </trkpt>
   <trkpt lat="46.88253" lon="11.14746">
    <ele>1696.5</ele>
   </trkpt>
   <trkpt lat="46.88242" lon="11.148060000000001">
    <ele>1694.76</ele>
   </trkpt>
   <trkpt lat="46.8823" lon="11.1484">
    <ele>1694.76</ele>
   </trkpt>
   <trkpt lat="46.8823" lon="11.1492">
    <ele>1693.18</ele>
   </trkpt>
   <trkpt lat="46.88212" lon="11.14986">
    <ele>1692.0000000000002</ele>
   </trkpt>
   <trkpt lat="46.8821" lon="11.15005">
    <ele>1690.7800000000002</ele>
   </trkpt>
   <trkpt lat="46.8821" lon="11.15042">
    <ele>1690.4800000000002</ele>
   </trkpt>
   <trkpt lat="46.88205000000001" lon="11.15057">
    <ele>1690.23</ele>
   </trkpt>
   <trkpt lat="46.88196000000001" lon="11.15066">
    <ele>1689.95</ele>
   </trkpt>
   <trkpt lat="46.8817" lon="11.150720000000002">
    <ele>1689.5200000000002</ele>
   </trkpt>
   <trkpt lat="46.88154" lon="11.15079">
    <ele>1689.5200000000002</ele>
   </trkpt>
   <trkpt lat="46.8808" lon="11.15122">
    <ele>1688.59</ele>
   </trkpt>
   <trkpt lat="46.88033" lon="11.151380000000001">
    <ele>1688.88</ele>
   </trkpt>
   <trkpt lat="46.880190000000006" lon="11.15146">
    <ele>1688.88</ele>
   </trkpt>
   <trkpt lat="46.879850000000005" lon="11.152040000000001">
    <ele>1688.2</ele>
   </trkpt>
   <trkpt lat="46.8798" lon="11.1521">
    <ele>1688.2</ele>
   </trkpt>
   <trkpt lat="46.87971" lon="11.15216">
    <ele>1688.0600000000002</ele>
   </trkpt>
   <trkpt lat="46.879090000000005" lon="11.152230000000001">
    <ele>1687.17</ele>
   </trkpt>
   <trkpt lat="46.87901" lon="11.152270000000001">
    <ele>1687.0500000000002</ele>
   </trkpt>
   <trkpt lat="46.878890000000006" lon="11.15238">
    <ele>1686.43</ele>
   </trkpt>
   <trkpt lat="46.878780000000006" lon="11.15257">
    <ele>1686.14</ele>
   </trkpt>
   <trkpt lat="46.87855500426399" lon="11.15355500395673">
    <ele>1684.93</ele>
   </trkpt>
   <trkpt lat="46.878330000000005" lon="11.15454">
    <ele>1683.93</ele>
   </trkpt>
   <trkpt lat="46.878330000000005" lon="11.15469">
    <ele>1683.42</ele>
   </trkpt>
   <trkpt lat="46.87848" lon="11.15534">
    <ele>1683.19</ele>
   </trkpt>
   <trkpt lat="46.878490000000006" lon="11.155470000000001">
    <ele>1683.24</ele>
   </trkpt>
   <trkpt lat="46.87847000000001" lon="11.15558">
    <ele>1683.25</ele>
   </trkpt>
   <trkpt lat="46.878370000000004" lon="11.156030000000001">
    <ele>1682.2</ele>
   </trkpt>
   <trkpt lat="46.87823" lon="11.15639">
    <ele>1680.9</ele>
   </trkpt>
   <trkpt lat="46.878040000000006" lon="11.15676">
    <ele>1680.3100000000002</ele>
   </trkpt>
   <trkpt lat="46.87785" lon="11.15718">
    <ele>1679.3500000000001</ele>
   </trkpt>
   <trkpt lat="46.877810000000004" lon="11.1575">
    <ele>1679.0900000000001</ele>
   </trkpt>
   <trkpt lat="46.877860000000005" lon="11.15773">
    <ele>1678.7900000000002</ele>
   </trkpt>
   <trkpt lat="46.87825000429649" lon="11.158429989877472">
    <ele>1676.9900000000002</ele>
   </trkpt>
   <trkpt lat="46.87864000432618" lon="11.159129989930625">
    <ele>1674.93</ele>
   </trkpt>
   <trkpt lat="46.87903000000001" lon="11.159830000000001">
    <ele>1673.4</ele>
   </trkpt>
   <trkpt lat="46.879360000000005" lon="11.160770000000001">
    <ele>1671.27</ele>
   </trkpt>
   <trkpt lat="46.879720000000006" lon="11.16144">
    <ele>1670.4500000000003</ele>
   </trkpt>
   <trkpt lat="46.879780000000004" lon="11.16159">
    <ele>1670.38</ele>
   </trkpt>
   <trkpt lat="46.879940000000005" lon="11.162260000000002">
    <ele>1670.7</ele>
   </trkpt>
   <trkpt lat="46.880300000000005" lon="11.16342">
    <ele>1671.3600000000001</ele>
   </trkpt>
   <trkpt lat="46.88044000000001" lon="11.163770000000001">
    <ele>1670.68</ele>
   </trkpt>
   <trkpt lat="46.88045" lon="11.16385">
    <ele>1670.68</ele>
   </trkpt>
   <trkpt lat="46.88045" lon="11.16394">
    <ele>1670.3500000000001</ele>
   </trkpt>
   <trkpt lat="46.88042" lon="11.164060000000001">
    <ele>1670.3500000000001</ele>
   </trkpt>
   <trkpt lat="46.88036" lon="11.16416">
    <ele>1670.1100000000001</ele>
   </trkpt>
   <trkpt lat="46.88031" lon="11.16421">
    <ele>1670.0100000000002</ele>
   </trkpt>
   <trkpt lat="46.88024" lon="11.16422">
    <ele>1669.94</ele>
   </trkpt>
   <trkpt lat="46.88015" lon="11.16421">
    <ele>1669.91</ele>
   </trkpt>
   <trkpt lat="46.879470000000005" lon="11.16393">
    <ele>1669.79</ele>
   </trkpt>
   <trkpt lat="46.879340000000006" lon="11.1638">
    <ele>1669.71</ele>
   </trkpt>
   <trkpt lat="46.879090000000005" lon="11.163340000000002">
    <ele>1669.4700000000003</ele>
   </trkpt>
   <trkpt lat="46.87899" lon="11.16319">
    <ele>1669.2000000000003</ele>
   </trkpt>
   <trkpt lat="46.878840000000004" lon="11.163060000000002">
    <ele>1669.0900000000001</ele>
   </trkpt>
   <trkpt lat="46.87811000000001" lon="11.162730000000002">
    <ele>1668.5500000000002</ele>
   </trkpt>
   <trkpt lat="46.877770000000005" lon="11.16261">
    <ele>1667.97</ele>
   </trkpt>
   <trkpt lat="46.87751" lon="11.162600000000001">
    <ele>1667.7700000000002</ele>
   </trkpt>
   <trkpt lat="46.87682" lon="11.16263">
    <ele>1665.2300000000002</ele>
   </trkpt>
   <trkpt lat="46.876289999890076" lon="11.162670000403894">
    <ele>1660.8</ele>
   </trkpt>
   <trkpt lat="46.87576000000001" lon="11.16271">
    <ele>1655.94</ele>
   </trkpt>
   <trkpt lat="46.87498499997949" lon="11.162594998327597">
    <ele>1649.01</ele>
   </trkpt>
   <trkpt lat="46.874210000000005" lon="11.16248">
    <ele>1641.64</ele>
   </trkpt>
   <trkpt lat="46.87416" lon="11.162500000000001">
    <ele>1641.64</ele>
   </trkpt>
   <trkpt lat="46.874010000000006" lon="11.162680000000002">
    <ele>1639.75</ele>
   </trkpt>
   <trkpt lat="46.873940000000005" lon="11.16271">
    <ele>1638.97</ele>
   </trkpt>
   <trkpt lat="46.87386" lon="11.16272">
    <ele>1638.97</ele>
   </trkpt>
   <trkpt lat="46.87371" lon="11.16266">
    <ele>1636.4900000000002</ele>
   </trkpt>
   <trkpt lat="46.87357" lon="11.162540000000002">
    <ele>1636.4900000000002</ele>
   </trkpt>
   <trkpt lat="46.873310000000004" lon="11.162230000000001">
    <ele>1632.39</ele>
   </trkpt>
   <trkpt lat="46.873180000000005" lon="11.16219">
    <ele>1632.39</ele>
   </trkpt>
   <trkpt lat="46.87286" lon="11.162210000000002">
    <ele>1628.88</ele>
   </trkpt>
   <trkpt lat="46.872350000000004" lon="11.162070000000002">
    <ele>1624.1100000000001</ele>
   </trkpt>
   <trkpt lat="46.872240000000005" lon="11.162070000000002">
    <ele>1623.28</ele>
   </trkpt>
   <trkpt lat="46.871930000000006" lon="11.162180000000001">
    <ele>1619.94</ele>
   </trkpt>
   <trkpt lat="46.87172" lon="11.162130000000001">
    <ele>1618.1200000000001</ele>
   </trkpt>
   <trkpt lat="46.87158" lon="11.16206">
    <ele>1616.0200000000002</ele>
   </trkpt>
   <trkpt lat="46.871460000000006" lon="11.161930000000002">
    <ele>1613.79</ele>
   </trkpt>
   <trkpt lat="46.87131" lon="11.161480000000001">
    <ele>1612.2</ele>
   </trkpt>
   <trkpt lat="46.871230000000004" lon="11.161340000000001">
    <ele>1610.7600000000002</ele>
   </trkpt>
   <trkpt lat="46.87111" lon="11.161280000000001">
    <ele>1609.04</ele>
   </trkpt>
   <trkpt lat="46.870990000000006" lon="11.161290000000001">
    <ele>1608.3200000000002</ele>
   </trkpt>
   <trkpt lat="46.87086" lon="11.16126">
    <ele>1607.5300000000002</ele>
   </trkpt>
   <trkpt lat="46.8708" lon="11.16121">
    <ele>1607.5300000000002</ele>
   </trkpt>
   <trkpt lat="46.870610000000006" lon="11.160990000000002">
    <ele>1604.23</ele>
   </trkpt>
   <trkpt lat="46.87044" lon="11.16069">
    <ele>1602.88</ele>
   </trkpt>
   <trkpt lat="46.870340000000006" lon="11.160580000000001">
    <ele>1602.0400000000002</ele>
   </trkpt>
   <trkpt lat="46.86979" lon="11.160430000000002">
    <ele>1597.41</ele>
   </trkpt>
   <trkpt lat="46.86961" lon="11.160350000000001">
    <ele>1595.5</ele>
   </trkpt>
   <trkpt lat="46.869510000000005" lon="11.16027">
    <ele>1594.81</ele>
   </trkpt>
   <trkpt lat="46.869420000000005" lon="11.160110000000001">
    <ele>1593.28</ele>
   </trkpt>
   <trkpt lat="46.869310000000006" lon="11.159780000000001">
    <ele>1591.97</ele>
   </trkpt>
   <trkpt lat="46.86923" lon="11.15961">
    <ele>1591.43</ele>
   </trkpt>
   <trkpt lat="46.86894" lon="11.15911">
    <ele>1586.81</ele>
   </trkpt>
   <trkpt lat="46.86887" lon="11.15891">
    <ele>1585.9800000000002</ele>
   </trkpt>
   <trkpt lat="46.86880000000001" lon="11.15878">
    <ele>1585.17</ele>
   </trkpt>
   <trkpt lat="46.868730000000006" lon="11.158700000000001">
    <ele>1584.0</ele>
   </trkpt>
   <trkpt lat="46.868660000000006" lon="11.158650000000002">
    <ele>1584.0</ele>
   </trkpt>
   <trkpt lat="46.86856" lon="11.15862">
    <ele>1582.91</ele>
   </trkpt>
   <trkpt lat="46.86845" lon="11.158650000000002">
    <ele>1582.91</ele>
   </trkpt>
   <trkpt lat="46.86815000000001" lon="11.15883">
    <ele>1581.42</ele>
   </trkpt>
   <trkpt lat="46.867450000000005" lon="11.15915">
    <ele>1590.7000000000003</ele>
   </trkpt>
   <trkpt lat="46.86728" lon="11.159220000000001">
    <ele>1586.24</ele>
   </trkpt>
   <trkpt lat="46.86672" lon="11.159400000000002">
    <ele>1570.0900000000001</ele>
   </trkpt>
   <trkpt lat="46.86659" lon="11.15942">
    <ele>1567.63</ele>
   </trkpt>
   <trkpt lat="46.866460000000004" lon="11.159400000000002">
    <ele>1564.15</ele>
   </trkpt>
   <trkpt lat="46.866200000000006" lon="11.159310000000001">
    <ele>1563.52</ele>
   </trkpt>
   <trkpt lat="46.86591000000001" lon="11.15925">
    <ele>1562.0200000000002</ele>
   </trkpt>
   <trkpt lat="46.865730000000006" lon="11.15925">
    <ele>1561.1000000000001</ele>
   </trkpt>
   <trkpt lat="46.86549" lon="11.15933">
    <ele>1558.5600000000002</ele>
   </trkpt>
   <trkpt lat="46.865260000000006" lon="11.15958">
    <ele>1556.81</ele>
   </trkpt>
   <trkpt lat="46.8652" lon="11.15961">
    <ele>1555.98</ele>
   </trkpt>
   <trkpt lat="46.865140000000004" lon="11.15961">
    <ele>1555.98</ele>
   </trkpt>
   <trkpt lat="46.86502" lon="11.15952">
    <ele>1554.25</ele>
   </trkpt>
   <trkpt lat="46.86468000000001" lon="11.159120000000001">
    <ele>1550.88</ele>
   </trkpt>
   <trkpt lat="46.8646" lon="11.15906">
    <ele>1550.31</ele>
   </trkpt>
   <trkpt lat="46.86453" lon="11.159030000000001">
    <ele>1549.6900000000003</ele>
   </trkpt>
   <trkpt lat="46.864340000000006" lon="11.159040000000001">
    <ele>1548.63</ele>
   </trkpt>
   <trkpt lat="46.864000000000004" lon="11.15887">
    <ele>1549.0700000000002</ele>
   </trkpt>
   <trkpt lat="46.8639" lon="11.15886">
    <ele>1547.89</ele>
   </trkpt>
   <trkpt lat="46.863170000000004" lon="11.158990000000001">
    <ele>1541.41</ele>
   </trkpt>
   <trkpt lat="46.8631" lon="11.158980000000001">
    <ele>1541.41</ele>
   </trkpt>
   <trkpt lat="46.86299" lon="11.15892">
    <ele>1541.3600000000001</ele>
   </trkpt>
   <trkpt lat="46.86249" lon="11.15835">
    <ele>1536.46</ele>
   </trkpt>
   <trkpt lat="46.862350000000006" lon="11.15825">
    <ele>1535.8400000000001</ele>
   </trkpt>
   <trkpt lat="46.86147333346401" lon="11.158393338022089">
    <ele>1529.2800000000002</ele>
   </trkpt>
   <trkpt lat="46.86059666674909" lon="11.158536671363208">
    <ele>1523.0100000000002</ele>
   </trkpt>
   <trkpt lat="46.85972" lon="11.15868">
    <ele>1516.2900000000002</ele>
   </trkpt>
   <trkpt lat="46.859660000000005" lon="11.15868">
    <ele>1515.53</ele>
   </trkpt>
   <trkpt lat="46.85962000000001" lon="11.158650000000002">
    <ele>1515.53</ele>
   </trkpt>
   <trkpt lat="46.85958" lon="11.15854">
    <ele>1514.8300000000002</ele>
   </trkpt>
   <trkpt lat="46.85961" lon="11.15822">
    <ele>1513.36</ele>
   </trkpt>
   <trkpt lat="46.859550000000006" lon="11.157620000000001">
    <ele>1509.54</ele>
   </trkpt>
   <trkpt lat="46.8596" lon="11.1574">
    <ele>1508.75</ele>
   </trkpt>
   <trkpt lat="46.859700000000004" lon="11.15726">
    <ele>1507.43</ele>
   </trkpt>
   <trkpt lat="46.85978" lon="11.15718">
    <ele>1507.43</ele>
   </trkpt>
   <trkpt lat="46.859790000000004" lon="11.157110000000001">
    <ele>1504.9800000000002</ele>
   </trkpt>
   <trkpt lat="46.85978" lon="11.15703">
    <ele>1504.9800000000002</ele>
   </trkpt>
   <trkpt lat="46.859750000000005" lon="11.15698">
    <ele>1504.9800000000002</ele>
   </trkpt>
   <trkpt lat="46.85969" lon="11.156960000000002">
    <ele>1504.9800000000002</ele>
   </trkpt>
   <trkpt lat="46.85963" lon="11.157">
    <ele>1502.14</ele>
   </trkpt>
   <trkpt lat="46.85943" lon="11.15761">
    <ele>1498.97</ele>
   </trkpt>
   <trkpt lat="46.859410000000004" lon="11.15779">
    <ele>1498.01</ele>
   </trkpt>
   <trkpt lat="46.85942000000001" lon="11.158000000000001">
    <ele>1495.51</ele>
   </trkpt>
   <trkpt lat="46.85947" lon="11.15834">
    <ele>1493.5600000000002</ele>
   </trkpt>
   <trkpt lat="46.85945" lon="11.158460000000002">
    <ele>1493.5600000000002</ele>
   </trkpt>
   <trkpt lat="46.859390000000005" lon="11.15864">
    <ele>1488.8500000000001</ele>
   </trkpt>
   <trkpt lat="46.859350000000006" lon="11.158990000000001">
    <ele>1488.8500000000001</ele>
   </trkpt>
   <trkpt lat="46.85925" lon="11.159210000000002">
    <ele>1486.52</ele>
   </trkpt>
   <trkpt lat="46.85886000000001" lon="11.160340000000001">
    <ele>1477.8300000000002</ele>
   </trkpt>
   <trkpt lat="46.858650000000004" lon="11.160900000000002">
    <ele>1475.78</ele>
   </trkpt>
   <trkpt lat="46.85855" lon="11.16121">
    <ele>1475.2800000000002</ele>
   </trkpt>
   <trkpt lat="46.85851" lon="11.16154">
    <ele>1471.38</ele>
   </trkpt>
   <trkpt lat="46.85846" lon="11.16163">
    <ele>1471.38</ele>
   </trkpt>
   <trkpt lat="46.85835" lon="11.16172">
    <ele>1468.72</ele>
   </trkpt>
   <trkpt lat="46.85824" lon="11.161750000000001">
    <ele>1468.72</ele>
   </trkpt>
   <trkpt lat="46.858140000000006" lon="11.161750000000001">
    <ele>1468.72</ele>
   </trkpt>
   <trkpt lat="46.85793" lon="11.161700000000002">
    <ele>1466.4800000000002</ele>
   </trkpt>
   <trkpt lat="46.85783000000001" lon="11.16169">
    <ele>1464.7700000000002</ele>
   </trkpt>
   <trkpt lat="46.857730000000004" lon="11.161700000000002">
    <ele>1463.54</ele>
   </trkpt>
   <trkpt lat="46.857620000000004" lon="11.16177">
    <ele>1463.54</ele>
   </trkpt>
   <trkpt lat="46.857290000000006" lon="11.16215">
    <ele>1460.44</ele>
   </trkpt>
   <trkpt lat="46.85721" lon="11.162170000000001">
    <ele>1457.5300000000002</ele>
   </trkpt>
   <trkpt lat="46.857110000000006" lon="11.162170000000001">
    <ele>1457.5300000000002</ele>
   </trkpt>
   <trkpt lat="46.857020000000006" lon="11.162130000000001">
    <ele>1455.93</ele>
   </trkpt>
   <trkpt lat="46.85671000000001" lon="11.161880000000002">
    <ele>1452.91</ele>
   </trkpt>
   <trkpt lat="46.85638" lon="11.16173">
    <ele>1450.5700000000002</ele>
   </trkpt>
   <trkpt lat="46.856120000000004" lon="11.161460000000002">
    <ele>1447.5200000000002</ele>
   </trkpt>
   <trkpt lat="46.85551" lon="11.160670000000001">
    <ele>1438.3700000000001</ele>
   </trkpt>
   <trkpt lat="46.85544" lon="11.160620000000002">
    <ele>1437.8600000000001</ele>
   </trkpt>
   <trkpt lat="46.85513" lon="11.16056">
    <ele>1436.35</ele>
   </trkpt>
   <trkpt lat="46.854980000000005" lon="11.1606">
    <ele>1435.91</ele>
   </trkpt>
   <trkpt lat="46.85459" lon="11.16083">
    <ele>1431.92</ele>
   </trkpt>
   <trkpt lat="46.85448" lon="11.16093">
    <ele>1429.45</ele>
   </trkpt>
   <trkpt lat="46.854240000000004" lon="11.1613">
    <ele>1426.16</ele>
   </trkpt>
   <trkpt lat="46.85407000000001" lon="11.16149">
    <ele>1424.38</ele>
   </trkpt>
   <trkpt lat="46.85346000027928" lon="11.161780003335313">
    <ele>1417.63</ele>
   </trkpt>
   <trkpt lat="46.852850000000004" lon="11.162070000000002">
    <ele>1413.0500000000002</ele>
   </trkpt>
   <trkpt lat="46.85257000000001" lon="11.16233">
    <ele>1411.85</ele>
   </trkpt>
   <trkpt lat="46.85217" lon="11.162600000000001">
    <ele>1408.16</ele>
   </trkpt>
   <trkpt lat="46.85188" lon="11.16294">
    <ele>1404.5</ele>
   </trkpt>
   <trkpt lat="46.851670000000006" lon="11.163100000000002">
    <ele>1403.0</ele>
   </trkpt>
   <trkpt lat="46.8513" lon="11.16328">
    <ele>1401.16</ele>
   </trkpt>
   <trkpt lat="46.850770000000004" lon="11.163630000000001">
    <ele>1396.15</ele>
   </trkpt>
   <trkpt lat="46.85058" lon="11.16365">
    <ele>1394.3600000000001</ele>
   </trkpt>
   <trkpt lat="46.85018" lon="11.163630000000001">
    <ele>1393.3600000000001</ele>
   </trkpt>
   <trkpt lat="46.850100000000005" lon="11.163670000000002">
    <ele>1393.3600000000001</ele>
   </trkpt>
   <trkpt lat="46.85004000000001" lon="11.163730000000001">
    <ele>1393.3600000000001</ele>
   </trkpt>
   <trkpt lat="46.84955" lon="11.164560000000002">
    <ele>1388.36</ele>
   </trkpt>
   <trkpt lat="46.849230000000006" lon="11.165030000000002">
    <ele>1387.0900000000001</ele>
   </trkpt>
   <trkpt lat="46.849160000000005" lon="11.16516">
    <ele>1386.5500000000002</ele>
   </trkpt>
   <trkpt lat="46.84906" lon="11.165460000000001">
    <ele>1385.2600000000002</ele>
   </trkpt>
   <trkpt lat="46.8489" lon="11.16576">
    <ele>1383.14</ele>
   </trkpt>
   <trkpt lat="46.84882" lon="11.165830000000001">
    <ele>1383.14</ele>
   </trkpt>
   <trkpt lat="46.848530000000004" lon="11.165920000000002">
    <ele>1381.21</ele>
   </trkpt>
   <trkpt lat="46.84836000000001" lon="11.16605">
    <ele>1379.46</ele>
   </trkpt>
   <trkpt lat="46.84816000000001" lon="11.16614">
    <ele>1378.46</ele>
   </trkpt>
   <trkpt lat="46.847910000000006" lon="11.166340000000002">
    <ele>1374.98</ele>
   </trkpt>
   <trkpt lat="46.84781" lon="11.166390000000002">
    <ele>1374.98</ele>
   </trkpt>
   <trkpt lat="46.84747" lon="11.166500000000001">
    <ele>1373.43</ele>
   </trkpt>
   <trkpt lat="46.847260000000006" lon="11.166620000000002">
    <ele>1371.2900000000002</ele>
   </trkpt>
   <trkpt lat="46.846990000000005" lon="11.16684">
    <ele>1369.64</ele>
   </trkpt>
   <trkpt lat="46.84631" lon="11.16732">
    <ele>1363.94</ele>
   </trkpt>
   <trkpt lat="46.846070000000005" lon="11.16763">
    <ele>1361.96</ele>
   </trkpt>
   <trkpt lat="46.845890000000004" lon="11.16774">
    <ele>1361.31</ele>
   </trkpt>
   <trkpt lat="46.845800000000004" lon="11.167760000000001">
    <ele>1360.27</ele>
   </trkpt>
   <trkpt lat="46.84523" lon="11.16777">
    <ele>1358.0700000000002</ele>
   </trkpt>
   <trkpt lat="46.84496" lon="11.16783">
    <ele>1357.15</ele>
   </trkpt>
   <trkpt lat="46.84483" lon="11.167910000000001">
    <ele>1356.4900000000002</ele>
   </trkpt>
   <trkpt lat="46.84467" lon="11.16807">
    <ele>1356.4900000000002</ele>
   </trkpt>
   <trkpt lat="46.844480000000004" lon="11.168310000000002">
    <ele>1355.52</ele>
   </trkpt>
   <trkpt lat="46.84433000000001" lon="11.168450000000002">
    <ele>1355.39</ele>
   </trkpt>
   <trkpt lat="46.84413000000001" lon="11.168550000000002">
    <ele>1355.0000000000002</ele>
   </trkpt>
   <trkpt lat="46.843650000000004" lon="11.168700000000001">
    <ele>1350.84</ele>
   </trkpt>
   <trkpt lat="46.84344" lon="11.16887">
    <ele>1346.8500000000001</ele>
   </trkpt>
   <trkpt lat="46.84338" lon="11.168880000000001">
    <ele>1346.8500000000001</ele>
   </trkpt>
   <trkpt lat="46.84322" lon="11.168800000000001">
    <ele>1344.75</ele>
   </trkpt>
   <trkpt lat="46.843030000000006" lon="11.168640000000002">
    <ele>1341.28</ele>
   </trkpt>
   <trkpt lat="46.84292000000001" lon="11.168520000000001">
    <ele>1341.28</ele>
   </trkpt>
   <trkpt lat="46.842740000000006" lon="11.1682">
    <ele>1337.72</ele>
   </trkpt>
   <trkpt lat="46.84264" lon="11.16806">
    <ele>1336.1200000000001</ele>
   </trkpt>
   <trkpt lat="46.84246" lon="11.167840000000002">
    <ele>1331.17</ele>
   </trkpt>
   <trkpt lat="46.84234000000001" lon="11.167760000000001">
    <ele>1331.17</ele>
   </trkpt>
   <trkpt lat="46.84176" lon="11.16764">
    <ele>1324.71</ele>
   </trkpt>
   <trkpt lat="46.84127" lon="11.167570000000001">
    <ele>1320.94</ele>
   </trkpt>
   <trkpt lat="46.841100000000004" lon="11.1676">
    <ele>1318.75</ele>
   </trkpt>
   <trkpt lat="46.840610000000005" lon="11.167760000000001">
    <ele>1314.4300000000003</ele>
   </trkpt>
   <trkpt lat="46.84024" lon="11.16774">
    <ele>1309.35</ele>
   </trkpt>
   <trkpt lat="46.84017" lon="11.167760000000001">
    <ele>1307.26</ele>
   </trkpt>
   <trkpt lat="46.840090000000004" lon="11.167810000000001">
    <ele>1307.26</ele>
   </trkpt>
   <trkpt lat="46.839830000000006" lon="11.16815">
    <ele>1303.5100000000002</ele>
   </trkpt>
   <trkpt lat="46.839760000000005" lon="11.168190000000001">
    <ele>1303.5100000000002</ele>
   </trkpt>
   <trkpt lat="46.83957" lon="11.168230000000001">
    <ele>1300.04</ele>
   </trkpt>
   <trkpt lat="46.83926" lon="11.16848">
    <ele>1296.47</ele>
   </trkpt>
   <trkpt lat="46.839180000000006" lon="11.168510000000001">
    <ele>1295.02</ele>
   </trkpt>
   <trkpt lat="46.838930000000005" lon="11.16854">
    <ele>1293.19</ele>
   </trkpt>
   <trkpt lat="46.838840000000005" lon="11.168600000000001">
    <ele>1291.67</ele>
   </trkpt>
   <trkpt lat="46.838660000000004" lon="11.16863">
    <ele>1289.0100000000002</ele>
   </trkpt>
   <trkpt lat="46.83812" lon="11.16896">
    <ele>1284.38</ele>
   </trkpt>
   <trkpt lat="46.838060000000006" lon="11.16904">
    <ele>1281.39</ele>
   </trkpt>
   <trkpt lat="46.83802000000001" lon="11.16914">
    <ele>1281.39</ele>
   </trkpt>
   <trkpt lat="46.837950000000006" lon="11.1696">
    <ele>1279.02</ele>
   </trkpt>
   <trkpt lat="46.83791" lon="11.169730000000001">
    <ele>1276.61</ele>
   </trkpt>
   <trkpt lat="46.83784000000001" lon="11.169870000000001">
    <ele>1276.61</ele>
   </trkpt>
   <trkpt lat="46.83775000000001" lon="11.170000000000002">
    <ele>1273.67</ele>
   </trkpt>
   <trkpt lat="46.83766000000001" lon="11.170060000000001">
    <ele>1273.67</ele>
   </trkpt>
   <trkpt lat="46.83757000000001" lon="11.17008">
    <ele>1271.32</ele>
   </trkpt>
   <trkpt lat="46.83746000000001" lon="11.17007">
    <ele>1271.32</ele>
   </trkpt>
   <trkpt lat="46.83710000000001" lon="11.169920000000001">
    <ele>1267.3300000000002</ele>
   </trkpt>
   <trkpt lat="46.836940000000006" lon="11.1699">
    <ele>1264.0200000000002</ele>
   </trkpt>
   <trkpt lat="46.836760000000005" lon="11.17004">
    <ele>1261.6200000000001</ele>
   </trkpt>
   <trkpt lat="46.83661" lon="11.170100000000001">
    <ele>1258.52</ele>
   </trkpt>
   <trkpt lat="46.836090000000006" lon="11.16999">
    <ele>1251.66</ele>
   </trkpt>
   <trkpt lat="46.836000000000006" lon="11.16993">
    <ele>1251.66</ele>
   </trkpt>
   <trkpt lat="46.835930000000005" lon="11.16985">
    <ele>1250.5000000000002</ele>
   </trkpt>
   <trkpt lat="46.83576" lon="11.16956">
    <ele>1247.45</ele>
   </trkpt>
   <trkpt lat="46.83569000000001" lon="11.169490000000001">
    <ele>1246.6000000000001</ele>
   </trkpt>
   <trkpt lat="46.83561" lon="11.169440000000002">
    <ele>1245.8200000000002</ele>
   </trkpt>
   <trkpt lat="46.835300000000004" lon="11.169400000000001">
    <ele>1243.1100000000001</ele>
   </trkpt>
   <trkpt lat="46.83518" lon="11.16943">
    <ele>1242.2300000000002</ele>
   </trkpt>
   <trkpt lat="46.83475000000001" lon="11.169590000000001">
    <ele>1236.04</ele>
   </trkpt>
   <trkpt lat="46.83462" lon="11.16966">
    <ele>1236.04</ele>
   </trkpt>
   <trkpt lat="46.83446000000001" lon="11.169780000000001">
    <ele>1234.0600000000002</ele>
   </trkpt>
   <trkpt lat="46.83415" lon="11.170100000000001">
    <ele>1228.92</ele>
   </trkpt>
   <trkpt lat="46.833960000000005" lon="11.170480000000001">
    <ele>1226.25</ele>
   </trkpt>
   <trkpt lat="46.833890000000004" lon="11.17059">
    <ele>1225.3100000000002</ele>
   </trkpt>
   <trkpt lat="46.833800000000004" lon="11.17068">
    <ele>1224.9</ele>
   </trkpt>
   <trkpt lat="46.833400000000005" lon="11.170940000000002">
    <ele>1222.9800000000002</ele>
   </trkpt>
   <trkpt lat="46.833130000000004" lon="11.1712">
    <ele>1220.26</ele>
   </trkpt>
   <trkpt lat="46.833070000000006" lon="11.171190000000001">
    <ele>1220.26</ele>
   </trkpt>
   <trkpt lat="46.833040000000004" lon="11.171140000000001">
    <ele>1215.99</ele>
   </trkpt>
   <trkpt lat="46.83303" lon="11.171080000000002">
    <ele>1215.99</ele>
   </trkpt>
   <trkpt lat="46.833070000000006" lon="11.17098">
    <ele>1215.99</ele>
   </trkpt>
   <trkpt lat="46.833290000000005" lon="11.170860000000001">
    <ele>1212.9500000000003</ele>
   </trkpt>
   <trkpt lat="46.8335" lon="11.170710000000001">
    <ele>1212.9500000000003</ele>
   </trkpt>
   <trkpt lat="46.83363000000001" lon="11.170580000000001">
    <ele>1209.27</ele>
   </trkpt>
   <trkpt lat="46.83368" lon="11.1705">
    <ele>1209.27</ele>
   </trkpt>
   <trkpt lat="46.83373" lon="11.170390000000001">
    <ele>1206.73</ele>
   </trkpt>
   <trkpt lat="46.83386" lon="11.169880000000001">
    <ele>1203.87</ele>
   </trkpt>
   <trkpt lat="46.83404" lon="11.169440000000002">
    <ele>1198.97</ele>
   </trkpt>
   <trkpt lat="46.83411" lon="11.16932">
    <ele>1198.97</ele>
   </trkpt>
   <trkpt lat="46.8342" lon="11.16923">
    <ele>1197.5200000000002</ele>
   </trkpt>
   <trkpt lat="46.83465" lon="11.16887">
    <ele>1190.99</ele>
   </trkpt>
   <trkpt lat="46.83494" lon="11.168560000000001">
    <ele>1188.3300000000002</ele>
   </trkpt>
   <trkpt lat="46.835060000000006" lon="11.168510000000001">
    <ele>1186.69</ele>
   </trkpt>
   <trkpt lat="46.835370000000005" lon="11.16848">
    <ele>1184.2</ele>
   </trkpt>
   <trkpt lat="46.835860000000004" lon="11.16825">
    <ele>1180.8200000000002</ele>
   </trkpt>
   <trkpt lat="46.83614" lon="11.16825">
    <ele>1178.3300000000002</ele>
   </trkpt>
   <trkpt lat="46.836180000000006" lon="11.1682">
    <ele>1177.1299999999999</ele>
   </trkpt>
   <trkpt lat="46.83617" lon="11.168090000000001">
    <ele>1177.1299999999999</ele>
   </trkpt>
   <trkpt lat="46.8361" lon="11.16806">
    <ele>1177.1299999999999</ele>
   </trkpt>
   <trkpt lat="46.835950000000004" lon="11.16807">
    <ele>1173.64</ele>
   </trkpt>
   <trkpt lat="46.83545" lon="11.16821">
    <ele>1170.28</ele>
   </trkpt>
   <trkpt lat="46.835260000000005" lon="11.16821">
    <ele>1168.9</ele>
   </trkpt>
   <trkpt lat="46.83502000000001" lon="11.16812">
    <ele>1165.91</ele>
   </trkpt>
   <trkpt lat="46.83491" lon="11.168050000000001">
    <ele>1165.91</ele>
   </trkpt>
   <trkpt lat="46.834770000000006" lon="11.168000000000001">
    <ele>1160.68</ele>
   </trkpt>
   <trkpt lat="46.834680000000006" lon="11.168000000000001">
    <ele>1160.68</ele>
   </trkpt>
   <trkpt lat="46.834610000000005" lon="11.168040000000001">
    <ele>1160.68</ele>
   </trkpt>
   <trkpt lat="46.83437000000001" lon="11.16835">
    <ele>1158.8500000000001</ele>
   </trkpt>
   <trkpt lat="46.83426" lon="11.16844">
    <ele>1155.7</ele>
   </trkpt>
   <trkpt lat="46.83393" lon="11.168510000000001">
    <ele>1153.3200000000002</ele>
   </trkpt>
   <trkpt lat="46.833760000000005" lon="11.168640000000002">
    <ele>1151.0600000000002</ele>
   </trkpt>
   <trkpt lat="46.83361000000001" lon="11.16887">
    <ele>1149.3200000000002</ele>
   </trkpt>
   <trkpt lat="46.83335" lon="11.169120000000001">
    <ele>1146.3300000000002</ele>
   </trkpt>
   <trkpt lat="46.83314000000001" lon="11.169390000000002">
    <ele>1143.1</ele>
   </trkpt>
   <trkpt lat="46.833070000000006" lon="11.169450000000001">
    <ele>1143.1</ele>
   </trkpt>
   <trkpt lat="46.83288" lon="11.16951">
    <ele>1138.7200000000003</ele>
   </trkpt>
   <trkpt lat="46.83254" lon="11.16956">
    <ele>1138.7200000000003</ele>
   </trkpt>
   <trkpt lat="46.83229" lon="11.169780000000001">
    <ele>1133.91</ele>
   </trkpt>
   <trkpt lat="46.832060000000006" lon="11.17013">
    <ele>1129.61</ele>
   </trkpt>
   <trkpt lat="46.831920000000004" lon="11.170390000000001">
    <ele>1124.5500000000002</ele>
   </trkpt>
   <trkpt lat="46.83182" lon="11.17064">
    <ele>1124.5500000000002</ele>
   </trkpt>
   <trkpt lat="46.83171" lon="11.17078">
    <ele>1122.5</ele>
   </trkpt>
   <trkpt lat="46.831300000000006" lon="11.171100000000001">
    <ele>1117.0900000000001</ele>
   </trkpt>
   <trkpt lat="46.83115" lon="11.17116">
    <ele>1114.96</ele>
   </trkpt>
   <trkpt lat="46.830960000000005" lon="11.1712">
    <ele>1114.18</ele>
   </trkpt>
   <trkpt lat="46.830510000000004" lon="11.17111">
    <ele>1110.6299999999999</ele>
   </trkpt>
   <trkpt lat="46.830420000000004" lon="11.171140000000001">
    <ele>1109.66</ele>
   </trkpt>
   <trkpt lat="46.8303" lon="11.171220000000002">
    <ele>1109.66</ele>
   </trkpt>
   <trkpt lat="46.83024" lon="11.1712">
    <ele>1109.66</ele>
   </trkpt>
   <trkpt lat="46.830220000000004" lon="11.17112">
    <ele>1109.66</ele>
   </trkpt>
   <trkpt lat="46.83026" lon="11.171030000000002">
    <ele>1109.66</ele>
   </trkpt>
   <trkpt lat="46.83035" lon="11.17098">
    <ele>1101.17</ele>
   </trkpt>
   <trkpt lat="46.83072000000001" lon="11.170910000000001">
    <ele>1101.17</ele>
   </trkpt>
   <trkpt lat="46.83104" lon="11.170770000000001">
    <ele>1098.6299999999999</ele>
   </trkpt>
   <trkpt lat="46.8312" lon="11.17064">
    <ele>1094.8600000000001</ele>
   </trkpt>
   <trkpt lat="46.831450000000004" lon="11.170330000000002">
    <ele>1091.3700000000001</ele>
   </trkpt>
   <trkpt lat="46.83175000000001" lon="11.170000000000002">
    <ele>1087.1399999999999</ele>
   </trkpt>
   <trkpt lat="46.831860000000006" lon="11.16985">
    <ele>1086.0800000000002</ele>
   </trkpt>
   <trkpt lat="46.83203" lon="11.169540000000001">
    <ele>1081.46</ele>
   </trkpt>
   <trkpt lat="46.83214" lon="11.169410000000001">
    <ele>1081.46</ele>
   </trkpt>
   <trkpt lat="46.832420000000006" lon="11.169160000000002">
    <ele>1077.94</ele>
   </trkpt>
   <trkpt lat="46.83254" lon="11.169">
    <ele>1073.58</ele>
   </trkpt>
   <trkpt lat="46.832620000000006" lon="11.168830000000002">
    <ele>1073.58</ele>
   </trkpt>
   <trkpt lat="46.83288" lon="11.167800000000002">
    <ele>1068.7600000000002</ele>
   </trkpt>
   <trkpt lat="46.83297" lon="11.167280000000002">
    <ele>1067.43</ele>
   </trkpt>
   <trkpt lat="46.83301" lon="11.16716">
    <ele>1066.8200000000002</ele>
   </trkpt>
   <trkpt lat="46.83316000000001" lon="11.16689">
    <ele>1063.67</ele>
   </trkpt>
   <trkpt lat="46.83316000000001" lon="11.166830000000001">
    <ele>1063.67</ele>
   </trkpt>
   <trkpt lat="46.83314000000001" lon="11.166780000000001">
    <ele>1063.67</ele>
   </trkpt>
   <trkpt lat="46.8331" lon="11.166760000000002">
    <ele>1063.67</ele>
   </trkpt>
   <trkpt lat="46.833040000000004" lon="11.1668">
    <ele>1061.55</ele>
   </trkpt>
   <trkpt lat="46.83280500149526" lon="11.167390002631384">
    <ele>1053.68</ele>
   </trkpt>
   <trkpt lat="46.832570000000004" lon="11.167980000000002">
    <ele>1050.41</ele>
   </trkpt>
   <trkpt lat="46.83245" lon="11.168180000000001">
    <ele>1047.8899999999999</ele>
   </trkpt>
   <trkpt lat="46.83227" lon="11.168420000000001">
    <ele>1044.69</ele>
   </trkpt>
   <trkpt lat="46.83211000000001" lon="11.16853">
    <ele>1044.69</ele>
   </trkpt>
   <trkpt lat="46.83184000000001" lon="11.16858">
    <ele>1040.88</ele>
   </trkpt>
   <trkpt lat="46.83137000000001" lon="11.168640000000002">
    <ele>1037.7500000000002</ele>
   </trkpt>
   <trkpt lat="46.83124" lon="11.168690000000002">
    <ele>1037.18</ele>
   </trkpt>
   <trkpt lat="46.830980000000004" lon="11.16885">
    <ele>1034.04</ele>
   </trkpt>
   <trkpt lat="46.83066" lon="11.16899">
    <ele>1031.3400000000001</ele>
   </trkpt>
   <trkpt lat="46.830360000000006" lon="11.1691">
    <ele>1030.47</ele>
   </trkpt>
   <trkpt lat="46.830200000000005" lon="11.169250000000002">
    <ele>1028.74</ele>
   </trkpt>
   <trkpt lat="46.8301" lon="11.169490000000001">
    <ele>1025.6000000000001</ele>
   </trkpt>
   <trkpt lat="46.83003" lon="11.170240000000002">
    <ele>1019.3800000000001</ele>
   </trkpt>
   <trkpt lat="46.82997" lon="11.170390000000001">
    <ele>1019.3800000000001</ele>
   </trkpt>
   <trkpt lat="46.829730000000005" lon="11.17082">
    <ele>1016.0600000000002</ele>
   </trkpt>
   <trkpt lat="46.82925" lon="11.17163">
    <ele>1007.3199999999999</ele>
   </trkpt>
   <trkpt lat="46.829080000000005" lon="11.17181">
    <ele>1005.6500000000001</ele>
   </trkpt>
   <trkpt lat="46.828630000000004" lon="11.1722">
    <ele>1001.53</ele>
   </trkpt>
   <trkpt lat="46.82829" lon="11.17256">
    <ele>998.1900000000002</ele>
   </trkpt>
   <trkpt lat="46.828030000000005" lon="11.17279">
    <ele>996.89</ele>
   </trkpt>
   <trkpt lat="46.82791" lon="11.172960000000002">
    <ele>995.98</ele>
   </trkpt>
   <trkpt lat="46.82788" lon="11.17309">
    <ele>995.13</ele>
   </trkpt>
   <trkpt lat="46.827790003127966" lon="11.173935001238426">
    <ele>989.4100000000001</ele>
   </trkpt>
   <trkpt lat="46.82770000000001" lon="11.17478">
    <ele>985.04</ele>
   </trkpt>
   <trkpt lat="46.827700003146084" lon="11.175629999785878">
    <ele>980.2400000000001</ele>
   </trkpt>
   <trkpt lat="46.82770000000001" lon="11.176480000000002">
    <ele>978.07</ele>
   </trkpt>
   <trkpt lat="46.82764" lon="11.17661">
    <ele>976.6800000000001</ele>
   </trkpt>
   <trkpt lat="46.827540000000006" lon="11.176770000000001">
    <ele>976.6800000000001</ele>
   </trkpt>
   <trkpt lat="46.827400000000004" lon="11.177140000000001">
    <ele>974.0500000000001</ele>
   </trkpt>
   <trkpt lat="46.827290000000005" lon="11.177510000000002">
    <ele>972.86</ele>
   </trkpt>
   <trkpt lat="46.82719" lon="11.177940000000001">
    <ele>971.3100000000001</ele>
   </trkpt>
   <trkpt lat="46.827180000000006" lon="11.178420000000001">
    <ele>970.3100000000001</ele>
   </trkpt>
   <trkpt lat="46.82715" lon="11.17877">
    <ele>969.7700000000001</ele>
   </trkpt>
   <trkpt lat="46.82706" lon="11.179400000000001">
    <ele>969.4800000000001</ele>
   </trkpt>
   <trkpt lat="46.82706" lon="11.18055">
    <ele>966.95</ele>
   </trkpt>
   <trkpt lat="46.827020000000005" lon="11.181030000000002">
    <ele>965.7800000000001</ele>
   </trkpt>
   <trkpt lat="46.82683" lon="11.18199">
    <ele>960.5300000000001</ele>
   </trkpt>
   <trkpt lat="46.82676000000001" lon="11.182530000000002">
    <ele>955.3000000000001</ele>
   </trkpt>
   <trkpt lat="46.826690000000006" lon="11.18288">
    <ele>952.3800000000001</ele>
   </trkpt>
   <trkpt lat="46.826600000000006" lon="11.183190000000002">
    <ele>949.52</ele>
   </trkpt>
   <trkpt lat="46.82645" lon="11.18349">
    <ele>949.52</ele>
   </trkpt>
   <trkpt lat="46.82625" lon="11.18379">
    <ele>945.8400000000001</ele>
   </trkpt>
   <trkpt lat="46.826150000000005" lon="11.183990000000001">
    <ele>943.12</ele>
   </trkpt>
   <trkpt lat="46.82591" lon="11.18485">
    <ele>935.9600000000002</ele>
   </trkpt>
   <trkpt lat="46.82568000134257" lon="11.185420002617722">
    <ele>932.0100000000001</ele>
   </trkpt>
   <trkpt lat="46.825450000000004" lon="11.18599">
    <ele>929.1600000000001</ele>
   </trkpt>
   <trkpt lat="46.82509" lon="11.18717">
    <ele>918.3100000000001</ele>
   </trkpt>
   <trkpt lat="46.82501000659578" lon="11.188400001709025">
    <ele>911.57</ele>
   </trkpt>
   <trkpt lat="46.82493" lon="11.189630000000001">
    <ele>906.6500000000001</ele>
   </trkpt>
   <trkpt lat="46.82489" lon="11.18992">
    <ele>905.96</ele>
   </trkpt>
   <trkpt lat="46.8248" lon="11.19035">
    <ele>904.6200000000001</ele>
   </trkpt>
   <trkpt lat="46.824780000000004" lon="11.19063">
    <ele>903.7400000000001</ele>
   </trkpt>
   <trkpt lat="46.824850000000005" lon="11.191220000000001">
    <ele>900.2</ele>
   </trkpt>
   <trkpt lat="46.82481000000001" lon="11.191790000000001">
    <ele>897.33</ele>
   </trkpt>
   <trkpt lat="46.824830000000006" lon="11.192060000000001">
    <ele>895.63</ele>
   </trkpt>
   <trkpt lat="46.8248" lon="11.19219">
    <ele>895.0300000000001</ele>
   </trkpt>
   <trkpt lat="46.82455" lon="11.19265">
    <ele>893.46</ele>
   </trkpt>
   <trkpt lat="46.824470000000005" lon="11.192870000000001">
    <ele>893.36</ele>
   </trkpt>
   <trkpt lat="46.82439" lon="11.19322">
    <ele>893.5</ele>
   </trkpt>
   <trkpt lat="46.82432000000001" lon="11.19341">
    <ele>893.6600000000001</ele>
   </trkpt>
   <trkpt lat="46.824110000000005" lon="11.19372">
    <ele>894.2500000000001</ele>
   </trkpt>
   <trkpt lat="46.82361" lon="11.194270000000001">
    <ele>895.29</ele>
   </trkpt>
   <trkpt lat="46.82343" lon="11.19443">
    <ele>895.8900000000001</ele>
   </trkpt>
   <trkpt lat="46.823280000000004" lon="11.194590000000002">
    <ele>895.6800000000001</ele>
   </trkpt>
   <trkpt lat="46.822880000000005" lon="11.19518">
    <ele>891.63</ele>
   </trkpt>
   <trkpt lat="46.82283" lon="11.195310000000001">
    <ele>890.2700000000001</ele>
   </trkpt>
   <trkpt lat="46.822540000000004" lon="11.19646">
    <ele>883.2800000000001</ele>
   </trkpt>
   <trkpt lat="46.82249" lon="11.19719">
    <ele>878.23</ele>
   </trkpt>
   <trkpt lat="46.82235000000001" lon="11.198">
    <ele>872.8500000000001</ele>
   </trkpt>
   <trkpt lat="46.82238" lon="11.198680000000001">
    <ele>867.3400000000001</ele>
   </trkpt>
   <trkpt lat="46.82236" lon="11.198970000000001">
    <ele>863.14</ele>
   </trkpt>
   <trkpt lat="46.82222" lon="11.19945">
    <ele>862.2400000000001</ele>
   </trkpt>
   <trkpt lat="46.822210000000005" lon="11.199890000000002">
    <ele>857.82</ele>
   </trkpt>
   <trkpt lat="46.822070000000004" lon="11.20043">
    <ele>854.5400000000001</ele>
   </trkpt>
   <trkpt lat="46.822010000000006" lon="11.200970000000002">
    <ele>851.44</ele>
   </trkpt>
   <trkpt lat="46.821920000000006" lon="11.201450000000001">
    <ele>847.96</ele>
   </trkpt>
   <trkpt lat="46.821850000000005" lon="11.201880000000001">
    <ele>847.96</ele>
   </trkpt>
   <trkpt lat="46.82168" lon="11.20227">
    <ele>842.8500000000001</ele>
   </trkpt>
   <trkpt lat="46.821380000000005" lon="11.20316">
    <ele>838.6600000000001</ele>
   </trkpt>
   <trkpt lat="46.82126" lon="11.203930000000001">
    <ele>833.45</ele>
   </trkpt>
   <trkpt lat="46.821270000000005" lon="11.20437">
    <ele>829.2900000000001</ele>
   </trkpt>
   <trkpt lat="46.82124" lon="11.20546">
    <ele>824.06</ele>
   </trkpt>
   <trkpt lat="46.821270000000005" lon="11.205850000000002">
    <ele>820.61</ele>
   </trkpt>
   <trkpt lat="46.821270000000005" lon="11.20649">
    <ele>818.0200000000001</ele>
   </trkpt>
   <trkpt lat="46.821360000000006" lon="11.207210000000002">
    <ele>811.74</ele>
   </trkpt>
   <trkpt lat="46.821470000000005" lon="11.20756">
    <ele>810.59</ele>
   </trkpt>
   <trkpt lat="46.82152000000001" lon="11.207980000000001">
    <ele>807.3</ele>
   </trkpt>
   <trkpt lat="46.821600000000004" lon="11.208300000000001">
    <ele>807.3</ele>
   </trkpt>
   <trkpt lat="46.82162" lon="11.208950000000002">
    <ele>802.1400000000001</ele>
   </trkpt>
   <trkpt lat="46.821650000000005" lon="11.20908">
    <ele>799.7</ele>
   </trkpt>
   <trkpt lat="46.82204" lon="11.210210000000002">
    <ele>795.8900000000001</ele>
   </trkpt>
   <trkpt lat="46.82209" lon="11.210420000000001">
    <ele>795.24</ele>
   </trkpt>
   <trkpt lat="46.822100000000006" lon="11.21077">
    <ele>793.9600000000002</ele>
   </trkpt>
   <trkpt lat="46.822050000000004" lon="11.211060000000002">
    <ele>793.9600000000002</ele>
   </trkpt>
   <trkpt lat="46.82209" lon="11.21155">
    <ele>792.84</ele>
   </trkpt>
   <trkpt lat="46.82215" lon="11.211820000000001">
    <ele>792.6800000000001</ele>
   </trkpt>
   <trkpt lat="46.8222" lon="11.21249">
    <ele>792.0400000000001</ele>
   </trkpt>
   <trkpt lat="46.82231" lon="11.21287">
    <ele>791.58</ele>
   </trkpt>
   <trkpt lat="46.822320000000005" lon="11.213040000000001">
    <ele>791.58</ele>
   </trkpt>
   <trkpt lat="46.822320000000005" lon="11.21343">
    <ele>790.42</ele>
   </trkpt>
   <trkpt lat="46.82222" lon="11.21386">
    <ele>789.84</ele>
   </trkpt>
   <trkpt lat="46.82215" lon="11.21404">
    <ele>789.44</ele>
   </trkpt>
   <trkpt lat="46.82204" lon="11.21423">
    <ele>789.1600000000001</ele>
   </trkpt>
   <trkpt lat="46.82202" lon="11.21432">
    <ele>788.93</ele>
   </trkpt>
   <trkpt lat="46.822010000000006" lon="11.215200000000001">
    <ele>788.2900000000001</ele>
   </trkpt>
   <trkpt lat="46.821960000000004" lon="11.21574">
    <ele>787.72</ele>
   </trkpt>
   <trkpt lat="46.821870000000004" lon="11.21644">
    <ele>787.7</ele>
   </trkpt>
   <trkpt lat="46.82186" lon="11.216880000000002">
    <ele>787.8600000000001</ele>
   </trkpt>
   <trkpt lat="46.82188000000001" lon="11.21723">
    <ele>787.81</ele>
   </trkpt>
   <trkpt lat="46.82193" lon="11.217360000000001">
    <ele>787.3500000000001</ele>
   </trkpt>
   <trkpt lat="46.82209" lon="11.217600000000001">
    <ele>786.09</ele>
   </trkpt>
   <trkpt lat="46.82213" lon="11.21781">
    <ele>785.61</ele>
   </trkpt>
   <trkpt lat="46.822140000000005" lon="11.21799">
    <ele>784.2600000000001</ele>
   </trkpt>
   <trkpt lat="46.82213" lon="11.218060000000001">
    <ele>784.2600000000001</ele>
   </trkpt>
   <trkpt lat="46.82209" lon="11.21823">
    <ele>784.2600000000001</ele>
   </trkpt>
   <trkpt lat="46.82195" lon="11.218520000000002">
    <ele>782.63</ele>
   </trkpt>
   <trkpt lat="46.82189" lon="11.218770000000001">
    <ele>781.54</ele>
   </trkpt>
   <trkpt lat="46.821760000000005" lon="11.219790000000001">
    <ele>778.05</ele>
   </trkpt>
   <trkpt lat="46.821760000000005" lon="11.21991">
    <ele>776.9800000000001</ele>
   </trkpt>
   <trkpt lat="46.821810000000006" lon="11.220350000000002">
    <ele>776.46</ele>
   </trkpt>
   <trkpt lat="46.8218" lon="11.22048">
    <ele>775.3100000000001</ele>
   </trkpt>
   <trkpt lat="46.82173" lon="11.220630000000002">
    <ele>775.3100000000001</ele>
   </trkpt>
   <trkpt lat="46.82166" lon="11.22071">
    <ele>775.3100000000001</ele>
   </trkpt>
   <trkpt lat="46.821580000000004" lon="11.22075">
    <ele>774.1</ele>
   </trkpt>
   <trkpt lat="46.82137" lon="11.220820000000002">
    <ele>773.8000000000001</ele>
   </trkpt>
   <trkpt lat="46.82128" lon="11.220910000000002">
    <ele>773.32</ele>
   </trkpt>
   <trkpt lat="46.82123000000001" lon="11.22099">
    <ele>773.23</ele>
   </trkpt>
   <trkpt lat="46.82114000000001" lon="11.22123">
    <ele>773.02</ele>
   </trkpt>
   <trkpt lat="46.82099" lon="11.22174">
    <ele>773.11</ele>
   </trkpt>
   <trkpt lat="46.82085000000001" lon="11.222050000000001">
    <ele>773.21</ele>
   </trkpt>
   <trkpt lat="46.82077" lon="11.222280000000001">
    <ele>773.12</ele>
   </trkpt>
   <trkpt lat="46.820660000000004" lon="11.22272">
    <ele>772.34</ele>
   </trkpt>
   <trkpt lat="46.820660000000004" lon="11.223070000000002">
    <ele>771.9</ele>
   </trkpt>
   <trkpt lat="46.820620000000005" lon="11.2232">
    <ele>771.9</ele>
   </trkpt>
   <trkpt lat="46.820530000000005" lon="11.22334">
    <ele>771.6800000000001</ele>
   </trkpt>
   <trkpt lat="46.820350000000005" lon="11.22344">
    <ele>771.6800000000001</ele>
   </trkpt>
   <trkpt lat="46.820240000000005" lon="11.223550000000001">
    <ele>771.38</ele>
   </trkpt>
   <trkpt lat="46.819943339409775" lon="11.224383342449435">
    <ele>770.87</ele>
   </trkpt>
   <trkpt lat="46.819646672771526" lon="11.225216675702821">
    <ele>770.4200000000001</ele>
   </trkpt>
   <trkpt lat="46.81935000000001" lon="11.22605">
    <ele>769.6200000000001</ele>
   </trkpt>
   <trkpt lat="46.81933" lon="11.226180000000001">
    <ele>769.6200000000001</ele>
   </trkpt>
   <trkpt lat="46.81935000000001" lon="11.22634">
    <ele>769.47</ele>
   </trkpt>
   <trkpt lat="46.81951" lon="11.226780000000002">
    <ele>767.29</ele>
   </trkpt>
   <trkpt lat="46.81956" lon="11.22708">
    <ele>764.19</ele>
   </trkpt>
   <trkpt lat="46.819610000000004" lon="11.22817">
    <ele>757.84</ele>
   </trkpt>
   <trkpt lat="46.819630000000004" lon="11.2283">
    <ele>757.84</ele>
   </trkpt>
   <trkpt lat="46.81976" lon="11.228620000000001">
    <ele>755.6700000000001</ele>
   </trkpt>
   <trkpt lat="46.819770000000005" lon="11.228750000000002">
    <ele>755.4000000000001</ele>
   </trkpt>
   <trkpt lat="46.81962" lon="11.229500000000002">
    <ele>753.69</ele>
   </trkpt>
   <trkpt lat="46.819430000000004" lon="11.230350000000001">
    <ele>750.0300000000001</ele>
   </trkpt>
   <trkpt lat="46.81936" lon="11.230490000000001">
    <ele>750.0300000000001</ele>
   </trkpt>
   <trkpt lat="46.81931" lon="11.230550000000001">
    <ele>750.0300000000001</ele>
   </trkpt>
   <trkpt lat="46.819030000000005" lon="11.23065">
    <ele>750.0300000000001</ele>
   </trkpt>
   <trkpt lat="46.81898" lon="11.230690000000001">
    <ele>743.63</ele>
   </trkpt>
   <trkpt lat="46.818900000000006" lon="11.2308">
    <ele>743.63</ele>
   </trkpt>
   <trkpt lat="46.818570002572386" lon="11.231570004747732">
    <ele>741.7800000000001</ele>
   </trkpt>
   <trkpt lat="46.81824" lon="11.23234">
    <ele>738.98</ele>
   </trkpt>
   <trkpt lat="46.81801" lon="11.23309">
    <ele>737.7800000000001</ele>
   </trkpt>
   <trkpt lat="46.817640000000004" lon="11.233970000000001">
    <ele>734.3100000000001</ele>
   </trkpt>
   <trkpt lat="46.817530000000005" lon="11.23428">
    <ele>733.65</ele>
   </trkpt>
   <trkpt lat="46.81752" lon="11.234380000000002">
    <ele>733.65</ele>
   </trkpt>
   <trkpt lat="46.81757" lon="11.235180000000001">
    <ele>730.9300000000001</ele>
   </trkpt>
   <trkpt lat="46.81765" lon="11.23568">
    <ele>728.44</ele>
   </trkpt>
   <trkpt lat="46.817780000000006" lon="11.23611">
    <ele>724.36</ele>
   </trkpt>
   <trkpt lat="46.817870000000006" lon="11.23653">
    <ele>721.0200000000001</ele>
   </trkpt>
   <trkpt lat="46.81796000000001" lon="11.236730000000001">
    <ele>721.0200000000001</ele>
   </trkpt>
   <trkpt lat="46.818000000000005" lon="11.23733">
    <ele>715.09</ele>
   </trkpt>
   <trkpt lat="46.81795" lon="11.237760000000002">
    <ele>713.3900000000001</ele>
   </trkpt>
   <trkpt lat="46.817910000000005" lon="11.237910000000001">
    <ele>713.3900000000001</ele>
   </trkpt>
   <trkpt lat="46.81785000000001" lon="11.237990000000002">
    <ele>711.69</ele>
   </trkpt>
   <trkpt lat="46.817640000000004" lon="11.238180000000002">
    <ele>711.69</ele>
   </trkpt>
   <trkpt lat="46.81758000000001" lon="11.238270000000002">
    <ele>710.43</ele>
   </trkpt>
   <trkpt lat="46.817530000000005" lon="11.238430000000001">
    <ele>710.43</ele>
   </trkpt>
   <trkpt lat="46.817510000000006" lon="11.239020000000002">
    <ele>705.0200000000001</ele>
   </trkpt>
   <trkpt lat="46.81748" lon="11.239210000000002">
    <ele>703.8100000000001</ele>
   </trkpt>
   <trkpt lat="46.81729000000001" lon="11.239630000000002">
    <ele>700.19</ele>
   </trkpt>
   <trkpt lat="46.81721" lon="11.240020000000001">
    <ele>699.01</ele>
   </trkpt>
   <trkpt lat="46.81714" lon="11.240240000000002">
    <ele>698.49</ele>
   </trkpt>
   <trkpt lat="46.81698" lon="11.240490000000001">
    <ele>697.08</ele>
   </trkpt>
   <trkpt lat="46.816720000000004" lon="11.241050000000001">
    <ele>695.59</ele>
   </trkpt>
   <trkpt lat="46.816590000000005" lon="11.241420000000002">
    <ele>694.89</ele>
   </trkpt>
   <trkpt lat="46.81635000000001" lon="11.24196">
    <ele>693.91</ele>
   </trkpt>
   <trkpt lat="46.816140000000004" lon="11.242400000000002">
    <ele>692.8100000000001</ele>
   </trkpt>
   <trkpt lat="46.815990000000006" lon="11.242650000000001">
    <ele>691.8700000000001</ele>
   </trkpt>
   <trkpt lat="46.815940000000005" lon="11.24271">
    <ele>691.8700000000001</ele>
   </trkpt>
   <trkpt lat="46.815830000000005" lon="11.242750000000001">
    <ele>691.52</ele>
   </trkpt>
   <trkpt lat="46.815650000000005" lon="11.24277">
    <ele>690.73</ele>
   </trkpt>
   <trkpt lat="46.815490000000004" lon="11.24286">
    <ele>689.6600000000001</ele>
   </trkpt>
   <trkpt lat="46.81533" lon="11.24299">
    <ele>688.44</ele>
   </trkpt>
   <trkpt lat="46.81524" lon="11.2431">
    <ele>688.44</ele>
   </trkpt>
   <trkpt lat="46.8149" lon="11.243630000000001">
    <ele>686.44</ele>
   </trkpt>
   <trkpt lat="46.814710000000005" lon="11.243780000000001">
    <ele>685.23</ele>
   </trkpt>
   <trkpt lat="46.81441" lon="11.243870000000001">
    <ele>684.7200000000001</ele>
   </trkpt>
   <trkpt lat="46.81421" lon="11.24389">
    <ele>684.61</ele>
   </trkpt>
   <trkpt lat="46.813930000000006" lon="11.243860000000002">
    <ele>684.5400000000001</ele>
   </trkpt>
   <trkpt lat="46.81385" lon="11.24383">
    <ele>684.6500000000001</ele>
   </trkpt>
   <trkpt lat="46.81378" lon="11.243770000000001">
    <ele>684.6600000000001</ele>
   </trkpt>
   <trkpt lat="46.81371" lon="11.243670000000002">
    <ele>684.57</ele>
   </trkpt>
   <trkpt lat="46.813680000000005" lon="11.24355">
    <ele>683.88</ele>
   </trkpt>
   <trkpt lat="46.81367" lon="11.24342">
    <ele>683.6800000000001</ele>
   </trkpt>
   <trkpt lat="46.813700000000004" lon="11.24304">
    <ele>681.9300000000001</ele>
   </trkpt>
   <trkpt lat="46.81365" lon="11.242690000000001">
    <ele>684.0</ele>
   </trkpt>
   <trkpt lat="46.813700000000004" lon="11.24261">
    <ele>684.0</ele>
   </trkpt>
   <trkpt lat="46.813700000000004" lon="11.24252">
    <ele>684.42</ele>
   </trkpt>
   <trkpt lat="46.813660000000006" lon="11.24243">
    <ele>684.6500000000001</ele>
   </trkpt>
   <trkpt lat="46.81363" lon="11.242410000000001">
    <ele>684.6500000000001</ele>
   </trkpt>
   <trkpt lat="46.81356" lon="11.242410000000001">
    <ele>685.4100000000001</ele>
   </trkpt>
   <trkpt lat="46.81351" lon="11.24248">
    <ele>685.96</ele>
   </trkpt>
   <trkpt lat="46.813500000000005" lon="11.242600000000001">
    <ele>685.96</ele>
   </trkpt>
   <trkpt lat="46.81335000000001" lon="11.24261">
    <ele>687.5100000000001</ele>
   </trkpt>
   <trkpt lat="46.813250000000004" lon="11.24263">
    <ele>688.0500000000001</ele>
   </trkpt>
   <trkpt lat="46.81298" lon="11.242840000000001">
    <ele>689.0400000000001</ele>
   </trkpt>
   <trkpt lat="46.81275" lon="11.24294">
    <ele>690.1700000000001</ele>
   </trkpt>
   <trkpt lat="46.81269" lon="11.24305">
    <ele>690.7500000000001</ele>
   </trkpt>
   <trkpt lat="46.81268" lon="11.243120000000001">
    <ele>690.7500000000001</ele>
   </trkpt>
   <trkpt lat="46.81271" lon="11.24323">
    <ele>691.57</ele>
   </trkpt>
   <trkpt lat="46.812850000000005" lon="11.243440000000001">
    <ele>692.6500000000001</ele>
   </trkpt>
   <trkpt lat="46.81291" lon="11.2436">
    <ele>692.6500000000001</ele>
   </trkpt>
   <trkpt lat="46.813030000000005" lon="11.24435">
    <ele>694.9399999999999</ele>
   </trkpt>
   <trkpt lat="46.81298" lon="11.245280000000001">
    <ele>696.7500000000001</ele>
   </trkpt>
   <trkpt lat="46.81295" lon="11.24548">
    <ele>693.74</ele>
   </trkpt>
   <trkpt lat="46.812900000000006" lon="11.24566">
    <ele>693.73</ele>
   </trkpt>
   <trkpt lat="46.812780000000004" lon="11.2459">
    <ele>693.76</ele>
   </trkpt>
   <trkpt lat="46.812760000000004" lon="11.24601">
    <ele>694.11</ele>
   </trkpt>
   <trkpt lat="46.81271" lon="11.24604">
    <ele>694.11</ele>
   </trkpt>
   <trkpt lat="46.81270000000001" lon="11.246110000000002">
    <ele>694.12</ele>
   </trkpt>
   <trkpt lat="46.81235" lon="11.246860000000002">
    <ele>693.91</ele>
   </trkpt>
   <trkpt lat="46.812270000000005" lon="11.246970000000001">
    <ele>695.2700000000001</ele>
   </trkpt>
   <trkpt lat="46.812180000000005" lon="11.24703">
    <ele>696.58</ele>
   </trkpt>
   <trkpt lat="46.812110000000004" lon="11.247110000000001">
    <ele>699.19</ele>
   </trkpt>
   <trkpt lat="46.811930000000004" lon="11.247240000000001">
    <ele>699.45</ele>
   </trkpt>
   <trkpt lat="46.81199" lon="11.24735">
    <ele>704.4100000000001</ele>
   </trkpt>
   <trkpt lat="46.81208" lon="11.2474">
    <ele>704.4100000000001</ele>
   </trkpt>
   <trkpt lat="46.812270000000005" lon="11.247610000000002">
    <ele>704.4100000000001</ele>
   </trkpt>
   <trkpt lat="46.81251" lon="11.24773">
    <ele>704.4100000000001</ele>
   </trkpt>
   <trkpt lat="46.812540000000006" lon="11.24778">
    <ele>704.4100000000001</ele>
   </trkpt>
   <trkpt lat="46.81257" lon="11.247900000000001">
    <ele>704.4100000000001</ele>
   </trkpt>
  </trkseg>
 </trk>
</gpx>
