<?xml version="1.0" encoding="UTF-8"?>
<gpx creator="StravaGPX" version="1.1" xmlns="http://www.topografix.com/GPX/1/1" xmlns:xsi="http://www.w3.org/2001/XMLSchema-instance" xsi:schemaLocation="http://www.topografix.com/GPX/1/1 http://www.topografix.com/GPX/1/1/gpx.xsd">
 <metadata>
  <name>Austria 6</name>
  <author>
   <name>Xander Staal</name>
   <link href="https://www.strava.com/athletes/2830409"/>
  </author>
  <copyright author="OpenStreetMap contributors">
   <year>2020</year>
   <license>https://www.openstreetmap.org/copyright</license>
  </copyright>
  <link href="https://www.strava.com/routes/3477046355485887204"/>
 </metadata>
 <trk>
  <name>Austria 6</name>
  <link href="https://www.strava.com/routes/3477046355485887204"/>
  <type>cycling</type>
  <trkseg>
   <trkpt lat="47.04008" lon="12.840840000000002">
    <ele>1300.47</ele>
   </trkpt>
   <trkpt lat="47.03999" lon="12.84107">
    <ele>1300.89</ele>
   </trkpt>
   <trkpt lat="47.039930000000005" lon="12.841280000000001">
    <ele>1301.01</ele>
   </trkpt>
   <trkpt lat="47.039930000000005" lon="12.841700000000001">
    <ele>1300.8300000000002</ele>
   </trkpt>
   <trkpt lat="47.03979" lon="12.842920000000001">
    <ele>1299.18</ele>
   </trkpt>
   <trkpt lat="47.03981" lon="12.843210000000001">
    <ele>1300.3300000000002</ele>
   </trkpt>
   <trkpt lat="47.03985" lon="12.84322">
    <ele>1300.3300000000002</ele>
   </trkpt>
   <trkpt lat="47.0399" lon="12.843280000000002">
    <ele>1300.96</ele>
   </trkpt>
   <trkpt lat="47.0399" lon="12.8434">
    <ele>1301.47</ele>
   </trkpt>
   <trkpt lat="47.03979" lon="12.843710000000002">
    <ele>1303.0900000000001</ele>
   </trkpt>
   <trkpt lat="47.039410000000004" lon="12.84435">
    <ele>1308.5200000000002</ele>
   </trkpt>
   <trkpt lat="47.039280000000005" lon="12.844640000000002">
    <ele>1313.79</ele>
   </trkpt>
   <trkpt lat="47.03923" lon="12.84487">
    <ele>1313.79</ele>
   </trkpt>
   <trkpt lat="47.039190000000005" lon="12.845390000000002">
    <ele>1318.88</ele>
   </trkpt>
   <trkpt lat="47.03913000000001" lon="12.845600000000001">
    <ele>1320.5900000000001</ele>
   </trkpt>
   <trkpt lat="47.03893" lon="12.84594">
    <ele>1324.0200000000002</ele>
   </trkpt>
   <trkpt lat="47.03835" lon="12.846870000000001">
    <ele>1336.1900000000003</ele>
   </trkpt>
   <trkpt lat="47.038230000000006" lon="12.847140000000001">
    <ele>1336.1900000000003</ele>
   </trkpt>
   <trkpt lat="47.03815" lon="12.84739">
    <ele>1339.97</ele>
   </trkpt>
   <trkpt lat="47.03810000000001" lon="12.84768">
    <ele>1344.0100000000002</ele>
   </trkpt>
   <trkpt lat="47.03808" lon="12.848080000000001">
    <ele>1345.47</ele>
   </trkpt>
   <trkpt lat="47.03809000271405" lon="12.848869999677657">
    <ele>1351.5400000000002</ele>
   </trkpt>
   <trkpt lat="47.03810000000001" lon="12.849660000000002">
    <ele>1357.93</ele>
   </trkpt>
   <trkpt lat="47.03815" lon="12.850010000000001">
    <ele>1357.93</ele>
   </trkpt>
   <trkpt lat="47.038160000000005" lon="12.850200000000001">
    <ele>1365.7800000000002</ele>
   </trkpt>
   <trkpt lat="47.038120000000006" lon="12.851070000000002">
    <ele>1368.03</ele>
   </trkpt>
   <trkpt lat="47.03792000000001" lon="12.851870000000002">
    <ele>1375.18</ele>
   </trkpt>
   <trkpt lat="47.03795" lon="12.85204">
    <ele>1375.18</ele>
   </trkpt>
   <trkpt lat="47.03811" lon="12.852350000000001">
    <ele>1377.76</ele>
   </trkpt>
   <trkpt lat="47.03817" lon="12.852500000000001">
    <ele>1379.3000000000002</ele>
   </trkpt>
   <trkpt lat="47.03819000000001" lon="12.852640000000001">
    <ele>1379.3000000000002</ele>
   </trkpt>
   <trkpt lat="47.038120000000006" lon="12.853090000000002">
    <ele>1384.1000000000001</ele>
   </trkpt>
   <trkpt lat="47.03815" lon="12.85344">
    <ele>1386.67</ele>
   </trkpt>
   <trkpt lat="47.03815" lon="12.853720000000001">
    <ele>1388.4900000000002</ele>
   </trkpt>
   <trkpt lat="47.038120000000006" lon="12.853890000000002">
    <ele>1390.68</ele>
   </trkpt>
   <trkpt lat="47.03801000000001" lon="12.854210000000002">
    <ele>1392.98</ele>
   </trkpt>
   <trkpt lat="47.03773" lon="12.854890000000001">
    <ele>1401.6200000000001</ele>
   </trkpt>
   <trkpt lat="47.03764" lon="12.855070000000001">
    <ele>1401.6200000000001</ele>
   </trkpt>
   <trkpt lat="47.037380000000006" lon="12.855400000000001">
    <ele>1405.67</ele>
   </trkpt>
   <trkpt lat="47.037310000000005" lon="12.855530000000002">
    <ele>1407.76</ele>
   </trkpt>
   <trkpt lat="47.03721" lon="12.85585">
    <ele>1409.25</ele>
   </trkpt>
   <trkpt lat="47.037040000000005" lon="12.856610000000002">
    <ele>1417.79</ele>
   </trkpt>
   <trkpt lat="47.037020000000005" lon="12.85749">
    <ele>1421.41</ele>
   </trkpt>
   <trkpt lat="47.036820000000006" lon="12.85847">
    <ele>1429.25</ele>
   </trkpt>
   <trkpt lat="47.03681" lon="12.858690000000001">
    <ele>1431.44</ele>
   </trkpt>
   <trkpt lat="47.0369" lon="12.859430000000001">
    <ele>1437.84</ele>
   </trkpt>
   <trkpt lat="47.0369" lon="12.859710000000002">
    <ele>1439.69</ele>
   </trkpt>
   <trkpt lat="47.03687" lon="12.859960000000001">
    <ele>1441.1299999999999</ele>
   </trkpt>
   <trkpt lat="47.03680000000001" lon="12.860310000000002">
    <ele>1443.1100000000001</ele>
   </trkpt>
   <trkpt lat="47.03674" lon="12.860500000000002">
    <ele>1445.67</ele>
   </trkpt>
   <trkpt lat="47.03667" lon="12.860690000000002">
    <ele>1447.2800000000002</ele>
   </trkpt>
   <trkpt lat="47.036440000000006" lon="12.861180000000001">
    <ele>1453.1200000000001</ele>
   </trkpt>
   <trkpt lat="47.036410000000004" lon="12.861360000000001">
    <ele>1453.1200000000001</ele>
   </trkpt>
   <trkpt lat="47.036410000000004" lon="12.86156">
    <ele>1454.83</ele>
   </trkpt>
   <trkpt lat="47.036440000000006" lon="12.86171">
    <ele>1456.42</ele>
   </trkpt>
   <trkpt lat="47.03661" lon="12.86218">
    <ele>1460.0300000000002</ele>
   </trkpt>
   <trkpt lat="47.036640000000006" lon="12.86237">
    <ele>1463.78</ele>
   </trkpt>
   <trkpt lat="47.03661" lon="12.862620000000001">
    <ele>1465.33</ele>
   </trkpt>
   <trkpt lat="47.03649" lon="12.86288">
    <ele>1467.84</ele>
   </trkpt>
   <trkpt lat="47.03645" lon="12.86306">
    <ele>1468.8000000000002</ele>
   </trkpt>
   <trkpt lat="47.036440000000006" lon="12.863550000000002">
    <ele>1471.44</ele>
   </trkpt>
   <trkpt lat="47.03632" lon="12.86401">
    <ele>1474.99</ele>
   </trkpt>
   <trkpt lat="47.03623" lon="12.86486">
    <ele>1480.38</ele>
   </trkpt>
   <trkpt lat="47.03623" lon="12.865480000000002">
    <ele>1483.7600000000002</ele>
   </trkpt>
   <trkpt lat="47.036260000000006" lon="12.865920000000001">
    <ele>1489.2200000000003</ele>
   </trkpt>
   <trkpt lat="47.03650500287198" lon="12.866719996609337">
    <ele>1495.48</ele>
   </trkpt>
   <trkpt lat="47.036750000000005" lon="12.86752">
    <ele>1502.0500000000002</ele>
   </trkpt>
   <trkpt lat="47.036820000000006" lon="12.86781">
    <ele>1505.5800000000002</ele>
   </trkpt>
   <trkpt lat="47.03685" lon="12.868030000000001">
    <ele>1505.5800000000002</ele>
   </trkpt>
   <trkpt lat="47.0369000020935" lon="12.868724999226881">
    <ele>1512.7</ele>
   </trkpt>
   <trkpt lat="47.036950000000004" lon="12.869420000000002">
    <ele>1516.95</ele>
   </trkpt>
   <trkpt lat="47.037000000000006" lon="12.86955">
    <ele>1517.5700000000002</ele>
   </trkpt>
   <trkpt lat="47.037060000000004" lon="12.869610000000002">
    <ele>1518.14</ele>
   </trkpt>
   <trkpt lat="47.03714" lon="12.869600000000002">
    <ele>1518.14</ele>
   </trkpt>
   <trkpt lat="47.037200000000006" lon="12.869510000000002">
    <ele>1518.9</ele>
   </trkpt>
   <trkpt lat="47.037220000000005" lon="12.8694">
    <ele>1519.02</ele>
   </trkpt>
   <trkpt lat="47.03721" lon="12.869290000000001">
    <ele>1519.02</ele>
   </trkpt>
   <trkpt lat="47.03714" lon="12.86903">
    <ele>1519.44</ele>
   </trkpt>
   <trkpt lat="47.0371" lon="12.868760000000002">
    <ele>1520.58</ele>
   </trkpt>
   <trkpt lat="47.03712" lon="12.86832">
    <ele>1523.29</ele>
   </trkpt>
   <trkpt lat="47.03712" lon="12.86743">
    <ele>1530.17</ele>
   </trkpt>
   <trkpt lat="47.03725000000001" lon="12.86621">
    <ele>1543.6200000000001</ele>
   </trkpt>
   <trkpt lat="47.03719" lon="12.86569">
    <ele>1546.46</ele>
   </trkpt>
   <trkpt lat="47.03719" lon="12.86536">
    <ele>1549.56</ele>
   </trkpt>
   <trkpt lat="47.0373" lon="12.865">
    <ele>1552.96</ele>
   </trkpt>
   <trkpt lat="47.03739" lon="12.864840000000001">
    <ele>1554.45</ele>
   </trkpt>
   <trkpt lat="47.037670000000006" lon="12.864440000000002">
    <ele>1559.0400000000002</ele>
   </trkpt>
   <trkpt lat="47.038050000000005" lon="12.863650000000002">
    <ele>1568.65</ele>
   </trkpt>
   <trkpt lat="47.03813" lon="12.8634">
    <ele>1568.65</ele>
   </trkpt>
   <trkpt lat="47.03817" lon="12.86306">
    <ele>1570.3</ele>
   </trkpt>
   <trkpt lat="47.03822" lon="12.862860000000001">
    <ele>1573.47</ele>
   </trkpt>
   <trkpt lat="47.03828" lon="12.86273">
    <ele>1573.17</ele>
   </trkpt>
   <trkpt lat="47.03866000000001" lon="12.862110000000001">
    <ele>1581.01</ele>
   </trkpt>
   <trkpt lat="47.038880000000006" lon="12.861680000000002">
    <ele>1582.91</ele>
   </trkpt>
   <trkpt lat="47.03922000000001" lon="12.861120000000001">
    <ele>1588.69</ele>
   </trkpt>
   <trkpt lat="47.0394" lon="12.86067">
    <ele>1592.6200000000001</ele>
   </trkpt>
   <trkpt lat="47.03971000000001" lon="12.86007">
    <ele>1597.2700000000002</ele>
   </trkpt>
   <trkpt lat="47.039880000000004" lon="12.8596">
    <ele>1601.8000000000002</ele>
   </trkpt>
   <trkpt lat="47.04028" lon="12.8588">
    <ele>1609.9500000000003</ele>
   </trkpt>
   <trkpt lat="47.04075" lon="12.858130000000001">
    <ele>1615.5300000000002</ele>
   </trkpt>
   <trkpt lat="47.040960000000005" lon="12.85777">
    <ele>1617.8700000000001</ele>
   </trkpt>
   <trkpt lat="47.041140000000006" lon="12.85754">
    <ele>1622.95</ele>
   </trkpt>
   <trkpt lat="47.041790000000006" lon="12.857030000000002">
    <ele>1631.3200000000002</ele>
   </trkpt>
   <trkpt lat="47.042120000000004" lon="12.85687">
    <ele>1637.52</ele>
   </trkpt>
   <trkpt lat="47.04227" lon="12.856760000000001">
    <ele>1637.52</ele>
   </trkpt>
   <trkpt lat="47.042480000000005" lon="12.856510000000002">
    <ele>1641.63</ele>
   </trkpt>
   <trkpt lat="47.04261" lon="12.856250000000001">
    <ele>1644.46</ele>
   </trkpt>
   <trkpt lat="47.0427" lon="12.856000000000002">
    <ele>1646.7800000000002</ele>
   </trkpt>
   <trkpt lat="47.042820000000006" lon="12.855260000000001">
    <ele>1652.9900000000002</ele>
   </trkpt>
   <trkpt lat="47.0429" lon="12.854970000000002">
    <ele>1658.15</ele>
   </trkpt>
   <trkpt lat="47.04301" lon="12.85472">
    <ele>1658.15</ele>
   </trkpt>
   <trkpt lat="47.04318000000001" lon="12.85429">
    <ele>1662.4</ele>
   </trkpt>
   <trkpt lat="47.04323" lon="12.85402">
    <ele>1664.3200000000002</ele>
   </trkpt>
   <trkpt lat="47.043260000000004" lon="12.853430000000001">
    <ele>1667.39</ele>
   </trkpt>
   <trkpt lat="47.043310000000005" lon="12.853340000000001">
    <ele>1668.3300000000002</ele>
   </trkpt>
   <trkpt lat="47.043350000000004" lon="12.85331">
    <ele>1668.3300000000002</ele>
   </trkpt>
   <trkpt lat="47.043400000000005" lon="12.85331">
    <ele>1668.8400000000001</ele>
   </trkpt>
   <trkpt lat="47.04345000000001" lon="12.85335">
    <ele>1669.2900000000002</ele>
   </trkpt>
   <trkpt lat="47.0435" lon="12.853460000000002">
    <ele>1669.2900000000002</ele>
   </trkpt>
   <trkpt lat="47.04352" lon="12.85355">
    <ele>1669.2900000000002</ele>
   </trkpt>
   <trkpt lat="47.043510000000005" lon="12.85391">
    <ele>1670.8500000000001</ele>
   </trkpt>
   <trkpt lat="47.04345000000001" lon="12.854680000000002">
    <ele>1675.3600000000001</ele>
   </trkpt>
   <trkpt lat="47.04339" lon="12.855120000000001">
    <ele>1681.19</ele>
   </trkpt>
   <trkpt lat="47.04341" lon="12.855390000000002">
    <ele>1681.19</ele>
   </trkpt>
   <trkpt lat="47.043440000000004" lon="12.85551">
    <ele>1681.19</ele>
   </trkpt>
   <trkpt lat="47.043510000000005" lon="12.855620000000002">
    <ele>1681.96</ele>
   </trkpt>
   <trkpt lat="47.04361" lon="12.8557">
    <ele>1683.39</ele>
   </trkpt>
   <trkpt lat="47.04368" lon="12.855730000000001">
    <ele>1683.39</ele>
   </trkpt>
   <trkpt lat="47.04384" lon="12.855680000000001">
    <ele>1685.5000000000002</ele>
   </trkpt>
   <trkpt lat="47.04397" lon="12.855540000000001">
    <ele>1686.68</ele>
   </trkpt>
   <trkpt lat="47.04402" lon="12.855360000000001">
    <ele>1687.71</ele>
   </trkpt>
   <trkpt lat="47.04402" lon="12.85513">
    <ele>1688.5800000000002</ele>
   </trkpt>
   <trkpt lat="47.04384" lon="12.854450000000002">
    <ele>1690.53</ele>
   </trkpt>
   <trkpt lat="47.04381" lon="12.854280000000001">
    <ele>1690.53</ele>
   </trkpt>
   <trkpt lat="47.043820000000004" lon="12.853850000000001">
    <ele>1692.22</ele>
   </trkpt>
   <trkpt lat="47.043870000000005" lon="12.853570000000001">
    <ele>1693.1200000000001</ele>
   </trkpt>
   <trkpt lat="47.043910000000004" lon="12.85326">
    <ele>1693.45</ele>
   </trkpt>
   <trkpt lat="47.043980000000005" lon="12.852910000000001">
    <ele>1693.51</ele>
   </trkpt>
   <trkpt lat="47.044180000000004" lon="12.85233">
    <ele>1691.8000000000002</ele>
   </trkpt>
   <trkpt lat="47.04457000000001" lon="12.851510000000001">
    <ele>1693.3500000000001</ele>
   </trkpt>
   <trkpt lat="47.04468000000001" lon="12.851350000000002">
    <ele>1694.5500000000002</ele>
   </trkpt>
   <trkpt lat="47.04482" lon="12.85124">
    <ele>1696.17</ele>
   </trkpt>
   <trkpt lat="47.04534" lon="12.85092">
    <ele>1701.3400000000001</ele>
   </trkpt>
   <trkpt lat="47.045500000000004" lon="12.85086">
    <ele>1704.52</ele>
   </trkpt>
   <trkpt lat="47.04571000000001" lon="12.85083">
    <ele>1704.52</ele>
   </trkpt>
   <trkpt lat="47.045970000000004" lon="12.85087">
    <ele>1708.8400000000001</ele>
   </trkpt>
   <trkpt lat="47.046200000000006" lon="12.850990000000001">
    <ele>1708.8400000000001</ele>
   </trkpt>
   <trkpt lat="47.046420000000005" lon="12.851210000000002">
    <ele>1715.1000000000001</ele>
   </trkpt>
   <trkpt lat="47.046760000000006" lon="12.851650000000001">
    <ele>1719.9400000000003</ele>
   </trkpt>
   <trkpt lat="47.04692000000001" lon="12.851740000000001">
    <ele>1723.66</ele>
   </trkpt>
   <trkpt lat="47.04703000000001" lon="12.851750000000001">
    <ele>1723.66</ele>
   </trkpt>
   <trkpt lat="47.0471" lon="12.85171">
    <ele>1726.0600000000002</ele>
   </trkpt>
   <trkpt lat="47.047180000000004" lon="12.851640000000002">
    <ele>1726.0600000000002</ele>
   </trkpt>
   <trkpt lat="47.047250000000005" lon="12.851510000000001">
    <ele>1726.43</ele>
   </trkpt>
   <trkpt lat="47.047290000000004" lon="12.851260000000002">
    <ele>1727.1100000000001</ele>
   </trkpt>
   <trkpt lat="47.04739000329332" lon="12.850390001638276">
    <ele>1731.5</ele>
   </trkpt>
   <trkpt lat="47.04749" lon="12.849520000000002">
    <ele>1741.66</ele>
   </trkpt>
   <trkpt lat="47.04755" lon="12.84927">
    <ele>1741.66</ele>
   </trkpt>
   <trkpt lat="47.04762" lon="12.84914">
    <ele>1744.2900000000002</ele>
   </trkpt>
   <trkpt lat="47.047960001128274" lon="12.848650003003316">
    <ele>1749.67</ele>
   </trkpt>
   <trkpt lat="47.048300000000005" lon="12.848160000000002">
    <ele>1756.5600000000002</ele>
   </trkpt>
   <trkpt lat="47.048460000000006" lon="12.84781">
    <ele>1757.33</ele>
   </trkpt>
   <trkpt lat="47.04862000000001" lon="12.84735">
    <ele>1761.13</ele>
   </trkpt>
   <trkpt lat="47.048680000000004" lon="12.847220000000002">
    <ele>1761.13</ele>
   </trkpt>
   <trkpt lat="47.04923" lon="12.84641">
    <ele>1774.6100000000001</ele>
   </trkpt>
   <trkpt lat="47.04934" lon="12.846160000000001">
    <ele>1777.47</ele>
   </trkpt>
   <trkpt lat="47.04937" lon="12.846050000000002">
    <ele>1777.47</ele>
   </trkpt>
   <trkpt lat="47.04943" lon="12.84566">
    <ele>1778.55</ele>
   </trkpt>
   <trkpt lat="47.049380000000006" lon="12.84486">
    <ele>1786.0000000000002</ele>
   </trkpt>
   <trkpt lat="47.04941" lon="12.84459">
    <ele>1790.0</ele>
   </trkpt>
   <trkpt lat="47.04962000179606" lon="12.843950002478966">
    <ele>1797.23</ele>
   </trkpt>
   <trkpt lat="47.04983000000001" lon="12.84331">
    <ele>1803.6900000000003</ele>
   </trkpt>
   <trkpt lat="47.0499" lon="12.84299">
    <ele>1805.49</ele>
   </trkpt>
   <trkpt lat="47.04995" lon="12.84256">
    <ele>1805.49</ele>
   </trkpt>
   <trkpt lat="47.04994000000001" lon="12.842170000000001">
    <ele>1812.25</ele>
   </trkpt>
   <trkpt lat="47.04992000000001" lon="12.84204">
    <ele>1812.25</ele>
   </trkpt>
   <trkpt lat="47.04988" lon="12.84191">
    <ele>1812.25</ele>
   </trkpt>
   <trkpt lat="47.049730000000004" lon="12.841600000000001">
    <ele>1818.2900000000002</ele>
   </trkpt>
   <trkpt lat="47.04968" lon="12.841460000000001">
    <ele>1819.5500000000002</ele>
   </trkpt>
   <trkpt lat="47.04968" lon="12.84124">
    <ele>1822.7600000000002</ele>
   </trkpt>
   <trkpt lat="47.04975" lon="12.84097">
    <ele>1824.5200000000002</ele>
   </trkpt>
   <trkpt lat="47.05001" lon="12.84017">
    <ele>1832.7000000000003</ele>
   </trkpt>
   <trkpt lat="47.050180000000005" lon="12.8398">
    <ele>1837.3400000000001</ele>
   </trkpt>
   <trkpt lat="47.050610000000006" lon="12.838970000000002">
    <ele>1843.2400000000002</ele>
   </trkpt>
   <trkpt lat="47.05084" lon="12.838590000000002">
    <ele>1847.32</ele>
   </trkpt>
   <trkpt lat="47.051080000000006" lon="12.8383">
    <ele>1854.6100000000001</ele>
   </trkpt>
   <trkpt lat="47.05143" lon="12.837800000000001">
    <ele>1857.44</ele>
   </trkpt>
   <trkpt lat="47.051930000000006" lon="12.83735">
    <ele>1867.18</ele>
   </trkpt>
   <trkpt lat="47.052040000000005" lon="12.837200000000001">
    <ele>1867.18</ele>
   </trkpt>
   <trkpt lat="47.052490000000006" lon="12.836390000000002">
    <ele>1879.97</ele>
   </trkpt>
   <trkpt lat="47.053110000000004" lon="12.835600000000001">
    <ele>1890.43</ele>
   </trkpt>
   <trkpt lat="47.05331" lon="12.835180000000001">
    <ele>1894.1900000000003</ele>
   </trkpt>
   <trkpt lat="47.053450000000005" lon="12.834850000000001">
    <ele>1894.21</ele>
   </trkpt>
   <trkpt lat="47.05378" lon="12.834240000000001">
    <ele>1903.9800000000002</ele>
   </trkpt>
   <trkpt lat="47.054030000000004" lon="12.833850000000002">
    <ele>1907.8400000000001</ele>
   </trkpt>
   <trkpt lat="47.0542" lon="12.833660000000002">
    <ele>1909.0200000000002</ele>
   </trkpt>
   <trkpt lat="47.05487" lon="12.833120000000001">
    <ele>1908.91</ele>
   </trkpt>
   <trkpt lat="47.05547000000001" lon="12.832410000000001">
    <ele>1903.15</ele>
   </trkpt>
   <trkpt lat="47.05566" lon="12.832310000000001">
    <ele>1900.64</ele>
   </trkpt>
   <trkpt lat="47.05586" lon="12.83229">
    <ele>1899.76</ele>
   </trkpt>
   <trkpt lat="47.056250000000006" lon="12.832320000000001">
    <ele>1896.18</ele>
   </trkpt>
   <trkpt lat="47.05686" lon="12.832180000000001">
    <ele>1889.3000000000002</ele>
   </trkpt>
   <trkpt lat="47.057480000000005" lon="12.832170000000001">
    <ele>1884.1200000000001</ele>
   </trkpt>
   <trkpt lat="47.05836" lon="12.832020000000002">
    <ele>1874.98</ele>
   </trkpt>
   <trkpt lat="47.0587" lon="12.83201">
    <ele>1873.2000000000003</ele>
   </trkpt>
   <trkpt lat="47.05908" lon="12.832070000000002">
    <ele>1871.8300000000002</ele>
   </trkpt>
   <trkpt lat="47.05917" lon="12.832070000000002">
    <ele>1871.67</ele>
   </trkpt>
   <trkpt lat="47.05932000000001" lon="12.831990000000001">
    <ele>1871.46</ele>
   </trkpt>
   <trkpt lat="47.05942" lon="12.83186">
    <ele>1870.91</ele>
   </trkpt>
   <trkpt lat="47.05946" lon="12.831710000000001">
    <ele>1870.91</ele>
   </trkpt>
   <trkpt lat="47.05946" lon="12.831510000000002">
    <ele>1870.2900000000002</ele>
   </trkpt>
   <trkpt lat="47.059430000000006" lon="12.83135">
    <ele>1870.2900000000002</ele>
   </trkpt>
   <trkpt lat="47.05928" lon="12.83093">
    <ele>1869.67</ele>
   </trkpt>
   <trkpt lat="47.059200000000004" lon="12.83056">
    <ele>1868.3400000000001</ele>
   </trkpt>
   <trkpt lat="47.059200000000004" lon="12.83022">
    <ele>1867.4</ele>
   </trkpt>
   <trkpt lat="47.05924" lon="12.82989">
    <ele>1866.92</ele>
   </trkpt>
   <trkpt lat="47.059400000000004" lon="12.82919">
    <ele>1866.8000000000002</ele>
   </trkpt>
   <trkpt lat="47.05971" lon="12.828090000000001">
    <ele>1866.0800000000002</ele>
   </trkpt>
   <trkpt lat="47.059810000000006" lon="12.827630000000001">
    <ele>1865.8700000000001</ele>
   </trkpt>
   <trkpt lat="47.05995" lon="12.826810000000002">
    <ele>1865.7500000000002</ele>
   </trkpt>
   <trkpt lat="47.060010000000005" lon="12.826550000000001">
    <ele>1865.5000000000002</ele>
   </trkpt>
   <trkpt lat="47.060280000000006" lon="12.825800000000001">
    <ele>1865.3000000000002</ele>
   </trkpt>
   <trkpt lat="47.060340000000004" lon="12.82554">
    <ele>1865.0700000000002</ele>
   </trkpt>
   <trkpt lat="47.060370000000006" lon="12.825220000000002">
    <ele>1865.01</ele>
   </trkpt>
   <trkpt lat="47.06033" lon="12.82459">
    <ele>1864.8000000000002</ele>
   </trkpt>
   <trkpt lat="47.06036" lon="12.82427">
    <ele>1864.6000000000001</ele>
   </trkpt>
   <trkpt lat="47.06045" lon="12.82398">
    <ele>1864.6000000000001</ele>
   </trkpt>
   <trkpt lat="47.060770000000005" lon="12.823210000000001">
    <ele>1864.0200000000002</ele>
   </trkpt>
   <trkpt lat="47.06103" lon="12.822700000000001">
    <ele>1863.6000000000001</ele>
   </trkpt>
   <trkpt lat="47.06156000000001" lon="12.821850000000001">
    <ele>1863.3100000000002</ele>
   </trkpt>
   <trkpt lat="47.06168" lon="12.821710000000001">
    <ele>1862.99</ele>
   </trkpt>
   <trkpt lat="47.06194000000001" lon="12.82155">
    <ele>1862.8700000000001</ele>
   </trkpt>
   <trkpt lat="47.062540000000006" lon="12.821380000000001">
    <ele>1862.72</ele>
   </trkpt>
   <trkpt lat="47.06262" lon="12.821320000000002">
    <ele>1862.7300000000002</ele>
   </trkpt>
   <trkpt lat="47.06268000000001" lon="12.821200000000001">
    <ele>1862.8000000000002</ele>
   </trkpt>
   <trkpt lat="47.06277" lon="12.82088">
    <ele>1862.7700000000002</ele>
   </trkpt>
   <trkpt lat="47.063050000000004" lon="12.82041">
    <ele>1862.3200000000002</ele>
   </trkpt>
   <trkpt lat="47.06344000000001" lon="12.81961">
    <ele>1861.7800000000002</ele>
   </trkpt>
   <trkpt lat="47.063610000000004" lon="12.819360000000001">
    <ele>1861.8200000000002</ele>
   </trkpt>
   <trkpt lat="47.06365" lon="12.819280000000001">
    <ele>1861.7700000000002</ele>
   </trkpt>
   <trkpt lat="47.063660000000006" lon="12.81915">
    <ele>1861.7700000000002</ele>
   </trkpt>
   <trkpt lat="47.06364000000001" lon="12.818990000000001">
    <ele>1861.76</ele>
   </trkpt>
   <trkpt lat="47.063590000000005" lon="12.818890000000001">
    <ele>1861.76</ele>
   </trkpt>
   <trkpt lat="47.06322" lon="12.8184">
    <ele>1862.63</ele>
   </trkpt>
   <trkpt lat="47.06313" lon="12.81831">
    <ele>1862.63</ele>
   </trkpt>
   <trkpt lat="47.062920000000005" lon="12.81817">
    <ele>1864.42</ele>
   </trkpt>
   <trkpt lat="47.06289" lon="12.818130000000002">
    <ele>1864.42</ele>
   </trkpt>
   <trkpt lat="47.06289" lon="12.818000000000001">
    <ele>1863.7100000000003</ele>
   </trkpt>
   <trkpt lat="47.062940000000005" lon="12.817900000000002">
    <ele>1863.7500000000002</ele>
   </trkpt>
   <trkpt lat="47.062990000000006" lon="12.817860000000001">
    <ele>1863.7500000000002</ele>
   </trkpt>
   <trkpt lat="47.063190000000006" lon="12.817960000000001">
    <ele>1867.0600000000002</ele>
   </trkpt>
   <trkpt lat="47.063390000000005" lon="12.818290000000001">
    <ele>1869.05</ele>
   </trkpt>
   <trkpt lat="47.06356" lon="12.81845">
    <ele>1869.49</ele>
   </trkpt>
   <trkpt lat="47.06364000000001" lon="12.8185">
    <ele>1870.5300000000002</ele>
   </trkpt>
   <trkpt lat="47.06425" lon="12.81877">
    <ele>1876.3200000000002</ele>
   </trkpt>
   <trkpt lat="47.06476000022376" lon="12.818949998307147">
    <ele>1883.96</ele>
   </trkpt>
   <trkpt lat="47.065270000000005" lon="12.819130000000001">
    <ele>1891.94</ele>
   </trkpt>
   <trkpt lat="47.0658" lon="12.81924">
    <ele>1896.0700000000002</ele>
   </trkpt>
   <trkpt lat="47.06624" lon="12.819310000000002">
    <ele>1904.6600000000003</ele>
   </trkpt>
   <trkpt lat="47.06685" lon="12.81934">
    <ele>1910.8400000000001</ele>
   </trkpt>
   <trkpt lat="47.06756499993359" lon="12.819260001083661">
    <ele>1917.8000000000002</ele>
   </trkpt>
   <trkpt lat="47.06828" lon="12.819180000000001">
    <ele>1923.34</ele>
   </trkpt>
   <trkpt lat="47.068340000000006" lon="12.81919">
    <ele>1923.34</ele>
   </trkpt>
   <trkpt lat="47.06841000000001" lon="12.81925">
    <ele>1926.0900000000001</ele>
   </trkpt>
   <trkpt lat="47.068470000000005" lon="12.819350000000002">
    <ele>1926.0900000000001</ele>
   </trkpt>
   <trkpt lat="47.06850000000001" lon="12.819490000000002">
    <ele>1926.0900000000001</ele>
   </trkpt>
   <trkpt lat="47.068470000000005" lon="12.819640000000001">
    <ele>1926.23</ele>
   </trkpt>
   <trkpt lat="47.068400000000004" lon="12.81975">
    <ele>1926.23</ele>
   </trkpt>
   <trkpt lat="47.068110000000004" lon="12.8199">
    <ele>1927.38</ele>
   </trkpt>
   <trkpt lat="47.06757" lon="12.820210000000001">
    <ele>1929.1200000000001</ele>
   </trkpt>
   <trkpt lat="47.06729000000001" lon="12.82033">
    <ele>1930.89</ele>
   </trkpt>
   <trkpt lat="47.066770000000005" lon="12.82051">
    <ele>1936.88</ele>
   </trkpt>
   <trkpt lat="47.06654" lon="12.82061">
    <ele>1936.88</ele>
   </trkpt>
   <trkpt lat="47.066210000000005" lon="12.820810000000002">
    <ele>1942.65</ele>
   </trkpt>
   <trkpt lat="47.06586" lon="12.821090000000002">
    <ele>1946.14</ele>
   </trkpt>
   <trkpt lat="47.06527000162956" lon="12.821705006823938">
    <ele>1955.8400000000001</ele>
   </trkpt>
   <trkpt lat="47.06468" lon="12.822320000000001">
    <ele>1967.0800000000002</ele>
   </trkpt>
   <trkpt lat="47.064370000000004" lon="12.82267">
    <ele>1968.65</ele>
   </trkpt>
   <trkpt lat="47.064280000000004" lon="12.822880000000001">
    <ele>1970.19</ele>
   </trkpt>
   <trkpt lat="47.06419" lon="12.82327">
    <ele>1974.02</ele>
   </trkpt>
   <trkpt lat="47.064020000000006" lon="12.8237">
    <ele>1975.96</ele>
   </trkpt>
   <trkpt lat="47.063700000000004" lon="12.824230000000002">
    <ele>1982.02</ele>
   </trkpt>
   <trkpt lat="47.06354" lon="12.824560000000002">
    <ele>1986.1200000000001</ele>
   </trkpt>
   <trkpt lat="47.063500000000005" lon="12.824770000000001">
    <ele>1987.6000000000001</ele>
   </trkpt>
   <trkpt lat="47.06347" lon="12.825230000000001">
    <ele>1990.0000000000002</ele>
   </trkpt>
   <trkpt lat="47.063410000000005" lon="12.82548">
    <ele>1992.49</ele>
   </trkpt>
   <trkpt lat="47.063190000000006" lon="12.825880000000002">
    <ele>1995.96</ele>
   </trkpt>
   <trkpt lat="47.06315000000001" lon="12.826020000000002">
    <ele>1996.69</ele>
   </trkpt>
   <trkpt lat="47.06318" lon="12.826170000000001">
    <ele>1997.5500000000002</ele>
   </trkpt>
   <trkpt lat="47.06326000000001" lon="12.826250000000002">
    <ele>1997.96</ele>
   </trkpt>
   <trkpt lat="47.063320000000004" lon="12.826250000000002">
    <ele>1998.2900000000002</ele>
   </trkpt>
   <trkpt lat="47.06338" lon="12.826210000000001">
    <ele>1998.2900000000002</ele>
   </trkpt>
   <trkpt lat="47.063430000000004" lon="12.82614">
    <ele>1998.7400000000002</ele>
   </trkpt>
   <trkpt lat="47.06363" lon="12.82567">
    <ele>2000.9800000000002</ele>
   </trkpt>
   <trkpt lat="47.063880000000005" lon="12.825310000000002">
    <ele>2006.2100000000003</ele>
   </trkpt>
   <trkpt lat="47.06409000000001" lon="12.825120000000002">
    <ele>2007.25</ele>
   </trkpt>
   <trkpt lat="47.064440000000005" lon="12.82487">
    <ele>2011.54</ele>
   </trkpt>
   <trkpt lat="47.064530000000005" lon="12.824840000000002">
    <ele>2012.21</ele>
   </trkpt>
   <trkpt lat="47.06459" lon="12.824840000000002">
    <ele>2012.82</ele>
   </trkpt>
   <trkpt lat="47.064690000000006" lon="12.824910000000001">
    <ele>2013.38</ele>
   </trkpt>
   <trkpt lat="47.064730000000004" lon="12.825000000000001">
    <ele>2013.38</ele>
   </trkpt>
   <trkpt lat="47.06474" lon="12.825120000000002">
    <ele>2013.38</ele>
   </trkpt>
   <trkpt lat="47.064710000000005" lon="12.82529">
    <ele>2015.19</ele>
   </trkpt>
   <trkpt lat="47.064370000000004" lon="12.825970000000002">
    <ele>2020.5700000000002</ele>
   </trkpt>
   <trkpt lat="47.06432" lon="12.826210000000001">
    <ele>2021.6000000000001</ele>
   </trkpt>
   <trkpt lat="47.064310000000006" lon="12.82684">
    <ele>2025.1400000000003</ele>
   </trkpt>
   <trkpt lat="47.06427" lon="12.827100000000002">
    <ele>2028.89</ele>
   </trkpt>
   <trkpt lat="47.06420000000001" lon="12.827300000000001">
    <ele>2030.98</ele>
   </trkpt>
   <trkpt lat="47.06396" lon="12.82768">
    <ele>2034.3200000000002</ele>
   </trkpt>
   <trkpt lat="47.06391000000001" lon="12.827820000000001">
    <ele>2035.59</ele>
   </trkpt>
   <trkpt lat="47.06391000000001" lon="12.827900000000001">
    <ele>2036.3200000000004</ele>
   </trkpt>
   <trkpt lat="47.06394" lon="12.827990000000002">
    <ele>2036.63</ele>
   </trkpt>
   <trkpt lat="47.064020000000006" lon="12.828050000000001">
    <ele>2037.1499999999999</ele>
   </trkpt>
   <trkpt lat="47.06411000000001" lon="12.828040000000001">
    <ele>2037.8100000000004</ele>
   </trkpt>
   <trkpt lat="47.06416" lon="12.827980000000002">
    <ele>2037.8100000000004</ele>
   </trkpt>
   <trkpt lat="47.064510000000006" lon="12.82731">
    <ele>2041.9500000000003</ele>
   </trkpt>
   <trkpt lat="47.06458000000001" lon="12.827100000000002">
    <ele>2049.0000000000005</ele>
   </trkpt>
   <trkpt lat="47.06468" lon="12.82652">
    <ele>2051.72</ele>
   </trkpt>
   <trkpt lat="47.06479" lon="12.826220000000001">
    <ele>2053.53</ele>
   </trkpt>
   <trkpt lat="47.064890000000005" lon="12.826020000000002">
    <ele>2054.71</ele>
   </trkpt>
   <trkpt lat="47.06494000000001" lon="12.82596">
    <ele>2054.8</ele>
   </trkpt>
   <trkpt lat="47.06505000000001" lon="12.82596">
    <ele>2054.8</ele>
   </trkpt>
   <trkpt lat="47.065090000000005" lon="12.826">
    <ele>2054.86</ele>
   </trkpt>
   <trkpt lat="47.06513" lon="12.826130000000001">
    <ele>2054.86</ele>
   </trkpt>
   <trkpt lat="47.065110000000004" lon="12.82629">
    <ele>2055.54</ele>
   </trkpt>
   <trkpt lat="47.06497" lon="12.82661">
    <ele>2057.6000000000004</ele>
   </trkpt>
   <trkpt lat="47.06492" lon="12.826820000000001">
    <ele>2058.53</ele>
   </trkpt>
   <trkpt lat="47.06497" lon="12.82751">
    <ele>2064.32</ele>
   </trkpt>
   <trkpt lat="47.0649" lon="12.827820000000001">
    <ele>2068.96</ele>
   </trkpt>
   <trkpt lat="47.06467000000001" lon="12.828180000000001">
    <ele>2072.21</ele>
   </trkpt>
   <trkpt lat="47.064600000000006" lon="12.828320000000001">
    <ele>2072.21</ele>
   </trkpt>
   <trkpt lat="47.064400000000006" lon="12.82886">
    <ele>2077.44</ele>
   </trkpt>
   <trkpt lat="47.064310000000006" lon="12.829060000000002">
    <ele>2082.05</ele>
   </trkpt>
   <trkpt lat="47.064220000000006" lon="12.82919">
    <ele>2082.05</ele>
   </trkpt>
   <trkpt lat="47.063900000000004" lon="12.82948">
    <ele>2087.32</ele>
   </trkpt>
   <trkpt lat="47.063790000000004" lon="12.829640000000001">
    <ele>2087.32</ele>
   </trkpt>
   <trkpt lat="47.06369" lon="12.8299">
    <ele>2091.06</ele>
   </trkpt>
   <trkpt lat="47.063610000000004" lon="12.83018">
    <ele>2093.76</ele>
   </trkpt>
   <trkpt lat="47.0636" lon="12.830340000000001">
    <ele>2094.8</ele>
   </trkpt>
   <trkpt lat="47.063610000000004" lon="12.8305">
    <ele>2095.81</ele>
   </trkpt>
   <trkpt lat="47.06369" lon="12.83074">
    <ele>2098.9300000000003</ele>
   </trkpt>
   <trkpt lat="47.064250002035536" lon="12.831404993146123">
    <ele>2104.03</ele>
   </trkpt>
   <trkpt lat="47.06481" lon="12.832070000000002">
    <ele>2111.61</ele>
   </trkpt>
   <trkpt lat="47.06521500129634" lon="12.832614995864343">
    <ele>2116.02</ele>
   </trkpt>
   <trkpt lat="47.06562" lon="12.833160000000001">
    <ele>2124.1600000000003</ele>
   </trkpt>
   <trkpt lat="47.06577" lon="12.833340000000002">
    <ele>2125.1800000000003</ele>
   </trkpt>
   <trkpt lat="47.06624" lon="12.83383">
    <ele>2132.94</ele>
   </trkpt>
   <trkpt lat="47.06664000000001" lon="12.83402">
    <ele>2137.4</ele>
   </trkpt>
   <trkpt lat="47.066750000000006" lon="12.834100000000001">
    <ele>2138.4800000000005</ele>
   </trkpt>
   <trkpt lat="47.066880000000005" lon="12.83425">
    <ele>2142.59</ele>
   </trkpt>
   <trkpt lat="47.066970000000005" lon="12.83445">
    <ele>2142.59</ele>
   </trkpt>
   <trkpt lat="47.066990000000004" lon="12.834600000000002">
    <ele>2144.25</ele>
   </trkpt>
   <trkpt lat="47.066970000000005" lon="12.834930000000002">
    <ele>2147.92</ele>
   </trkpt>
   <trkpt lat="47.06676" lon="12.835490000000002">
    <ele>2152.6500000000005</ele>
   </trkpt>
   <trkpt lat="47.06669" lon="12.83581">
    <ele>2154.15</ele>
   </trkpt>
   <trkpt lat="47.066700000000004" lon="12.836060000000002">
    <ele>2156.38</ele>
   </trkpt>
   <trkpt lat="47.06683" lon="12.83683">
    <ele>2164.42</ele>
   </trkpt>
   <trkpt lat="47.06691000000001" lon="12.83755">
    <ele>2164.42</ele>
   </trkpt>
   <trkpt lat="47.06692" lon="12.83815">
    <ele>2170.2700000000004</ele>
   </trkpt>
   <trkpt lat="47.0668900039301" lon="12.839100000457782">
    <ele>2175.0800000000004</ele>
   </trkpt>
   <trkpt lat="47.066860000000005" lon="12.840050000000002">
    <ele>2183.92</ele>
   </trkpt>
   <trkpt lat="47.06691000000001" lon="12.841120000000002">
    <ele>2195.59</ele>
   </trkpt>
   <trkpt lat="47.066970000000005" lon="12.841650000000001">
    <ele>2201.9100000000003</ele>
   </trkpt>
   <trkpt lat="47.06703" lon="12.84186">
    <ele>2201.9100000000003</ele>
   </trkpt>
   <trkpt lat="47.06709" lon="12.842">
    <ele>2203.2400000000002</ele>
   </trkpt>
   <trkpt lat="47.067170000000004" lon="12.84209">
    <ele>2205.09</ele>
   </trkpt>
   <trkpt lat="47.06732" lon="12.84219">
    <ele>2206.7300000000005</ele>
   </trkpt>
   <trkpt lat="47.06748" lon="12.84223">
    <ele>2208.28</ele>
   </trkpt>
   <trkpt lat="47.0677" lon="12.842220000000001">
    <ele>2212.03</ele>
   </trkpt>
   <trkpt lat="47.06832000000001" lon="12.841970000000002">
    <ele>2215.77</ele>
   </trkpt>
   <trkpt lat="47.06855" lon="12.84196">
    <ele>2220.96</ele>
   </trkpt>
   <trkpt lat="47.06897000000001" lon="12.84204">
    <ele>2227.4700000000003</ele>
   </trkpt>
   <trkpt lat="47.06907" lon="12.84204">
    <ele>2227.4700000000003</ele>
   </trkpt>
   <trkpt lat="47.069230000000005" lon="12.842010000000002">
    <ele>2229.17</ele>
   </trkpt>
   <trkpt lat="47.06970500038332" lon="12.841820001602786">
    <ele>2236.0</ele>
   </trkpt>
   <trkpt lat="47.07018" lon="12.84163">
    <ele>2240.98</ele>
   </trkpt>
   <trkpt lat="47.070440000000005" lon="12.841500000000002">
    <ele>2244.75</ele>
   </trkpt>
   <trkpt lat="47.07063" lon="12.84144">
    <ele>2247.9</ele>
   </trkpt>
   <trkpt lat="47.070800000000006" lon="12.84144">
    <ele>2248.92</ele>
   </trkpt>
   <trkpt lat="47.070980000000006" lon="12.84148">
    <ele>2249.9</ele>
   </trkpt>
   <trkpt lat="47.07123000000001" lon="12.84158">
    <ele>2252.98</ele>
   </trkpt>
   <trkpt lat="47.07128" lon="12.84157">
    <ele>2253.34</ele>
   </trkpt>
   <trkpt lat="47.071340000000006" lon="12.841510000000001">
    <ele>2253.9500000000003</ele>
   </trkpt>
   <trkpt lat="47.07137" lon="12.84143">
    <ele>2254.2</ele>
   </trkpt>
   <trkpt lat="47.071360000000006" lon="12.84135">
    <ele>2254.41</ele>
   </trkpt>
   <trkpt lat="47.071310000000004" lon="12.841230000000001">
    <ele>2254.71</ele>
   </trkpt>
   <trkpt lat="47.07124" lon="12.841180000000001">
    <ele>2255.03</ele>
   </trkpt>
   <trkpt lat="47.070620000000005" lon="12.84102">
    <ele>2259.78</ele>
   </trkpt>
   <trkpt lat="47.07025" lon="12.840860000000001">
    <ele>2261.53</ele>
   </trkpt>
   <trkpt lat="47.06958" lon="12.84049">
    <ele>2274.2</ele>
   </trkpt>
   <trkpt lat="47.06929" lon="12.840420000000002">
    <ele>2276.8300000000004</ele>
   </trkpt>
   <trkpt lat="47.069230000000005" lon="12.840370000000002">
    <ele>2277.54</ele>
   </trkpt>
   <trkpt lat="47.06918" lon="12.84027">
    <ele>2278.14</ele>
   </trkpt>
   <trkpt lat="47.06918" lon="12.840200000000001">
    <ele>2278.38</ele>
   </trkpt>
   <trkpt lat="47.069210000000005" lon="12.84012">
    <ele>2278.8</ele>
   </trkpt>
   <trkpt lat="47.069280000000006" lon="12.840040000000002">
    <ele>2278.8</ele>
   </trkpt>
   <trkpt lat="47.06938" lon="12.840010000000001">
    <ele>2279.37</ele>
   </trkpt>
   <trkpt lat="47.06964000000001" lon="12.83999">
    <ele>2281.19</ele>
   </trkpt>
   <trkpt lat="47.0698" lon="12.839950000000002">
    <ele>2282.62</ele>
   </trkpt>
   <trkpt lat="47.06992" lon="12.839910000000001">
    <ele>2283.6800000000003</ele>
   </trkpt>
   <trkpt lat="47.07020000000001" lon="12.83974">
    <ele>2288.1</ele>
   </trkpt>
   <trkpt lat="47.07086" lon="12.83919">
    <ele>2296.84</ele>
   </trkpt>
   <trkpt lat="47.07121" lon="12.83876">
    <ele>2304.8</ele>
   </trkpt>
   <trkpt lat="47.07135" lon="12.838640000000002">
    <ele>2307.23</ele>
   </trkpt>
   <trkpt lat="47.071470000000005" lon="12.83858">
    <ele>2307.23</ele>
   </trkpt>
   <trkpt lat="47.07168" lon="12.83853">
    <ele>2311.05</ele>
   </trkpt>
   <trkpt lat="47.071780000000004" lon="12.838540000000002">
    <ele>2311.05</ele>
   </trkpt>
   <trkpt lat="47.071870000000004" lon="12.83858">
    <ele>2315.75</ele>
   </trkpt>
   <trkpt lat="47.07197" lon="12.83866">
    <ele>2315.75</ele>
   </trkpt>
   <trkpt lat="47.072030000000005" lon="12.83876">
    <ele>2315.75</ele>
   </trkpt>
   <trkpt lat="47.07229" lon="12.83932">
    <ele>2322.9700000000003</ele>
   </trkpt>
   <trkpt lat="47.07238" lon="12.83942">
    <ele>2324.64</ele>
   </trkpt>
   <trkpt lat="47.07255000000001" lon="12.839530000000002">
    <ele>2325.61</ele>
   </trkpt>
   <trkpt lat="47.072720000000004" lon="12.839680000000001">
    <ele>2329.31</ele>
   </trkpt>
   <trkpt lat="47.07283" lon="12.83988">
    <ele>2330.57</ele>
   </trkpt>
   <trkpt lat="47.07293000000001" lon="12.84017">
    <ele>2332.3900000000003</ele>
   </trkpt>
   <trkpt lat="47.073" lon="12.84026">
    <ele>2332.3900000000003</ele>
   </trkpt>
   <trkpt lat="47.07305" lon="12.84027">
    <ele>2333.0800000000004</ele>
   </trkpt>
   <trkpt lat="47.073130000000006" lon="12.840240000000001">
    <ele>2333.26</ele>
   </trkpt>
   <trkpt lat="47.073170000000005" lon="12.840090000000002">
    <ele>2333.4700000000003</ele>
   </trkpt>
   <trkpt lat="47.073100000000004" lon="12.839640000000001">
    <ele>2334.96</ele>
   </trkpt>
   <trkpt lat="47.07312" lon="12.83942">
    <ele>2336.61</ele>
   </trkpt>
   <trkpt lat="47.073150000000005" lon="12.839340000000002">
    <ele>2336.61</ele>
   </trkpt>
   <trkpt lat="47.073240000000006" lon="12.83923">
    <ele>2339.83</ele>
   </trkpt>
   <trkpt lat="47.073330000000006" lon="12.83919">
    <ele>2341.07</ele>
   </trkpt>
   <trkpt lat="47.073460000000004" lon="12.839200000000002">
    <ele>2342.21</ele>
   </trkpt>
   <trkpt lat="47.07358000000001" lon="12.839340000000002">
    <ele>2344.3300000000004</ele>
   </trkpt>
   <trkpt lat="47.073640000000005" lon="12.839670000000002">
    <ele>2345.9500000000003</ele>
   </trkpt>
   <trkpt lat="47.073640000000005" lon="12.84017">
    <ele>2352.2000000000003</ele>
   </trkpt>
   <trkpt lat="47.07367000000001" lon="12.840380000000001">
    <ele>2352.2000000000003</ele>
   </trkpt>
   <trkpt lat="47.07374" lon="12.840570000000001">
    <ele>2356.56</ele>
   </trkpt>
   <trkpt lat="47.073840000000004" lon="12.84068">
    <ele>2356.56</ele>
   </trkpt>
   <trkpt lat="47.07395" lon="12.840700000000002">
    <ele>2358.34</ele>
   </trkpt>
   <trkpt lat="47.074000000000005" lon="12.84069">
    <ele>2358.8900000000003</ele>
   </trkpt>
   <trkpt lat="47.07408" lon="12.84063">
    <ele>2359.9400000000005</ele>
   </trkpt>
   <trkpt lat="47.074160000000006" lon="12.840520000000001">
    <ele>2362.41</ele>
   </trkpt>
   <trkpt lat="47.07434000000001" lon="12.840160000000001">
    <ele>2363.96</ele>
   </trkpt>
   <trkpt lat="47.07442" lon="12.84007">
    <ele>2366.76</ele>
   </trkpt>
   <trkpt lat="47.07452000000001" lon="12.83999">
    <ele>2366.76</ele>
   </trkpt>
   <trkpt lat="47.07479000000001" lon="12.839900000000002">
    <ele>2368.4</ele>
   </trkpt>
   <trkpt lat="47.07517000000001" lon="12.83984">
    <ele>2374.23</ele>
   </trkpt>
   <trkpt lat="47.07529" lon="12.83985">
    <ele>2377.7000000000003</ele>
   </trkpt>
   <trkpt lat="47.075430000000004" lon="12.839900000000002">
    <ele>2377.7000000000003</ele>
   </trkpt>
   <trkpt lat="47.07594" lon="12.840250000000001">
    <ele>2385.6</ele>
   </trkpt>
   <trkpt lat="47.07609" lon="12.840300000000001">
    <ele>2387.75</ele>
   </trkpt>
   <trkpt lat="47.076710000000006" lon="12.8404">
    <ele>2393.55</ele>
   </trkpt>
   <trkpt lat="47.076950000000004" lon="12.840480000000001">
    <ele>2397.6</ele>
   </trkpt>
   <trkpt lat="47.077290000000005" lon="12.84063">
    <ele>2400.37</ele>
   </trkpt>
   <trkpt lat="47.07746" lon="12.840760000000001">
    <ele>2404.1200000000003</ele>
   </trkpt>
   <trkpt lat="47.077580000000005" lon="12.840940000000002">
    <ele>2405.25</ele>
   </trkpt>
   <trkpt lat="47.077630000000006" lon="12.841170000000002">
    <ele>2408.13</ele>
   </trkpt>
   <trkpt lat="47.07764" lon="12.841330000000001">
    <ele>2409.18</ele>
   </trkpt>
   <trkpt lat="47.077630000000006" lon="12.841920000000002">
    <ele>2415.95</ele>
   </trkpt>
   <trkpt lat="47.077650000000006" lon="12.84209">
    <ele>2415.95</ele>
   </trkpt>
   <trkpt lat="47.07772000000001" lon="12.84232">
    <ele>2415.95</ele>
   </trkpt>
   <trkpt lat="47.077780000000004" lon="12.84242">
    <ele>2419.62</ele>
   </trkpt>
   <trkpt lat="47.07782" lon="12.84247">
    <ele>2419.62</ele>
   </trkpt>
   <trkpt lat="47.077940000000005" lon="12.842540000000001">
    <ele>2419.62</ele>
   </trkpt>
   <trkpt lat="47.07808000000001" lon="12.842530000000002">
    <ele>2422.1600000000003</ele>
   </trkpt>
   <trkpt lat="47.07817000000001" lon="12.842490000000002">
    <ele>2423.1000000000004</ele>
   </trkpt>
   <trkpt lat="47.07828000000001" lon="12.842340000000002">
    <ele>2424.83</ele>
   </trkpt>
   <trkpt lat="47.078340000000004" lon="12.842160000000002">
    <ele>2425.61</ele>
   </trkpt>
   <trkpt lat="47.078430000000004" lon="12.841690000000002">
    <ele>2428.38</ele>
   </trkpt>
   <trkpt lat="47.078630000000004" lon="12.8413">
    <ele>2430.4100000000003</ele>
   </trkpt>
   <trkpt lat="47.07889" lon="12.84096">
    <ele>2435.4900000000002</ele>
   </trkpt>
   <trkpt lat="47.07907" lon="12.84083">
    <ele>2435.4900000000002</ele>
   </trkpt>
   <trkpt lat="47.07916" lon="12.84074">
    <ele>2439.87</ele>
   </trkpt>
   <trkpt lat="47.07927" lon="12.840530000000001">
    <ele>2441.4200000000005</ele>
   </trkpt>
   <trkpt lat="47.0793" lon="12.84036">
    <ele>2442.4</ele>
   </trkpt>
   <trkpt lat="47.07927" lon="12.840090000000002">
    <ele>2445.67</ele>
   </trkpt>
   <trkpt lat="47.079060000000005" lon="12.8391">
    <ele>2452.36</ele>
   </trkpt>
   <trkpt lat="47.07893000000001" lon="12.838690000000001">
    <ele>2454.63</ele>
   </trkpt>
   <trkpt lat="47.078920000000004" lon="12.838540000000002">
    <ele>2454.87</ele>
   </trkpt>
   <trkpt lat="47.07894" lon="12.838470000000001">
    <ele>2455.3</ele>
   </trkpt>
   <trkpt lat="47.078990000000005" lon="12.838400000000002">
    <ele>2455.3</ele>
   </trkpt>
   <trkpt lat="47.07905" lon="12.83839">
    <ele>2455.3</ele>
   </trkpt>
   <trkpt lat="47.07911000000001" lon="12.838420000000001">
    <ele>2456.38</ele>
   </trkpt>
   <trkpt lat="47.079190000000004" lon="12.838600000000001">
    <ele>2456.78</ele>
   </trkpt>
   <trkpt lat="47.07922000000001" lon="12.838940000000001">
    <ele>2458.34</ele>
   </trkpt>
   <trkpt lat="47.07927" lon="12.83919">
    <ele>2460.2000000000003</ele>
   </trkpt>
   <trkpt lat="47.079530000000005" lon="12.83974">
    <ele>2464.2400000000002</ele>
   </trkpt>
   <trkpt lat="47.07963" lon="12.839900000000002">
    <ele>2469.77</ele>
   </trkpt>
   <trkpt lat="47.08025000000001" lon="12.840650000000002">
    <ele>2478.8</ele>
   </trkpt>
   <trkpt lat="47.080380000000005" lon="12.84083">
    <ele>2483.28</ele>
   </trkpt>
   <trkpt lat="47.08043000000001" lon="12.840950000000001">
    <ele>2483.28</ele>
   </trkpt>
   <trkpt lat="47.080620001693404" lon="12.84157499774968">
    <ele>2491.7400000000002</ele>
   </trkpt>
   <trkpt lat="47.08081000000001" lon="12.842200000000002">
    <ele>2496.6700000000005</ele>
   </trkpt>
   <trkpt lat="47.080890000000004" lon="12.842390000000002">
    <ele>2498.2000000000003</ele>
   </trkpt>
   <trkpt lat="47.081" lon="12.84252">
    <ele>2498.9800000000005</ele>
   </trkpt>
   <trkpt lat="47.08115" lon="12.842580000000002">
    <ele>2499.9</ele>
   </trkpt>
   <trkpt lat="47.081859999996595" lon="12.84256500059984">
    <ele>2499.6500000000005</ele>
   </trkpt>
   <trkpt lat="47.08256999999124" lon="12.842550000799893">
    <ele>2499.4900000000002</ele>
   </trkpt>
   <trkpt lat="47.08327999998393" lon="12.842535000600131">
    <ele>2500.6000000000004</ele>
   </trkpt>
   <trkpt lat="47.08399000000001" lon="12.84252">
    <ele>2498.86</ele>
   </trkpt>
   <trkpt lat="47.08431" lon="12.84246">
    <ele>2496.11</ele>
   </trkpt>
   <trkpt lat="47.08449" lon="12.842360000000001">
    <ele>2495.53</ele>
   </trkpt>
   <trkpt lat="47.084680000000006" lon="12.84223">
    <ele>2492.28</ele>
   </trkpt>
   <trkpt lat="47.084900000000005" lon="12.842">
    <ele>2488.23</ele>
   </trkpt>
   <trkpt lat="47.08503" lon="12.84181">
    <ele>2485.0800000000004</ele>
   </trkpt>
   <trkpt lat="47.08529" lon="12.8412">
    <ele>2475.7999999999997</ele>
   </trkpt>
   <trkpt lat="47.08545" lon="12.841030000000002">
    <ele>2475.7999999999997</ele>
   </trkpt>
   <trkpt lat="47.085550000000005" lon="12.84096">
    <ele>2475.7999999999997</ele>
   </trkpt>
   <trkpt lat="47.086290000000005" lon="12.840530000000001">
    <ele>2463.63</ele>
   </trkpt>
   <trkpt lat="47.08639" lon="12.840440000000001">
    <ele>2463.63</ele>
   </trkpt>
   <trkpt lat="47.08646" lon="12.84035">
    <ele>2459.78</ele>
   </trkpt>
   <trkpt lat="47.08652000000001" lon="12.84022">
    <ele>2459.78</ele>
   </trkpt>
   <trkpt lat="47.08655" lon="12.839910000000001">
    <ele>2456.15</ele>
   </trkpt>
   <trkpt lat="47.08653" lon="12.83975">
    <ele>2454.75</ele>
   </trkpt>
   <trkpt lat="47.086490000000005" lon="12.83961">
    <ele>2454.13</ele>
   </trkpt>
   <trkpt lat="47.0863" lon="12.839300000000001">
    <ele>2453.53</ele>
   </trkpt>
   <trkpt lat="47.0863" lon="12.8391">
    <ele>2453.4100000000003</ele>
   </trkpt>
   <trkpt lat="47.08634000000001" lon="12.83904">
    <ele>2453.1200000000003</ele>
   </trkpt>
   <trkpt lat="47.08643000000001" lon="12.83904">
    <ele>2452.67</ele>
   </trkpt>
   <trkpt lat="47.08653" lon="12.839150000000002">
    <ele>2452.08</ele>
   </trkpt>
   <trkpt lat="47.086690000000004" lon="12.839440000000002">
    <ele>2449.1800000000003</ele>
   </trkpt>
   <trkpt lat="47.08677" lon="12.83965">
    <ele>2446.6200000000003</ele>
   </trkpt>
   <trkpt lat="47.086800000000004" lon="12.839860000000002">
    <ele>2446.6200000000003</ele>
   </trkpt>
   <trkpt lat="47.08681000000001" lon="12.840440000000001">
    <ele>2443.74</ele>
   </trkpt>
   <trkpt lat="47.086850000000005" lon="12.840510000000002">
    <ele>2443.38</ele>
   </trkpt>
   <trkpt lat="47.08690000000001" lon="12.84055">
    <ele>2443.38</ele>
   </trkpt>
   <trkpt lat="47.086960000000005" lon="12.84054">
    <ele>2443.09</ele>
   </trkpt>
   <trkpt lat="47.08699000000001" lon="12.8405">
    <ele>2443.09</ele>
   </trkpt>
   <trkpt lat="47.08704" lon="12.84041">
    <ele>2442.69</ele>
   </trkpt>
   <trkpt lat="47.087050000000005" lon="12.84031">
    <ele>2442.1600000000003</ele>
   </trkpt>
   <trkpt lat="47.087035001919" lon="12.839644999571066">
    <ele>2438.0</ele>
   </trkpt>
   <trkpt lat="47.08702" lon="12.838980000000001">
    <ele>2435.15</ele>
   </trkpt>
   <trkpt lat="47.08710000000001" lon="12.83853">
    <ele>2433.0200000000004</ele>
   </trkpt>
   <trkpt lat="47.08719000000001" lon="12.83829">
    <ele>2433.0200000000004</ele>
   </trkpt>
   <trkpt lat="47.08733" lon="12.838080000000001">
    <ele>2431.15</ele>
   </trkpt>
   <trkpt lat="47.08742" lon="12.837980000000002">
    <ele>2429.6000000000004</ele>
   </trkpt>
   <trkpt lat="47.08757000000001" lon="12.837860000000001">
    <ele>2429.6000000000004</ele>
   </trkpt>
   <trkpt lat="47.08791" lon="12.837750000000002">
    <ele>2427.2200000000003</ele>
   </trkpt>
   <trkpt lat="47.08849000000001" lon="12.837700000000002">
    <ele>2424.7200000000003</ele>
   </trkpt>
   <trkpt lat="47.08876" lon="12.83773">
    <ele>2424.03</ele>
   </trkpt>
   <trkpt lat="47.08963000000001" lon="12.837980000000002">
    <ele>2419.6000000000004</ele>
   </trkpt>
   <trkpt lat="47.08990000000001" lon="12.83797">
    <ele>2417.17</ele>
   </trkpt>
   <trkpt lat="47.0906" lon="12.837650000000002">
    <ele>2408.82</ele>
   </trkpt>
   <trkpt lat="47.091440000000006" lon="12.83741">
    <ele>2398.48</ele>
   </trkpt>
   <trkpt lat="47.091770000000004" lon="12.83722">
    <ele>2393.06</ele>
   </trkpt>
   <trkpt lat="47.092200000000005" lon="12.836770000000001">
    <ele>2387.7900000000004</ele>
   </trkpt>
   <trkpt lat="47.09282" lon="12.83627">
    <ele>2380.61</ele>
   </trkpt>
   <trkpt lat="47.093270000000004" lon="12.835840000000001">
    <ele>2378.2400000000002</ele>
   </trkpt>
   <trkpt lat="47.093540000000004" lon="12.835500000000001">
    <ele>2374.9500000000003</ele>
   </trkpt>
   <trkpt lat="47.093700000000005" lon="12.83525">
    <ele>2374.9500000000003</ele>
   </trkpt>
   <trkpt lat="47.09398" lon="12.83473">
    <ele>2373.9100000000003</ele>
   </trkpt>
   <trkpt lat="47.0942" lon="12.834190000000001">
    <ele>2372.04</ele>
   </trkpt>
   <trkpt lat="47.09438" lon="12.83384">
    <ele>2370.1800000000003</ele>
   </trkpt>
   <trkpt lat="47.09452" lon="12.833660000000002">
    <ele>2368.1200000000003</ele>
   </trkpt>
   <trkpt lat="47.094730000000006" lon="12.833490000000001">
    <ele>2365.7700000000004</ele>
   </trkpt>
   <trkpt lat="47.094930000000005" lon="12.833380000000002">
    <ele>2362.71</ele>
   </trkpt>
   <trkpt lat="47.09507000000001" lon="12.833350000000001">
    <ele>2362.71</ele>
   </trkpt>
   <trkpt lat="47.09564" lon="12.833300000000001">
    <ele>2355.28</ele>
   </trkpt>
   <trkpt lat="47.096250000000005" lon="12.833070000000001">
    <ele>2347.2000000000003</ele>
   </trkpt>
   <trkpt lat="47.09644" lon="12.83303">
    <ele>2345.48</ele>
   </trkpt>
   <trkpt lat="47.097210000000004" lon="12.83303">
    <ele>2335.95</ele>
   </trkpt>
   <trkpt lat="47.09742000000001" lon="12.83309">
    <ele>2334.8500000000004</ele>
   </trkpt>
   <trkpt lat="47.097640000000006" lon="12.83322">
    <ele>2333.88</ele>
   </trkpt>
   <trkpt lat="47.09785" lon="12.83342">
    <ele>2333.4100000000003</ele>
   </trkpt>
   <trkpt lat="47.09835" lon="12.834280000000001">
    <ele>2331.8500000000004</ele>
   </trkpt>
   <trkpt lat="47.098440000000004" lon="12.834410000000002">
    <ele>2331.25</ele>
   </trkpt>
   <trkpt lat="47.098580000000005" lon="12.834570000000001">
    <ele>2331.0600000000004</ele>
   </trkpt>
   <trkpt lat="47.09919000000001" lon="12.835080000000001">
    <ele>2329.2900000000004</ele>
   </trkpt>
   <trkpt lat="47.099320000000006" lon="12.835220000000001">
    <ele>2329.05</ele>
   </trkpt>
   <trkpt lat="47.09953" lon="12.835640000000001">
    <ele>2328.05</ele>
   </trkpt>
   <trkpt lat="47.099610000000006" lon="12.836020000000001">
    <ele>2327.76</ele>
   </trkpt>
   <trkpt lat="47.09964" lon="12.836490000000001">
    <ele>2327.3300000000004</ele>
   </trkpt>
   <trkpt lat="47.09967" lon="12.836620000000002">
    <ele>2327.21</ele>
   </trkpt>
   <trkpt lat="47.09976" lon="12.83679">
    <ele>2326.82</ele>
   </trkpt>
   <trkpt lat="47.09989" lon="12.836920000000001">
    <ele>2326.27</ele>
   </trkpt>
   <trkpt lat="47.10038" lon="12.837180000000002">
    <ele>2324.0600000000004</ele>
   </trkpt>
   <trkpt lat="47.10056" lon="12.83721">
    <ele>2324.0600000000004</ele>
   </trkpt>
   <trkpt lat="47.10074" lon="12.83717">
    <ele>2323.0099999999998</ele>
   </trkpt>
   <trkpt lat="47.101040000000005" lon="12.837090000000002">
    <ele>2321.8300000000004</ele>
   </trkpt>
   <trkpt lat="47.101440000000004" lon="12.836920000000001">
    <ele>2317.3</ele>
   </trkpt>
   <trkpt lat="47.10163000000001" lon="12.836810000000002">
    <ele>2315.3</ele>
   </trkpt>
   <trkpt lat="47.10192000000001" lon="12.836590000000001">
    <ele>2313.39</ele>
   </trkpt>
   <trkpt lat="47.1024" lon="12.83619">
    <ele>2308.59</ele>
   </trkpt>
   <trkpt lat="47.10258" lon="12.836060000000002">
    <ele>2308.59</ele>
   </trkpt>
   <trkpt lat="47.10282" lon="12.835930000000001">
    <ele>2302.14</ele>
   </trkpt>
   <trkpt lat="47.10318" lon="12.83581">
    <ele>2302.14</ele>
   </trkpt>
   <trkpt lat="47.103880000000004" lon="12.83572">
    <ele>2299.05</ele>
   </trkpt>
   <trkpt lat="47.104060000000004" lon="12.835680000000002">
    <ele>2298.44</ele>
   </trkpt>
   <trkpt lat="47.10454000000001" lon="12.835460000000001">
    <ele>2296.9600000000005</ele>
   </trkpt>
   <trkpt lat="47.104780000000005" lon="12.835310000000002">
    <ele>2296.59</ele>
   </trkpt>
   <trkpt lat="47.105380000000004" lon="12.834790000000002">
    <ele>2292.8300000000004</ele>
   </trkpt>
   <trkpt lat="47.105630000000005" lon="12.834620000000001">
    <ele>2291.97</ele>
   </trkpt>
   <trkpt lat="47.10577000000001" lon="12.834560000000002">
    <ele>2291.46</ele>
   </trkpt>
   <trkpt lat="47.106350000000006" lon="12.834370000000002">
    <ele>2290.1800000000003</ele>
   </trkpt>
   <trkpt lat="47.106950000000005" lon="12.83411">
    <ele>2289.13</ele>
   </trkpt>
   <trkpt lat="47.10725" lon="12.834000000000001">
    <ele>2288.2900000000004</ele>
   </trkpt>
   <trkpt lat="47.1075" lon="12.833940000000002">
    <ele>2287.83</ele>
   </trkpt>
   <trkpt lat="47.107710000000004" lon="12.83393">
    <ele>2287.25</ele>
   </trkpt>
   <trkpt lat="47.10821000000001" lon="12.83397">
    <ele>2286.47</ele>
   </trkpt>
   <trkpt lat="47.108360000000005" lon="12.83397">
    <ele>2285.69</ele>
   </trkpt>
   <trkpt lat="47.108650000000004" lon="12.833910000000001">
    <ele>2284.79</ele>
   </trkpt>
   <trkpt lat="47.10873" lon="12.83388">
    <ele>2284.2200000000003</ele>
   </trkpt>
   <trkpt lat="47.10947" lon="12.833450000000001">
    <ele>2275.5400000000004</ele>
   </trkpt>
   <trkpt lat="47.109860000000005" lon="12.833200000000001">
    <ele>2271.15</ele>
   </trkpt>
   <trkpt lat="47.110420000000005" lon="12.832730000000002">
    <ele>2261.67</ele>
   </trkpt>
   <trkpt lat="47.11056000000001" lon="12.83266">
    <ele>2261.4300000000003</ele>
   </trkpt>
   <trkpt lat="47.110710000000005" lon="12.83261">
    <ele>2261.4300000000003</ele>
   </trkpt>
   <trkpt lat="47.11094000000001" lon="12.83261">
    <ele>2261.96</ele>
   </trkpt>
   <trkpt lat="47.11124" lon="12.832650000000001">
    <ele>2259.77</ele>
   </trkpt>
   <trkpt lat="47.11146" lon="12.832630000000002">
    <ele>2259.84</ele>
   </trkpt>
   <trkpt lat="47.11233000000001" lon="12.832440000000002">
    <ele>2259.17</ele>
   </trkpt>
   <trkpt lat="47.112680000000005" lon="12.83234">
    <ele>2258.8</ele>
   </trkpt>
   <trkpt lat="47.112860000000005" lon="12.8322">
    <ele>2259.98</ele>
   </trkpt>
   <trkpt lat="47.112950000000005" lon="12.83205">
    <ele>2261.06</ele>
   </trkpt>
   <trkpt lat="47.11298" lon="12.831930000000002">
    <ele>2261.06</ele>
   </trkpt>
   <trkpt lat="47.11299" lon="12.83172">
    <ele>2265.5800000000004</ele>
   </trkpt>
   <trkpt lat="47.11292" lon="12.831510000000002">
    <ele>2265.5800000000004</ele>
   </trkpt>
   <trkpt lat="47.112790000000004" lon="12.83131">
    <ele>2268.75</ele>
   </trkpt>
   <trkpt lat="47.11244000000001" lon="12.83093">
    <ele>2272.9600000000005</ele>
   </trkpt>
   <trkpt lat="47.112370000000006" lon="12.83083">
    <ele>2273.28</ele>
   </trkpt>
   <trkpt lat="47.112350000000006" lon="12.830670000000001">
    <ele>2273.9900000000002</ele>
   </trkpt>
   <trkpt lat="47.112370000000006" lon="12.8306">
    <ele>2274.1600000000003</ele>
   </trkpt>
   <trkpt lat="47.1124" lon="12.83056">
    <ele>2274.29</ele>
   </trkpt>
   <trkpt lat="47.11245" lon="12.830540000000001">
    <ele>2274.29</ele>
   </trkpt>
   <trkpt lat="47.11251" lon="12.83055">
    <ele>2274.7300000000005</ele>
   </trkpt>
   <trkpt lat="47.11276" lon="12.830770000000001">
    <ele>2275.9</ele>
   </trkpt>
   <trkpt lat="47.112880000000004" lon="12.830850000000002">
    <ele>2277.0800000000004</ele>
   </trkpt>
   <trkpt lat="47.1131" lon="12.830910000000001">
    <ele>2280.15</ele>
   </trkpt>
   <trkpt lat="47.11345000000001" lon="12.83092">
    <ele>2283.17</ele>
   </trkpt>
   <trkpt lat="47.113600000000005" lon="12.830940000000002">
    <ele>2284.05</ele>
   </trkpt>
   <trkpt lat="47.114070000000005" lon="12.83117">
    <ele>2289.4300000000003</ele>
   </trkpt>
   <trkpt lat="47.114180000000005" lon="12.83121">
    <ele>2290.7200000000003</ele>
   </trkpt>
   <trkpt lat="47.114270000000005" lon="12.831220000000002">
    <ele>2290.7200000000003</ele>
   </trkpt>
   <trkpt lat="47.11442" lon="12.8312">
    <ele>2291.89</ele>
   </trkpt>
   <trkpt lat="47.11491" lon="12.831080000000002">
    <ele>2295.92</ele>
   </trkpt>
   <trkpt lat="47.115140000000004" lon="12.831080000000002">
    <ele>2298.29</ele>
   </trkpt>
   <trkpt lat="47.115260000000006" lon="12.83111">
    <ele>2298.29</ele>
   </trkpt>
   <trkpt lat="47.11573000005568" lon="12.831309998183148">
    <ele>2302.3700000000003</ele>
   </trkpt>
   <trkpt lat="47.116200000000006" lon="12.831510000000002">
    <ele>2305.8900000000003</ele>
   </trkpt>
   <trkpt lat="47.116400000000006" lon="12.831650000000002">
    <ele>2309.59</ele>
   </trkpt>
   <trkpt lat="47.11661" lon="12.831900000000001">
    <ele>2312.8100000000004</ele>
   </trkpt>
   <trkpt lat="47.11684" lon="12.832310000000001">
    <ele>2316.3300000000004</ele>
   </trkpt>
   <trkpt lat="47.11704" lon="12.8327">
    <ele>2322.92</ele>
   </trkpt>
   <trkpt lat="47.11721000000001" lon="12.8329">
    <ele>2324.07</ele>
   </trkpt>
   <trkpt lat="47.117450000000005" lon="12.83303">
    <ele>2327.4</ele>
   </trkpt>
   <trkpt lat="47.117630000000005" lon="12.833050000000002">
    <ele>2329.72</ele>
   </trkpt>
   <trkpt lat="47.117830000000005" lon="12.83294">
    <ele>2333.93</ele>
   </trkpt>
   <trkpt lat="47.11797000000001" lon="12.832730000000002">
    <ele>2333.93</ele>
   </trkpt>
   <trkpt lat="47.11802" lon="12.83261">
    <ele>2337.61</ele>
   </trkpt>
   <trkpt lat="47.11806000000001" lon="12.83233">
    <ele>2339.9700000000003</ele>
   </trkpt>
   <trkpt lat="47.118050000000004" lon="12.8322">
    <ele>2341.09</ele>
   </trkpt>
   <trkpt lat="47.118" lon="12.83195">
    <ele>2342.1800000000003</ele>
   </trkpt>
   <trkpt lat="47.11782" lon="12.831600000000002">
    <ele>2346.94</ele>
   </trkpt>
   <trkpt lat="47.117670000000004" lon="12.8314">
    <ele>2349.12</ele>
   </trkpt>
   <trkpt lat="47.11753" lon="12.83126">
    <ele>2349.12</ele>
   </trkpt>
   <trkpt lat="47.11733" lon="12.83111">
    <ele>2353.63</ele>
   </trkpt>
   <trkpt lat="47.11717" lon="12.830850000000002">
    <ele>2355.98</ele>
   </trkpt>
   <trkpt lat="47.11712000000001" lon="12.830670000000001">
    <ele>2357.6</ele>
   </trkpt>
   <trkpt lat="47.117090000000005" lon="12.83041">
    <ele>2360.03</ele>
   </trkpt>
   <trkpt lat="47.117050000000006" lon="12.829500000000001">
    <ele>2366.41</ele>
   </trkpt>
   <trkpt lat="47.11706" lon="12.82872">
    <ele>2371.59</ele>
   </trkpt>
   <trkpt lat="47.117140000000006" lon="12.828240000000001">
    <ele>2376.56</ele>
   </trkpt>
   <trkpt lat="47.11713" lon="12.8275">
    <ele>2382.7900000000004</ele>
   </trkpt>
   <trkpt lat="47.117110000000004" lon="12.82732">
    <ele>2382.7900000000004</ele>
   </trkpt>
   <trkpt lat="47.11686" lon="12.826350000000001">
    <ele>2390.42</ele>
   </trkpt>
   <trkpt lat="47.116710000000005" lon="12.82595">
    <ele>2397.32</ele>
   </trkpt>
   <trkpt lat="47.11652" lon="12.825650000000001">
    <ele>2400.7500000000005</ele>
   </trkpt>
   <trkpt lat="47.11592" lon="12.824860000000001">
    <ele>2409.8900000000003</ele>
   </trkpt>
   <trkpt lat="47.115730000000006" lon="12.82468">
    <ele>2413.44</ele>
   </trkpt>
   <trkpt lat="47.115390000000005" lon="12.824470000000002">
    <ele>2415.88</ele>
   </trkpt>
   <trkpt lat="47.11527" lon="12.82432">
    <ele>2418.69</ele>
   </trkpt>
   <trkpt lat="47.11524000000001" lon="12.824100000000001">
    <ele>2419.57</ele>
   </trkpt>
   <trkpt lat="47.115260000000006" lon="12.824000000000002">
    <ele>2420.34</ele>
   </trkpt>
   <trkpt lat="47.11534" lon="12.82384">
    <ele>2420.97</ele>
   </trkpt>
   <trkpt lat="47.11545" lon="12.82379">
    <ele>2421.52</ele>
   </trkpt>
   <trkpt lat="47.11600500002582" lon="12.823775000155777">
    <ele>2421.9000000000005</ele>
   </trkpt>
   <trkpt lat="47.11656000000001" lon="12.823760000000002">
    <ele>2421.6000000000004</ele>
   </trkpt>
   <trkpt lat="47.1167" lon="12.8238">
    <ele>2421.26</ele>
   </trkpt>
   <trkpt lat="47.116780000000006" lon="12.823900000000002">
    <ele>2420.83</ele>
   </trkpt>
   <trkpt lat="47.11683000000001" lon="12.824050000000002">
    <ele>2419.7200000000003</ele>
   </trkpt>
   <trkpt lat="47.11693" lon="12.82502">
    <ele>2409.52</ele>
   </trkpt>
   <trkpt lat="47.116980000000005" lon="12.82535">
    <ele>2408.4</ele>
   </trkpt>
   <trkpt lat="47.11706" lon="12.825660000000001">
    <ele>2404.59</ele>
   </trkpt>
   <trkpt lat="47.117090000000005" lon="12.82585">
    <ele>2404.59</ele>
   </trkpt>
   <trkpt lat="47.117140000000006" lon="12.826540000000001">
    <ele>2397.9700000000003</ele>
   </trkpt>
   <trkpt lat="47.117200000000004" lon="12.826950000000002">
    <ele>2396.2100000000005</ele>
   </trkpt>
   <trkpt lat="47.117340000000006" lon="12.827380000000002">
    <ele>2395.9700000000003</ele>
   </trkpt>
   <trkpt lat="47.11746" lon="12.82765">
    <ele>2395.34</ele>
   </trkpt>
   <trkpt lat="47.117630000000005" lon="12.827980000000002">
    <ele>2392.05</ele>
   </trkpt>
   <trkpt lat="47.11771" lon="12.828090000000001">
    <ele>2392.05</ele>
   </trkpt>
   <trkpt lat="47.11784" lon="12.828190000000001">
    <ele>2388.65</ele>
   </trkpt>
   <trkpt lat="47.118030000000005" lon="12.8282">
    <ele>2386.54</ele>
   </trkpt>
   <trkpt lat="47.11825" lon="12.82807">
    <ele>2385.09</ele>
   </trkpt>
   <trkpt lat="47.11856" lon="12.827820000000001">
    <ele>2382.4300000000003</ele>
   </trkpt>
   <trkpt lat="47.118790000000004" lon="12.827670000000001">
    <ele>2376.19</ele>
   </trkpt>
   <trkpt lat="47.119330000000005" lon="12.827370000000002">
    <ele>2370.4700000000003</ele>
   </trkpt>
   <trkpt lat="47.11968" lon="12.82732">
    <ele>2369.15</ele>
   </trkpt>
   <trkpt lat="47.11975" lon="12.827280000000002">
    <ele>2368.58</ele>
   </trkpt>
   <trkpt lat="47.119800000000005" lon="12.82718">
    <ele>2368.19</ele>
   </trkpt>
   <trkpt lat="47.119780000000006" lon="12.82704">
    <ele>2367.7300000000005</ele>
   </trkpt>
   <trkpt lat="47.1197" lon="12.826960000000001">
    <ele>2367.48</ele>
   </trkpt>
   <trkpt lat="47.11928" lon="12.826910000000002">
    <ele>2364.98</ele>
   </trkpt>
   <trkpt lat="47.119040000000005" lon="12.826820000000001">
    <ele>2362.2500000000005</ele>
   </trkpt>
   <trkpt lat="47.11889" lon="12.826740000000001">
    <ele>2358.2500000000005</ele>
   </trkpt>
   <trkpt lat="47.11871000000001" lon="12.826580000000002">
    <ele>2356.88</ele>
   </trkpt>
   <trkpt lat="47.118640000000006" lon="12.826480000000002">
    <ele>2356.88</ele>
   </trkpt>
   <trkpt lat="47.118590000000005" lon="12.826360000000001">
    <ele>2356.88</ele>
   </trkpt>
   <trkpt lat="47.11854" lon="12.82609">
    <ele>2353.57</ele>
   </trkpt>
   <trkpt lat="47.118550000000006" lon="12.825790000000001">
    <ele>2350.5800000000004</ele>
   </trkpt>
   <trkpt lat="47.118590000000005" lon="12.825660000000001">
    <ele>2350.5800000000004</ele>
   </trkpt>
   <trkpt lat="47.11872" lon="12.82544">
    <ele>2349.01</ele>
   </trkpt>
   <trkpt lat="47.118790000000004" lon="12.825370000000001">
    <ele>2345.7700000000004</ele>
   </trkpt>
   <trkpt lat="47.118900000000004" lon="12.8253">
    <ele>2345.7700000000004</ele>
   </trkpt>
   <trkpt lat="47.118990000000004" lon="12.825280000000001">
    <ele>2343.5400000000004</ele>
   </trkpt>
   <trkpt lat="47.119150000000005" lon="12.82529">
    <ele>2340.6900000000005</ele>
   </trkpt>
   <trkpt lat="47.119460000000004" lon="12.825510000000001">
    <ele>2338.32</ele>
   </trkpt>
   <trkpt lat="47.11975" lon="12.82577">
    <ele>2336.3900000000003</ele>
   </trkpt>
   <trkpt lat="47.11981" lon="12.825790000000001">
    <ele>2336.3900000000003</ele>
   </trkpt>
   <trkpt lat="47.119870000000006" lon="12.825780000000002">
    <ele>2336.04</ele>
   </trkpt>
   <trkpt lat="47.119930000000004" lon="12.825640000000002">
    <ele>2335.62</ele>
   </trkpt>
   <trkpt lat="47.11992" lon="12.82554">
    <ele>2335.38</ele>
   </trkpt>
   <trkpt lat="47.11986" lon="12.825420000000001">
    <ele>2334.8500000000004</ele>
   </trkpt>
   <trkpt lat="47.119310000000006" lon="12.824950000000001">
    <ele>2329.57</ele>
   </trkpt>
   <trkpt lat="47.11923" lon="12.824910000000001">
    <ele>2329.0800000000004</ele>
   </trkpt>
   <trkpt lat="47.11898" lon="12.824850000000001">
    <ele>2328.4500000000003</ele>
   </trkpt>
   <trkpt lat="47.118860000000005" lon="12.824800000000002">
    <ele>2328.04</ele>
   </trkpt>
   <trkpt lat="47.11881" lon="12.82474">
    <ele>2327.76</ele>
   </trkpt>
   <trkpt lat="47.118790000000004" lon="12.82464">
    <ele>2327.56</ele>
   </trkpt>
   <trkpt lat="47.11882000000001" lon="12.82454">
    <ele>2327.05</ele>
   </trkpt>
   <trkpt lat="47.118880000000004" lon="12.824470000000002">
    <ele>2326.74</ele>
   </trkpt>
   <trkpt lat="47.11894" lon="12.82445">
    <ele>2326.06</ele>
   </trkpt>
   <trkpt lat="47.11954" lon="12.824530000000001">
    <ele>2319.43</ele>
   </trkpt>
   <trkpt lat="47.11981" lon="12.82454">
    <ele>2315.78</ele>
   </trkpt>
   <trkpt lat="47.120020000000004" lon="12.824470000000002">
    <ele>2312.3300000000004</ele>
   </trkpt>
   <trkpt lat="47.12046" lon="12.82426">
    <ele>2307.15</ele>
   </trkpt>
   <trkpt lat="47.120670000000004" lon="12.824160000000001">
    <ele>2305.94</ele>
   </trkpt>
   <trkpt lat="47.12073" lon="12.824110000000001">
    <ele>2305.94</ele>
   </trkpt>
   <trkpt lat="47.1208" lon="12.823970000000001">
    <ele>2303.73</ele>
   </trkpt>
   <trkpt lat="47.120810000000006" lon="12.823870000000001">
    <ele>2302.89</ele>
   </trkpt>
   <trkpt lat="47.12078" lon="12.823730000000001">
    <ele>2302.1200000000003</ele>
   </trkpt>
   <trkpt lat="47.12070000000001" lon="12.823630000000001">
    <ele>2301.07</ele>
   </trkpt>
   <trkpt lat="47.12046" lon="12.823450000000001">
    <ele>2298.7200000000003</ele>
   </trkpt>
   <trkpt lat="47.12039" lon="12.82333">
    <ele>2297.8500000000004</ele>
   </trkpt>
   <trkpt lat="47.12037" lon="12.823200000000002">
    <ele>2297.36</ele>
   </trkpt>
   <trkpt lat="47.12039" lon="12.82313">
    <ele>2296.32</ele>
   </trkpt>
   <trkpt lat="47.12046" lon="12.823010000000002">
    <ele>2295.22</ele>
   </trkpt>
   <trkpt lat="47.12053" lon="12.822970000000002">
    <ele>2295.22</ele>
   </trkpt>
   <trkpt lat="47.12059000000001" lon="12.822970000000002">
    <ele>2291.84</ele>
   </trkpt>
   <trkpt lat="47.12135000000001" lon="12.823160000000001">
    <ele>2285.25</ele>
   </trkpt>
   <trkpt lat="47.121500000000005" lon="12.823170000000001">
    <ele>2283.36</ele>
   </trkpt>
   <trkpt lat="47.121550000000006" lon="12.823160000000001">
    <ele>2282.34</ele>
   </trkpt>
   <trkpt lat="47.12167" lon="12.82309">
    <ele>2281.27</ele>
   </trkpt>
   <trkpt lat="47.121790000000004" lon="12.822930000000001">
    <ele>2279.56</ele>
   </trkpt>
   <trkpt lat="47.12187" lon="12.822680000000002">
    <ele>2277.7700000000004</ele>
   </trkpt>
   <trkpt lat="47.121880000000004" lon="12.82248">
    <ele>2273.52</ele>
   </trkpt>
   <trkpt lat="47.121840000000006" lon="12.822260000000002">
    <ele>2273.52</ele>
   </trkpt>
   <trkpt lat="47.12178" lon="12.82215">
    <ele>2271.17</ele>
   </trkpt>
   <trkpt lat="47.1214" lon="12.821600000000002">
    <ele>2265.3500000000004</ele>
   </trkpt>
   <trkpt lat="47.121300000000005" lon="12.821390000000001">
    <ele>2263.96</ele>
   </trkpt>
   <trkpt lat="47.121280000000006" lon="12.82122">
    <ele>2263.92</ele>
   </trkpt>
   <trkpt lat="47.12126000000001" lon="12.821060000000001">
    <ele>2262.78</ele>
   </trkpt>
   <trkpt lat="47.12129" lon="12.820810000000002">
    <ele>2260.2900000000004</ele>
   </trkpt>
   <trkpt lat="47.12136" lon="12.82056">
    <ele>2259.4</ele>
   </trkpt>
   <trkpt lat="47.121430000000004" lon="12.82042">
    <ele>2256.44</ele>
   </trkpt>
   <trkpt lat="47.12154" lon="12.820290000000002">
    <ele>2256.44</ele>
   </trkpt>
   <trkpt lat="47.12165" lon="12.820200000000002">
    <ele>2254.63</ele>
   </trkpt>
   <trkpt lat="47.121750000000006" lon="12.820160000000001">
    <ele>2254.13</ele>
   </trkpt>
   <trkpt lat="47.121880000000004" lon="12.82014">
    <ele>2251.88</ele>
   </trkpt>
   <trkpt lat="47.122580000000006" lon="12.820150000000002">
    <ele>2243.6800000000003</ele>
   </trkpt>
   <trkpt lat="47.122910000000005" lon="12.820060000000002">
    <ele>2239.56</ele>
   </trkpt>
   <trkpt lat="47.12341000000001" lon="12.819820000000002">
    <ele>2230.2200000000003</ele>
   </trkpt>
   <trkpt lat="47.123850000000004" lon="12.81976">
    <ele>2224.81</ele>
   </trkpt>
   <trkpt lat="47.12406000000001" lon="12.819690000000001">
    <ele>2224.81</ele>
   </trkpt>
   <trkpt lat="47.12478" lon="12.819300000000002">
    <ele>2212.06</ele>
   </trkpt>
   <trkpt lat="47.12491000000001" lon="12.819180000000001">
    <ele>2212.06</ele>
   </trkpt>
   <trkpt lat="47.12500000000001" lon="12.819070000000002">
    <ele>2210.3100000000004</ele>
   </trkpt>
   <trkpt lat="47.12511000000001" lon="12.818880000000002">
    <ele>2206.16</ele>
   </trkpt>
   <trkpt lat="47.125510000000006" lon="12.81783">
    <ele>2197.6400000000003</ele>
   </trkpt>
   <trkpt lat="47.12565000000001" lon="12.81731">
    <ele>2193.47</ele>
   </trkpt>
   <trkpt lat="47.125750000000004" lon="12.816590000000001">
    <ele>2188.8</ele>
   </trkpt>
   <trkpt lat="47.12581" lon="12.816310000000001">
    <ele>2188.04</ele>
   </trkpt>
   <trkpt lat="47.125870000000006" lon="12.816160000000002">
    <ele>2186.0699999999997</ele>
   </trkpt>
   <trkpt lat="47.12595" lon="12.81605">
    <ele>2185.23</ele>
   </trkpt>
   <trkpt lat="47.12612000000001" lon="12.815880000000002">
    <ele>2182.75</ele>
   </trkpt>
   <trkpt lat="47.126675000150996" lon="12.815655002375685">
    <ele>2175.57</ele>
   </trkpt>
   <trkpt lat="47.127230000000004" lon="12.815430000000001">
    <ele>2169.11</ele>
   </trkpt>
   <trkpt lat="47.127750000000006" lon="12.815150000000001">
    <ele>2164.9700000000003</ele>
   </trkpt>
   <trkpt lat="47.12794" lon="12.815090000000001">
    <ele>2161.48</ele>
   </trkpt>
   <trkpt lat="47.128040000000006" lon="12.815090000000001">
    <ele>2161.48</ele>
   </trkpt>
   <trkpt lat="47.12823" lon="12.815150000000001">
    <ele>2159.94</ele>
   </trkpt>
   <trkpt lat="47.12865" lon="12.81549">
    <ele>2156.4400000000005</ele>
   </trkpt>
   <trkpt lat="47.128750000000004" lon="12.81554">
    <ele>2156.4400000000005</ele>
   </trkpt>
   <trkpt lat="47.128780000000006" lon="12.815550000000002">
    <ele>2155.8700000000003</ele>
   </trkpt>
   <trkpt lat="47.128820000000005" lon="12.81554">
    <ele>2155.8700000000003</ele>
   </trkpt>
   <trkpt lat="47.128890000000006" lon="12.815430000000001">
    <ele>2154.65</ele>
   </trkpt>
   <trkpt lat="47.128890000000006" lon="12.815320000000002">
    <ele>2154.65</ele>
   </trkpt>
   <trkpt lat="47.128820000000005" lon="12.81517">
    <ele>2153.28</ele>
   </trkpt>
   <trkpt lat="47.1287" lon="12.815050000000001">
    <ele>2153.28</ele>
   </trkpt>
   <trkpt lat="47.128460000000004" lon="12.814890000000002">
    <ele>2150.5</ele>
   </trkpt>
   <trkpt lat="47.12787" lon="12.814350000000001">
    <ele>2141.15</ele>
   </trkpt>
   <trkpt lat="47.127460000000006" lon="12.81408">
    <ele>2137.1800000000003</ele>
   </trkpt>
   <trkpt lat="47.12713" lon="12.813930000000001">
    <ele>2135.12</ele>
   </trkpt>
   <trkpt lat="47.127" lon="12.8139">
    <ele>2132.48</ele>
   </trkpt>
   <trkpt lat="47.12635" lon="12.813880000000001">
    <ele>2124.87</ele>
   </trkpt>
   <trkpt lat="47.125910000000005" lon="12.81371">
    <ele>2120.6500000000005</ele>
   </trkpt>
   <trkpt lat="47.12579" lon="12.813680000000002">
    <ele>2119.8</ele>
   </trkpt>
   <trkpt lat="47.125460000000004" lon="12.813680000000002">
    <ele>2118.82</ele>
   </trkpt>
   <trkpt lat="47.12539" lon="12.81366">
    <ele>2118.82</ele>
   </trkpt>
   <trkpt lat="47.12534" lon="12.81362">
    <ele>2118.7</ele>
   </trkpt>
   <trkpt lat="47.12529000000001" lon="12.813500000000001">
    <ele>2118.4</ele>
   </trkpt>
   <trkpt lat="47.12532" lon="12.81338">
    <ele>2117.69</ele>
   </trkpt>
   <trkpt lat="47.125420000000005" lon="12.813300000000002">
    <ele>2117.07</ele>
   </trkpt>
   <trkpt lat="47.125820000000004" lon="12.813260000000001">
    <ele>2113.83</ele>
   </trkpt>
   <trkpt lat="47.126000000000005" lon="12.813210000000002">
    <ele>2109.76</ele>
   </trkpt>
   <trkpt lat="47.12619" lon="12.813130000000001">
    <ele>2108.7700000000004</ele>
   </trkpt>
   <trkpt lat="47.126310000000004" lon="12.813060000000002">
    <ele>2108.7700000000004</ele>
   </trkpt>
   <trkpt lat="47.12661000000001" lon="12.812790000000001">
    <ele>2103.54</ele>
   </trkpt>
   <trkpt lat="47.12679000000001" lon="12.812690000000002">
    <ele>2101.44</ele>
   </trkpt>
   <trkpt lat="47.12693" lon="12.81267">
    <ele>2099.2900000000004</ele>
   </trkpt>
   <trkpt lat="47.12727" lon="12.81273">
    <ele>2094.2700000000004</ele>
   </trkpt>
   <trkpt lat="47.127390000000005" lon="12.812710000000001">
    <ele>2094.2700000000004</ele>
   </trkpt>
   <trkpt lat="47.12751" lon="12.812660000000001">
    <ele>2092.63</ele>
   </trkpt>
   <trkpt lat="47.12778" lon="12.812420000000001">
    <ele>2089.03</ele>
   </trkpt>
   <trkpt lat="47.12792" lon="12.812360000000002">
    <ele>2087.9700000000003</ele>
   </trkpt>
   <trkpt lat="47.12812" lon="12.81235">
    <ele>2085.21</ele>
   </trkpt>
   <trkpt lat="47.12834" lon="12.812420000000001">
    <ele>2081.7900000000004</ele>
   </trkpt>
   <trkpt lat="47.1285" lon="12.81254">
    <ele>2080.92</ele>
   </trkpt>
   <trkpt lat="47.12856000000001" lon="12.81262">
    <ele>2080.12</ele>
   </trkpt>
   <trkpt lat="47.12876000000001" lon="12.812990000000001">
    <ele>2077.77</ele>
   </trkpt>
   <trkpt lat="47.12886" lon="12.81304">
    <ele>2077.17</ele>
   </trkpt>
   <trkpt lat="47.128910000000005" lon="12.813020000000002">
    <ele>2077.17</ele>
   </trkpt>
   <trkpt lat="47.12895" lon="12.812970000000002">
    <ele>2076.6</ele>
   </trkpt>
   <trkpt lat="47.128980000000006" lon="12.812880000000002">
    <ele>2076.6</ele>
   </trkpt>
   <trkpt lat="47.128980000000006" lon="12.812750000000001">
    <ele>2075.7100000000005</ele>
   </trkpt>
   <trkpt lat="47.12881" lon="12.812270000000002">
    <ele>2072.4500000000003</ele>
   </trkpt>
   <trkpt lat="47.128600000000006" lon="12.811950000000001">
    <ele>2069.6600000000003</ele>
   </trkpt>
   <trkpt lat="47.12845" lon="12.81179">
    <ele>2064.27</ele>
   </trkpt>
   <trkpt lat="47.128280000000004" lon="12.811670000000001">
    <ele>2064.27</ele>
   </trkpt>
   <trkpt lat="47.127860000000005" lon="12.811490000000001">
    <ele>2058.55</ele>
   </trkpt>
   <trkpt lat="47.12764000000001" lon="12.811370000000002">
    <ele>2052.2599999999998</ele>
   </trkpt>
   <trkpt lat="47.127030000000005" lon="12.810970000000001">
    <ele>2047.3000000000004</ele>
   </trkpt>
   <trkpt lat="47.126920000000005" lon="12.810920000000001">
    <ele>2044.3200000000004</ele>
   </trkpt>
   <trkpt lat="47.12677" lon="12.810920000000001">
    <ele>2044.3200000000004</ele>
   </trkpt>
   <trkpt lat="47.12657" lon="12.81099">
    <ele>2040.0500000000004</ele>
   </trkpt>
   <trkpt lat="47.12626" lon="12.811140000000002">
    <ele>2036.48</ele>
   </trkpt>
   <trkpt lat="47.126110000000004" lon="12.811160000000001">
    <ele>2032.26</ele>
   </trkpt>
   <trkpt lat="47.12601" lon="12.811150000000001">
    <ele>2032.26</ele>
   </trkpt>
   <trkpt lat="47.125840000000004" lon="12.811090000000002">
    <ele>2032.26</ele>
   </trkpt>
   <trkpt lat="47.12572" lon="12.81107">
    <ele>2027.6000000000001</ele>
   </trkpt>
   <trkpt lat="47.12554" lon="12.81108">
    <ele>2025.35</ele>
   </trkpt>
   <trkpt lat="47.125310000000006" lon="12.811190000000002">
    <ele>2024.2900000000002</ele>
   </trkpt>
   <trkpt lat="47.12507" lon="12.81127">
    <ele>2021.1499999999999</ele>
   </trkpt>
   <trkpt lat="47.124900000000004" lon="12.811250000000001">
    <ele>2019.3799999999999</ele>
   </trkpt>
   <trkpt lat="47.12446500025543" lon="12.811024998178317">
    <ele>2011.5500000000002</ele>
   </trkpt>
   <trkpt lat="47.124030000000005" lon="12.8108">
    <ele>2006.1100000000001</ele>
   </trkpt>
   <trkpt lat="47.123850000000004" lon="12.810690000000001">
    <ele>2004.4600000000003</ele>
   </trkpt>
   <trkpt lat="47.123720000000006" lon="12.81056">
    <ele>1999.8500000000001</ele>
   </trkpt>
   <trkpt lat="47.123400000000004" lon="12.810160000000002">
    <ele>1996.8300000000002</ele>
   </trkpt>
   <trkpt lat="47.12324" lon="12.810070000000001">
    <ele>1993.0400000000002</ele>
   </trkpt>
   <trkpt lat="47.12306" lon="12.810070000000001">
    <ele>1991.2500000000002</ele>
   </trkpt>
   <trkpt lat="47.12295" lon="12.810130000000001">
    <ele>1990.1000000000001</ele>
   </trkpt>
   <trkpt lat="47.122600000000006" lon="12.810400000000001">
    <ele>1985.2200000000003</ele>
   </trkpt>
   <trkpt lat="47.12248" lon="12.81047">
    <ele>1984.1000000000001</ele>
   </trkpt>
   <trkpt lat="47.12234" lon="12.810490000000001">
    <ele>1982.19</ele>
   </trkpt>
   <trkpt lat="47.12221" lon="12.81047">
    <ele>1982.19</ele>
   </trkpt>
   <trkpt lat="47.12205" lon="12.81037">
    <ele>1978.8700000000001</ele>
   </trkpt>
   <trkpt lat="47.121930000000006" lon="12.810150000000002">
    <ele>1978.8700000000001</ele>
   </trkpt>
   <trkpt lat="47.12189" lon="12.80986">
    <ele>1971.3700000000001</ele>
   </trkpt>
   <trkpt lat="47.121900000000004" lon="12.80971">
    <ele>1971.3700000000001</ele>
   </trkpt>
   <trkpt lat="47.121950000000005" lon="12.809540000000002">
    <ele>1971.3700000000001</ele>
   </trkpt>
   <trkpt lat="47.12203" lon="12.809420000000001">
    <ele>1965.3300000000002</ele>
   </trkpt>
   <trkpt lat="47.122260000000004" lon="12.809180000000001">
    <ele>1965.2500000000002</ele>
   </trkpt>
   <trkpt lat="47.12263" lon="12.808910000000001">
    <ele>1958.59</ele>
   </trkpt>
   <trkpt lat="47.122840000000004" lon="12.808790000000002">
    <ele>1955.9100000000003</ele>
   </trkpt>
   <trkpt lat="47.12303000000001" lon="12.808710000000001">
    <ele>1952.2</ele>
   </trkpt>
   <trkpt lat="47.1233" lon="12.808790000000002">
    <ele>1949.5700000000002</ele>
   </trkpt>
   <trkpt lat="47.12341000000001" lon="12.80887">
    <ele>1948.4</ele>
   </trkpt>
   <trkpt lat="47.123720000000006" lon="12.809270000000001">
    <ele>1943.5300000000002</ele>
   </trkpt>
   <trkpt lat="47.12384" lon="12.80938">
    <ele>1941.2300000000002</ele>
   </trkpt>
   <trkpt lat="47.12402" lon="12.809450000000002">
    <ele>1939.0500000000002</ele>
   </trkpt>
   <trkpt lat="47.124140000000004" lon="12.80944">
    <ele>1936.9900000000002</ele>
   </trkpt>
   <trkpt lat="47.124680000000005" lon="12.809220000000002">
    <ele>1931.8100000000002</ele>
   </trkpt>
   <trkpt lat="47.124930000000006" lon="12.809180000000001">
    <ele>1930.4200000000003</ele>
   </trkpt>
   <trkpt lat="47.12501" lon="12.809130000000001">
    <ele>1929.73</ele>
   </trkpt>
   <trkpt lat="47.12507" lon="12.809040000000001">
    <ele>1929.01</ele>
   </trkpt>
   <trkpt lat="47.125060000000005" lon="12.808860000000001">
    <ele>1928.5</ele>
   </trkpt>
   <trkpt lat="47.125020000000006" lon="12.80878">
    <ele>1928.5</ele>
   </trkpt>
   <trkpt lat="47.124950000000005" lon="12.80873">
    <ele>1927.9400000000003</ele>
   </trkpt>
   <trkpt lat="47.124880000000005" lon="12.80873">
    <ele>1927.34</ele>
   </trkpt>
   <trkpt lat="47.124520000000004" lon="12.808890000000002">
    <ele>1923.89</ele>
   </trkpt>
   <trkpt lat="47.12438" lon="12.808910000000001">
    <ele>1923.89</ele>
   </trkpt>
   <trkpt lat="47.12425" lon="12.808900000000001">
    <ele>1922.3000000000002</ele>
   </trkpt>
   <trkpt lat="47.12411" lon="12.808860000000001">
    <ele>1920.8300000000002</ele>
   </trkpt>
   <trkpt lat="47.123990000000006" lon="12.808790000000002">
    <ele>1920.1800000000003</ele>
   </trkpt>
   <trkpt lat="47.123850000000004" lon="12.80868">
    <ele>1919.21</ele>
   </trkpt>
   <trkpt lat="47.12373" lon="12.80854">
    <ele>1918.5600000000002</ele>
   </trkpt>
   <trkpt lat="47.12366" lon="12.808420000000002">
    <ele>1918.4</ele>
   </trkpt>
   <trkpt lat="47.123650000000005" lon="12.808300000000001">
    <ele>1917.99</ele>
   </trkpt>
   <trkpt lat="47.12370000000001" lon="12.80821">
    <ele>1917.4700000000003</ele>
   </trkpt>
   <trkpt lat="47.12375" lon="12.808180000000002">
    <ele>1917.4700000000003</ele>
   </trkpt>
   <trkpt lat="47.123830000000005" lon="12.80816">
    <ele>1916.88</ele>
   </trkpt>
   <trkpt lat="47.124500000000005" lon="12.808430000000001">
    <ele>1909.5900000000001</ele>
   </trkpt>
   <trkpt lat="47.12464000000001" lon="12.80846">
    <ele>1906.5900000000001</ele>
   </trkpt>
   <trkpt lat="47.124750000000006" lon="12.80845">
    <ele>1906.5900000000001</ele>
   </trkpt>
   <trkpt lat="47.124860000000005" lon="12.80841">
    <ele>1904.3100000000002</ele>
   </trkpt>
   <trkpt lat="47.124970000000005" lon="12.808320000000002">
    <ele>1903.2600000000002</ele>
   </trkpt>
   <trkpt lat="47.125260000000004" lon="12.80798">
    <ele>1899.1100000000001</ele>
   </trkpt>
   <trkpt lat="47.12536" lon="12.807900000000002">
    <ele>1898.14</ele>
   </trkpt>
   <trkpt lat="47.12545" lon="12.807860000000002">
    <ele>1898.14</ele>
   </trkpt>
   <trkpt lat="47.12583" lon="12.807830000000001">
    <ele>1892.27</ele>
   </trkpt>
   <trkpt lat="47.12623000000001" lon="12.807710000000002">
    <ele>1886.88</ele>
   </trkpt>
   <trkpt lat="47.12644" lon="12.807670000000002">
    <ele>1886.88</ele>
   </trkpt>
   <trkpt lat="47.126630000000006" lon="12.80766">
    <ele>1882.89</ele>
   </trkpt>
   <trkpt lat="47.12731" lon="12.8077">
    <ele>1874.44</ele>
   </trkpt>
   <trkpt lat="47.127570000000006" lon="12.807690000000001">
    <ele>1874.44</ele>
   </trkpt>
   <trkpt lat="47.12821" lon="12.80747">
    <ele>1867.13</ele>
   </trkpt>
   <trkpt lat="47.128875000112096" lon="12.80735500142837">
    <ele>1858.17</ele>
   </trkpt>
   <trkpt lat="47.129540000000006" lon="12.80724">
    <ele>1850.9</ele>
   </trkpt>
   <trkpt lat="47.13008000000001" lon="12.807100000000002">
    <ele>1844.5200000000002</ele>
   </trkpt>
   <trkpt lat="47.130280000000006" lon="12.80709">
    <ele>1844.5200000000002</ele>
   </trkpt>
   <trkpt lat="47.130750000000006" lon="12.807120000000001">
    <ele>1837.0700000000002</ele>
   </trkpt>
   <trkpt lat="47.130880000000005" lon="12.807160000000001">
    <ele>1835.5800000000002</ele>
   </trkpt>
   <trkpt lat="47.13101" lon="12.807250000000002">
    <ele>1834.5300000000002</ele>
   </trkpt>
   <trkpt lat="47.131220000000006" lon="12.80747">
    <ele>1830.2300000000002</ele>
   </trkpt>
   <trkpt lat="47.131350000000005" lon="12.807540000000001">
    <ele>1829.19</ele>
   </trkpt>
   <trkpt lat="47.13195" lon="12.807680000000001">
    <ele>1823.5</ele>
   </trkpt>
   <trkpt lat="47.132160000000006" lon="12.807760000000002">
    <ele>1821.89</ele>
   </trkpt>
   <trkpt lat="47.132310000000004" lon="12.80784">
    <ele>1820.3300000000002</ele>
   </trkpt>
   <trkpt lat="47.13259" lon="12.808060000000001">
    <ele>1813.65</ele>
   </trkpt>
   <trkpt lat="47.133140000000004" lon="12.80859">
    <ele>1808.24</ele>
   </trkpt>
   <trkpt lat="47.13338" lon="12.80877">
    <ele>1804.9400000000003</ele>
   </trkpt>
   <trkpt lat="47.133500000000005" lon="12.808800000000002">
    <ele>1802.8400000000001</ele>
   </trkpt>
   <trkpt lat="47.13389" lon="12.808800000000002">
    <ele>1799.26</ele>
   </trkpt>
   <trkpt lat="47.134310000000006" lon="12.80892">
    <ele>1793.29</ele>
   </trkpt>
   <trkpt lat="47.134550000000004" lon="12.809040000000001">
    <ele>1791.2500000000002</ele>
   </trkpt>
   <trkpt lat="47.13495" lon="12.809310000000002">
    <ele>1788.2600000000002</ele>
   </trkpt>
   <trkpt lat="47.135040000000004" lon="12.80935">
    <ele>1785.23</ele>
   </trkpt>
   <trkpt lat="47.135130000000004" lon="12.809330000000001">
    <ele>1785.23</ele>
   </trkpt>
   <trkpt lat="47.13517" lon="12.80929">
    <ele>1785.23</ele>
   </trkpt>
   <trkpt lat="47.135200000000005" lon="12.8092">
    <ele>1784.63</ele>
   </trkpt>
   <trkpt lat="47.13519" lon="12.809120000000002">
    <ele>1784.63</ele>
   </trkpt>
   <trkpt lat="47.13514000000001" lon="12.80902">
    <ele>1783.3200000000002</ele>
   </trkpt>
   <trkpt lat="47.13508" lon="12.808980000000002">
    <ele>1783.3200000000002</ele>
   </trkpt>
   <trkpt lat="47.13479" lon="12.80888">
    <ele>1781.7900000000002</ele>
   </trkpt>
   <trkpt lat="47.134690000000006" lon="12.808800000000002">
    <ele>1780.28</ele>
   </trkpt>
   <trkpt lat="47.134550000000004" lon="12.80863">
    <ele>1777.97</ele>
   </trkpt>
   <trkpt lat="47.134370000000004" lon="12.80835">
    <ele>1776.48</ele>
   </trkpt>
   <trkpt lat="47.134220000000006" lon="12.80817">
    <ele>1773.3700000000001</ele>
   </trkpt>
   <trkpt lat="47.13401" lon="12.80799">
    <ele>1770.5400000000002</ele>
   </trkpt>
   <trkpt lat="47.13353" lon="12.807670000000002">
    <ele>1767.9900000000002</ele>
   </trkpt>
   <trkpt lat="47.13345" lon="12.80756">
    <ele>1767.63</ele>
   </trkpt>
   <trkpt lat="47.13344000000001" lon="12.807400000000001">
    <ele>1767.1200000000001</ele>
   </trkpt>
   <trkpt lat="47.13353" lon="12.80728">
    <ele>1765.74</ele>
   </trkpt>
   <trkpt lat="47.133610000000004" lon="12.80728">
    <ele>1764.9800000000002</ele>
   </trkpt>
   <trkpt lat="47.13374" lon="12.807340000000002">
    <ele>1763.7900000000002</ele>
   </trkpt>
   <trkpt lat="47.133990000000004" lon="12.80751">
    <ele>1762.0800000000002</ele>
   </trkpt>
   <trkpt lat="47.134100000000004" lon="12.80756">
    <ele>1759.98</ele>
   </trkpt>
   <trkpt lat="47.134370000000004" lon="12.807630000000001">
    <ele>1758.45</ele>
   </trkpt>
   <trkpt lat="47.13485000000001" lon="12.80766">
    <ele>1751.1000000000001</ele>
   </trkpt>
   <trkpt lat="47.135090000000005" lon="12.807710000000002">
    <ele>1748.1000000000001</ele>
   </trkpt>
   <trkpt lat="47.13524" lon="12.807760000000002">
    <ele>1746.55</ele>
   </trkpt>
   <trkpt lat="47.135780000000004" lon="12.80803">
    <ele>1739.72</ele>
   </trkpt>
   <trkpt lat="47.13591" lon="12.80808">
    <ele>1739.72</ele>
   </trkpt>
   <trkpt lat="47.136070000000004" lon="12.808110000000001">
    <ele>1737.75</ele>
   </trkpt>
   <trkpt lat="47.13657499999837" lon="12.808169999428124">
    <ele>1732.5100000000002</ele>
   </trkpt>
   <trkpt lat="47.137080000000005" lon="12.808230000000002">
    <ele>1724.5700000000002</ele>
   </trkpt>
   <trkpt lat="47.137260000000005" lon="12.808280000000002">
    <ele>1724.5700000000002</ele>
   </trkpt>
   <trkpt lat="47.13776000026442" lon="12.808534997592687">
    <ele>1720.47</ele>
   </trkpt>
   <trkpt lat="47.13826" lon="12.808790000000002">
    <ele>1713.47</ele>
   </trkpt>
   <trkpt lat="47.138600000000004" lon="12.808990000000001">
    <ele>1709.0400000000002</ele>
   </trkpt>
   <trkpt lat="47.1388" lon="12.809180000000001">
    <ele>1706.43</ele>
   </trkpt>
   <trkpt lat="47.13929" lon="12.80972">
    <ele>1698.0400000000002</ele>
   </trkpt>
   <trkpt lat="47.139680000000006" lon="12.810010000000002">
    <ele>1694.26</ele>
   </trkpt>
   <trkpt lat="47.14011500054053" lon="12.810304997696184">
    <ele>1687.34</ele>
   </trkpt>
   <trkpt lat="47.140550000000005" lon="12.8106">
    <ele>1681.3200000000002</ele>
   </trkpt>
   <trkpt lat="47.14072" lon="12.810730000000001">
    <ele>1679.7400000000002</ele>
   </trkpt>
   <trkpt lat="47.140890000000006" lon="12.8109">
    <ele>1679.7400000000002</ele>
   </trkpt>
   <trkpt lat="47.141380000000005" lon="12.811560000000002">
    <ele>1671.14</ele>
   </trkpt>
   <trkpt lat="47.141510000000004" lon="12.811700000000002">
    <ele>1669.25</ele>
   </trkpt>
   <trkpt lat="47.142250000000004" lon="12.812190000000001">
    <ele>1659.65</ele>
   </trkpt>
   <trkpt lat="47.14238" lon="12.812330000000001">
    <ele>1659.65</ele>
   </trkpt>
   <trkpt lat="47.14247" lon="12.812460000000002">
    <ele>1654.63</ele>
   </trkpt>
   <trkpt lat="47.142590000000006" lon="12.81272">
    <ele>1654.63</ele>
   </trkpt>
   <trkpt lat="47.14267" lon="12.81309">
    <ele>1648.6100000000001</ele>
   </trkpt>
   <trkpt lat="47.14271" lon="12.813400000000001">
    <ele>1646.9</ele>
   </trkpt>
   <trkpt lat="47.14274" lon="12.813910000000002">
    <ele>1642.8500000000001</ele>
   </trkpt>
   <trkpt lat="47.14278" lon="12.81413">
    <ele>1641.3500000000001</ele>
   </trkpt>
   <trkpt lat="47.143" lon="12.81465">
    <ele>1636.65</ele>
   </trkpt>
   <trkpt lat="47.14312" lon="12.815230000000001">
    <ele>1633.6100000000001</ele>
   </trkpt>
   <trkpt lat="47.14322000000001" lon="12.815420000000001">
    <ele>1632.9300000000003</ele>
   </trkpt>
   <trkpt lat="47.1433" lon="12.81549">
    <ele>1632.9000000000003</ele>
   </trkpt>
   <trkpt lat="47.143390000000004" lon="12.81553">
    <ele>1633.01</ele>
   </trkpt>
   <trkpt lat="47.143510000000006" lon="12.815520000000001">
    <ele>1629.15</ele>
   </trkpt>
   <trkpt lat="47.143950000000004" lon="12.815360000000002">
    <ele>1628.02</ele>
   </trkpt>
   <trkpt lat="47.144220000000004" lon="12.815230000000001">
    <ele>1626.95</ele>
   </trkpt>
   <trkpt lat="47.14434000000001" lon="12.815140000000001">
    <ele>1626.95</ele>
   </trkpt>
   <trkpt lat="47.14446" lon="12.81497">
    <ele>1624.5800000000002</ele>
   </trkpt>
   <trkpt lat="47.14472000000001" lon="12.81431">
    <ele>1622.3400000000001</ele>
   </trkpt>
   <trkpt lat="47.144800000000004" lon="12.81423">
    <ele>1621.14</ele>
   </trkpt>
   <trkpt lat="47.144920000000006" lon="12.814200000000001">
    <ele>1619.5900000000001</ele>
   </trkpt>
   <trkpt lat="47.145270000000004" lon="12.814350000000001">
    <ele>1613.8300000000002</ele>
   </trkpt>
   <trkpt lat="47.145430000000005" lon="12.81436">
    <ele>1613.8300000000002</ele>
   </trkpt>
   <trkpt lat="47.14562" lon="12.81432">
    <ele>1610.74</ele>
   </trkpt>
   <trkpt lat="47.14584000000001" lon="12.814210000000001">
    <ele>1607.7400000000002</ele>
   </trkpt>
   <trkpt lat="47.14636" lon="12.813880000000001">
    <ele>1602.6</ele>
   </trkpt>
   <trkpt lat="47.14667000000001" lon="12.813540000000001">
    <ele>1598.41</ele>
   </trkpt>
   <trkpt lat="47.14674" lon="12.813500000000001">
    <ele>1597.94</ele>
   </trkpt>
   <trkpt lat="47.14687000000001" lon="12.813500000000001">
    <ele>1596.93</ele>
   </trkpt>
   <trkpt lat="47.14699" lon="12.81356">
    <ele>1594.3</ele>
   </trkpt>
   <trkpt lat="47.14721" lon="12.813780000000001">
    <ele>1591.0700000000002</ele>
   </trkpt>
   <trkpt lat="47.14735" lon="12.81385">
    <ele>1589.6100000000001</ele>
   </trkpt>
   <trkpt lat="47.147490000000005" lon="12.81385">
    <ele>1588.72</ele>
   </trkpt>
   <trkpt lat="47.147960000000005" lon="12.81371">
    <ele>1584.51</ele>
   </trkpt>
   <trkpt lat="47.14810000000001" lon="12.81371">
    <ele>1582.84</ele>
   </trkpt>
   <trkpt lat="47.14818" lon="12.81375">
    <ele>1582.84</ele>
   </trkpt>
   <trkpt lat="47.148270000000004" lon="12.813860000000002">
    <ele>1581.5400000000002</ele>
   </trkpt>
   <trkpt lat="47.14835" lon="12.814050000000002">
    <ele>1580.64</ele>
   </trkpt>
   <trkpt lat="47.14847" lon="12.814620000000001">
    <ele>1575.53</ele>
   </trkpt>
   <trkpt lat="47.14856" lon="12.814850000000002">
    <ele>1574.4300000000003</ele>
   </trkpt>
   <trkpt lat="47.148610000000005" lon="12.81488">
    <ele>1573.95</ele>
   </trkpt>
   <trkpt lat="47.14871" lon="12.814910000000001">
    <ele>1573.95</ele>
   </trkpt>
   <trkpt lat="47.1488" lon="12.814900000000002">
    <ele>1573.95</ele>
   </trkpt>
   <trkpt lat="47.14889" lon="12.81483">
    <ele>1572.27</ele>
   </trkpt>
   <trkpt lat="47.149100000000004" lon="12.814530000000001">
    <ele>1571.43</ele>
   </trkpt>
   <trkpt lat="47.14918" lon="12.814470000000002">
    <ele>1570.3600000000001</ele>
   </trkpt>
   <trkpt lat="47.14925" lon="12.814440000000001">
    <ele>1569.53</ele>
   </trkpt>
   <trkpt lat="47.14938" lon="12.814440000000001">
    <ele>1569.53</ele>
   </trkpt>
   <trkpt lat="47.14992" lon="12.8146">
    <ele>1563.35</ele>
   </trkpt>
   <trkpt lat="47.150020000000005" lon="12.81465">
    <ele>1562.4900000000002</ele>
   </trkpt>
   <trkpt lat="47.150090000000006" lon="12.814720000000001">
    <ele>1562.4900000000002</ele>
   </trkpt>
   <trkpt lat="47.150330000000004" lon="12.81511">
    <ele>1556.44</ele>
   </trkpt>
   <trkpt lat="47.15048" lon="12.815280000000001">
    <ele>1556.44</ele>
   </trkpt>
   <trkpt lat="47.15061" lon="12.815380000000001">
    <ele>1553.8200000000002</ele>
   </trkpt>
   <trkpt lat="47.15077" lon="12.815460000000002">
    <ele>1553.8200000000002</ele>
   </trkpt>
   <trkpt lat="47.150890000000004" lon="12.81549">
    <ele>1551.4800000000002</ele>
   </trkpt>
   <trkpt lat="47.151030000000006" lon="12.815500000000002">
    <ele>1550.5700000000002</ele>
   </trkpt>
   <trkpt lat="47.151390000000006" lon="12.8154">
    <ele>1545.5500000000002</ele>
   </trkpt>
   <trkpt lat="47.15157000000001" lon="12.815380000000001">
    <ele>1545.5500000000002</ele>
   </trkpt>
   <trkpt lat="47.15227" lon="12.81553">
    <ele>1538.93</ele>
   </trkpt>
   <trkpt lat="47.15252" lon="12.815620000000001">
    <ele>1535.5500000000002</ele>
   </trkpt>
   <trkpt lat="47.152620000000006" lon="12.815710000000001">
    <ele>1534.61</ele>
   </trkpt>
   <trkpt lat="47.152770000000004" lon="12.815930000000002">
    <ele>1531.97</ele>
   </trkpt>
   <trkpt lat="47.152820000000006" lon="12.81606">
    <ele>1531.26</ele>
   </trkpt>
   <trkpt lat="47.1529" lon="12.816440000000002">
    <ele>1530.1</ele>
   </trkpt>
   <trkpt lat="47.152950000000004" lon="12.816550000000001">
    <ele>1529.39</ele>
   </trkpt>
   <trkpt lat="47.153040000000004" lon="12.816590000000001">
    <ele>1529.22</ele>
   </trkpt>
   <trkpt lat="47.153090000000006" lon="12.816580000000002">
    <ele>1529.22</ele>
   </trkpt>
   <trkpt lat="47.153150000000004" lon="12.81643">
    <ele>1528.8100000000002</ele>
   </trkpt>
   <trkpt lat="47.153130000000004" lon="12.816310000000001">
    <ele>1527.2700000000002</ele>
   </trkpt>
   <trkpt lat="47.15299" lon="12.816030000000001">
    <ele>1525.71</ele>
   </trkpt>
   <trkpt lat="47.15285" lon="12.81563">
    <ele>1523.5400000000002</ele>
   </trkpt>
   <trkpt lat="47.15272" lon="12.81544">
    <ele>1519.92</ele>
   </trkpt>
   <trkpt lat="47.152230000610565" lon="12.81498999560256">
    <ele>1512.85</ele>
   </trkpt>
   <trkpt lat="47.151740000000004" lon="12.814540000000001">
    <ele>1505.33</ele>
   </trkpt>
   <trkpt lat="47.15146000000001" lon="12.81418">
    <ele>1501.47</ele>
   </trkpt>
   <trkpt lat="47.15109" lon="12.813500000000001">
    <ele>1490.9</ele>
   </trkpt>
   <trkpt lat="47.15093" lon="12.813270000000001">
    <ele>1490.9</ele>
   </trkpt>
   <trkpt lat="47.150200000000005" lon="12.812610000000001">
    <ele>1478.3000000000002</ele>
   </trkpt>
   <trkpt lat="47.150090000000006" lon="12.812550000000002">
    <ele>1477.06</ele>
   </trkpt>
   <trkpt lat="47.14996000000001" lon="12.812520000000001">
    <ele>1476.88</ele>
   </trkpt>
   <trkpt lat="47.14972" lon="12.812510000000001">
    <ele>1476.8000000000002</ele>
   </trkpt>
   <trkpt lat="47.149640000000005" lon="12.812450000000002">
    <ele>1476.7500000000002</ele>
   </trkpt>
   <trkpt lat="47.14961" lon="12.812330000000001">
    <ele>1476.18</ele>
   </trkpt>
   <trkpt lat="47.149640000000005" lon="12.81221">
    <ele>1475.2800000000002</ele>
   </trkpt>
   <trkpt lat="47.1497" lon="12.81215">
    <ele>1475.2800000000002</ele>
   </trkpt>
   <trkpt lat="47.15005000000001" lon="12.81211">
    <ele>1471.93</ele>
   </trkpt>
   <trkpt lat="47.15016000000001" lon="12.81206">
    <ele>1469.66</ele>
   </trkpt>
   <trkpt lat="47.15032" lon="12.81192">
    <ele>1467.43</ele>
   </trkpt>
   <trkpt lat="47.150420000000004" lon="12.811860000000001">
    <ele>1467.43</ele>
   </trkpt>
   <trkpt lat="47.15052000000001" lon="12.81183">
    <ele>1464.59</ele>
   </trkpt>
   <trkpt lat="47.150650000000006" lon="12.811850000000002">
    <ele>1464.59</ele>
   </trkpt>
   <trkpt lat="47.150870000000005" lon="12.811980000000002">
    <ele>1461.0</ele>
   </trkpt>
   <trkpt lat="47.15119000000001" lon="12.812240000000001">
    <ele>1455.0900000000001</ele>
   </trkpt>
   <trkpt lat="47.151540000000004" lon="12.812640000000002">
    <ele>1448.66</ele>
   </trkpt>
   <trkpt lat="47.151650000000004" lon="12.81268">
    <ele>1447.51</ele>
   </trkpt>
   <trkpt lat="47.151900000000005" lon="12.81273">
    <ele>1444.35</ele>
   </trkpt>
   <trkpt lat="47.15202000000001" lon="12.812800000000001">
    <ele>1443.48</ele>
   </trkpt>
   <trkpt lat="47.152100000000004" lon="12.812880000000002">
    <ele>1442.43</ele>
   </trkpt>
   <trkpt lat="47.15229" lon="12.813210000000002">
    <ele>1441.51</ele>
   </trkpt>
   <trkpt lat="47.152390000000004" lon="12.81324">
    <ele>1440.6100000000001</ele>
   </trkpt>
   <trkpt lat="47.152440000000006" lon="12.81323">
    <ele>1440.6100000000001</ele>
   </trkpt>
   <trkpt lat="47.15247" lon="12.813200000000002">
    <ele>1440.2100000000003</ele>
   </trkpt>
   <trkpt lat="47.1525" lon="12.813130000000001">
    <ele>1440.2100000000003</ele>
   </trkpt>
   <trkpt lat="47.15251000000001" lon="12.813060000000002">
    <ele>1439.75</ele>
   </trkpt>
   <trkpt lat="47.152460000000005" lon="12.8129">
    <ele>1439.21</ele>
   </trkpt>
   <trkpt lat="47.15240000000001" lon="12.81282">
    <ele>1438.5500000000002</ele>
   </trkpt>
   <trkpt lat="47.152240000000006" lon="12.812690000000002">
    <ele>1436.8200000000002</ele>
   </trkpt>
   <trkpt lat="47.15213000000001" lon="12.812570000000001">
    <ele>1435.7700000000002</ele>
   </trkpt>
   <trkpt lat="47.151770000000006" lon="12.81207">
    <ele>1428.5500000000002</ele>
   </trkpt>
   <trkpt lat="47.151680000000006" lon="12.81187">
    <ele>1425.45</ele>
   </trkpt>
   <trkpt lat="47.15155000000001" lon="12.81146">
    <ele>1425.45</ele>
   </trkpt>
   <trkpt lat="47.15147" lon="12.811280000000002">
    <ele>1419.39</ele>
   </trkpt>
   <trkpt lat="47.15129" lon="12.810970000000001">
    <ele>1418.15</ele>
   </trkpt>
   <trkpt lat="47.15106" lon="12.81066">
    <ele>1414.98</ele>
   </trkpt>
   <trkpt lat="47.150830000000006" lon="12.810440000000002">
    <ele>1408.02</ele>
   </trkpt>
   <trkpt lat="47.15054000000001" lon="12.81024">
    <ele>1405.22</ele>
   </trkpt>
   <trkpt lat="47.15039" lon="12.810170000000001">
    <ele>1403.2300000000002</ele>
   </trkpt>
   <trkpt lat="47.150020000000005" lon="12.810060000000002">
    <ele>1400.73</ele>
   </trkpt>
   <trkpt lat="47.14996000000001" lon="12.810020000000002">
    <ele>1400.73</ele>
   </trkpt>
   <trkpt lat="47.149910000000006" lon="12.80986">
    <ele>1400.05</ele>
   </trkpt>
   <trkpt lat="47.14992" lon="12.809800000000001">
    <ele>1400.05</ele>
   </trkpt>
   <trkpt lat="47.14999" lon="12.80971">
    <ele>1399.13</ele>
   </trkpt>
   <trkpt lat="47.15008" lon="12.809690000000002">
    <ele>1398.7800000000002</ele>
   </trkpt>
   <trkpt lat="47.15034000000001" lon="12.809780000000002">
    <ele>1395.46</ele>
   </trkpt>
   <trkpt lat="47.15043000000001" lon="12.809790000000001">
    <ele>1395.46</ele>
   </trkpt>
   <trkpt lat="47.15072000000001" lon="12.80977">
    <ele>1392.64</ele>
   </trkpt>
   <trkpt lat="47.15090000000001" lon="12.809800000000001">
    <ele>1389.4</ele>
   </trkpt>
   <trkpt lat="47.15113" lon="12.80991">
    <ele>1386.4</ele>
   </trkpt>
   <trkpt lat="47.151590000000006" lon="12.810220000000001">
    <ele>1378.27</ele>
   </trkpt>
   <trkpt lat="47.151720000000005" lon="12.810260000000001">
    <ele>1375.97</ele>
   </trkpt>
   <trkpt lat="47.1522" lon="12.81028">
    <ele>1369.6200000000001</ele>
   </trkpt>
   <trkpt lat="47.152370000000005" lon="12.81032">
    <ele>1368.53</ele>
   </trkpt>
   <trkpt lat="47.15249000000001" lon="12.81037">
    <ele>1367.4</ele>
   </trkpt>
   <trkpt lat="47.153290000000005" lon="12.810960000000001">
    <ele>1354.17</ele>
   </trkpt>
   <trkpt lat="47.153420000000004" lon="12.81103">
    <ele>1354.17</ele>
   </trkpt>
   <trkpt lat="47.15359" lon="12.81108">
    <ele>1352.38</ele>
   </trkpt>
   <trkpt lat="47.15401000000001" lon="12.811140000000002">
    <ele>1345.5700000000002</ele>
   </trkpt>
   <trkpt lat="47.154210000000006" lon="12.81122">
    <ele>1344.43</ele>
   </trkpt>
   <trkpt lat="47.1544" lon="12.81136">
    <ele>1341.5</ele>
   </trkpt>
   <trkpt lat="47.154500000000006" lon="12.811470000000002">
    <ele>1336.74</ele>
   </trkpt>
   <trkpt lat="47.15467" lon="12.811720000000001">
    <ele>1336.74</ele>
   </trkpt>
   <trkpt lat="47.154860000000006" lon="12.812040000000001">
    <ele>1332.75</ele>
   </trkpt>
   <trkpt lat="47.15498" lon="12.812190000000001">
    <ele>1329.4</ele>
   </trkpt>
   <trkpt lat="47.15511" lon="12.812270000000002">
    <ele>1328.3100000000002</ele>
   </trkpt>
   <trkpt lat="47.15543" lon="12.812330000000001">
    <ele>1324.6100000000001</ele>
   </trkpt>
   <trkpt lat="47.15556" lon="12.81244">
    <ele>1324.6100000000001</ele>
   </trkpt>
   <trkpt lat="47.155710000000006" lon="12.81272">
    <ele>1320.2500000000002</ele>
   </trkpt>
   <trkpt lat="47.15583" lon="12.813120000000001">
    <ele>1317.08</ele>
   </trkpt>
   <trkpt lat="47.155840000000005" lon="12.81334">
    <ele>1317.08</ele>
   </trkpt>
   <trkpt lat="47.15576" lon="12.813820000000002">
    <ele>1310.45</ele>
   </trkpt>
   <trkpt lat="47.155750000000005" lon="12.813960000000002">
    <ele>1310.45</ele>
   </trkpt>
   <trkpt lat="47.15579" lon="12.814160000000001">
    <ele>1308.28</ele>
   </trkpt>
   <trkpt lat="47.155860000000004" lon="12.81427">
    <ele>1307.23</ele>
   </trkpt>
   <trkpt lat="47.15597" lon="12.814330000000002">
    <ele>1307.1100000000001</ele>
   </trkpt>
   <trkpt lat="47.156090000000006" lon="12.81431">
    <ele>1305.5</ele>
   </trkpt>
   <trkpt lat="47.156150000000004" lon="12.81427">
    <ele>1304.48</ele>
   </trkpt>
   <trkpt lat="47.15621" lon="12.814190000000002">
    <ele>1304.48</ele>
   </trkpt>
   <trkpt lat="47.15637" lon="12.813830000000001">
    <ele>1300.5800000000002</ele>
   </trkpt>
   <trkpt lat="47.156470000000006" lon="12.8137">
    <ele>1299.0400000000002</ele>
   </trkpt>
   <trkpt lat="47.156600000000005" lon="12.813600000000001">
    <ele>1297.4</ele>
   </trkpt>
   <trkpt lat="47.156870000000005" lon="12.81348">
    <ele>1293.98</ele>
   </trkpt>
   <trkpt lat="47.157050000000005" lon="12.813320000000001">
    <ele>1291.74</ele>
   </trkpt>
   <trkpt lat="47.15722" lon="12.81309">
    <ele>1287.98</ele>
   </trkpt>
   <trkpt lat="47.15742" lon="12.81263">
    <ele>1283.16</ele>
   </trkpt>
   <trkpt lat="47.157500000000006" lon="12.812500000000002">
    <ele>1283.16</ele>
   </trkpt>
   <trkpt lat="47.157610000000005" lon="12.812410000000002">
    <ele>1280.71</ele>
   </trkpt>
   <trkpt lat="47.157720000000005" lon="12.812380000000001">
    <ele>1280.71</ele>
   </trkpt>
   <trkpt lat="47.15784000000001" lon="12.81243">
    <ele>1279.1800000000003</ele>
   </trkpt>
   <trkpt lat="47.15795000000001" lon="12.81254">
    <ele>1277.0900000000001</ele>
   </trkpt>
   <trkpt lat="47.1582" lon="12.813">
    <ele>1269.41</ele>
   </trkpt>
   <trkpt lat="47.15833000000001" lon="12.813180000000001">
    <ele>1269.41</ele>
   </trkpt>
   <trkpt lat="47.15849" lon="12.81328">
    <ele>1268.42</ele>
   </trkpt>
   <trkpt lat="47.15887000000001" lon="12.813350000000002">
    <ele>1265.03</ele>
   </trkpt>
   <trkpt lat="47.159060000000004" lon="12.81343">
    <ele>1260.0</ele>
   </trkpt>
   <trkpt lat="47.15981000000001" lon="12.813920000000001">
    <ele>1252.72</ele>
   </trkpt>
   <trkpt lat="47.16028000000001" lon="12.814330000000002">
    <ele>1246.89</ele>
   </trkpt>
   <trkpt lat="47.16044" lon="12.814440000000001">
    <ele>1244.82</ele>
   </trkpt>
   <trkpt lat="47.16075000000001" lon="12.814570000000002">
    <ele>1241.2500000000002</ele>
   </trkpt>
   <trkpt lat="47.1611950000678" lon="12.814729998644184">
    <ele>1236.5300000000002</ele>
   </trkpt>
   <trkpt lat="47.161640000000006" lon="12.814890000000002">
    <ele>1229.95</ele>
   </trkpt>
   <trkpt lat="47.162180000000006" lon="12.815190000000001">
    <ele>1223.8500000000001</ele>
   </trkpt>
   <trkpt lat="47.162400000000005" lon="12.815280000000001">
    <ele>1223.8500000000001</ele>
   </trkpt>
   <trkpt lat="47.16266" lon="12.815320000000002">
    <ele>1218.8700000000001</ele>
   </trkpt>
   <trkpt lat="47.163450000000005" lon="12.81534">
    <ele>1210.48</ele>
   </trkpt>
   <trkpt lat="47.16402" lon="12.815430000000001">
    <ele>1197.4900000000002</ele>
   </trkpt>
   <trkpt lat="47.164170000000006" lon="12.815430000000001">
    <ele>1197.4900000000002</ele>
   </trkpt>
   <trkpt lat="47.16429" lon="12.815410000000002">
    <ele>1197.4900000000002</ele>
   </trkpt>
   <trkpt lat="47.1644" lon="12.815380000000001">
    <ele>1197.4900000000002</ele>
   </trkpt>
   <trkpt lat="47.16492" lon="12.815040000000002">
    <ele>1187.77</ele>
   </trkpt>
   <trkpt lat="47.165150000000004" lon="12.81493">
    <ele>1185.88</ele>
   </trkpt>
   <trkpt lat="47.16592000000001" lon="12.81487">
    <ele>1175.1299999999999</ele>
   </trkpt>
   <trkpt lat="47.16642" lon="12.81478">
    <ele>1169.01</ele>
   </trkpt>
   <trkpt lat="47.16695000000001" lon="12.81464">
    <ele>1162.3400000000001</ele>
   </trkpt>
   <trkpt lat="47.16715000000001" lon="12.81456">
    <ele>1161.3200000000002</ele>
   </trkpt>
   <trkpt lat="47.16767" lon="12.814290000000002">
    <ele>1155.8700000000001</ele>
   </trkpt>
   <trkpt lat="47.167790000000004" lon="12.814210000000001">
    <ele>1155.0900000000001</ele>
   </trkpt>
   <trkpt lat="47.168260000000004" lon="12.813860000000002">
    <ele>1153.16</ele>
   </trkpt>
   <trkpt lat="47.168530000000004" lon="12.813690000000001">
    <ele>1152.0400000000002</ele>
   </trkpt>
   <trkpt lat="47.168780000000005" lon="12.813600000000001">
    <ele>1154.41</ele>
   </trkpt>
   <trkpt lat="47.16901000000001" lon="12.81357">
    <ele>1153.71</ele>
   </trkpt>
   <trkpt lat="47.16924" lon="12.81361">
    <ele>1152.95</ele>
   </trkpt>
   <trkpt lat="47.1694" lon="12.81366">
    <ele>1151.6200000000001</ele>
   </trkpt>
   <trkpt lat="47.1696" lon="12.813780000000001">
    <ele>1151.6200000000001</ele>
   </trkpt>
   <trkpt lat="47.169990000000006" lon="12.814140000000002">
    <ele>1150.2400000000002</ele>
   </trkpt>
   <trkpt lat="47.17065" lon="12.814860000000001">
    <ele>1146.86</ele>
   </trkpt>
   <trkpt lat="47.171230001052194" lon="12.815354994582409">
    <ele>1145.5700000000002</ele>
   </trkpt>
   <trkpt lat="47.17181" lon="12.815850000000001">
    <ele>1144.1100000000001</ele>
   </trkpt>
   <trkpt lat="47.17239000000001" lon="12.816460000000001">
    <ele>1142.91</ele>
   </trkpt>
   <trkpt lat="47.172610000000006" lon="12.816590000000001">
    <ele>1142.65</ele>
   </trkpt>
   <trkpt lat="47.173300000000005" lon="12.816790000000001">
    <ele>1142.42</ele>
   </trkpt>
   <trkpt lat="47.17372" lon="12.816870000000002">
    <ele>1142.44</ele>
   </trkpt>
   <trkpt lat="47.17407" lon="12.816870000000002">
    <ele>1142.7200000000003</ele>
   </trkpt>
   <trkpt lat="47.17441" lon="12.816930000000001">
    <ele>1142.8400000000001</ele>
   </trkpt>
   <trkpt lat="47.174580000000006" lon="12.81703">
    <ele>1142.8400000000001</ele>
   </trkpt>
   <trkpt lat="47.174760000000006" lon="12.817250000000001">
    <ele>1142.8700000000001</ele>
   </trkpt>
   <trkpt lat="47.17506" lon="12.817710000000002">
    <ele>1142.92</ele>
   </trkpt>
   <trkpt lat="47.17573" lon="12.8184">
    <ele>1140.8200000000002</ele>
   </trkpt>
   <trkpt lat="47.175900000000006" lon="12.818520000000001">
    <ele>1140.5200000000002</ele>
   </trkpt>
   <trkpt lat="47.176320000000004" lon="12.81854">
    <ele>1138.97</ele>
   </trkpt>
   <trkpt lat="47.17653000000001" lon="12.81863">
    <ele>1137.98</ele>
   </trkpt>
   <trkpt lat="47.17685" lon="12.81887">
    <ele>1136.46</ele>
   </trkpt>
   <trkpt lat="47.177200000000006" lon="12.819080000000001">
    <ele>1133.8799999999999</ele>
   </trkpt>
   <trkpt lat="47.177600000000005" lon="12.819270000000001">
    <ele>1128.74</ele>
   </trkpt>
   <trkpt lat="47.177800000000005" lon="12.819420000000001">
    <ele>1126.91</ele>
   </trkpt>
   <trkpt lat="47.17815500145584" lon="12.819984996329076">
    <ele>1121.5300000000002</ele>
   </trkpt>
   <trkpt lat="47.17851" lon="12.82055">
    <ele>1119.21</ele>
   </trkpt>
   <trkpt lat="47.178650000000005" lon="12.820720000000001">
    <ele>1118.98</ele>
   </trkpt>
   <trkpt lat="47.17897000000001" lon="12.820950000000002">
    <ele>1118.46</ele>
   </trkpt>
   <trkpt lat="47.17915000000001" lon="12.821010000000001">
    <ele>1118.29</ele>
   </trkpt>
   <trkpt lat="47.179300000000005" lon="12.82103">
    <ele>1118.17</ele>
   </trkpt>
   <trkpt lat="47.18014" lon="12.821040000000002">
    <ele>1115.2300000000002</ele>
   </trkpt>
   <trkpt lat="47.180400000000006" lon="12.821090000000002">
    <ele>1113.97</ele>
   </trkpt>
   <trkpt lat="47.180670000000006" lon="12.821280000000002">
    <ele>1110.27</ele>
   </trkpt>
   <trkpt lat="47.180910000000004" lon="12.821570000000001">
    <ele>1108.0800000000002</ele>
   </trkpt>
   <trkpt lat="47.181180000000005" lon="12.822090000000001">
    <ele>1100.53</ele>
   </trkpt>
   <trkpt lat="47.181380000000004" lon="12.822410000000001">
    <ele>1100.53</ele>
   </trkpt>
   <trkpt lat="47.18162" lon="12.82266">
    <ele>1095.3300000000002</ele>
   </trkpt>
   <trkpt lat="47.181830000000005" lon="12.822780000000002">
    <ele>1092.5800000000002</ele>
   </trkpt>
   <trkpt lat="47.181990000000006" lon="12.822840000000001">
    <ele>1091.2700000000002</ele>
   </trkpt>
   <trkpt lat="47.1822" lon="12.822880000000001">
    <ele>1089.7100000000003</ele>
   </trkpt>
   <trkpt lat="47.182480000000005" lon="12.822890000000001">
    <ele>1087.3000000000002</ele>
   </trkpt>
   <trkpt lat="47.18272" lon="12.822930000000001">
    <ele>1085.5400000000002</ele>
   </trkpt>
   <trkpt lat="47.18292" lon="12.823">
    <ele>1084.46</ele>
   </trkpt>
   <trkpt lat="47.18307" lon="12.82309">
    <ele>1082.1000000000001</ele>
   </trkpt>
   <trkpt lat="47.18366" lon="12.82352">
    <ele>1076.5200000000002</ele>
   </trkpt>
   <trkpt lat="47.18385000000001" lon="12.823570000000002">
    <ele>1075.3400000000001</ele>
   </trkpt>
   <trkpt lat="47.18419" lon="12.823570000000002">
    <ele>1071.43</ele>
   </trkpt>
   <trkpt lat="47.18455" lon="12.82371">
    <ele>1068.41</ele>
   </trkpt>
   <trkpt lat="47.184920000000005" lon="12.82389">
    <ele>1064.7900000000002</ele>
   </trkpt>
   <trkpt lat="47.18533" lon="12.824050000000002">
    <ele>1061.8100000000002</ele>
   </trkpt>
   <trkpt lat="47.18569" lon="12.82417">
    <ele>1059.46</ele>
   </trkpt>
   <trkpt lat="47.18591000000001" lon="12.824190000000002">
    <ele>1058.7000000000003</ele>
   </trkpt>
   <trkpt lat="47.18607" lon="12.824340000000001">
    <ele>1057.05</ele>
   </trkpt>
   <trkpt lat="47.186170000000004" lon="12.824480000000001">
    <ele>1056.27</ele>
   </trkpt>
   <trkpt lat="47.186510000000006" lon="12.825130000000001">
    <ele>1053.55</ele>
   </trkpt>
   <trkpt lat="47.18667000000001" lon="12.825360000000002">
    <ele>1053.5400000000002</ele>
   </trkpt>
   <trkpt lat="47.186870000000006" lon="12.825500000000002">
    <ele>1051.55</ele>
   </trkpt>
   <trkpt lat="47.187090000000005" lon="12.82554">
    <ele>1049.3400000000001</ele>
   </trkpt>
   <trkpt lat="47.18723000000001" lon="12.825510000000001">
    <ele>1048.77</ele>
   </trkpt>
   <trkpt lat="47.187430000000006" lon="12.825410000000002">
    <ele>1048.01</ele>
   </trkpt>
   <trkpt lat="47.187580000000004" lon="12.8253">
    <ele>1046.74</ele>
   </trkpt>
   <trkpt lat="47.18768000000001" lon="12.825260000000002">
    <ele>1046.2900000000002</ele>
   </trkpt>
   <trkpt lat="47.187920000000005" lon="12.82521">
    <ele>1045.3100000000002</ele>
   </trkpt>
   <trkpt lat="47.1885699998966" lon="12.82530499881576">
    <ele>1041.8400000000001</ele>
   </trkpt>
   <trkpt lat="47.189220000000006" lon="12.825400000000002">
    <ele>1035.96</ele>
   </trkpt>
   <trkpt lat="47.189530000000005" lon="12.82557">
    <ele>1033.02</ele>
   </trkpt>
   <trkpt lat="47.18988" lon="12.82595">
    <ele>1027.8200000000002</ele>
   </trkpt>
   <trkpt lat="47.19024" lon="12.826130000000001">
    <ele>1024.19</ele>
   </trkpt>
   <trkpt lat="47.19111" lon="12.826360000000001">
    <ele>1013.1100000000001</ele>
   </trkpt>
   <trkpt lat="47.191320000000005" lon="12.826480000000002">
    <ele>1009.29</ele>
   </trkpt>
   <trkpt lat="47.191680000000005" lon="12.826820000000001">
    <ele>1004.78</ele>
   </trkpt>
   <trkpt lat="47.191970000000005" lon="12.827020000000001">
    <ele>1002.2800000000001</ele>
   </trkpt>
   <trkpt lat="47.192320000947916" lon="12.827519996502907">
    <ele>998.09</ele>
   </trkpt>
   <trkpt lat="47.19267000000001" lon="12.82802">
    <ele>993.9300000000001</ele>
   </trkpt>
   <trkpt lat="47.192910000000005" lon="12.828320000000001">
    <ele>987.47</ele>
   </trkpt>
   <trkpt lat="47.19339" lon="12.829020000000002">
    <ele>981.38</ele>
   </trkpt>
   <trkpt lat="47.19368" lon="12.829820000000002">
    <ele>972.0600000000001</ele>
   </trkpt>
   <trkpt lat="47.19384" lon="12.830140000000002">
    <ele>969.3900000000001</ele>
   </trkpt>
   <trkpt lat="47.1942" lon="12.83073">
    <ele>962.8000000000001</ele>
   </trkpt>
   <trkpt lat="47.194410000000005" lon="12.83098">
    <ele>960.59</ele>
   </trkpt>
   <trkpt lat="47.19464000000001" lon="12.8312">
    <ele>958.2900000000001</ele>
   </trkpt>
   <trkpt lat="47.195150000000005" lon="12.83158">
    <ele>953.4</ele>
   </trkpt>
   <trkpt lat="47.19572" lon="12.83209">
    <ele>945.0400000000001</ele>
   </trkpt>
   <trkpt lat="47.19606" lon="12.83247">
    <ele>942.1800000000001</ele>
   </trkpt>
   <trkpt lat="47.1963850012248" lon="12.83295499733012">
    <ele>935.21</ele>
   </trkpt>
   <trkpt lat="47.19671" lon="12.833440000000001">
    <ele>929.4000000000001</ele>
   </trkpt>
   <trkpt lat="47.19708000000001" lon="12.833660000000002">
    <ele>925.37</ele>
   </trkpt>
   <trkpt lat="47.197390000000006" lon="12.833800000000002">
    <ele>922.32</ele>
   </trkpt>
   <trkpt lat="47.197720000000004" lon="12.83403">
    <ele>917.21</ele>
   </trkpt>
   <trkpt lat="47.19820000000001" lon="12.83417">
    <ele>911.88</ele>
   </trkpt>
   <trkpt lat="47.198550000000004" lon="12.834100000000001">
    <ele>906.7100000000002</ele>
   </trkpt>
   <trkpt lat="47.19897" lon="12.83392">
    <ele>902.7900000000001</ele>
   </trkpt>
   <trkpt lat="47.19919" lon="12.833900000000002">
    <ele>902.7900000000001</ele>
   </trkpt>
   <trkpt lat="47.19967500008637" lon="12.83400999900213">
    <ele>893.69</ele>
   </trkpt>
   <trkpt lat="47.200160000000004" lon="12.83412">
    <ele>890.09</ele>
   </trkpt>
   <trkpt lat="47.20029" lon="12.83411">
    <ele>888.57</ele>
   </trkpt>
   <trkpt lat="47.20055000000001" lon="12.834050000000001">
    <ele>884.75</ele>
   </trkpt>
   <trkpt lat="47.20107000015034" lon="12.833870001760975">
    <ele>878.99</ele>
   </trkpt>
   <trkpt lat="47.20159" lon="12.83369">
    <ele>874.97</ele>
   </trkpt>
   <trkpt lat="47.201890000000006" lon="12.833530000000001">
    <ele>873.09</ele>
   </trkpt>
   <trkpt lat="47.202420000000004" lon="12.83308">
    <ele>870.92</ele>
   </trkpt>
   <trkpt lat="47.20257" lon="12.83299">
    <ele>870.23</ele>
   </trkpt>
   <trkpt lat="47.202830000000006" lon="12.832910000000002">
    <ele>869.5600000000001</ele>
   </trkpt>
   <trkpt lat="47.203715000012046" lon="12.832815001587763">
    <ele>862.83</ele>
   </trkpt>
   <trkpt lat="47.204600000000006" lon="12.832720000000002">
    <ele>857.6700000000001</ele>
   </trkpt>
   <trkpt lat="47.20525000000001" lon="12.832680000000002">
    <ele>854.6400000000001</ele>
   </trkpt>
   <trkpt lat="47.20561000000001" lon="12.83271">
    <ele>853.35</ele>
   </trkpt>
   <trkpt lat="47.206010000000006" lon="12.832780000000001">
    <ele>852.34</ele>
   </trkpt>
   <trkpt lat="47.206210000000006" lon="12.832770000000002">
    <ele>851.86</ele>
   </trkpt>
   <trkpt lat="47.20704250062103" lon="12.832552510239935">
    <ele>849.01</ele>
   </trkpt>
   <trkpt lat="47.20787500083048" lon="12.832335013652887">
    <ele>847.16</ele>
   </trkpt>
   <trkpt lat="47.208707500628314" lon="12.832117510238445">
    <ele>844.5100000000001</ele>
   </trkpt>
   <trkpt lat="47.209540000000004" lon="12.831900000000001">
    <ele>843.46</ele>
   </trkpt>
   <trkpt lat="47.20975000000001" lon="12.83186">
    <ele>841.9700000000001</ele>
   </trkpt>
   <trkpt lat="47.21036" lon="12.831800000000001">
    <ele>839.9700000000001</ele>
   </trkpt>
   <trkpt lat="47.21074" lon="12.831690000000002">
    <ele>839.83</ele>
   </trkpt>
   <trkpt lat="47.2111" lon="12.83149">
    <ele>839.64</ele>
   </trkpt>
   <trkpt lat="47.21137" lon="12.83131">
    <ele>839.5</ele>
   </trkpt>
   <trkpt lat="47.211670000000005" lon="12.83106">
    <ele>839.32</ele>
   </trkpt>
   <trkpt lat="47.21211000098202" lon="12.830610003630081">
    <ele>838.8700000000001</ele>
   </trkpt>
   <trkpt lat="47.21255000000001" lon="12.830160000000001">
    <ele>838.33</ele>
   </trkpt>
   <trkpt lat="47.21301500121162" lon="12.829620004800972">
    <ele>836.33</ele>
   </trkpt>
   <trkpt lat="47.213480000000004" lon="12.829080000000001">
    <ele>834.5400000000001</ele>
   </trkpt>
   <trkpt lat="47.214000000000006" lon="12.828700000000001">
    <ele>831.67</ele>
   </trkpt>
   <trkpt lat="47.214560000000006" lon="12.828470000000001">
    <ele>830.59</ele>
   </trkpt>
   <trkpt lat="47.21522333390715" lon="12.828230005978085">
    <ele>829.2</ele>
   </trkpt>
   <trkpt lat="47.21588666731316" lon="12.82799000595189">
    <ele>828.5300000000001</ele>
   </trkpt>
   <trkpt lat="47.216550000000005" lon="12.827750000000002">
    <ele>828.03</ele>
   </trkpt>
   <trkpt lat="47.217330000000004" lon="12.82765">
    <ele>826.98</ele>
   </trkpt>
   <trkpt lat="47.217850000000006" lon="12.827620000000001">
    <ele>826.09</ele>
   </trkpt>
   <trkpt lat="47.21815" lon="12.827700000000002">
    <ele>825.4</ele>
   </trkpt>
   <trkpt lat="47.21866000000001" lon="12.827720000000001">
    <ele>823.3100000000001</ele>
   </trkpt>
   <trkpt lat="47.21911" lon="12.82765">
    <ele>822.4</ele>
   </trkpt>
   <trkpt lat="47.219440000000006" lon="12.827490000000001">
    <ele>822.0500000000001</ele>
   </trkpt>
   <trkpt lat="47.22007000000001" lon="12.82712">
    <ele>821.3900000000001</ele>
   </trkpt>
   <trkpt lat="47.220530000000004" lon="12.827000000000002">
    <ele>820.98</ele>
   </trkpt>
   <trkpt lat="47.22117" lon="12.82689">
    <ele>820.27</ele>
   </trkpt>
   <trkpt lat="47.2218" lon="12.826720000000002">
    <ele>819.58</ele>
   </trkpt>
   <trkpt lat="47.22196" lon="12.8267">
    <ele>819.58</ele>
   </trkpt>
   <trkpt lat="47.22256" lon="12.826740000000001">
    <ele>818.59</ele>
   </trkpt>
   <trkpt lat="47.22292" lon="12.826740000000001">
    <ele>818.59</ele>
   </trkpt>
   <trkpt lat="47.22345000015524" lon="12.826705000340015">
    <ele>818.01</ele>
   </trkpt>
   <trkpt lat="47.223980000000005" lon="12.826670000000002">
    <ele>817.57</ele>
   </trkpt>
   <trkpt lat="47.22449" lon="12.826620000000002">
    <ele>817.6800000000001</ele>
   </trkpt>
   <trkpt lat="47.225010000000005" lon="12.82651">
    <ele>817.5400000000001</ele>
   </trkpt>
   <trkpt lat="47.225620000000006" lon="12.826360000000001">
    <ele>815.2600000000001</ele>
   </trkpt>
   <trkpt lat="47.22612" lon="12.82637">
    <ele>814.52</ele>
   </trkpt>
   <trkpt lat="47.226350000000004" lon="12.826400000000001">
    <ele>814.22</ele>
   </trkpt>
   <trkpt lat="47.2267" lon="12.826540000000001">
    <ele>813.8700000000001</ele>
   </trkpt>
   <trkpt lat="47.227500000000006" lon="12.826820000000001">
    <ele>813.59</ele>
   </trkpt>
   <trkpt lat="47.227920000000005" lon="12.826920000000001">
    <ele>813.46</ele>
   </trkpt>
   <trkpt lat="47.22873000001817" lon="12.826934999771087">
    <ele>812.94</ele>
   </trkpt>
   <trkpt lat="47.22954000000001" lon="12.826950000000002">
    <ele>812.6000000000001</ele>
   </trkpt>
   <trkpt lat="47.229780000000005" lon="12.82698">
    <ele>812.5600000000001</ele>
   </trkpt>
   <trkpt lat="47.22995" lon="12.82693">
    <ele>812.1</ele>
   </trkpt>
   <trkpt lat="47.23019" lon="12.82679">
    <ele>812.1</ele>
   </trkpt>
   <trkpt lat="47.23066000091903" lon="12.826350003829983">
    <ele>811.6800000000001</ele>
   </trkpt>
   <trkpt lat="47.23113000000001" lon="12.82591">
    <ele>811.46</ele>
   </trkpt>
   <trkpt lat="47.231640000000006" lon="12.82563">
    <ele>811.22</ele>
   </trkpt>
   <trkpt lat="47.23224000032973" lon="12.825385002745742">
    <ele>811.3800000000001</ele>
   </trkpt>
   <trkpt lat="47.23284" lon="12.825140000000001">
    <ele>811.15</ele>
   </trkpt>
   <trkpt lat="47.233140000000006" lon="12.825140000000001">
    <ele>810.97</ele>
   </trkpt>
   <trkpt lat="47.23344" lon="12.825220000000002">
    <ele>810.6500000000001</ele>
   </trkpt>
   <trkpt lat="47.23422000082321" lon="12.825674993257746">
    <ele>809.7900000000001</ele>
   </trkpt>
   <trkpt lat="47.23500000000001" lon="12.826130000000001">
    <ele>809.21</ele>
   </trkpt>
   <trkpt lat="47.23534" lon="12.826260000000001">
    <ele>808.97</ele>
   </trkpt>
   <trkpt lat="47.235670000000006" lon="12.826300000000002">
    <ele>808.47</ele>
   </trkpt>
   <trkpt lat="47.235980000000005" lon="12.82618">
    <ele>808.36</ele>
   </trkpt>
   <trkpt lat="47.23628" lon="12.825940000000001">
    <ele>808.2600000000001</ele>
   </trkpt>
   <trkpt lat="47.23698" lon="12.82524">
    <ele>807.13</ele>
   </trkpt>
   <trkpt lat="47.237590000000004" lon="12.824810000000001">
    <ele>805.71</ele>
   </trkpt>
   <trkpt lat="47.23828" lon="12.8245">
    <ele>804.97</ele>
   </trkpt>
   <trkpt lat="47.23881" lon="12.8244">
    <ele>804.8000000000001</ele>
   </trkpt>
   <trkpt lat="47.239200000000004" lon="12.82436">
    <ele>804.5000000000001</ele>
   </trkpt>
   <trkpt lat="47.24007666675872" lon="12.824456663468853">
    <ele>803.86</ele>
   </trkpt>
   <trkpt lat="47.24095333343613" lon="12.824553330136638">
    <ele>803.42</ele>
   </trkpt>
   <trkpt lat="47.24183000000001" lon="12.824650000000002">
    <ele>802.91</ele>
   </trkpt>
   <trkpt lat="47.242270000000005" lon="12.824720000000001">
    <ele>802.7800000000001</ele>
   </trkpt>
   <trkpt lat="47.24250000000001" lon="12.82483">
    <ele>802.6</ele>
   </trkpt>
   <trkpt lat="47.24262" lon="12.82492">
    <ele>802.6</ele>
   </trkpt>
   <trkpt lat="47.243120002874164" lon="12.82549665575945">
    <ele>802.19</ele>
   </trkpt>
   <trkpt lat="47.243620002855266" lon="12.826073322404172">
    <ele>801.8900000000001</ele>
   </trkpt>
   <trkpt lat="47.24412" lon="12.82665">
    <ele>801.8700000000001</ele>
   </trkpt>
   <trkpt lat="47.244440000000004" lon="12.826880000000001">
    <ele>801.1300000000001</ele>
   </trkpt>
   <trkpt lat="47.244420000000005" lon="12.826950000000002">
    <ele>801.1300000000001</ele>
   </trkpt>
   <trkpt lat="47.244550000000004" lon="12.827010000000001">
    <ele>801.09</ele>
   </trkpt>
   <trkpt lat="47.24504000001344" lon="12.827109999068867">
    <ele>801.12</ele>
   </trkpt>
   <trkpt lat="47.24553" lon="12.827210000000001">
    <ele>801.4300000000001</ele>
   </trkpt>
   <trkpt lat="47.246292500395306" lon="12.827382492552218">
    <ele>801.52</ele>
   </trkpt>
   <trkpt lat="47.24705500053174" lon="12.827554990070494">
    <ele>801.1300000000001</ele>
   </trkpt>
   <trkpt lat="47.24781750040931" lon="12.827727492555107">
    <ele>800.57</ele>
   </trkpt>
   <trkpt lat="47.248580000000004" lon="12.827900000000001">
    <ele>799.7400000000001</ele>
   </trkpt>
   <trkpt lat="47.24895" lon="12.827940000000002">
    <ele>798.7</ele>
   </trkpt>
   <trkpt lat="47.249190000000006" lon="12.82792">
    <ele>798.0400000000001</ele>
   </trkpt>
   <trkpt lat="47.24936" lon="12.827860000000001">
    <ele>797.88</ele>
   </trkpt>
   <trkpt lat="47.24951" lon="12.82778">
    <ele>797.72</ele>
   </trkpt>
   <trkpt lat="47.249680000000005" lon="12.827630000000001">
    <ele>797.5600000000001</ele>
   </trkpt>
   <trkpt lat="47.249990000000004" lon="12.827230000000002">
    <ele>797.5500000000001</ele>
   </trkpt>
   <trkpt lat="47.25041000183911" lon="12.826575005236458">
    <ele>795.76</ele>
   </trkpt>
   <trkpt lat="47.25083" lon="12.825920000000002">
    <ele>795.25</ele>
   </trkpt>
   <trkpt lat="47.251250000000006" lon="12.82525">
    <ele>794.44</ele>
   </trkpt>
   <trkpt lat="47.25157" lon="12.824910000000001">
    <ele>792.6</ele>
   </trkpt>
   <trkpt lat="47.25173" lon="12.824800000000002">
    <ele>791.64</ele>
   </trkpt>
   <trkpt lat="47.25193" lon="12.824710000000001">
    <ele>790.76</ele>
   </trkpt>
   <trkpt lat="47.25249" lon="12.82455">
    <ele>788.7</ele>
   </trkpt>
   <trkpt lat="47.253190000000004" lon="12.82431">
    <ele>787.6500000000001</ele>
   </trkpt>
   <trkpt lat="47.25404" lon="12.823920000000001">
    <ele>787.0</ele>
   </trkpt>
   <trkpt lat="47.25437" lon="12.823810000000002">
    <ele>786.6200000000001</ele>
   </trkpt>
   <trkpt lat="47.254580000000004" lon="12.8238">
    <ele>786.3800000000001</ele>
   </trkpt>
   <trkpt lat="47.25473" lon="12.823820000000001">
    <ele>786.3000000000001</ele>
   </trkpt>
   <trkpt lat="47.25493" lon="12.823910000000001">
    <ele>786.2900000000001</ele>
   </trkpt>
   <trkpt lat="47.255160000000004" lon="12.824060000000001">
    <ele>786.5000000000001</ele>
   </trkpt>
   <trkpt lat="47.255595000919755" lon="12.824449997027669">
    <ele>787.73</ele>
   </trkpt>
   <trkpt lat="47.25603" lon="12.824840000000002">
    <ele>787.6500000000001</ele>
   </trkpt>
   <trkpt lat="47.25625" lon="12.82502">
    <ele>787.1700000000001</ele>
   </trkpt>
   <trkpt lat="47.256600000000006" lon="12.825130000000001">
    <ele>786.85</ele>
   </trkpt>
   <trkpt lat="47.256820000000005" lon="12.825140000000001">
    <ele>786.44</ele>
   </trkpt>
   <trkpt lat="47.25721" lon="12.82506">
    <ele>786.4300000000001</ele>
   </trkpt>
   <trkpt lat="47.2577050000215" lon="12.824855001983254">
    <ele>785.7400000000001</ele>
   </trkpt>
   <trkpt lat="47.2582" lon="12.824650000000002">
    <ele>784.66</ele>
   </trkpt>
   <trkpt lat="47.25836" lon="12.8246">
    <ele>784.5000000000001</ele>
   </trkpt>
   <trkpt lat="47.25851" lon="12.824580000000001">
    <ele>784.4700000000001</ele>
   </trkpt>
   <trkpt lat="47.2588" lon="12.82464">
    <ele>784.33</ele>
   </trkpt>
   <trkpt lat="47.25911000000001" lon="12.824840000000002">
    <ele>784.21</ele>
   </trkpt>
   <trkpt lat="47.25968" lon="12.825370000000001">
    <ele>782.97</ele>
   </trkpt>
   <trkpt lat="47.26006" lon="12.825690000000002">
    <ele>782.19</ele>
   </trkpt>
   <trkpt lat="47.260160000000006" lon="12.825730000000002">
    <ele>782.19</ele>
   </trkpt>
   <trkpt lat="47.260270000000006" lon="12.825730000000002">
    <ele>782.1</ele>
   </trkpt>
   <trkpt lat="47.260690000000004" lon="12.82571">
    <ele>781.84</ele>
   </trkpt>
   <trkpt lat="47.260870000000004" lon="12.825650000000001">
    <ele>781.44</ele>
   </trkpt>
   <trkpt lat="47.26102" lon="12.82557">
    <ele>781.44</ele>
   </trkpt>
   <trkpt lat="47.261500000000005" lon="12.82515">
    <ele>781.08</ele>
   </trkpt>
   <trkpt lat="47.261660000000006" lon="12.825030000000002">
    <ele>781.08</ele>
   </trkpt>
   <trkpt lat="47.26194" lon="12.82487">
    <ele>781.24</ele>
   </trkpt>
   <trkpt lat="47.262100000000004" lon="12.82482">
    <ele>781.3100000000001</ele>
   </trkpt>
   <trkpt lat="47.26227" lon="12.824790000000002">
    <ele>781.33</ele>
   </trkpt>
   <trkpt lat="47.26249000000001" lon="12.82478">
    <ele>781.34</ele>
   </trkpt>
   <trkpt lat="47.262820000000005" lon="12.82473">
    <ele>781.6700000000001</ele>
   </trkpt>
   <trkpt lat="47.26314000000001" lon="12.82454">
    <ele>781.8000000000001</ele>
   </trkpt>
   <trkpt lat="47.263250000000006" lon="12.8244">
    <ele>781.61</ele>
   </trkpt>
   <trkpt lat="47.26339" lon="12.82432">
    <ele>781.3100000000001</ele>
   </trkpt>
   <trkpt lat="47.26373" lon="12.824240000000001">
    <ele>780.7400000000001</ele>
   </trkpt>
   <trkpt lat="47.26389" lon="12.824230000000002">
    <ele>780.66</ele>
   </trkpt>
   <trkpt lat="47.264050000000005" lon="12.82426">
    <ele>780.61</ele>
   </trkpt>
   <trkpt lat="47.264450000000004" lon="12.824480000000001">
    <ele>780.17</ele>
   </trkpt>
   <trkpt lat="47.26449" lon="12.824520000000001">
    <ele>779.93</ele>
   </trkpt>
   <trkpt lat="47.264590000000005" lon="12.824720000000001">
    <ele>779.6</ele>
   </trkpt>
   <trkpt lat="47.26464000000001" lon="12.82473">
    <ele>779.1600000000001</ele>
   </trkpt>
   <trkpt lat="47.264900000000004" lon="12.82468">
    <ele>777.73</ele>
   </trkpt>
   <trkpt lat="47.265080000000005" lon="12.82468">
    <ele>776.6500000000001</ele>
   </trkpt>
   <trkpt lat="47.26527" lon="12.82464">
    <ele>774.23</ele>
   </trkpt>
   <trkpt lat="47.265420000000006" lon="12.824580000000001">
    <ele>774.23</ele>
   </trkpt>
   <trkpt lat="47.266090000000005" lon="12.824160000000001">
    <ele>770.6500000000001</ele>
   </trkpt>
   <trkpt lat="47.26632" lon="12.824100000000001">
    <ele>770.4000000000001</ele>
   </trkpt>
   <trkpt lat="47.266540000000006" lon="12.824100000000001">
    <ele>770.02</ele>
   </trkpt>
   <trkpt lat="47.26679000000001" lon="12.824190000000002">
    <ele>769.97</ele>
   </trkpt>
   <trkpt lat="47.266890000000004" lon="12.82427">
    <ele>769.8600000000001</ele>
   </trkpt>
   <trkpt lat="47.267450000000004" lon="12.824760000000001">
    <ele>769.7100000000002</ele>
   </trkpt>
   <trkpt lat="47.2676" lon="12.824860000000001">
    <ele>769.5500000000001</ele>
   </trkpt>
   <trkpt lat="47.2676" lon="12.824940000000002">
    <ele>769.5500000000001</ele>
   </trkpt>
   <trkpt lat="47.26764000000001" lon="12.824980000000002">
    <ele>769.5500000000001</ele>
   </trkpt>
   <trkpt lat="47.267970000000005" lon="12.825040000000001">
    <ele>769.5600000000001</ele>
   </trkpt>
   <trkpt lat="47.268623333349616" lon="12.825023333744433">
    <ele>769.66</ele>
   </trkpt>
   <trkpt lat="47.26927666669681" lon="12.82500666707742">
    <ele>769.48</ele>
   </trkpt>
   <trkpt lat="47.26993" lon="12.824990000000001">
    <ele>768.57</ele>
   </trkpt>
   <trkpt lat="47.27013" lon="12.824990000000001">
    <ele>768.1000000000001</ele>
   </trkpt>
   <trkpt lat="47.270320000000005" lon="12.82502">
    <ele>768.1000000000001</ele>
   </trkpt>
   <trkpt lat="47.270865000205376" lon="12.825209998060313">
    <ele>767.3000000000001</ele>
   </trkpt>
   <trkpt lat="47.27141" lon="12.825400000000002">
    <ele>767.87</ele>
   </trkpt>
   <trkpt lat="47.271945000390275" lon="12.825634997690294">
    <ele>768.87</ele>
   </trkpt>
   <trkpt lat="47.27248" lon="12.825870000000002">
    <ele>769.6</ele>
   </trkpt>
   <trkpt lat="47.27259" lon="12.82595">
    <ele>769.61</ele>
   </trkpt>
   <trkpt lat="47.2727" lon="12.825980000000001">
    <ele>769.5600000000001</ele>
   </trkpt>
   <trkpt lat="47.273010000000006" lon="12.825970000000002">
    <ele>769.0400000000001</ele>
   </trkpt>
   <trkpt lat="47.27358" lon="12.826010000000002">
    <ele>768.3700000000001</ele>
   </trkpt>
   <trkpt lat="47.274100000000004" lon="12.826200000000002">
    <ele>766.4200000000001</ele>
   </trkpt>
   <trkpt lat="47.27474" lon="12.826480000000002">
    <ele>766.2700000000001</ele>
   </trkpt>
   <trkpt lat="47.275090000000006" lon="12.826600000000001">
    <ele>766.5400000000001</ele>
   </trkpt>
   <trkpt lat="47.27516000000001" lon="12.82661">
    <ele>766.5400000000001</ele>
   </trkpt>
   <trkpt lat="47.27548" lon="12.826580000000002">
    <ele>766.5600000000001</ele>
   </trkpt>
   <trkpt lat="47.27615500028754" lon="12.826430001871287">
    <ele>766.0600000000001</ele>
   </trkpt>
   <trkpt lat="47.276830000000004" lon="12.82628">
    <ele>765.66</ele>
   </trkpt>
   <trkpt lat="47.27740000001111" lon="12.826265000161321">
    <ele>764.95</ele>
   </trkpt>
   <trkpt lat="47.27797" lon="12.826250000000002">
    <ele>764.7100000000002</ele>
   </trkpt>
   <trkpt lat="47.27806" lon="12.82623">
    <ele>764.7100000000002</ele>
   </trkpt>
   <trkpt lat="47.27819" lon="12.82618">
    <ele>764.8100000000001</ele>
   </trkpt>
   <trkpt lat="47.27834000000001" lon="12.82609">
    <ele>764.6500000000001</ele>
   </trkpt>
   <trkpt lat="47.27861" lon="12.82585">
    <ele>764.21</ele>
   </trkpt>
   <trkpt lat="47.278710000000004" lon="12.825740000000001">
    <ele>764.21</ele>
   </trkpt>
   <trkpt lat="47.278800000000004" lon="12.82558">
    <ele>764.02</ele>
   </trkpt>
   <trkpt lat="47.27886" lon="12.82535">
    <ele>764.1300000000001</ele>
   </trkpt>
   <trkpt lat="47.27899000000001" lon="12.825220000000002">
    <ele>764.3700000000001</ele>
   </trkpt>
   <trkpt lat="47.279180000000004" lon="12.825090000000001">
    <ele>764.4900000000001</ele>
   </trkpt>
   <trkpt lat="47.27939000000001" lon="12.82501">
    <ele>764.5400000000001</ele>
   </trkpt>
   <trkpt lat="47.27964" lon="12.824990000000001">
    <ele>764.35</ele>
   </trkpt>
   <trkpt lat="47.28036" lon="12.82506">
    <ele>762.5</ele>
   </trkpt>
   <trkpt lat="47.280480000000004" lon="12.825050000000001">
    <ele>762.5</ele>
   </trkpt>
   <trkpt lat="47.28067" lon="12.824980000000002">
    <ele>762.02</ele>
   </trkpt>
   <trkpt lat="47.28148" lon="12.82449">
    <ele>761.44</ele>
   </trkpt>
   <trkpt lat="47.28192000000001" lon="12.824190000000002">
    <ele>761.3100000000001</ele>
   </trkpt>
   <trkpt lat="47.28231" lon="12.82384">
    <ele>760.9300000000001</ele>
   </trkpt>
   <trkpt lat="47.282630000000005" lon="12.8236">
    <ele>760.59</ele>
   </trkpt>
   <trkpt lat="47.282900000000005" lon="12.82347">
    <ele>760.3700000000001</ele>
   </trkpt>
   <trkpt lat="47.283100000000005" lon="12.82341">
    <ele>760.0600000000001</ele>
   </trkpt>
   <trkpt lat="47.28399" lon="12.823290000000002">
    <ele>757.29</ele>
   </trkpt>
   <trkpt lat="47.284510000000004" lon="12.82327">
    <ele>757.1300000000001</ele>
   </trkpt>
   <trkpt lat="47.28497500011893" lon="12.823319999572105">
    <ele>758.4000000000001</ele>
   </trkpt>
   <trkpt lat="47.28544" lon="12.82337">
    <ele>759.0300000000001</ele>
   </trkpt>
   <trkpt lat="47.28591499992321" lon="12.823454999217365">
    <ele>758.4000000000001</ele>
   </trkpt>
   <trkpt lat="47.286390000000004" lon="12.823540000000001">
    <ele>756.35</ele>
   </trkpt>
   <trkpt lat="47.286460000000005" lon="12.823580000000002">
    <ele>756.35</ele>
   </trkpt>
   <trkpt lat="47.286590000000004" lon="12.823720000000002">
    <ele>755.68</ele>
   </trkpt>
   <trkpt lat="47.28680000000001" lon="12.824110000000001">
    <ele>755.5400000000001</ele>
   </trkpt>
   <trkpt lat="47.28698000000001" lon="12.82426">
    <ele>755.62</ele>
   </trkpt>
   <trkpt lat="47.287330000000004" lon="12.824610000000002">
    <ele>755.74</ele>
   </trkpt>
   <trkpt lat="47.287470000000006" lon="12.824480000000001">
    <ele>756.1600000000001</ele>
   </trkpt>
   <trkpt lat="47.287650000000006" lon="12.824230000000002">
    <ele>756.44</ele>
   </trkpt>
   <trkpt lat="47.287940000000006" lon="12.823730000000001">
    <ele>756.36</ele>
   </trkpt>
   <trkpt lat="47.28829" lon="12.823260000000001">
    <ele>755.8800000000001</ele>
   </trkpt>
   <trkpt lat="47.2884" lon="12.82304">
    <ele>755.5200000000001</ele>
   </trkpt>
   <trkpt lat="47.288470000000004" lon="12.8228">
    <ele>755.35</ele>
   </trkpt>
   <trkpt lat="47.288500000000006" lon="12.822560000000001">
    <ele>755.35</ele>
   </trkpt>
   <trkpt lat="47.28855" lon="12.822140000000001">
    <ele>755.0100000000001</ele>
   </trkpt>
   <trkpt lat="47.28858" lon="12.821660000000001">
    <ele>754.7</ele>
   </trkpt>
   <trkpt lat="47.288540000000005" lon="12.82108">
    <ele>754.53</ele>
   </trkpt>
   <trkpt lat="47.28848000000001" lon="12.820780000000001">
    <ele>754.51</ele>
   </trkpt>
   <trkpt lat="47.28822000812795" lon="12.819813323827514">
    <ele>754.58</ele>
   </trkpt>
   <trkpt lat="47.28796000812726" lon="12.818846657158415">
    <ele>754.7</ele>
   </trkpt>
   <trkpt lat="47.2877" lon="12.81788">
    <ele>754.6600000000001</ele>
   </trkpt>
   <trkpt lat="47.28764" lon="12.817590000000001">
    <ele>754.65</ele>
   </trkpt>
   <trkpt lat="47.28759" lon="12.816860000000002">
    <ele>754.44</ele>
   </trkpt>
   <trkpt lat="47.287580000000005" lon="12.815880000000002">
    <ele>754.4200000000001</ele>
   </trkpt>
   <trkpt lat="47.287650000000006" lon="12.815150000000001">
    <ele>754.2200000000001</ele>
   </trkpt>
   <trkpt lat="47.28772000000001" lon="12.814720000000001">
    <ele>754.2500000000001</ele>
   </trkpt>
   <trkpt lat="47.28792000000001" lon="12.813910000000002">
    <ele>754.2</ele>
   </trkpt>
   <trkpt lat="47.28801000000001" lon="12.81362">
    <ele>754.0400000000001</ele>
   </trkpt>
   <trkpt lat="47.28811" lon="12.813400000000001">
    <ele>754.0000000000001</ele>
   </trkpt>
   <trkpt lat="47.288250000000005" lon="12.813180000000001">
    <ele>753.9800000000001</ele>
   </trkpt>
   <trkpt lat="47.28846" lon="12.812980000000001">
    <ele>753.9300000000001</ele>
   </trkpt>
   <trkpt lat="47.288970000000006" lon="12.812610000000001">
    <ele>754.2500000000001</ele>
   </trkpt>
   <trkpt lat="47.289370000000005" lon="12.81229">
    <ele>753.7900000000001</ele>
   </trkpt>
   <trkpt lat="47.28979" lon="12.81179">
    <ele>754.38</ele>
   </trkpt>
   <trkpt lat="47.2899" lon="12.81159">
    <ele>754.09</ele>
   </trkpt>
   <trkpt lat="47.28992" lon="12.811770000000001">
    <ele>753.0300000000001</ele>
   </trkpt>
   <trkpt lat="47.29007000000001" lon="12.81212">
    <ele>752.6100000000001</ele>
   </trkpt>
   <trkpt lat="47.29037500119947" lon="12.81266499669196">
    <ele>752.2700000000001</ele>
   </trkpt>
   <trkpt lat="47.29068" lon="12.813210000000002">
    <ele>752.8</ele>
   </trkpt>
   <trkpt lat="47.29106" lon="12.81371">
    <ele>754.71</ele>
   </trkpt>
   <trkpt lat="47.291650000000004" lon="12.814400000000001">
    <ele>759.4000000000001</ele>
   </trkpt>
   <trkpt lat="47.29198" lon="12.814710000000002">
    <ele>761.02</ele>
   </trkpt>
   <trkpt lat="47.29233000000001" lon="12.815010000000001">
    <ele>762.2700000000001</ele>
   </trkpt>
   <trkpt lat="47.292785000528" lon="12.815299997608319">
    <ele>763.09</ele>
   </trkpt>
   <trkpt lat="47.293240000000004" lon="12.81559">
    <ele>763.29</ele>
   </trkpt>
   <trkpt lat="47.29376500007492" lon="12.815784998030507">
    <ele>761.47</ele>
   </trkpt>
   <trkpt lat="47.294290000000004" lon="12.815980000000001">
    <ele>758.78</ele>
   </trkpt>
   <trkpt lat="47.294790000000006" lon="12.816070000000002">
    <ele>755.9300000000001</ele>
   </trkpt>
   <trkpt lat="47.29529" lon="12.816110000000002">
    <ele>755.0100000000001</ele>
   </trkpt>
   <trkpt lat="47.29587000007429" lon="12.816080000325416">
    <ele>754.2700000000001</ele>
   </trkpt>
   <trkpt lat="47.29645000000001" lon="12.81605">
    <ele>754.33</ele>
   </trkpt>
   <trkpt lat="47.297140000111405" lon="12.815955001229753">
    <ele>754.12</ele>
   </trkpt>
   <trkpt lat="47.297830000000005" lon="12.81586">
    <ele>753.62</ele>
   </trkpt>
   <trkpt lat="47.298369999829134" lon="12.815820000421692">
    <ele>752.9800000000001</ele>
   </trkpt>
   <trkpt lat="47.29891000000001" lon="12.81578">
    <ele>752.5500000000001</ele>
   </trkpt>
   <trkpt lat="47.29947000000001" lon="12.81578">
    <ele>753.14</ele>
   </trkpt>
   <trkpt lat="47.29968" lon="12.815800000000001">
    <ele>754.34</ele>
   </trkpt>
   <trkpt lat="47.29981" lon="12.815830000000002">
    <ele>754.34</ele>
   </trkpt>
   <trkpt lat="47.299820000000004" lon="12.815890000000001">
    <ele>754.34</ele>
   </trkpt>
   <trkpt lat="47.30013" lon="12.81596">
    <ele>754.95</ele>
   </trkpt>
   <trkpt lat="47.30073" lon="12.81619">
    <ele>755.2200000000001</ele>
   </trkpt>
   <trkpt lat="47.30118" lon="12.81628">
    <ele>755.23</ele>
   </trkpt>
   <trkpt lat="47.3014" lon="12.81629">
    <ele>755.07</ele>
   </trkpt>
   <trkpt lat="47.301640000000006" lon="12.816270000000001">
    <ele>755.07</ele>
   </trkpt>
   <trkpt lat="47.302040000000005" lon="12.81619">
    <ele>755.12</ele>
   </trkpt>
   <trkpt lat="47.30223" lon="12.816170000000001">
    <ele>755.12</ele>
   </trkpt>
   <trkpt lat="47.30295750010267" lon="12.816105002679233">
    <ele>755.36</ele>
   </trkpt>
   <trkpt lat="47.3036850001686" lon="12.816040003569542">
    <ele>755.2200000000001</ele>
   </trkpt>
   <trkpt lat="47.30441250019778" lon="12.815975002670829">
    <ele>755.1000000000001</ele>
   </trkpt>
   <trkpt lat="47.30514" lon="12.81591">
    <ele>754.68</ele>
   </trkpt>
   <trkpt lat="47.30534" lon="12.81587">
    <ele>754.46</ele>
   </trkpt>
   <trkpt lat="47.3061" lon="12.815520000000001">
    <ele>754.72</ele>
   </trkpt>
   <trkpt lat="47.30628" lon="12.815500000000002">
    <ele>754.97</ele>
   </trkpt>
   <trkpt lat="47.30653" lon="12.815550000000002">
    <ele>755.1500000000001</ele>
   </trkpt>
   <trkpt lat="47.30686" lon="12.815760000000001">
    <ele>755.0500000000001</ele>
   </trkpt>
   <trkpt lat="47.30704" lon="12.815830000000002">
    <ele>755.0500000000001</ele>
   </trkpt>
   <trkpt lat="47.30783" lon="12.816070000000002">
    <ele>753.94</ele>
   </trkpt>
   <trkpt lat="47.307950000000005" lon="12.81619">
    <ele>753.96</ele>
   </trkpt>
   <trkpt lat="47.30825" lon="12.81661">
    <ele>754.2700000000001</ele>
   </trkpt>
   <trkpt lat="47.30841" lon="12.816780000000001">
    <ele>754.41</ele>
   </trkpt>
   <trkpt lat="47.308580000000006" lon="12.816870000000002">
    <ele>754.3900000000001</ele>
   </trkpt>
   <trkpt lat="47.309140000000006" lon="12.817020000000001">
    <ele>754.33</ele>
   </trkpt>
   <trkpt lat="47.309610000000006" lon="12.817060000000001">
    <ele>754.44</ele>
   </trkpt>
   <trkpt lat="47.30978" lon="12.817020000000001">
    <ele>754.38</ele>
   </trkpt>
   <trkpt lat="47.310390000000005" lon="12.81681">
    <ele>753.97</ele>
   </trkpt>
   <trkpt lat="47.31101" lon="12.81671">
    <ele>754.11</ele>
   </trkpt>
   <trkpt lat="47.31123" lon="12.81666">
    <ele>753.8</ele>
   </trkpt>
   <trkpt lat="47.311580000000006" lon="12.816490000000002">
    <ele>753.83</ele>
   </trkpt>
   <trkpt lat="47.312020000555286" lon="12.816245001875954">
    <ele>755.0500000000001</ele>
   </trkpt>
   <trkpt lat="47.31246" lon="12.816">
    <ele>757.53</ele>
   </trkpt>
   <trkpt lat="47.31322500029467" lon="12.8157400037635">
    <ele>760.8900000000001</ele>
   </trkpt>
   <trkpt lat="47.313990000000004" lon="12.81548">
    <ele>761.73</ele>
   </trkpt>
   <trkpt lat="47.31453500012852" lon="12.815400000810287">
    <ele>758.8100000000001</ele>
   </trkpt>
   <trkpt lat="47.31508" lon="12.815320000000002">
    <ele>755.0000000000001</ele>
   </trkpt>
   <trkpt lat="47.315680000072476" lon="12.815285000393494">
    <ele>753.33</ele>
   </trkpt>
   <trkpt lat="47.316280000000006" lon="12.81525">
    <ele>753.6400000000001</ele>
   </trkpt>
   <trkpt lat="47.316460000000006" lon="12.81526">
    <ele>753.6400000000001</ele>
   </trkpt>
   <trkpt lat="47.31697000028977" lon="12.815364999036344">
    <ele>753.6400000000001</ele>
   </trkpt>
   <trkpt lat="47.31748" lon="12.815470000000001">
    <ele>754.0000000000001</ele>
   </trkpt>
   <trkpt lat="47.318340000000006" lon="12.815470000000001">
    <ele>754.07</ele>
   </trkpt>
   <trkpt lat="47.319210000000005" lon="12.815560000000001">
    <ele>754.0000000000001</ele>
   </trkpt>
   <trkpt lat="47.31955000000001" lon="12.815620000000001">
    <ele>754.02</ele>
   </trkpt>
   <trkpt lat="47.320320000097354" lon="12.815814997140821">
    <ele>754.3100000000001</ele>
   </trkpt>
   <trkpt lat="47.321090000000005" lon="12.81601">
    <ele>754.46</ele>
   </trkpt>
   <trkpt lat="47.32152000000001" lon="12.816220000000001">
    <ele>753.72</ele>
   </trkpt>
   <trkpt lat="47.32170000000001" lon="12.816250000000002">
    <ele>753.6</ele>
   </trkpt>
   <trkpt lat="47.32204" lon="12.816120000000002">
    <ele>753.56</ele>
   </trkpt>
   <trkpt lat="47.32224" lon="12.81609">
    <ele>753.6700000000001</ele>
   </trkpt>
   <trkpt lat="47.322990000000004" lon="12.816040000000001">
    <ele>754.2700000000001</ele>
   </trkpt>
   <trkpt lat="47.323550000000004" lon="12.816080000000001">
    <ele>754.08</ele>
   </trkpt>
   <trkpt lat="47.323910000000005" lon="12.81606">
    <ele>753.68</ele>
   </trkpt>
   <trkpt lat="47.324455000091504" lon="12.815970000919233">
    <ele>754.2500000000001</ele>
   </trkpt>
   <trkpt lat="47.325" lon="12.815880000000002">
    <ele>756.56</ele>
   </trkpt>
   <trkpt lat="47.32536" lon="12.815900000000001">
    <ele>757.5400000000001</ele>
   </trkpt>
   <trkpt lat="47.325770000000006" lon="12.815980000000001">
    <ele>758.48</ele>
   </trkpt>
   <trkpt lat="47.32627" lon="12.816180000000001">
    <ele>759.8800000000001</ele>
   </trkpt>
   <trkpt lat="47.326840000000004" lon="12.816450000000001">
    <ele>760.99</ele>
   </trkpt>
   <trkpt lat="47.327310000000004" lon="12.81662">
    <ele>762.46</ele>
   </trkpt>
   <trkpt lat="47.32770000000001" lon="12.816720000000002">
    <ele>763.69</ele>
   </trkpt>
   <trkpt lat="47.328264999836556" lon="12.816774999394479">
    <ele>766.2700000000001</ele>
   </trkpt>
   <trkpt lat="47.32883" lon="12.816830000000001">
    <ele>767.24</ele>
   </trkpt>
   <trkpt lat="47.32918" lon="12.816880000000001">
    <ele>767.7900000000001</ele>
   </trkpt>
   <trkpt lat="47.32969000000001" lon="12.81699">
    <ele>768.0400000000001</ele>
   </trkpt>
   <trkpt lat="47.32981" lon="12.816910000000002">
    <ele>767.95</ele>
   </trkpt>
   <trkpt lat="47.32997" lon="12.816690000000001">
    <ele>767.6200000000001</ele>
   </trkpt>
   <trkpt lat="47.33014000000001" lon="12.81643">
    <ele>766.4900000000001</ele>
   </trkpt>
   <trkpt lat="47.33057" lon="12.815700000000001">
    <ele>763.63</ele>
   </trkpt>
   <trkpt lat="47.33072000000001" lon="12.81553">
    <ele>762.22</ele>
   </trkpt>
   <trkpt lat="47.33090000000001" lon="12.8154">
    <ele>761.1300000000001</ele>
   </trkpt>
   <trkpt lat="47.331" lon="12.81535">
    <ele>761.1300000000001</ele>
   </trkpt>
   <trkpt lat="47.331160000000004" lon="12.8153">
    <ele>759.99</ele>
   </trkpt>
   <trkpt lat="47.331520000000005" lon="12.815240000000001">
    <ele>758.35</ele>
   </trkpt>
   <trkpt lat="47.33193000000001" lon="12.815240000000001">
    <ele>756.3700000000001</ele>
   </trkpt>
   <trkpt lat="47.33234" lon="12.815270000000002">
    <ele>755.3900000000001</ele>
   </trkpt>
   <trkpt lat="47.33283000007647" lon="12.815364999125759">
    <ele>753.71</ele>
   </trkpt>
   <trkpt lat="47.33332" lon="12.815460000000002">
    <ele>753.33</ele>
   </trkpt>
   <trkpt lat="47.33412000002506" lon="12.815469999848819">
    <ele>753.56</ele>
   </trkpt>
   <trkpt lat="47.334920000000004" lon="12.81548">
    <ele>753.9200000000001</ele>
   </trkpt>
   <trkpt lat="47.335550000000005" lon="12.81544">
    <ele>753.9800000000001</ele>
   </trkpt>
   <trkpt lat="47.33581" lon="12.81544">
    <ele>753.77</ele>
   </trkpt>
   <trkpt lat="47.33655" lon="12.81548">
    <ele>753.4200000000001</ele>
   </trkpt>
   <trkpt lat="47.33666" lon="12.815470000000001">
    <ele>753.2200000000001</ele>
   </trkpt>
   <trkpt lat="47.33681000000001" lon="12.815410000000002">
    <ele>753.2200000000001</ele>
   </trkpt>
   <trkpt lat="47.337235000281" lon="12.8151300022932">
    <ele>752.9</ele>
   </trkpt>
   <trkpt lat="47.33766000000001" lon="12.814850000000002">
    <ele>752.75</ele>
   </trkpt>
   <trkpt lat="47.3378" lon="12.81474">
    <ele>752.8</ele>
   </trkpt>
   <trkpt lat="47.33791" lon="12.81459">
    <ele>752.71</ele>
   </trkpt>
   <trkpt lat="47.33833500326956" lon="12.813720007047948">
    <ele>752.63</ele>
   </trkpt>
   <trkpt lat="47.33876" lon="12.812850000000001">
    <ele>752.4200000000001</ele>
   </trkpt>
   <trkpt lat="47.33923500429878" lon="12.811855008965395">
    <ele>752.5</ele>
   </trkpt>
   <trkpt lat="47.339710000000004" lon="12.810860000000002">
    <ele>752.2700000000001</ele>
   </trkpt>
   <trkpt lat="47.33981000000001" lon="12.81052">
    <ele>752.33</ele>
   </trkpt>
   <trkpt lat="47.33986" lon="12.81024">
    <ele>752.33</ele>
   </trkpt>
   <trkpt lat="47.33998334042173" lon="12.80933667095221">
    <ele>752.4000000000001</ele>
   </trkpt>
   <trkpt lat="47.340106673746185" lon="12.808433337683953">
    <ele>752.3700000000001</ele>
   </trkpt>
   <trkpt lat="47.340230000000005" lon="12.807530000000002">
    <ele>752.5</ele>
   </trkpt>
   <trkpt lat="47.34028000000001" lon="12.807020000000001">
    <ele>752.72</ele>
   </trkpt>
   <trkpt lat="47.34031000392628" lon="12.806070000492422">
    <ele>752.85</ele>
   </trkpt>
   <trkpt lat="47.340340000000005" lon="12.80512">
    <ele>753.21</ele>
   </trkpt>
   <trkpt lat="47.34102499993938" lon="12.805239998421445">
    <ele>753.5</ele>
   </trkpt>
   <trkpt lat="47.341710000000006" lon="12.80536">
    <ele>754.0500000000001</ele>
   </trkpt>
   <trkpt lat="47.34178000000001" lon="12.80535">
    <ele>754.0500000000001</ele>
   </trkpt>
   <trkpt lat="47.341950000000004" lon="12.805100000000001">
    <ele>754.08</ele>
   </trkpt>
   <trkpt lat="47.342000000000006" lon="12.80508">
    <ele>754.08</ele>
   </trkpt>
   <trkpt lat="47.342240000000004" lon="12.805050000000001">
    <ele>754.4300000000001</ele>
   </trkpt>
   <trkpt lat="47.34252" lon="12.805060000000001">
    <ele>754.84</ele>
   </trkpt>
   <trkpt lat="47.34257" lon="12.80502">
    <ele>754.84</ele>
   </trkpt>
   <trkpt lat="47.342580000000005" lon="12.80475">
    <ele>755.02</ele>
   </trkpt>
   <trkpt lat="47.342940000000006" lon="12.804810000000002">
    <ele>755.17</ele>
   </trkpt>
   <trkpt lat="47.343" lon="12.80488">
    <ele>755.24</ele>
   </trkpt>
   <trkpt lat="47.343120000000006" lon="12.80516">
    <ele>755.33</ele>
   </trkpt>
   <trkpt lat="47.34317" lon="12.805230000000002">
    <ele>755.33</ele>
   </trkpt>
   <trkpt lat="47.34324" lon="12.805290000000001">
    <ele>755.33</ele>
   </trkpt>
   <trkpt lat="47.34335" lon="12.805340000000001">
    <ele>755.33</ele>
   </trkpt>
   <trkpt lat="47.34351" lon="12.805340000000001">
    <ele>755.33</ele>
   </trkpt>
   <trkpt lat="47.34422000000001" lon="12.80507">
    <ele>755.99</ele>
   </trkpt>
   <trkpt lat="47.3447" lon="12.80498">
    <ele>756.47</ele>
   </trkpt>
   <trkpt lat="47.34494" lon="12.804960000000001">
    <ele>756.96</ele>
   </trkpt>
   <trkpt lat="47.34546" lon="12.80497">
    <ele>757.65</ele>
   </trkpt>
   <trkpt lat="47.34617333337482" lon="12.805003332433897">
    <ele>758.2200000000001</ele>
   </trkpt>
   <trkpt lat="47.34688666673998" lon="12.805036665768704">
    <ele>758.62</ele>
   </trkpt>
   <trkpt lat="47.34760000000001" lon="12.80507">
    <ele>759.6</ele>
   </trkpt>
   <trkpt lat="47.348489999903514" lon="12.805129998980718">
    <ele>760.36</ele>
   </trkpt>
   <trkpt lat="47.349380000000004" lon="12.805190000000001">
    <ele>760.5400000000001</ele>
   </trkpt>
   <trkpt lat="47.34977000000001" lon="12.80516">
    <ele>761.4200000000001</ele>
   </trkpt>
   <trkpt lat="47.35032" lon="12.80526">
    <ele>761.94</ele>
   </trkpt>
   <trkpt lat="47.350440000000006" lon="12.805340000000001">
    <ele>762.02</ele>
   </trkpt>
   <trkpt lat="47.350910000000006" lon="12.806000000000001">
    <ele>761.9800000000001</ele>
   </trkpt>
   <trkpt lat="47.35141" lon="12.806600000000001">
    <ele>762.1000000000001</ele>
   </trkpt>
   <trkpt lat="47.351620000000004" lon="12.80691">
    <ele>762.1000000000001</ele>
   </trkpt>
   <trkpt lat="47.351710000000004" lon="12.807010000000002">
    <ele>762.1000000000001</ele>
   </trkpt>
   <trkpt lat="47.35233" lon="12.80719">
    <ele>762.4900000000001</ele>
   </trkpt>
   <trkpt lat="47.352850000000004" lon="12.80737">
    <ele>762.94</ele>
   </trkpt>
   <trkpt lat="47.353320000000004" lon="12.807590000000001">
    <ele>763.6500000000001</ele>
   </trkpt>
   <trkpt lat="47.35407000000001" lon="12.807910000000001">
    <ele>763.8100000000001</ele>
   </trkpt>
   <trkpt lat="47.35466" lon="12.808110000000001">
    <ele>763.6700000000001</ele>
   </trkpt>
   <trkpt lat="47.35501000000001" lon="12.80817">
    <ele>762.5500000000001</ele>
   </trkpt>
   <trkpt lat="47.35510000000001" lon="12.80821">
    <ele>762.35</ele>
   </trkpt>
   <trkpt lat="47.35522" lon="12.808380000000001">
    <ele>761.29</ele>
   </trkpt>
   <trkpt lat="47.355450000000005" lon="12.808040000000002">
    <ele>761.85</ele>
   </trkpt>
   <trkpt lat="47.35551" lon="12.80798">
    <ele>762.6800000000001</ele>
   </trkpt>
   <trkpt lat="47.3556" lon="12.807960000000001">
    <ele>763.2</ele>
   </trkpt>
   <trkpt lat="47.35618" lon="12.808000000000002">
    <ele>765.1000000000001</ele>
   </trkpt>
   <trkpt lat="47.356970000000004" lon="12.808000000000002">
    <ele>766.0</ele>
   </trkpt>
   <trkpt lat="47.357780000000005" lon="12.808150000000001">
    <ele>766.38</ele>
   </trkpt>
   <trkpt lat="47.35799" lon="12.808140000000002">
    <ele>766.38</ele>
   </trkpt>
   <trkpt lat="47.35850000000001" lon="12.807950000000002">
    <ele>766.8800000000001</ele>
   </trkpt>
   <trkpt lat="47.35902999992437" lon="12.807940000101889">
    <ele>766.95</ele>
   </trkpt>
   <trkpt lat="47.35956" lon="12.80793">
    <ele>767.3000000000001</ele>
   </trkpt>
   <trkpt lat="47.360020000000006" lon="12.80784">
    <ele>767.1800000000001</ele>
   </trkpt>
   <trkpt lat="47.360620000000004" lon="12.808010000000001">
    <ele>767.12</ele>
   </trkpt>
   <trkpt lat="47.360850000000006" lon="12.808040000000002">
    <ele>766.85</ele>
   </trkpt>
   <trkpt lat="47.361380000000004" lon="12.80826">
    <ele>766.23</ele>
   </trkpt>
   <trkpt lat="47.361700000000006" lon="12.808420000000002">
    <ele>766.0600000000001</ele>
   </trkpt>
   <trkpt lat="47.36195000000001" lon="12.80863">
    <ele>765.9800000000001</ele>
   </trkpt>
   <trkpt lat="47.36211" lon="12.808840000000002">
    <ele>765.6800000000001</ele>
   </trkpt>
   <trkpt lat="47.362590005329885" lon="12.80962331906793">
    <ele>765.22</ele>
   </trkpt>
   <trkpt lat="47.363070005323316" lon="12.810406652390306">
    <ele>764.23</ele>
   </trkpt>
   <trkpt lat="47.363550000000004" lon="12.811190000000002">
    <ele>763.26</ele>
   </trkpt>
   <trkpt lat="47.363710000000005" lon="12.811610000000002">
    <ele>763.26</ele>
   </trkpt>
   <trkpt lat="47.36381" lon="12.81225">
    <ele>762.51</ele>
   </trkpt>
   <trkpt lat="47.364000000000004" lon="12.813350000000002">
    <ele>761.7700000000001</ele>
   </trkpt>
   <trkpt lat="47.36417001607445" lon="12.81445998927666">
    <ele>761.82</ele>
   </trkpt>
   <trkpt lat="47.364340021433534" lon="12.81556998570791">
    <ele>761.0400000000001</ele>
   </trkpt>
   <trkpt lat="47.364510016077084" lon="12.81667998929339">
    <ele>760.5500000000001</ele>
   </trkpt>
   <trkpt lat="47.36468000000001" lon="12.81779">
    <ele>759.94</ele>
   </trkpt>
   <trkpt lat="47.364760000000004" lon="12.81779">
    <ele>759.94</ele>
   </trkpt>
   <trkpt lat="47.364850000000004" lon="12.817820000000001">
    <ele>759.73</ele>
   </trkpt>
   <trkpt lat="47.365570000000005" lon="12.818330000000001">
    <ele>759.2500000000001</ele>
   </trkpt>
   <trkpt lat="47.366320002017524" lon="12.819009990337614">
    <ele>761.46</ele>
   </trkpt>
   <trkpt lat="47.367070000000005" lon="12.819690000000001">
    <ele>757.9800000000001</ele>
   </trkpt>
   <trkpt lat="47.36757333572698" lon="12.820213323357649">
    <ele>756.11</ele>
   </trkpt>
   <trkpt lat="47.36807666907212" lon="12.820736656703124">
    <ele>755.63</ele>
   </trkpt>
   <trkpt lat="47.36858" lon="12.82126">
    <ele>755.5200000000001</ele>
   </trkpt>
   <trkpt lat="47.36929000224274" lon="12.821974990394873">
    <ele>755.7</ele>
   </trkpt>
   <trkpt lat="47.370000000000005" lon="12.822690000000001">
    <ele>756.48</ele>
   </trkpt>
   <trkpt lat="47.370110000000004" lon="12.822960000000002">
    <ele>756.3000000000001</ele>
   </trkpt>
   <trkpt lat="47.37031" lon="12.82371">
    <ele>755.6700000000001</ele>
   </trkpt>
   <trkpt lat="47.37048" lon="12.824520000000001">
    <ele>756.6600000000001</ele>
   </trkpt>
   <trkpt lat="47.37059000000001" lon="12.82463">
    <ele>756.63</ele>
   </trkpt>
   <trkpt lat="47.370960000000004" lon="12.824750000000002">
    <ele>756.0400000000001</ele>
   </trkpt>
   <trkpt lat="47.3712" lon="12.82487">
    <ele>755.71</ele>
   </trkpt>
   <trkpt lat="47.37153000000001" lon="12.82525">
    <ele>754.82</ele>
   </trkpt>
   <trkpt lat="47.371750000000006" lon="12.82535">
    <ele>754.6400000000001</ele>
   </trkpt>
   <trkpt lat="47.372080000000004" lon="12.825380000000001">
    <ele>754.71</ele>
   </trkpt>
   <trkpt lat="47.37277" lon="12.825330000000001">
    <ele>756.14</ele>
   </trkpt>
   <trkpt lat="47.37295" lon="12.82534">
    <ele>757.2500000000001</ele>
   </trkpt>
   <trkpt lat="47.37314000000001" lon="12.825410000000002">
    <ele>757.5500000000001</ele>
   </trkpt>
   <trkpt lat="47.373380000000004" lon="12.82553">
    <ele>757.24</ele>
   </trkpt>
   <trkpt lat="47.37362" lon="12.825700000000001">
    <ele>756.1000000000001</ele>
   </trkpt>
   <trkpt lat="47.37375" lon="12.82586">
    <ele>754.6100000000001</ele>
   </trkpt>
   <trkpt lat="47.37404" lon="12.826400000000001">
    <ele>754.59</ele>
   </trkpt>
   <trkpt lat="47.3742" lon="12.826580000000002">
    <ele>755.82</ele>
   </trkpt>
   <trkpt lat="47.374550000000006" lon="12.82675">
    <ele>759.5200000000001</ele>
   </trkpt>
   <trkpt lat="47.37473000000001" lon="12.826870000000001">
    <ele>760.1000000000001</ele>
   </trkpt>
   <trkpt lat="47.37529000000001" lon="12.827420000000002">
    <ele>760.41</ele>
   </trkpt>
   <trkpt lat="47.375680000412316" lon="12.827749997507501">
    <ele>761.78</ele>
   </trkpt>
   <trkpt lat="47.376070000000006" lon="12.828080000000002">
    <ele>765.97</ele>
   </trkpt>
   <trkpt lat="47.376465000446615" lon="12.828399997603952">
    <ele>771.24</ele>
   </trkpt>
   <trkpt lat="47.37686" lon="12.82872">
    <ele>773.69</ele>
   </trkpt>
   <trkpt lat="47.37704" lon="12.82895">
    <ele>775.1500000000001</ele>
   </trkpt>
   <trkpt lat="47.37736" lon="12.829640000000001">
    <ele>776.1800000000001</ele>
   </trkpt>
   <trkpt lat="47.37751" lon="12.82984">
    <ele>775.5600000000001</ele>
   </trkpt>
   <trkpt lat="47.37818" lon="12.83032">
    <ele>770.07</ele>
   </trkpt>
   <trkpt lat="47.378530000000005" lon="12.830520000000002">
    <ele>767.7900000000001</ele>
   </trkpt>
   <trkpt lat="47.378800000000005" lon="12.830800000000002">
    <ele>764.83</ele>
   </trkpt>
   <trkpt lat="47.37912" lon="12.83126">
    <ele>761.0500000000001</ele>
   </trkpt>
   <trkpt lat="47.379490000000004" lon="12.83168">
    <ele>759.72</ele>
   </trkpt>
   <trkpt lat="47.37966" lon="12.832">
    <ele>759.26</ele>
   </trkpt>
   <trkpt lat="47.379850000000005" lon="12.8322">
    <ele>759.5400000000001</ele>
   </trkpt>
   <trkpt lat="47.38" lon="12.832270000000001">
    <ele>759.6</ele>
   </trkpt>
   <trkpt lat="47.380230000000005" lon="12.832220000000001">
    <ele>759.51</ele>
   </trkpt>
   <trkpt lat="47.38069" lon="12.8321">
    <ele>759.62</ele>
   </trkpt>
   <trkpt lat="47.381280000000004" lon="12.83186">
    <ele>761.35</ele>
   </trkpt>
   <trkpt lat="47.38139" lon="12.831880000000002">
    <ele>762.2500000000001</ele>
   </trkpt>
   <trkpt lat="47.38178500112626" lon="12.832349996675743">
    <ele>765.39</ele>
   </trkpt>
   <trkpt lat="47.382180000000005" lon="12.832820000000002">
    <ele>769.0400000000001</ele>
   </trkpt>
   <trkpt lat="47.382250000000006" lon="12.83285">
    <ele>769.0400000000001</ele>
   </trkpt>
   <trkpt lat="47.38237" lon="12.832860000000002">
    <ele>771.1</ele>
   </trkpt>
   <trkpt lat="47.382540000000006" lon="12.8328">
    <ele>772.5200000000001</ele>
   </trkpt>
   <trkpt lat="47.38261000000001" lon="12.83281">
    <ele>772.5200000000001</ele>
   </trkpt>
   <trkpt lat="47.382670000000005" lon="12.832880000000001">
    <ele>772.5200000000001</ele>
   </trkpt>
   <trkpt lat="47.382740000000005" lon="12.833010000000002">
    <ele>771.99</ele>
   </trkpt>
   <trkpt lat="47.38298500201422" lon="12.833704996525846">
    <ele>771.87</ele>
   </trkpt>
   <trkpt lat="47.383230000000005" lon="12.8344">
    <ele>772.9800000000001</ele>
   </trkpt>
   <trkpt lat="47.383570000000006" lon="12.835130000000001">
    <ele>775.61</ele>
   </trkpt>
   <trkpt lat="47.383770000000005" lon="12.835740000000001">
    <ele>777.2800000000001</ele>
   </trkpt>
   <trkpt lat="47.38385" lon="12.835870000000002">
    <ele>777.08</ele>
   </trkpt>
   <trkpt lat="47.384100000000004" lon="12.836070000000001">
    <ele>775.95</ele>
   </trkpt>
   <trkpt lat="47.38443" lon="12.836540000000001">
    <ele>773.5900000000001</ele>
   </trkpt>
   <trkpt lat="47.384600000000006" lon="12.8367">
    <ele>772.11</ele>
   </trkpt>
   <trkpt lat="47.38467000000001" lon="12.8366">
    <ele>771.34</ele>
   </trkpt>
   <trkpt lat="47.38467000000001" lon="12.836440000000001">
    <ele>771.34</ele>
   </trkpt>
   <trkpt lat="47.38472" lon="12.836200000000002">
    <ele>768.97</ele>
   </trkpt>
   <trkpt lat="47.3849" lon="12.835590000000002">
    <ele>767.29</ele>
   </trkpt>
   <trkpt lat="47.3852475167344" lon="12.834457522384163">
    <ele>756.1800000000001</ele>
   </trkpt>
   <trkpt lat="47.38559502231546" lon="12.83332502983659">
    <ele>750.1700000000001</ele>
   </trkpt>
   <trkpt lat="47.385942516742865" lon="12.83219252235739">
    <ele>745.9</ele>
   </trkpt>
   <trkpt lat="47.38629" lon="12.83106">
    <ele>744.7600000000001</ele>
   </trkpt>
   <trkpt lat="47.38644" lon="12.830610000000002">
    <ele>745.1700000000001</ele>
   </trkpt>
   <trkpt lat="47.386570000000006" lon="12.83032">
    <ele>745.9100000000001</ele>
   </trkpt>
   <trkpt lat="47.38676" lon="12.82998">
    <ele>746.1000000000001</ele>
   </trkpt>
   <trkpt lat="47.387130000000006" lon="12.829390000000002">
    <ele>745.5</ele>
   </trkpt>
   <trkpt lat="47.38727" lon="12.829250000000002">
    <ele>745.41</ele>
   </trkpt>
   <trkpt lat="47.38743" lon="12.82915">
    <ele>745.4000000000001</ele>
   </trkpt>
   <trkpt lat="47.38792" lon="12.828920000000002">
    <ele>745.53</ele>
   </trkpt>
   <trkpt lat="47.38834500020958" lon="12.828655002196507">
    <ele>745.84</ele>
   </trkpt>
   <trkpt lat="47.38877" lon="12.82839">
    <ele>746.0300000000001</ele>
   </trkpt>
   <trkpt lat="47.38956" lon="12.827800000000002">
    <ele>747.1700000000001</ele>
   </trkpt>
   <trkpt lat="47.38969" lon="12.827750000000002">
    <ele>747.26</ele>
   </trkpt>
   <trkpt lat="47.389810000000004" lon="12.82773">
    <ele>747.24</ele>
   </trkpt>
   <trkpt lat="47.389810000000004" lon="12.82787">
    <ele>747.24</ele>
   </trkpt>
   <trkpt lat="47.38984000000001" lon="12.827940000000002">
    <ele>747.24</ele>
   </trkpt>
   <trkpt lat="47.389970000000005" lon="12.828130000000002">
    <ele>747.09</ele>
   </trkpt>
   <trkpt lat="47.390440000000005" lon="12.828610000000001">
    <ele>746.69</ele>
   </trkpt>
   <trkpt lat="47.39119" lon="12.829250000000002">
    <ele>746.2700000000001</ele>
   </trkpt>
   <trkpt lat="47.3917366715586" lon="12.829999984441038">
    <ele>745.7900000000001</ele>
   </trkpt>
   <trkpt lat="47.39228333822567" lon="12.830749984441331">
    <ele>745.1300000000001</ele>
   </trkpt>
   <trkpt lat="47.392830000000004" lon="12.831500000000002">
    <ele>745.4200000000001</ele>
   </trkpt>
   <trkpt lat="47.392950000000006" lon="12.831640000000002">
    <ele>745.4200000000001</ele>
   </trkpt>
   <trkpt lat="47.393040000000006" lon="12.83172">
    <ele>745.32</ele>
   </trkpt>
   <trkpt lat="47.393260000000005" lon="12.83181">
    <ele>745.32</ele>
   </trkpt>
   <trkpt lat="47.3937299999594" lon="12.831844999684423">
    <ele>744.84</ele>
   </trkpt>
   <trkpt lat="47.394200000000005" lon="12.831880000000002">
    <ele>744.5600000000001</ele>
   </trkpt>
   <trkpt lat="47.39439" lon="12.83186">
    <ele>744.45</ele>
   </trkpt>
   <trkpt lat="47.39475" lon="12.83178">
    <ele>744.21</ele>
   </trkpt>
   <trkpt lat="47.39524999976468" lon="12.831655001261886">
    <ele>743.69</ele>
   </trkpt>
   <trkpt lat="47.39575000000001" lon="12.83153">
    <ele>742.98</ele>
   </trkpt>
   <trkpt lat="47.395950000000006" lon="12.831550000000002">
    <ele>742.89</ele>
   </trkpt>
   <trkpt lat="47.396100000000004" lon="12.831620000000001">
    <ele>742.87</ele>
   </trkpt>
   <trkpt lat="47.396420000000006" lon="12.83186">
    <ele>743.0500000000001</ele>
   </trkpt>
   <trkpt lat="47.396530000000006" lon="12.831970000000002">
    <ele>743.26</ele>
   </trkpt>
   <trkpt lat="47.396915002944034" lon="12.832784994163541">
    <ele>743.2200000000001</ele>
   </trkpt>
   <trkpt lat="47.3973" lon="12.8336">
    <ele>743.48</ele>
   </trkpt>
   <trkpt lat="47.39763500110747" lon="12.834094996915052">
    <ele>743.95</ele>
   </trkpt>
   <trkpt lat="47.39797" lon="12.83459">
    <ele>745.02</ele>
   </trkpt>
   <trkpt lat="47.39822" lon="12.835180000000001">
    <ele>745.46</ele>
   </trkpt>
   <trkpt lat="47.39842" lon="12.835560000000001">
    <ele>745.32</ele>
   </trkpt>
   <trkpt lat="47.398860000000006" lon="12.83619">
    <ele>743.95</ele>
   </trkpt>
   <trkpt lat="47.39905" lon="12.836400000000001">
    <ele>744.21</ele>
   </trkpt>
   <trkpt lat="47.39959" lon="12.83689">
    <ele>746.2700000000001</ele>
   </trkpt>
   <trkpt lat="47.40001" lon="12.837180000000002">
    <ele>746.72</ele>
   </trkpt>
   <trkpt lat="47.40053" lon="12.837670000000001">
    <ele>747.46</ele>
   </trkpt>
   <trkpt lat="47.400870000000005" lon="12.837840000000002">
    <ele>748.1000000000001</ele>
   </trkpt>
   <trkpt lat="47.40101000000001" lon="12.837930000000002">
    <ele>748.68</ele>
   </trkpt>
   <trkpt lat="47.40119000000001" lon="12.8381">
    <ele>748.8</ele>
   </trkpt>
   <trkpt lat="47.40126" lon="12.837940000000001">
    <ele>749.11</ele>
   </trkpt>
   <trkpt lat="47.401990000000005" lon="12.838140000000001">
    <ele>753.63</ele>
   </trkpt>
   <trkpt lat="47.40261" lon="12.83863">
    <ele>758.09</ele>
   </trkpt>
   <trkpt lat="47.40323500098053" lon="12.839079994733224">
    <ele>758.9100000000001</ele>
   </trkpt>
   <trkpt lat="47.40386" lon="12.839530000000002">
    <ele>761.26</ele>
   </trkpt>
   <trkpt lat="47.404230000000005" lon="12.839760000000002">
    <ele>761.9100000000001</ele>
   </trkpt>
   <trkpt lat="47.40484000000001" lon="12.840100000000001">
    <ele>763.9</ele>
   </trkpt>
   <trkpt lat="47.405390000000004" lon="12.840560000000002">
    <ele>768.36</ele>
   </trkpt>
   <trkpt lat="47.40551000000001" lon="12.840620000000001">
    <ele>770.82</ele>
   </trkpt>
   <trkpt lat="47.405750000000005" lon="12.84055">
    <ele>772.9</ele>
   </trkpt>
   <trkpt lat="47.4063500005276" lon="12.840854996588428">
    <ele>774.88</ele>
   </trkpt>
   <trkpt lat="47.40695" lon="12.84116">
    <ele>779.57</ele>
   </trkpt>
   <trkpt lat="47.40739000000001" lon="12.841410000000002">
    <ele>782.1600000000001</ele>
   </trkpt>
   <trkpt lat="47.407915000462935" lon="12.841659997599187">
    <ele>789.0800000000002</ele>
   </trkpt>
   <trkpt lat="47.408440000000006" lon="12.84191">
    <ele>793.9900000000001</ele>
   </trkpt>
   <trkpt lat="47.40927500081401" lon="12.842344993099092">
    <ele>799.9300000000001</ele>
   </trkpt>
   <trkpt lat="47.41011" lon="12.842780000000001">
    <ele>802.98</ele>
   </trkpt>
   <trkpt lat="47.41062" lon="12.84308">
    <ele>805.9300000000001</ele>
   </trkpt>
   <trkpt lat="47.41142000000001" lon="12.84345">
    <ele>809.44</ele>
   </trkpt>
   <trkpt lat="47.41172" lon="12.843420000000002">
    <ele>809.5000000000001</ele>
   </trkpt>
   <trkpt lat="47.412060000000004" lon="12.843350000000001">
    <ele>809.0500000000001</ele>
   </trkpt>
   <trkpt lat="47.412620000000004" lon="12.843160000000001">
    <ele>806.4300000000001</ele>
   </trkpt>
   <trkpt lat="47.413090000000004" lon="12.84308">
    <ele>804.3</ele>
   </trkpt>
   <trkpt lat="47.41377000000001" lon="12.843090000000002">
    <ele>798.4000000000001</ele>
   </trkpt>
   <trkpt lat="47.41423" lon="12.8429">
    <ele>792.51</ele>
   </trkpt>
   <trkpt lat="47.41445" lon="12.842920000000001">
    <ele>790.75</ele>
   </trkpt>
   <trkpt lat="47.414620000000006" lon="12.84298">
    <ele>789.7700000000001</ele>
   </trkpt>
   <trkpt lat="47.41472" lon="12.843050000000002">
    <ele>789.7700000000001</ele>
   </trkpt>
   <trkpt lat="47.41471000000001" lon="12.843050000000002">
    <ele>789.8000000000001</ele>
   </trkpt>
   <trkpt lat="47.415000000000006" lon="12.843250000000001">
    <ele>787.8000000000001</ele>
   </trkpt>
   <trkpt lat="47.41526" lon="12.843340000000001">
    <ele>785.84</ele>
   </trkpt>
   <trkpt lat="47.41541" lon="12.843420000000002">
    <ele>784.9</ele>
   </trkpt>
   <trkpt lat="47.41577" lon="12.84355">
    <ele>781.1600000000001</ele>
   </trkpt>
   <trkpt lat="47.416309999966316" lon="12.843579999690256">
    <ele>777.39</ele>
   </trkpt>
   <trkpt lat="47.416850000000004" lon="12.843610000000002">
    <ele>774.46</ele>
   </trkpt>
   <trkpt lat="47.417300000000004" lon="12.843570000000001">
    <ele>773.7700000000001</ele>
   </trkpt>
   <trkpt lat="47.417480000000005" lon="12.843670000000001">
    <ele>773.7600000000001</ele>
   </trkpt>
   <trkpt lat="47.41815000011647" lon="12.843879997304184">
    <ele>775.2</ele>
   </trkpt>
   <trkpt lat="47.418820000000004" lon="12.844090000000001">
    <ele>777.33</ele>
   </trkpt>
   <trkpt lat="47.41906" lon="12.844130000000002">
    <ele>776.9100000000001</ele>
   </trkpt>
   <trkpt lat="47.419270000000004" lon="12.84416">
    <ele>775.85</ele>
   </trkpt>
   <trkpt lat="47.419720000000005" lon="12.84411">
    <ele>773.7900000000001</ele>
   </trkpt>
   <trkpt lat="47.42034999998747" lon="12.844070000479883">
    <ele>770.6</ele>
   </trkpt>
   <trkpt lat="47.42098000000001" lon="12.844030000000002">
    <ele>769.1500000000001</ele>
   </trkpt>
   <trkpt lat="47.42089000000001" lon="12.844460000000002">
    <ele>768.69</ele>
   </trkpt>
   <trkpt lat="47.420750000000005" lon="12.844830000000002">
    <ele>768.23</ele>
   </trkpt>
   <trkpt lat="47.42071000000001" lon="12.845080000000001">
    <ele>767.99</ele>
   </trkpt>
   <trkpt lat="47.42069" lon="12.845450000000001">
    <ele>767.83</ele>
   </trkpt>
   <trkpt lat="47.42083" lon="12.846530000000001">
    <ele>768.36</ele>
   </trkpt>
   <trkpt lat="47.42098000000001" lon="12.847000000000001">
    <ele>768.45</ele>
   </trkpt>
   <trkpt lat="47.42123" lon="12.84684">
    <ele>767.41</ele>
   </trkpt>
   <trkpt lat="47.42156000000001" lon="12.84664">
    <ele>765.4399999999999</ele>
   </trkpt>
   <trkpt lat="47.421850000000006" lon="12.84656">
    <ele>763.7100000000002</ele>
   </trkpt>
   <trkpt lat="47.42269" lon="12.84645">
    <ele>755.1000000000001</ele>
   </trkpt>
   <trkpt lat="47.423350000000006" lon="12.84623">
    <ele>748.4200000000001</ele>
   </trkpt>
   <trkpt lat="47.423590000000004" lon="12.846280000000002">
    <ele>746.6100000000001</ele>
   </trkpt>
   <trkpt lat="47.42378" lon="12.846390000000001">
    <ele>745.63</ele>
   </trkpt>
   <trkpt lat="47.42394" lon="12.84674">
    <ele>744.3700000000001</ele>
   </trkpt>
   <trkpt lat="47.424080000000004" lon="12.84711">
    <ele>743.85</ele>
   </trkpt>
   <trkpt lat="47.424640000000004" lon="12.84814">
    <ele>742.7</ele>
   </trkpt>
   <trkpt lat="47.424640000000004" lon="12.84824">
    <ele>742.6700000000001</ele>
   </trkpt>
   <trkpt lat="47.425140000000006" lon="12.848300000000002">
    <ele>742.4300000000001</ele>
   </trkpt>
   <trkpt lat="47.42537" lon="12.84829">
    <ele>742.26</ele>
   </trkpt>
   <trkpt lat="47.42544" lon="12.84825">
    <ele>742.26</ele>
   </trkpt>
   <trkpt lat="47.4256" lon="12.848120000000002">
    <ele>742.13</ele>
   </trkpt>
   <trkpt lat="47.42577000000001" lon="12.848120000000002">
    <ele>741.86</ele>
   </trkpt>
   <trkpt lat="47.42589" lon="12.848080000000001">
    <ele>741.86</ele>
   </trkpt>
   <trkpt lat="47.4262" lon="12.84772">
    <ele>741.6</ele>
   </trkpt>
   <trkpt lat="47.42656" lon="12.847140000000001">
    <ele>741.1</ele>
   </trkpt>
   <trkpt lat="47.426750000000006" lon="12.846810000000001">
    <ele>740.92</ele>
   </trkpt>
   <trkpt lat="47.42680000000001" lon="12.84665">
    <ele>740.75</ele>
   </trkpt>
   <trkpt lat="47.42680000000001" lon="12.84655">
    <ele>740.75</ele>
   </trkpt>
   <trkpt lat="47.42678" lon="12.84637">
    <ele>740.75</ele>
   </trkpt>
   <trkpt lat="47.42669" lon="12.845880000000001">
    <ele>740.6700000000001</ele>
   </trkpt>
   <trkpt lat="47.42669" lon="12.845680000000002">
    <ele>740.6400000000001</ele>
   </trkpt>
   <trkpt lat="47.426730000000006" lon="12.845670000000002">
    <ele>740.6400000000001</ele>
   </trkpt>
   <trkpt lat="47.426750000000006" lon="12.845590000000001">
    <ele>740.6400000000001</ele>
   </trkpt>
   <trkpt lat="47.427110000000006" lon="12.84556">
    <ele>740.3900000000001</ele>
   </trkpt>
   <trkpt lat="47.427240000000005" lon="12.845540000000002">
    <ele>740.3900000000001</ele>
   </trkpt>
   <trkpt lat="47.427330000000005" lon="12.845500000000001">
    <ele>740.3900000000001</ele>
   </trkpt>
   <trkpt lat="47.42747000000001" lon="12.84538">
    <ele>739.7300000000001</ele>
   </trkpt>
   <trkpt lat="47.427760000000006" lon="12.845080000000001">
    <ele>739.5500000000001</ele>
   </trkpt>
   <trkpt lat="47.428360000000005" lon="12.84425">
    <ele>738.58</ele>
   </trkpt>
   <trkpt lat="47.428490000000004" lon="12.844140000000001">
    <ele>738.58</ele>
   </trkpt>
   <trkpt lat="47.428720000000006" lon="12.84378">
    <ele>738.45</ele>
   </trkpt>
   <trkpt lat="47.42887" lon="12.8435">
    <ele>738.5600000000001</ele>
   </trkpt>
   <trkpt lat="47.42897000000001" lon="12.843390000000001">
    <ele>738.5600000000001</ele>
   </trkpt>
   <trkpt lat="47.429030000000004" lon="12.843340000000001">
    <ele>738.62</ele>
   </trkpt>
   <trkpt lat="47.429080000000006" lon="12.843340000000001">
    <ele>738.62</ele>
   </trkpt>
   <trkpt lat="47.42915000000001" lon="12.84327">
    <ele>738.5200000000001</ele>
   </trkpt>
   <trkpt lat="47.429190000000006" lon="12.84318">
    <ele>738.5200000000001</ele>
   </trkpt>
   <trkpt lat="47.42918" lon="12.843060000000001">
    <ele>738.4200000000001</ele>
   </trkpt>
   <trkpt lat="47.42924000000001" lon="12.842620000000002">
    <ele>737.95</ele>
   </trkpt>
   <trkpt lat="47.429320000000004" lon="12.84229">
    <ele>737.53</ele>
   </trkpt>
   <trkpt lat="47.42951" lon="12.841650000000001">
    <ele>736.7900000000001</ele>
   </trkpt>
   <trkpt lat="47.429883344904894" lon="12.840496683012322">
    <ele>735.7300000000001</ele>
   </trkpt>
   <trkpt lat="47.430256678243715" lon="12.839343349662384">
    <ele>734.94</ele>
   </trkpt>
   <trkpt lat="47.43063" lon="12.83819">
    <ele>733.87</ele>
   </trkpt>
   <trkpt lat="47.43081" lon="12.837380000000001">
    <ele>733.4900000000001</ele>
   </trkpt>
   <trkpt lat="47.430890000000005" lon="12.836570000000002">
    <ele>733.25</ele>
   </trkpt>
   <trkpt lat="47.4309" lon="12.836010000000002">
    <ele>732.35</ele>
   </trkpt>
   <trkpt lat="47.430890000000005" lon="12.835640000000001">
    <ele>732.1700000000001</ele>
   </trkpt>
   <trkpt lat="47.43080500333142" lon="12.834764998615261">
    <ele>731.53</ele>
   </trkpt>
   <trkpt lat="47.43072" lon="12.83389">
    <ele>731.44</ele>
   </trkpt>
   <trkpt lat="47.430730000000004" lon="12.833430000000002">
    <ele>731.2700000000001</ele>
   </trkpt>
   <trkpt lat="47.43077" lon="12.83285">
    <ele>731.1200000000001</ele>
   </trkpt>
   <trkpt lat="47.43084" lon="12.83242">
    <ele>730.95</ele>
   </trkpt>
   <trkpt lat="47.43088" lon="12.83215">
    <ele>730.8500000000001</ele>
   </trkpt>
   <trkpt lat="47.431180000000005" lon="12.830960000000001">
    <ele>730.3000000000001</ele>
   </trkpt>
   <trkpt lat="47.43143000211438" lon="12.83028000294722">
    <ele>729.7800000000001</ele>
   </trkpt>
   <trkpt lat="47.43168000000001" lon="12.829600000000001">
    <ele>729.31</ele>
   </trkpt>
   <trkpt lat="47.432" lon="12.82887">
    <ele>728.83</ele>
   </trkpt>
   <trkpt lat="47.43256" lon="12.827910000000001">
    <ele>728.22</ele>
   </trkpt>
   <trkpt lat="47.43285" lon="12.827570000000001">
    <ele>727.77</ele>
   </trkpt>
   <trkpt lat="47.433150000000005" lon="12.827300000000001">
    <ele>727.44</ele>
   </trkpt>
   <trkpt lat="47.433420000000005" lon="12.827140000000002">
    <ele>727.23</ele>
   </trkpt>
   <trkpt lat="47.43388000042234" lon="12.826930001730402">
    <ele>727.0500000000001</ele>
   </trkpt>
   <trkpt lat="47.434340000000006" lon="12.826720000000002">
    <ele>726.5500000000001</ele>
   </trkpt>
   <trkpt lat="47.434670000000004" lon="12.82656">
    <ele>725.89</ele>
   </trkpt>
   <trkpt lat="47.43502" lon="12.826350000000001">
    <ele>725.89</ele>
   </trkpt>
   <trkpt lat="47.43522" lon="12.82619">
    <ele>725.53</ele>
   </trkpt>
   <trkpt lat="47.435550000000006" lon="12.825870000000002">
    <ele>725.53</ele>
   </trkpt>
   <trkpt lat="47.43589" lon="12.82543">
    <ele>724.82</ele>
   </trkpt>
   <trkpt lat="47.436040000000006" lon="12.825190000000001">
    <ele>724.71</ele>
   </trkpt>
   <trkpt lat="47.436310000000006" lon="12.824650000000002">
    <ele>724.33</ele>
   </trkpt>
   <trkpt lat="47.43663" lon="12.82379">
    <ele>724.25</ele>
   </trkpt>
   <trkpt lat="47.43683" lon="12.823170000000001">
    <ele>724.07</ele>
   </trkpt>
   <trkpt lat="47.43675" lon="12.823170000000001">
    <ele>723.3900000000001</ele>
   </trkpt>
   <trkpt lat="47.43706" lon="12.822260000000002">
    <ele>722.0300000000001</ele>
   </trkpt>
   <trkpt lat="47.43742" lon="12.821560000000002">
    <ele>721.6300000000001</ele>
   </trkpt>
   <trkpt lat="47.43781500102274" lon="12.821070003704705">
    <ele>722.0200000000001</ele>
   </trkpt>
   <trkpt lat="47.438210000000005" lon="12.820580000000001">
    <ele>722.34</ele>
   </trkpt>
   <trkpt lat="47.43833" lon="12.82036">
    <ele>722.13</ele>
   </trkpt>
   <trkpt lat="47.438680000000005" lon="12.8199">
    <ele>721.4200000000001</ele>
   </trkpt>
   <trkpt lat="47.4388" lon="12.81966">
    <ele>720.8500000000001</ele>
   </trkpt>
   <trkpt lat="47.43883" lon="12.819630000000002">
    <ele>720.8500000000001</ele>
   </trkpt>
   <trkpt lat="47.438880000000005" lon="12.819640000000001">
    <ele>720.8500000000001</ele>
   </trkpt>
   <trkpt lat="47.43898" lon="12.819740000000001">
    <ele>720.95</ele>
   </trkpt>
   <trkpt lat="47.43916" lon="12.819740000000001">
    <ele>721.9100000000001</ele>
   </trkpt>
   <trkpt lat="47.43923" lon="12.819690000000001">
    <ele>721.9100000000001</ele>
   </trkpt>
   <trkpt lat="47.439350000000005" lon="12.819730000000002">
    <ele>722.0600000000001</ele>
   </trkpt>
   <trkpt lat="47.439420000000005" lon="12.81972">
    <ele>722.0600000000001</ele>
   </trkpt>
   <trkpt lat="47.44020000085098" lon="12.8193050060982">
    <ele>722.7500000000001</ele>
   </trkpt>
   <trkpt lat="47.44098" lon="12.818890000000001">
    <ele>723.7600000000001</ele>
   </trkpt>
   <trkpt lat="47.441640000420996" lon="12.818595003681802">
    <ele>722.83</ele>
   </trkpt>
   <trkpt lat="47.4423" lon="12.8183">
    <ele>721.77</ele>
   </trkpt>
   <trkpt lat="47.442660000000004" lon="12.818100000000001">
    <ele>721.69</ele>
   </trkpt>
   <trkpt lat="47.44339" lon="12.81788">
    <ele>721.52</ele>
   </trkpt>
   <trkpt lat="47.44407" lon="12.81774">
    <ele>721.0300000000001</ele>
   </trkpt>
   <trkpt lat="47.444320000000005" lon="12.81774">
    <ele>721.01</ele>
   </trkpt>
   <trkpt lat="47.444660000000006" lon="12.81778">
    <ele>720.95</ele>
   </trkpt>
   <trkpt lat="47.44501" lon="12.817860000000001">
    <ele>720.82</ele>
   </trkpt>
   <trkpt lat="47.44512" lon="12.817860000000001">
    <ele>720.77</ele>
   </trkpt>
   <trkpt lat="47.44525" lon="12.81784">
    <ele>720.77</ele>
   </trkpt>
   <trkpt lat="47.445570000000004" lon="12.817720000000001">
    <ele>720.89</ele>
   </trkpt>
   <trkpt lat="47.445660000000004" lon="12.81765">
    <ele>721.1500000000001</ele>
   </trkpt>
   <trkpt lat="47.445730000000005" lon="12.817440000000001">
    <ele>721.2900000000001</ele>
   </trkpt>
   <trkpt lat="47.445800000000006" lon="12.81681">
    <ele>721.55</ele>
   </trkpt>
   <trkpt lat="47.44583" lon="12.816680000000002">
    <ele>722.84</ele>
   </trkpt>
   <trkpt lat="47.445910000000005" lon="12.816510000000001">
    <ele>722.84</ele>
   </trkpt>
   <trkpt lat="47.446020000000004" lon="12.816400000000002">
    <ele>722.84</ele>
   </trkpt>
   <trkpt lat="47.44666" lon="12.815890000000001">
    <ele>724.1200000000001</ele>
   </trkpt>
   <trkpt lat="47.4472" lon="12.815500000000002">
    <ele>724.96</ele>
   </trkpt>
   <trkpt lat="47.447190000000006" lon="12.815280000000001">
    <ele>725.36</ele>
   </trkpt>
   <trkpt lat="47.44727" lon="12.81422">
    <ele>726.9100000000001</ele>
   </trkpt>
   <trkpt lat="47.447430007286655" lon="12.812925003972127">
    <ele>728.7300000000001</ele>
   </trkpt>
   <trkpt lat="47.447590000000005" lon="12.811630000000001">
    <ele>730.57</ele>
   </trkpt>
   <trkpt lat="47.4476" lon="12.810730000000001">
    <ele>732.4300000000001</ele>
   </trkpt>
   <trkpt lat="47.447570000000006" lon="12.810540000000001">
    <ele>732.94</ele>
   </trkpt>
   <trkpt lat="47.44738" lon="12.809840000000001">
    <ele>734.45</ele>
   </trkpt>
   <trkpt lat="47.44711" lon="12.808580000000001">
    <ele>738.07</ele>
   </trkpt>
   <trkpt lat="47.44684" lon="12.80751">
    <ele>741.87</ele>
   </trkpt>
   <trkpt lat="47.4468" lon="12.807150000000002">
    <ele>741.87</ele>
   </trkpt>
   <trkpt lat="47.44682" lon="12.8069">
    <ele>742.8100000000001</ele>
   </trkpt>
   <trkpt lat="47.44711" lon="12.805950000000001">
    <ele>745.14</ele>
   </trkpt>
   <trkpt lat="47.44713" lon="12.805800000000001">
    <ele>745.5600000000001</ele>
   </trkpt>
   <trkpt lat="47.447120000000005" lon="12.80554">
    <ele>746.2700000000001</ele>
   </trkpt>
   <trkpt lat="47.44709" lon="12.805090000000002">
    <ele>745.2</ele>
   </trkpt>
   <trkpt lat="47.447" lon="12.804710000000002">
    <ele>744.74</ele>
   </trkpt>
   <trkpt lat="47.446690000000004" lon="12.80367">
    <ele>742.5400000000001</ele>
   </trkpt>
   <trkpt lat="47.44644" lon="12.803030000000001">
    <ele>741.58</ele>
   </trkpt>
   <trkpt lat="47.446340000000006" lon="12.80253">
    <ele>740.5400000000001</ele>
   </trkpt>
   <trkpt lat="47.44628" lon="12.80239">
    <ele>740.14</ele>
   </trkpt>
   <trkpt lat="47.44615" lon="12.802150000000001">
    <ele>739.65</ele>
   </trkpt>
   <trkpt lat="47.44606" lon="12.80192">
    <ele>739.32</ele>
   </trkpt>
   <trkpt lat="47.44585000000001" lon="12.800920000000001">
    <ele>738.71</ele>
   </trkpt>
   <trkpt lat="47.445780000000006" lon="12.800690000000001">
    <ele>738.7900000000001</ele>
   </trkpt>
   <trkpt lat="47.44565" lon="12.80001">
    <ele>739.1800000000001</ele>
   </trkpt>
   <trkpt lat="47.445570000000004" lon="12.79944">
    <ele>740.08</ele>
   </trkpt>
   <trkpt lat="47.445550000000004" lon="12.798620000000001">
    <ele>740.16</ele>
   </trkpt>
   <trkpt lat="47.4455" lon="12.798330000000002">
    <ele>740.3000000000001</ele>
   </trkpt>
   <trkpt lat="47.44541" lon="12.79803">
    <ele>740.6800000000001</ele>
   </trkpt>
   <trkpt lat="47.44529000000001" lon="12.797730000000001">
    <ele>740.6800000000001</ele>
   </trkpt>
   <trkpt lat="47.444860000000006" lon="12.796840000000001">
    <ele>741.92</ele>
   </trkpt>
   <trkpt lat="47.444480000000006" lon="12.795960000000001">
    <ele>743.21</ele>
   </trkpt>
   <trkpt lat="47.444430000000004" lon="12.795770000000001">
    <ele>743.21</ele>
   </trkpt>
   <trkpt lat="47.44442" lon="12.79461">
    <ele>743.6400000000001</ele>
   </trkpt>
   <trkpt lat="47.444360007907605" lon="12.793656664575886">
    <ele>744.6400000000001</ele>
   </trkpt>
   <trkpt lat="47.444300007912865" lon="12.792703331326358">
    <ele>745.4200000000001</ele>
   </trkpt>
   <trkpt lat="47.44424" lon="12.79175">
    <ele>745.98</ele>
   </trkpt>
   <trkpt lat="47.444210000000005" lon="12.791430000000002">
    <ele>746.1600000000001</ele>
   </trkpt>
   <trkpt lat="47.44413" lon="12.79104">
    <ele>746.82</ele>
   </trkpt>
   <trkpt lat="47.44413" lon="12.79071">
    <ele>747.14</ele>
   </trkpt>
   <trkpt lat="47.44422" lon="12.790280000000001">
    <ele>747.24</ele>
   </trkpt>
   <trkpt lat="47.444210000000005" lon="12.789860000000001">
    <ele>747.35</ele>
   </trkpt>
   <trkpt lat="47.44411" lon="12.789060000000001">
    <ele>748.21</ele>
   </trkpt>
   <trkpt lat="47.444160000000004" lon="12.788720000000001">
    <ele>748.9</ele>
   </trkpt>
   <trkpt lat="47.44417000000001" lon="12.788520000000002">
    <ele>748.9</ele>
   </trkpt>
   <trkpt lat="47.44411" lon="12.78767">
    <ele>750.89</ele>
   </trkpt>
   <trkpt lat="47.444050000000004" lon="12.7872">
    <ele>750.89</ele>
   </trkpt>
   <trkpt lat="47.44384" lon="12.78598">
    <ele>752.02</ele>
   </trkpt>
   <trkpt lat="47.44382" lon="12.7855">
    <ele>752.68</ele>
   </trkpt>
   <trkpt lat="47.44384" lon="12.785380000000002">
    <ele>752.68</ele>
   </trkpt>
   <trkpt lat="47.443900000000006" lon="12.78522">
    <ele>752.68</ele>
   </trkpt>
   <trkpt lat="47.44422000182558" lon="12.784565004065465">
    <ele>753.3700000000001</ele>
   </trkpt>
   <trkpt lat="47.44454" lon="12.78391">
    <ele>754.96</ele>
   </trkpt>
   <trkpt lat="47.444300000000005" lon="12.783610000000001">
    <ele>755.0000000000001</ele>
   </trkpt>
   <trkpt lat="47.44394334079993" lon="12.782683320768056">
    <ele>755.9800000000001</ele>
   </trkpt>
   <trkpt lat="47.443586674133364" lon="12.781756654101804">
    <ele>757.2500000000001</ele>
   </trkpt>
   <trkpt lat="47.44323000000001" lon="12.780830000000002">
    <ele>757.85</ele>
   </trkpt>
   <trkpt lat="47.442930000000004" lon="12.780000000000001">
    <ele>759.19</ele>
   </trkpt>
   <trkpt lat="47.442870000000006" lon="12.77988">
    <ele>759.19</ele>
   </trkpt>
   <trkpt lat="47.44274" lon="12.779700000000002">
    <ele>759.19</ele>
   </trkpt>
   <trkpt lat="47.44223" lon="12.779110000000001">
    <ele>761.0600000000001</ele>
   </trkpt>
   <trkpt lat="47.44169" lon="12.778410000000001">
    <ele>761.19</ele>
   </trkpt>
   <trkpt lat="47.441520000000004" lon="12.778170000000001">
    <ele>760.95</ele>
   </trkpt>
   <trkpt lat="47.44144000000001" lon="12.77799">
    <ele>760.87</ele>
   </trkpt>
   <trkpt lat="47.441410000000005" lon="12.77786">
    <ele>760.85</ele>
   </trkpt>
   <trkpt lat="47.441390000000006" lon="12.777610000000001">
    <ele>761.0300000000001</ele>
   </trkpt>
   <trkpt lat="47.441470002103436" lon="12.776915001026566">
    <ele>761.8000000000001</ele>
   </trkpt>
   <trkpt lat="47.44155000000001" lon="12.77622">
    <ele>762.5400000000001</ele>
   </trkpt>
   <trkpt lat="47.441430000000004" lon="12.775030000000001">
    <ele>763.4200000000001</ele>
   </trkpt>
   <trkpt lat="47.44151" lon="12.774090000000001">
    <ele>764.21</ele>
   </trkpt>
   <trkpt lat="47.44149" lon="12.773890000000002">
    <ele>764.41</ele>
   </trkpt>
   <trkpt lat="47.44145" lon="12.77372">
    <ele>764.6600000000001</ele>
   </trkpt>
   <trkpt lat="47.441190000000006" lon="12.77317">
    <ele>765.41</ele>
   </trkpt>
   <trkpt lat="47.44113" lon="12.773010000000001">
    <ele>765.41</ele>
   </trkpt>
   <trkpt lat="47.441" lon="12.772250000000001">
    <ele>765.9300000000001</ele>
   </trkpt>
   <trkpt lat="47.440990000000006" lon="12.7718">
    <ele>766.1500000000001</ele>
   </trkpt>
   <trkpt lat="47.44089" lon="12.771270000000001">
    <ele>766.5</ele>
   </trkpt>
   <trkpt lat="47.440850000000005" lon="12.77114">
    <ele>766.82</ele>
   </trkpt>
   <trkpt lat="47.44064" lon="12.770740000000002">
    <ele>767.26</ele>
   </trkpt>
   <trkpt lat="47.44046" lon="12.77003">
    <ele>767.6500000000001</ele>
   </trkpt>
   <trkpt lat="47.44039" lon="12.769820000000001">
    <ele>767.6</ele>
   </trkpt>
   <trkpt lat="47.440360000000005" lon="12.769480000000001">
    <ele>767.39</ele>
   </trkpt>
   <trkpt lat="47.440430000000006" lon="12.76819">
    <ele>768.5600000000001</ele>
   </trkpt>
   <trkpt lat="47.440470000000005" lon="12.767840000000001">
    <ele>769.1800000000001</ele>
   </trkpt>
   <trkpt lat="47.44073" lon="12.767220000000002">
    <ele>772.5900000000001</ele>
   </trkpt>
   <trkpt lat="47.44095" lon="12.766850000000002">
    <ele>773.88</ele>
   </trkpt>
   <trkpt lat="47.44098" lon="12.766770000000001">
    <ele>773.88</ele>
   </trkpt>
   <trkpt lat="47.44102" lon="12.76673">
    <ele>774.82</ele>
   </trkpt>
   <trkpt lat="47.44108000000001" lon="12.766630000000001">
    <ele>774.94</ele>
   </trkpt>
   <trkpt lat="47.441050000000004" lon="12.76617">
    <ele>775.0100000000001</ele>
   </trkpt>
   <trkpt lat="47.441010000000006" lon="12.765830000000001">
    <ele>775.0</ele>
   </trkpt>
   <trkpt lat="47.440900000000006" lon="12.76537">
    <ele>774.7700000000001</ele>
   </trkpt>
   <trkpt lat="47.44077" lon="12.764460000000001">
    <ele>774.36</ele>
   </trkpt>
   <trkpt lat="47.44062" lon="12.76421">
    <ele>774.29</ele>
   </trkpt>
   <trkpt lat="47.43995" lon="12.76335">
    <ele>776.9</ele>
   </trkpt>
   <trkpt lat="47.439890000000005" lon="12.763340000000001">
    <ele>777.0400000000001</ele>
   </trkpt>
   <trkpt lat="47.439890000000005" lon="12.762860000000002">
    <ele>777.51</ele>
   </trkpt>
   <trkpt lat="47.43981" lon="12.761800000000001">
    <ele>778.3700000000001</ele>
   </trkpt>
   <trkpt lat="47.439750000000004" lon="12.761360000000002">
    <ele>778.9200000000001</ele>
   </trkpt>
   <trkpt lat="47.439550000000004" lon="12.760380000000001">
    <ele>781.3800000000001</ele>
   </trkpt>
   <trkpt lat="47.439390006333326" lon="12.75917499649086">
    <ele>783.6500000000001</ele>
   </trkpt>
   <trkpt lat="47.43923" lon="12.75797">
    <ele>784.88</ele>
   </trkpt>
   <trkpt lat="47.43912" lon="12.756920000000001">
    <ele>784.54</ele>
   </trkpt>
   <trkpt lat="47.43892500663311" lon="12.755684995436551">
    <ele>785.6</ele>
   </trkpt>
   <trkpt lat="47.43873000000001" lon="12.75445">
    <ele>786.66</ele>
   </trkpt>
   <trkpt lat="47.43871" lon="12.754050000000001">
    <ele>787.5000000000001</ele>
   </trkpt>
   <trkpt lat="47.43874" lon="12.753680000000001">
    <ele>787.5000000000001</ele>
   </trkpt>
   <trkpt lat="47.43882000000001" lon="12.75332">
    <ele>788.15</ele>
   </trkpt>
   <trkpt lat="47.43914" lon="12.75247">
    <ele>788.83</ele>
   </trkpt>
   <trkpt lat="47.439330000000005" lon="12.751930000000002">
    <ele>789.37</ele>
   </trkpt>
   <trkpt lat="47.43956000000001" lon="12.75078">
    <ele>790.3800000000001</ele>
   </trkpt>
   <trkpt lat="47.439690000000006" lon="12.749920000000001">
    <ele>791.33</ele>
   </trkpt>
   <trkpt lat="47.43974" lon="12.749210000000001">
    <ele>792.59</ele>
   </trkpt>
   <trkpt lat="47.43972" lon="12.74843">
    <ele>793.24</ele>
   </trkpt>
   <trkpt lat="47.439670006735426" lon="12.747184998733971">
    <ele>794.9300000000001</ele>
   </trkpt>
   <trkpt lat="47.439620000000005" lon="12.745940000000001">
    <ele>796.83</ele>
   </trkpt>
   <trkpt lat="47.43965000000001" lon="12.74524">
    <ele>797.09</ele>
   </trkpt>
   <trkpt lat="47.43972" lon="12.74482">
    <ele>797.57</ele>
   </trkpt>
   <trkpt lat="47.43979" lon="12.744570000000001">
    <ele>797.71</ele>
   </trkpt>
   <trkpt lat="47.44003500195692" lon="12.743915002804876">
    <ele>799.1100000000001</ele>
   </trkpt>
   <trkpt lat="47.44028" lon="12.743260000000001">
    <ele>800.5600000000001</ele>
   </trkpt>
   <trkpt lat="47.440360000000005" lon="12.742930000000001">
    <ele>799.94</ele>
   </trkpt>
   <trkpt lat="47.44046" lon="12.74295">
    <ele>799.94</ele>
   </trkpt>
   <trkpt lat="47.44053" lon="12.74253">
    <ele>801.0100000000001</ele>
   </trkpt>
   <trkpt lat="47.44051" lon="12.742320000000001">
    <ele>801.0100000000001</ele>
   </trkpt>
   <trkpt lat="47.440690000000004" lon="12.741370000000002">
    <ele>802.1100000000001</ele>
   </trkpt>
   <trkpt lat="47.440810000000006" lon="12.74028">
    <ele>801.7800000000001</ele>
   </trkpt>
   <trkpt lat="47.44079000000001" lon="12.740010000000002">
    <ele>801.5000000000001</ele>
   </trkpt>
   <trkpt lat="47.44075" lon="12.73995">
    <ele>801.42</ele>
   </trkpt>
   <trkpt lat="47.44059000000001" lon="12.73985">
    <ele>801.22</ele>
   </trkpt>
   <trkpt lat="47.44053" lon="12.73939">
    <ele>801.6800000000001</ele>
   </trkpt>
   <trkpt lat="47.440470000000005" lon="12.738620000000001">
    <ele>803.3500000000001</ele>
   </trkpt>
   <trkpt lat="47.440340000000006" lon="12.738600000000002">
    <ele>803.07</ele>
   </trkpt>
   <trkpt lat="47.44032000000001" lon="12.738570000000001">
    <ele>802.98</ele>
   </trkpt>
   <trkpt lat="47.440310000000004" lon="12.7384">
    <ele>802.9200000000001</ele>
   </trkpt>
   <trkpt lat="47.44026" lon="12.73817">
    <ele>803.0600000000001</ele>
   </trkpt>
   <trkpt lat="47.44026" lon="12.737140000000002">
    <ele>807.6200000000001</ele>
   </trkpt>
   <trkpt lat="47.44021" lon="12.73606">
    <ele>809.9200000000001</ele>
   </trkpt>
   <trkpt lat="47.440020000000004" lon="12.735030000000002">
    <ele>810.4300000000001</ele>
   </trkpt>
   <trkpt lat="47.43999" lon="12.734580000000001">
    <ele>811.1400000000001</ele>
   </trkpt>
   <trkpt lat="47.440020000000004" lon="12.73431">
    <ele>811.48</ele>
   </trkpt>
   <trkpt lat="47.44006" lon="12.734090000000002">
    <ele>811.49</ele>
   </trkpt>
   <trkpt lat="47.440160000000006" lon="12.733910000000002">
    <ele>811.0200000000001</ele>
   </trkpt>
   <trkpt lat="47.440220000000004" lon="12.733630000000002">
    <ele>811.0500000000001</ele>
   </trkpt>
   <trkpt lat="47.440200000000004" lon="12.73338">
    <ele>811.8700000000001</ele>
   </trkpt>
   <trkpt lat="47.44012000000001" lon="12.733070000000001">
    <ele>812.8900000000001</ele>
   </trkpt>
   <trkpt lat="47.44014000000001" lon="12.733">
    <ele>813.0400000000001</ele>
   </trkpt>
   <trkpt lat="47.44028" lon="12.732840000000001">
    <ele>813.08</ele>
   </trkpt>
   <trkpt lat="47.44032000000001" lon="12.73277">
    <ele>813.08</ele>
   </trkpt>
   <trkpt lat="47.44037" lon="12.732090000000001">
    <ele>813.7200000000001</ele>
   </trkpt>
   <trkpt lat="47.44044" lon="12.73146">
    <ele>814.4800000000001</ele>
   </trkpt>
   <trkpt lat="47.440575002826606" lon="12.7306500022333">
    <ele>815.34</ele>
   </trkpt>
   <trkpt lat="47.44071" lon="12.729840000000001">
    <ele>816.19</ele>
   </trkpt>
   <trkpt lat="47.440760000000004" lon="12.729190000000001">
    <ele>816.6800000000001</ele>
   </trkpt>
   <trkpt lat="47.44071" lon="12.728710000000001">
    <ele>816.0500000000001</ele>
   </trkpt>
   <trkpt lat="47.44066" lon="12.7284">
    <ele>816.22</ele>
   </trkpt>
   <trkpt lat="47.440540000000006" lon="12.727970000000001">
    <ele>816.71</ele>
   </trkpt>
   <trkpt lat="47.44026" lon="12.727580000000001">
    <ele>818.09</ele>
   </trkpt>
   <trkpt lat="47.44017" lon="12.72723">
    <ele>820.5400000000001</ele>
   </trkpt>
   <trkpt lat="47.44003000000001" lon="12.726550000000001">
    <ele>821.97</ele>
   </trkpt>
   <trkpt lat="47.439980000000006" lon="12.72639">
    <ele>822.15</ele>
   </trkpt>
   <trkpt lat="47.43995" lon="12.72634">
    <ele>822.15</ele>
   </trkpt>
   <trkpt lat="47.439780000000006" lon="12.7262">
    <ele>822.24</ele>
   </trkpt>
   <trkpt lat="47.43976000000001" lon="12.72605">
    <ele>822.3600000000001</ele>
   </trkpt>
   <trkpt lat="47.43956000000001" lon="12.725740000000002">
    <ele>823.2600000000001</ele>
   </trkpt>
   <trkpt lat="47.439240000000005" lon="12.725470000000001">
    <ele>824.86</ele>
   </trkpt>
   <trkpt lat="47.43896" lon="12.725320000000002">
    <ele>825.9000000000001</ele>
   </trkpt>
   <trkpt lat="47.438900000000004" lon="12.725240000000001">
    <ele>825.9000000000001</ele>
   </trkpt>
   <trkpt lat="47.43885" lon="12.72503">
    <ele>826.6600000000001</ele>
   </trkpt>
   <trkpt lat="47.438900000000004" lon="12.724820000000001">
    <ele>826.6600000000001</ele>
   </trkpt>
   <trkpt lat="47.439080000000004" lon="12.72427">
    <ele>827.5</ele>
   </trkpt>
   <trkpt lat="47.43918" lon="12.72339">
    <ele>829.58</ele>
   </trkpt>
   <trkpt lat="47.439170000000004" lon="12.723160000000002">
    <ele>829.8000000000001</ele>
   </trkpt>
   <trkpt lat="47.438990000000004" lon="12.722760000000001">
    <ele>829.8000000000001</ele>
   </trkpt>
   <trkpt lat="47.43891000000001" lon="12.722520000000001">
    <ele>829.9900000000001</ele>
   </trkpt>
   <trkpt lat="47.43889" lon="12.72156">
    <ele>830.8000000000001</ele>
   </trkpt>
   <trkpt lat="47.438930000000006" lon="12.72099">
    <ele>832.2100000000002</ele>
   </trkpt>
   <trkpt lat="47.43889" lon="12.72071">
    <ele>832.4300000000001</ele>
   </trkpt>
   <trkpt lat="47.438900000000004" lon="12.720210000000002">
    <ele>833.46</ele>
   </trkpt>
   <trkpt lat="47.438930000000006" lon="12.72">
    <ele>833.88</ele>
   </trkpt>
   <trkpt lat="47.438930000000006" lon="12.71982">
    <ele>833.88</ele>
   </trkpt>
   <trkpt lat="47.439150000000005" lon="12.71934">
    <ele>834.57</ele>
   </trkpt>
   <trkpt lat="47.43918" lon="12.719410000000002">
    <ele>834.4</ele>
   </trkpt>
   <trkpt lat="47.43943" lon="12.71958">
    <ele>834.08</ele>
   </trkpt>
   <trkpt lat="47.43952" lon="12.71967">
    <ele>833.84</ele>
   </trkpt>
   <trkpt lat="47.43988" lon="12.719930000000002">
    <ele>833.6000000000001</ele>
   </trkpt>
   <trkpt lat="47.4401" lon="12.720080000000001">
    <ele>834.8700000000001</ele>
   </trkpt>
   <trkpt lat="47.440290000000005" lon="12.71944">
    <ele>835.86</ele>
   </trkpt>
   <trkpt lat="47.44050000000001" lon="12.71837">
    <ele>837.3000000000001</ele>
   </trkpt>
   <trkpt lat="47.44062500208268" lon="12.717685001393367">
    <ele>838.34</ele>
   </trkpt>
   <trkpt lat="47.44075" lon="12.717">
    <ele>840.11</ele>
   </trkpt>
   <trkpt lat="47.4410650055299" lon="12.715875006637242">
    <ele>841.94</ele>
   </trkpt>
   <trkpt lat="47.44138" lon="12.71475">
    <ele>843.22</ele>
   </trkpt>
   <trkpt lat="47.44151" lon="12.714220000000001">
    <ele>844.11</ele>
   </trkpt>
   <trkpt lat="47.44171" lon="12.713040000000001">
    <ele>845.74</ele>
   </trkpt>
   <trkpt lat="47.44182000000001" lon="12.71226">
    <ele>846.2900000000001</ele>
   </trkpt>
   <trkpt lat="47.441770000000005" lon="12.71222">
    <ele>846.25</ele>
   </trkpt>
   <trkpt lat="47.441750000000006" lon="12.711290000000002">
    <ele>846.71</ele>
   </trkpt>
   <trkpt lat="47.44178" lon="12.71099">
    <ele>847.5100000000001</ele>
   </trkpt>
   <trkpt lat="47.441750000000006" lon="12.71062">
    <ele>848.38</ele>
   </trkpt>
   <trkpt lat="47.44171" lon="12.710450000000002">
    <ele>848.38</ele>
   </trkpt>
   <trkpt lat="47.441660000000006" lon="12.710370000000001">
    <ele>848.32</ele>
   </trkpt>
   <trkpt lat="47.441520000000004" lon="12.710370000000001">
    <ele>848.5</ele>
   </trkpt>
   <trkpt lat="47.4414" lon="12.70916">
    <ele>849.11</ele>
   </trkpt>
   <trkpt lat="47.4414" lon="12.70878">
    <ele>849.61</ele>
   </trkpt>
   <trkpt lat="47.441430000000004" lon="12.708450000000001">
    <ele>849.89</ele>
   </trkpt>
   <trkpt lat="47.44136" lon="12.70827">
    <ele>850.04</ele>
   </trkpt>
   <trkpt lat="47.44129" lon="12.708010000000002">
    <ele>850.52</ele>
   </trkpt>
   <trkpt lat="47.44131" lon="12.70761">
    <ele>850.2900000000001</ele>
   </trkpt>
   <trkpt lat="47.44145" lon="12.706830000000002">
    <ele>851.49</ele>
   </trkpt>
   <trkpt lat="47.44154" lon="12.70659">
    <ele>853.1800000000001</ele>
   </trkpt>
   <trkpt lat="47.441590000000005" lon="12.706330000000001">
    <ele>854.32</ele>
   </trkpt>
   <trkpt lat="47.44174" lon="12.705350000000001">
    <ele>858.6</ele>
   </trkpt>
   <trkpt lat="47.441840000000006" lon="12.70499">
    <ele>857.9700000000001</ele>
   </trkpt>
   <trkpt lat="47.441840000000006" lon="12.704680000000002">
    <ele>857.87</ele>
   </trkpt>
   <trkpt lat="47.441880000000005" lon="12.704530000000002">
    <ele>858.09</ele>
   </trkpt>
   <trkpt lat="47.442310000000006" lon="12.704070000000002">
    <ele>859.34</ele>
   </trkpt>
   <trkpt lat="47.44243" lon="12.703920000000002">
    <ele>859.84</ele>
   </trkpt>
   <trkpt lat="47.44258000000001" lon="12.70368">
    <ele>861.96</ele>
   </trkpt>
   <trkpt lat="47.442620000000005" lon="12.703470000000001">
    <ele>861.94</ele>
   </trkpt>
   <trkpt lat="47.44267000000001" lon="12.702900000000001">
    <ele>861.87</ele>
   </trkpt>
   <trkpt lat="47.44277" lon="12.70255">
    <ele>861.92</ele>
   </trkpt>
   <trkpt lat="47.44283" lon="12.702190000000002">
    <ele>862.47</ele>
   </trkpt>
   <trkpt lat="47.44283" lon="12.701880000000001">
    <ele>863.21</ele>
   </trkpt>
   <trkpt lat="47.44301" lon="12.70109">
    <ele>866.1800000000001</ele>
   </trkpt>
   <trkpt lat="47.443090000000005" lon="12.70025">
    <ele>868.0500000000001</ele>
   </trkpt>
   <trkpt lat="47.443070000000006" lon="12.700050000000001">
    <ele>868.21</ele>
   </trkpt>
   <trkpt lat="47.44304" lon="12.69992">
    <ele>868.48</ele>
   </trkpt>
   <trkpt lat="47.44303000000001" lon="12.699370000000002">
    <ele>869.4900000000001</ele>
   </trkpt>
   <trkpt lat="47.44285000000001" lon="12.69866">
    <ele>870.71</ele>
   </trkpt>
   <trkpt lat="47.442710000000005" lon="12.69824">
    <ele>872.57</ele>
   </trkpt>
   <trkpt lat="47.44268" lon="12.69804">
    <ele>872.57</ele>
   </trkpt>
   <trkpt lat="47.44268" lon="12.69795">
    <ele>872.95</ele>
   </trkpt>
   <trkpt lat="47.442800000000005" lon="12.697640000000002">
    <ele>874.6100000000001</ele>
   </trkpt>
   <trkpt lat="47.44296000000001" lon="12.697080000000001">
    <ele>876.87</ele>
   </trkpt>
   <trkpt lat="47.442930000000004" lon="12.696800000000001">
    <ele>876.96</ele>
   </trkpt>
   <trkpt lat="47.44292" lon="12.69594">
    <ele>878.0100000000001</ele>
   </trkpt>
   <trkpt lat="47.442930000000004" lon="12.69588">
    <ele>878.0100000000001</ele>
   </trkpt>
   <trkpt lat="47.44299" lon="12.6958">
    <ele>878.2900000000001</ele>
   </trkpt>
   <trkpt lat="47.443090000000005" lon="12.695720000000001">
    <ele>878.8</ele>
   </trkpt>
   <trkpt lat="47.443360000000006" lon="12.695300000000001">
    <ele>880.5400000000001</ele>
   </trkpt>
   <trkpt lat="47.44342" lon="12.695250000000001">
    <ele>881.59</ele>
   </trkpt>
   <trkpt lat="47.443580000000004" lon="12.69522">
    <ele>882.38</ele>
   </trkpt>
   <trkpt lat="47.44364" lon="12.695170000000001">
    <ele>882.7300000000001</ele>
   </trkpt>
   <trkpt lat="47.443900000000006" lon="12.69476">
    <ele>883.71</ele>
   </trkpt>
   <trkpt lat="47.44407" lon="12.69453">
    <ele>885.38</ele>
   </trkpt>
   <trkpt lat="47.44429" lon="12.694270000000001">
    <ele>887.2500000000001</ele>
   </trkpt>
   <trkpt lat="47.44467" lon="12.693890000000001">
    <ele>888.85</ele>
   </trkpt>
   <trkpt lat="47.444880000000005" lon="12.693610000000001">
    <ele>890.0100000000001</ele>
   </trkpt>
   <trkpt lat="47.445260000000005" lon="12.693180000000002">
    <ele>893.2200000000001</ele>
   </trkpt>
   <trkpt lat="47.44536" lon="12.69292">
    <ele>894.09</ele>
   </trkpt>
   <trkpt lat="47.44541" lon="12.692580000000001">
    <ele>894.5400000000001</ele>
   </trkpt>
   <trkpt lat="47.44552" lon="12.692530000000001">
    <ele>894.6500000000001</ele>
   </trkpt>
   <trkpt lat="47.44603" lon="12.69251">
    <ele>897.1600000000001</ele>
   </trkpt>
   <trkpt lat="47.446090000000005" lon="12.69241">
    <ele>897.1600000000001</ele>
   </trkpt>
   <trkpt lat="47.44621" lon="12.69214">
    <ele>898.9</ele>
   </trkpt>
   <trkpt lat="47.4463" lon="12.69185">
    <ele>899.78</ele>
   </trkpt>
   <trkpt lat="47.44644" lon="12.691540000000002">
    <ele>900.38</ele>
   </trkpt>
   <trkpt lat="47.44666500232973" lon="12.690820002836551">
    <ele>900.94</ele>
   </trkpt>
   <trkpt lat="47.44689" lon="12.690100000000001">
    <ele>903.0</ele>
   </trkpt>
   <trkpt lat="47.447010000000006" lon="12.689340000000001">
    <ele>905.61</ele>
   </trkpt>
   <trkpt lat="47.447190000000006" lon="12.688690000000001">
    <ele>908.2500000000001</ele>
   </trkpt>
   <trkpt lat="47.44737000000001" lon="12.688270000000001">
    <ele>909.6</ele>
   </trkpt>
   <trkpt lat="47.4476" lon="12.687840000000001">
    <ele>910.7900000000001</ele>
   </trkpt>
   <trkpt lat="47.44782000000001" lon="12.68753">
    <ele>912.45</ele>
   </trkpt>
   <trkpt lat="47.448330000000006" lon="12.686630000000001">
    <ele>914.6700000000001</ele>
   </trkpt>
   <trkpt lat="47.448460000000004" lon="12.68632">
    <ele>915.83</ele>
   </trkpt>
   <trkpt lat="47.448460000000004" lon="12.686230000000002">
    <ele>915.83</ele>
   </trkpt>
   <trkpt lat="47.44863" lon="12.685720000000002">
    <ele>916.7600000000001</ele>
   </trkpt>
   <trkpt lat="47.44876000000001" lon="12.685130000000001">
    <ele>918.82</ele>
   </trkpt>
   <trkpt lat="47.44881" lon="12.68444">
    <ele>920.39</ele>
   </trkpt>
   <trkpt lat="47.44899" lon="12.68407">
    <ele>923.2500000000001</ele>
   </trkpt>
   <trkpt lat="47.449040000000004" lon="12.683900000000001">
    <ele>923.3000000000001</ele>
   </trkpt>
   <trkpt lat="47.44897" lon="12.68332">
    <ele>925.45</ele>
   </trkpt>
   <trkpt lat="47.449000000000005" lon="12.682200000000002">
    <ele>930.25</ele>
   </trkpt>
   <trkpt lat="47.44905000000001" lon="12.681640000000002">
    <ele>930.27</ele>
   </trkpt>
   <trkpt lat="47.44917" lon="12.68097">
    <ele>929.2300000000001</ele>
   </trkpt>
   <trkpt lat="47.449360000000006" lon="12.680250000000001">
    <ele>930.22</ele>
   </trkpt>
   <trkpt lat="47.449490000000004" lon="12.67966">
    <ele>931.27</ele>
   </trkpt>
   <trkpt lat="47.44973" lon="12.678930000000001">
    <ele>932.1300000000001</ele>
   </trkpt>
   <trkpt lat="47.44982" lon="12.678700000000001">
    <ele>932.46</ele>
   </trkpt>
   <trkpt lat="47.45015" lon="12.678020000000002">
    <ele>933.5200000000001</ele>
   </trkpt>
   <trkpt lat="47.450340000000004" lon="12.67772">
    <ele>933.86</ele>
   </trkpt>
   <trkpt lat="47.450630000000004" lon="12.67754">
    <ele>934.44</ele>
   </trkpt>
   <trkpt lat="47.451040000000006" lon="12.676990000000002">
    <ele>938.48</ele>
   </trkpt>
   <trkpt lat="47.451190000000004" lon="12.676820000000001">
    <ele>941.0200000000001</ele>
   </trkpt>
   <trkpt lat="47.451420000000006" lon="12.676620000000002">
    <ele>944.46</ele>
   </trkpt>
   <trkpt lat="47.45187000000001" lon="12.67646">
    <ele>951.1600000000001</ele>
   </trkpt>
   <trkpt lat="47.452380000000005" lon="12.676160000000001">
    <ele>956.7200000000001</ele>
   </trkpt>
   <trkpt lat="47.45252000000001" lon="12.676120000000001">
    <ele>957.3300000000002</ele>
   </trkpt>
   <trkpt lat="47.45266" lon="12.67613">
    <ele>957.91</ele>
   </trkpt>
   <trkpt lat="47.452850000000005" lon="12.67617">
    <ele>959.6500000000001</ele>
   </trkpt>
   <trkpt lat="47.453050000000005" lon="12.676240000000002">
    <ele>961.2100000000002</ele>
   </trkpt>
   <trkpt lat="47.453210000000006" lon="12.67632">
    <ele>963.1700000000001</ele>
   </trkpt>
   <trkpt lat="47.453410000000005" lon="12.676490000000001">
    <ele>965.71</ele>
   </trkpt>
   <trkpt lat="47.45349" lon="12.676520000000002">
    <ele>966.4</ele>
   </trkpt>
   <trkpt lat="47.45358" lon="12.676480000000002">
    <ele>966.64</ele>
   </trkpt>
   <trkpt lat="47.45375000000001" lon="12.676010000000002">
    <ele>964.2100000000002</ele>
   </trkpt>
   <trkpt lat="47.454" lon="12.675490000000002">
    <ele>960.4</ele>
   </trkpt>
   <trkpt lat="47.45407" lon="12.675270000000001">
    <ele>960.4</ele>
   </trkpt>
   <trkpt lat="47.454100000000004" lon="12.675030000000001">
    <ele>959.0400000000001</ele>
   </trkpt>
   <trkpt lat="47.454100000000004" lon="12.674830000000002">
    <ele>957.25</ele>
   </trkpt>
   <trkpt lat="47.45418" lon="12.673960000000001">
    <ele>951.76</ele>
   </trkpt>
   <trkpt lat="47.45431000000001" lon="12.673430000000002">
    <ele>949.9000000000001</ele>
   </trkpt>
   <trkpt lat="47.454460000000005" lon="12.673010000000001">
    <ele>949.2300000000001</ele>
   </trkpt>
   <trkpt lat="47.45468" lon="12.67252">
    <ele>950.0</ele>
   </trkpt>
   <trkpt lat="47.454750000000004" lon="12.672250000000002">
    <ele>951.08</ele>
   </trkpt>
   <trkpt lat="47.45496000000001" lon="12.67182">
    <ele>954.5400000000001</ele>
   </trkpt>
   <trkpt lat="47.455090000000006" lon="12.67168">
    <ele>955.5000000000001</ele>
   </trkpt>
   <trkpt lat="47.45515" lon="12.671570000000001">
    <ele>955.64</ele>
   </trkpt>
   <trkpt lat="47.45514000000001" lon="12.671450000000002">
    <ele>955.86</ele>
   </trkpt>
   <trkpt lat="47.4551" lon="12.671320000000001">
    <ele>955.59</ele>
   </trkpt>
   <trkpt lat="47.45519" lon="12.670770000000001">
    <ele>955.47</ele>
   </trkpt>
   <trkpt lat="47.45535" lon="12.670200000000001">
    <ele>955.7700000000001</ele>
   </trkpt>
   <trkpt lat="47.455450000000006" lon="12.66998">
    <ele>956.3300000000002</ele>
   </trkpt>
   <trkpt lat="47.455690000000004" lon="12.66966">
    <ele>958.1500000000001</ele>
   </trkpt>
   <trkpt lat="47.45573" lon="12.669580000000002">
    <ele>958.6300000000001</ele>
   </trkpt>
   <trkpt lat="47.45577" lon="12.66891">
    <ele>958.1</ele>
   </trkpt>
   <trkpt lat="47.4558" lon="12.668660000000001">
    <ele>957.74</ele>
   </trkpt>
   <trkpt lat="47.455890000000004" lon="12.66824">
    <ele>958.2100000000002</ele>
   </trkpt>
   <trkpt lat="47.45590000000001" lon="12.66802">
    <ele>959.19</ele>
   </trkpt>
   <trkpt lat="47.455920000000006" lon="12.667950000000001">
    <ele>959.19</ele>
   </trkpt>
   <trkpt lat="47.455980000000004" lon="12.667850000000001">
    <ele>959.57</ele>
   </trkpt>
   <trkpt lat="47.456030000000005" lon="12.667700000000002">
    <ele>959.84</ele>
   </trkpt>
   <trkpt lat="47.45606" lon="12.667520000000001">
    <ele>960.3100000000001</ele>
   </trkpt>
   <trkpt lat="47.456070000000004" lon="12.667150000000001">
    <ele>960.83</ele>
   </trkpt>
   <trkpt lat="47.45604" lon="12.667000000000002">
    <ele>960.83</ele>
   </trkpt>
   <trkpt lat="47.456070000000004" lon="12.666680000000001">
    <ele>961.4300000000001</ele>
   </trkpt>
   <trkpt lat="47.45617000000001" lon="12.666300000000001">
    <ele>961.86</ele>
   </trkpt>
   <trkpt lat="47.45647" lon="12.665540000000002">
    <ele>964.3600000000001</ele>
   </trkpt>
   <trkpt lat="47.45651" lon="12.665310000000002">
    <ele>964.3600000000001</ele>
   </trkpt>
   <trkpt lat="47.4566" lon="12.66459">
    <ele>966.5</ele>
   </trkpt>
   <trkpt lat="47.456630000000004" lon="12.664280000000002">
    <ele>965.64</ele>
   </trkpt>
   <trkpt lat="47.45653" lon="12.663310000000001">
    <ele>963.64</ele>
   </trkpt>
   <trkpt lat="47.45656" lon="12.662690000000001">
    <ele>958.73</ele>
   </trkpt>
   <trkpt lat="47.45647" lon="12.66228">
    <ele>956.1500000000001</ele>
   </trkpt>
   <trkpt lat="47.456450000000004" lon="12.662080000000001">
    <ele>955.7</ele>
   </trkpt>
   <trkpt lat="47.45665" lon="12.661140000000001">
    <ele>958.82</ele>
   </trkpt>
   <trkpt lat="47.45662" lon="12.660570000000002">
    <ele>958.7500000000001</ele>
   </trkpt>
   <trkpt lat="47.45664000000001" lon="12.660260000000001">
    <ele>958.6300000000001</ele>
   </trkpt>
   <trkpt lat="47.45669" lon="12.660050000000002">
    <ele>958.6500000000001</ele>
   </trkpt>
   <trkpt lat="47.45691" lon="12.659550000000001">
    <ele>959.37</ele>
   </trkpt>
   <trkpt lat="47.45713000000001" lon="12.659">
    <ele>960.7800000000001</ele>
   </trkpt>
   <trkpt lat="47.45721" lon="12.65863">
    <ele>962.58</ele>
   </trkpt>
   <trkpt lat="47.45727" lon="12.6577">
    <ele>965.28</ele>
   </trkpt>
   <trkpt lat="47.457330000000006" lon="12.657060000000001">
    <ele>963.46</ele>
   </trkpt>
   <trkpt lat="47.457370000000004" lon="12.656880000000001">
    <ele>962.84</ele>
   </trkpt>
   <trkpt lat="47.457570000000004" lon="12.656250000000002">
    <ele>959.5500000000001</ele>
   </trkpt>
   <trkpt lat="47.457620000000006" lon="12.655830000000002">
    <ele>959.4300000000001</ele>
   </trkpt>
   <trkpt lat="47.45761" lon="12.65567">
    <ele>959.6600000000001</ele>
   </trkpt>
   <trkpt lat="47.457550000000005" lon="12.65544">
    <ele>960.2700000000001</ele>
   </trkpt>
   <trkpt lat="47.45759" lon="12.655170000000002">
    <ele>960.82</ele>
   </trkpt>
   <trkpt lat="47.45759" lon="12.654860000000001">
    <ele>961.52</ele>
   </trkpt>
   <trkpt lat="47.457640000000005" lon="12.654390000000001">
    <ele>961.5600000000001</ele>
   </trkpt>
   <trkpt lat="47.457750000000004" lon="12.654000000000002">
    <ele>961.13</ele>
   </trkpt>
   <trkpt lat="47.458090000000006" lon="12.65313">
    <ele>960.6300000000001</ele>
   </trkpt>
   <trkpt lat="47.45825000000001" lon="12.652660000000001">
    <ele>960.94</ele>
   </trkpt>
   <trkpt lat="47.45834000000001" lon="12.651800000000001">
    <ele>963.2900000000001</ele>
   </trkpt>
   <trkpt lat="47.45839" lon="12.65163">
    <ele>964.28</ele>
   </trkpt>
   <trkpt lat="47.45866" lon="12.65108">
    <ele>968.07</ele>
   </trkpt>
   <trkpt lat="47.458870000000005" lon="12.650440000000001">
    <ele>969.5300000000001</ele>
   </trkpt>
   <trkpt lat="47.45906" lon="12.65005">
    <ele>969.25</ele>
   </trkpt>
   <trkpt lat="47.459480000000006" lon="12.6491">
    <ele>966.1800000000001</ele>
   </trkpt>
   <trkpt lat="47.45973" lon="12.648760000000001">
    <ele>964.2600000000001</ele>
   </trkpt>
   <trkpt lat="47.460100000000004" lon="12.648040000000002">
    <ele>962.2700000000001</ele>
   </trkpt>
   <trkpt lat="47.460370000000005" lon="12.647400000000001">
    <ele>960.64</ele>
   </trkpt>
   <trkpt lat="47.460570000000004" lon="12.64699">
    <ele>961.1100000000001</ele>
   </trkpt>
   <trkpt lat="47.4607" lon="12.646830000000001">
    <ele>961.1500000000001</ele>
   </trkpt>
   <trkpt lat="47.460950000000004" lon="12.64662">
    <ele>960.86</ele>
   </trkpt>
   <trkpt lat="47.46108" lon="12.646450000000002">
    <ele>961.13</ele>
   </trkpt>
   <trkpt lat="47.46135" lon="12.64587">
    <ele>961.6800000000001</ele>
   </trkpt>
   <trkpt lat="47.46137" lon="12.645660000000001">
    <ele>961.1400000000001</ele>
   </trkpt>
   <trkpt lat="47.461420000000004" lon="12.645510000000002">
    <ele>961.1400000000001</ele>
   </trkpt>
   <trkpt lat="47.461650000000006" lon="12.64526">
    <ele>960.84</ele>
   </trkpt>
   <trkpt lat="47.461690000000004" lon="12.64517">
    <ele>960.8900000000001</ele>
   </trkpt>
   <trkpt lat="47.461740000000006" lon="12.644940000000002">
    <ele>961.0400000000001</ele>
   </trkpt>
   <trkpt lat="47.46175" lon="12.644620000000002">
    <ele>961.8900000000001</ele>
   </trkpt>
   <trkpt lat="47.46184" lon="12.643970000000001">
    <ele>963.0200000000001</ele>
   </trkpt>
   <trkpt lat="47.46188" lon="12.64352">
    <ele>963.61</ele>
   </trkpt>
   <trkpt lat="47.46199000000001" lon="12.643110000000002">
    <ele>963.7700000000001</ele>
   </trkpt>
   <trkpt lat="47.46217" lon="12.642570000000001">
    <ele>963.2100000000002</ele>
   </trkpt>
   <trkpt lat="47.462340000000005" lon="12.642280000000001">
    <ele>962.97</ele>
   </trkpt>
   <trkpt lat="47.46262" lon="12.64198">
    <ele>962.61</ele>
   </trkpt>
   <trkpt lat="47.462880000000006" lon="12.641800000000002">
    <ele>961.9300000000001</ele>
   </trkpt>
   <trkpt lat="47.46307" lon="12.64173">
    <ele>961.85</ele>
   </trkpt>
   <trkpt lat="47.4632" lon="12.64174">
    <ele>961.83</ele>
   </trkpt>
   <trkpt lat="47.46340000000001" lon="12.641670000000001">
    <ele>961.9900000000001</ele>
   </trkpt>
   <trkpt lat="47.46352" lon="12.641560000000002">
    <ele>962.0300000000001</ele>
   </trkpt>
   <trkpt lat="47.46358000000001" lon="12.641420000000002">
    <ele>962.01</ele>
   </trkpt>
   <trkpt lat="47.46365" lon="12.640580000000002">
    <ele>961.52</ele>
   </trkpt>
   <trkpt lat="47.463730000000005" lon="12.640030000000001">
    <ele>961.3800000000001</ele>
   </trkpt>
   <trkpt lat="47.463800000000006" lon="12.639780000000002">
    <ele>961.3800000000001</ele>
   </trkpt>
   <trkpt lat="47.46403" lon="12.639140000000001">
    <ele>961.5600000000001</ele>
   </trkpt>
   <trkpt lat="47.464150000000004" lon="12.63888">
    <ele>961.69</ele>
   </trkpt>
   <trkpt lat="47.46446000103754" lon="12.638385002963247">
    <ele>962.07</ele>
   </trkpt>
   <trkpt lat="47.46477" lon="12.63789">
    <ele>963.62</ele>
   </trkpt>
   <trkpt lat="47.46506" lon="12.63765">
    <ele>964.2700000000001</ele>
   </trkpt>
   <trkpt lat="47.465300000000006" lon="12.637400000000001">
    <ele>964.1100000000001</ele>
   </trkpt>
   <trkpt lat="47.465770000000006" lon="12.637030000000001">
    <ele>963.62</ele>
   </trkpt>
   <trkpt lat="47.46607" lon="12.636750000000001">
    <ele>963.76</ele>
   </trkpt>
   <trkpt lat="47.46649000000001" lon="12.636420000000001">
    <ele>964.3800000000001</ele>
   </trkpt>
   <trkpt lat="47.46674" lon="12.636270000000001">
    <ele>964.6600000000001</ele>
   </trkpt>
   <trkpt lat="47.46687000000001" lon="12.636050000000001">
    <ele>964.9900000000001</ele>
   </trkpt>
   <trkpt lat="47.467150000000004" lon="12.635700000000002">
    <ele>966.1600000000001</ele>
   </trkpt>
   <trkpt lat="47.467670000000005" lon="12.634950000000002">
    <ele>967.8700000000001</ele>
   </trkpt>
   <trkpt lat="47.467890000000004" lon="12.63469">
    <ele>968.95</ele>
   </trkpt>
   <trkpt lat="47.46819000000001" lon="12.634220000000001">
    <ele>973.0000000000001</ele>
   </trkpt>
   <trkpt lat="47.4686" lon="12.63347">
    <ele>973.0900000000001</ele>
   </trkpt>
   <trkpt lat="47.46896" lon="12.632950000000001">
    <ele>976.4100000000001</ele>
   </trkpt>
   <trkpt lat="47.469190000000005" lon="12.632560000000002">
    <ele>980.3000000000001</ele>
   </trkpt>
   <trkpt lat="47.46927" lon="12.632470000000001">
    <ele>980.57</ele>
   </trkpt>
   <trkpt lat="47.469550000000005" lon="12.632290000000001">
    <ele>979.5500000000001</ele>
   </trkpt>
   <trkpt lat="47.46943" lon="12.63208">
    <ele>979.5100000000001</ele>
   </trkpt>
   <trkpt lat="47.469390000000004" lon="12.63197">
    <ele>979.6300000000001</ele>
   </trkpt>
   <trkpt lat="47.46961" lon="12.6316">
    <ele>981.1</ele>
   </trkpt>
   <trkpt lat="47.470220000000005" lon="12.63076">
    <ele>984.13</ele>
   </trkpt>
   <trkpt lat="47.47057500133422" lon="12.630210003685296">
    <ele>984.8000000000001</ele>
   </trkpt>
   <trkpt lat="47.47093" lon="12.629660000000001">
    <ele>984.5</ele>
   </trkpt>
   <trkpt lat="47.471360000000004" lon="12.62892">
    <ele>982.77</ele>
   </trkpt>
   <trkpt lat="47.471450000000004" lon="12.628760000000002">
    <ele>982.4200000000001</ele>
   </trkpt>
   <trkpt lat="47.47151" lon="12.62859">
    <ele>981.2400000000001</ele>
   </trkpt>
   <trkpt lat="47.471560000000004" lon="12.62837">
    <ele>980.52</ele>
   </trkpt>
   <trkpt lat="47.471560000000004" lon="12.627920000000001">
    <ele>979.25</ele>
   </trkpt>
   <trkpt lat="47.471410000000006" lon="12.626800000000001">
    <ele>975.7500000000001</ele>
   </trkpt>
   <trkpt lat="47.471430000000005" lon="12.62625">
    <ele>974.5100000000001</ele>
   </trkpt>
   <trkpt lat="47.47153" lon="12.62541">
    <ele>973.32</ele>
   </trkpt>
   <trkpt lat="47.471560000000004" lon="12.624950000000002">
    <ele>972.52</ele>
   </trkpt>
   <trkpt lat="47.471540000000005" lon="12.624580000000002">
    <ele>970.1500000000001</ele>
   </trkpt>
   <trkpt lat="47.47144" lon="12.62418">
    <ele>969.58</ele>
   </trkpt>
   <trkpt lat="47.47133" lon="12.62396">
    <ele>968.71</ele>
   </trkpt>
   <trkpt lat="47.47106" lon="12.62363">
    <ele>967.5500000000001</ele>
   </trkpt>
   <trkpt lat="47.470780000000005" lon="12.623470000000001">
    <ele>964.95</ele>
   </trkpt>
   <trkpt lat="47.47072000000001" lon="12.623410000000002">
    <ele>963.5000000000001</ele>
   </trkpt>
   <trkpt lat="47.47059" lon="12.623450000000002">
    <ele>961.98</ele>
   </trkpt>
   <trkpt lat="47.47052" lon="12.623420000000001">
    <ele>961.5100000000001</ele>
   </trkpt>
   <trkpt lat="47.47044" lon="12.62329">
    <ele>960.97</ele>
   </trkpt>
   <trkpt lat="47.470380000000006" lon="12.62302">
    <ele>960.67</ele>
   </trkpt>
   <trkpt lat="47.4703" lon="12.62283">
    <ele>961.0400000000001</ele>
   </trkpt>
   <trkpt lat="47.4701" lon="12.622700000000002">
    <ele>962.0200000000001</ele>
   </trkpt>
   <trkpt lat="47.46992" lon="12.62264">
    <ele>963.1800000000001</ele>
   </trkpt>
   <trkpt lat="47.469710000000006" lon="12.6226">
    <ele>963.8000000000001</ele>
   </trkpt>
   <trkpt lat="47.469480000000004" lon="12.622510000000002">
    <ele>963.6300000000001</ele>
   </trkpt>
   <trkpt lat="47.46929" lon="12.622370000000002">
    <ele>963.2</ele>
   </trkpt>
   <trkpt lat="47.46913000000001" lon="12.62217">
    <ele>962.97</ele>
   </trkpt>
   <trkpt lat="47.46895000000001" lon="12.62199">
    <ele>962.8100000000001</ele>
   </trkpt>
   <trkpt lat="47.4692" lon="12.62132">
    <ele>962.6500000000001</ele>
   </trkpt>
   <trkpt lat="47.469370000000005" lon="12.620700000000001">
    <ele>962.49</ele>
   </trkpt>
   <trkpt lat="47.46943" lon="12.620370000000001">
    <ele>962.3800000000001</ele>
   </trkpt>
   <trkpt lat="47.469495002006994" lon="12.61969000087363">
    <ele>961.73</ele>
   </trkpt>
   <trkpt lat="47.46956" lon="12.619010000000001">
    <ele>960.69</ele>
   </trkpt>
   <trkpt lat="47.46971000327898" lon="12.618140002548808">
    <ele>958.83</ele>
   </trkpt>
   <trkpt lat="47.469860000000004" lon="12.617270000000001">
    <ele>957.2400000000001</ele>
   </trkpt>
   <trkpt lat="47.46985" lon="12.616940000000001">
    <ele>957.0500000000001</ele>
   </trkpt>
   <trkpt lat="47.46972" lon="12.615990000000002">
    <ele>956.7800000000001</ele>
   </trkpt>
   <trkpt lat="47.46965" lon="12.615730000000001">
    <ele>956.6800000000001</ele>
   </trkpt>
   <trkpt lat="47.46943" lon="12.615190000000002">
    <ele>955.6800000000001</ele>
   </trkpt>
   <trkpt lat="47.46936" lon="12.61495">
    <ele>954.69</ele>
   </trkpt>
   <trkpt lat="47.46932" lon="12.614740000000001">
    <ele>953.8700000000001</ele>
   </trkpt>
   <trkpt lat="47.46931000000001" lon="12.614460000000001">
    <ele>952.9300000000001</ele>
   </trkpt>
   <trkpt lat="47.469380002477706" lon="12.613705001008379">
    <ele>948.3100000000001</ele>
   </trkpt>
   <trkpt lat="47.46945" lon="12.612950000000001">
    <ele>945.8100000000001</ele>
   </trkpt>
   <trkpt lat="47.469460000000005" lon="12.61245">
    <ele>944.46</ele>
   </trkpt>
   <trkpt lat="47.46932" lon="12.611630000000002">
    <ele>942.5700000000002</ele>
   </trkpt>
   <trkpt lat="47.469185002561595" lon="12.61086499813448">
    <ele>940.6000000000001</ele>
   </trkpt>
   <trkpt lat="47.46905" lon="12.610100000000001">
    <ele>937.09</ele>
   </trkpt>
   <trkpt lat="47.46886000000001" lon="12.60918">
    <ele>934.27</ele>
   </trkpt>
   <trkpt lat="47.46857000000001" lon="12.608220000000001">
    <ele>930.59</ele>
   </trkpt>
   <trkpt lat="47.46835" lon="12.60762">
    <ele>926.46</ele>
   </trkpt>
   <trkpt lat="47.46815" lon="12.607190000000001">
    <ele>925.3100000000001</ele>
   </trkpt>
   <trkpt lat="47.46777" lon="12.606530000000001">
    <ele>922.57</ele>
   </trkpt>
   <trkpt lat="47.46743000000001" lon="12.60618">
    <ele>919.75</ele>
   </trkpt>
   <trkpt lat="47.46716000000001" lon="12.606000000000002">
    <ele>917.36</ele>
   </trkpt>
   <trkpt lat="47.46683" lon="12.605860000000002">
    <ele>916.08</ele>
   </trkpt>
   <trkpt lat="47.466080000000005" lon="12.60574">
    <ele>912.0</ele>
   </trkpt>
   <trkpt lat="47.46584000000001" lon="12.605640000000001">
    <ele>911.08</ele>
   </trkpt>
   <trkpt lat="47.465630000000004" lon="12.605500000000001">
    <ele>909.5300000000001</ele>
   </trkpt>
   <trkpt lat="47.46547" lon="12.605350000000001">
    <ele>908.7400000000001</ele>
   </trkpt>
   <trkpt lat="47.465320000000006" lon="12.60514">
    <ele>908.6700000000001</ele>
   </trkpt>
   <trkpt lat="47.46522" lon="12.60496">
    <ele>905.51</ele>
   </trkpt>
   <trkpt lat="47.46506" lon="12.604510000000001">
    <ele>904.82</ele>
   </trkpt>
   <trkpt lat="47.46495" lon="12.603900000000001">
    <ele>902.97</ele>
   </trkpt>
   <trkpt lat="47.46484667513427" lon="12.602913329488043">
    <ele>900.8900000000001</ele>
   </trkpt>
   <trkpt lat="47.46474334180446" lon="12.601926662855035">
    <ele>896.41</ele>
   </trkpt>
   <trkpt lat="47.46464" lon="12.600940000000001">
    <ele>892.2700000000001</ele>
   </trkpt>
   <trkpt lat="47.46463000000001" lon="12.60021">
    <ele>891.51</ele>
   </trkpt>
   <trkpt lat="47.46468" lon="12.59955">
    <ele>889.23</ele>
   </trkpt>
   <trkpt lat="47.464840004069636" lon="12.598585002807981">
    <ele>887.7600000000001</ele>
   </trkpt>
   <trkpt lat="47.465" lon="12.597620000000001">
    <ele>887.7800000000001</ele>
   </trkpt>
   <trkpt lat="47.465140000000005" lon="12.59646">
    <ele>888.5600000000001</ele>
   </trkpt>
   <trkpt lat="47.465250000000005" lon="12.595740000000001">
    <ele>889.72</ele>
   </trkpt>
   <trkpt lat="47.46551" lon="12.594510000000001">
    <ele>892.36</ele>
   </trkpt>
   <trkpt lat="47.46573000224294" lon="12.593790003048213">
    <ele>892.99</ele>
   </trkpt>
   <trkpt lat="47.46595000000001" lon="12.59307">
    <ele>893.12</ele>
   </trkpt>
   <trkpt lat="47.4661950030333" lon="12.592240003738045">
    <ele>892.44</ele>
   </trkpt>
   <trkpt lat="47.466440000000006" lon="12.591410000000002">
    <ele>891.0100000000001</ele>
   </trkpt>
   <trkpt lat="47.46666500314419" lon="12.590560003625773">
    <ele>889.51</ele>
   </trkpt>
   <trkpt lat="47.46689000000001" lon="12.58971">
    <ele>887.41</ele>
   </trkpt>
   <trkpt lat="47.46717000576182" lon="12.588560006073829">
    <ele>885.2500000000001</ele>
   </trkpt>
   <trkpt lat="47.46745000000001" lon="12.58741">
    <ele>884.68</ele>
   </trkpt>
   <trkpt lat="47.46761000242269" lon="12.586670002057499">
    <ele>884.6</ele>
   </trkpt>
   <trkpt lat="47.46777" lon="12.585930000000001">
    <ele>884.9300000000001</ele>
   </trkpt>
   <trkpt lat="47.46790000000001" lon="12.58529">
    <ele>885.5200000000001</ele>
   </trkpt>
   <trkpt lat="47.46802" lon="12.584230000000002">
    <ele>886.24</ele>
   </trkpt>
   <trkpt lat="47.468070000000004" lon="12.583300000000001">
    <ele>887.0000000000001</ele>
   </trkpt>
   <trkpt lat="47.46807289180903" lon="12.582147143237624">
    <ele>886.96</ele>
   </trkpt>
   <trkpt lat="47.46807577206267" lon="12.58099428634864">
    <ele>886.26</ele>
   </trkpt>
   <trkpt lat="47.46807864076091" lon="12.579841429333563">
    <ele>885.1300000000001</ele>
   </trkpt>
   <trkpt lat="47.46808149790376" lon="12.57868857219289">
    <ele>882.5400000000001</ele>
   </trkpt>
   <trkpt lat="47.46808434349122" lon="12.57753571492714">
    <ele>880.6700000000001</ele>
   </trkpt>
   <trkpt lat="47.46808717752328" lon="12.576382857536812">
    <ele>877.7300000000001</ele>
   </trkpt>
   <trkpt lat="47.468090000000004" lon="12.575230000000001">
    <ele>876.2200000000001</ele>
   </trkpt>
   <trkpt lat="47.46810500261258" lon="12.574455000139043">
    <ele>875.5200000000001</ele>
   </trkpt>
   <trkpt lat="47.468120000000006" lon="12.573680000000001">
    <ele>874.75</ele>
   </trkpt>
   <trkpt lat="47.46819000000001" lon="12.572980000000001">
    <ele>874.21</ele>
   </trkpt>
   <trkpt lat="47.46835" lon="12.572220000000002">
    <ele>873.2</ele>
   </trkpt>
   <trkpt lat="47.46853500230994" lon="12.57150000231485">
    <ele>872.7600000000001</ele>
   </trkpt>
   <trkpt lat="47.468720000000005" lon="12.570780000000001">
    <ele>872.1500000000001</ele>
   </trkpt>
   <trkpt lat="47.468790000000006" lon="12.570450000000001">
    <ele>871.96</ele>
   </trkpt>
   <trkpt lat="47.46885" lon="12.569790000000001">
    <ele>871.41</ele>
   </trkpt>
   <trkpt lat="47.46885" lon="12.56953">
    <ele>871.41</ele>
   </trkpt>
   <trkpt lat="47.4688" lon="12.568940000000001">
    <ele>870.65</ele>
   </trkpt>
   <trkpt lat="47.46868000253097" lon="12.568169997943809">
    <ele>869.6700000000001</ele>
   </trkpt>
   <trkpt lat="47.468560000000004" lon="12.567400000000001">
    <ele>867.26</ele>
   </trkpt>
   <trkpt lat="47.468560000000004" lon="12.56661">
    <ele>864.6300000000001</ele>
   </trkpt>
   <trkpt lat="47.468610000000005" lon="12.566260000000002">
    <ele>863.3400000000001</ele>
   </trkpt>
   <trkpt lat="47.46873" lon="12.565800000000001">
    <ele>860.8100000000001</ele>
   </trkpt>
   <trkpt lat="47.46895000000001" lon="12.565320000000002">
    <ele>856.04</ele>
   </trkpt>
   <trkpt lat="47.46911" lon="12.565080000000002">
    <ele>854.74</ele>
   </trkpt>
   <trkpt lat="47.469300000000004" lon="12.564860000000001">
    <ele>852.96</ele>
   </trkpt>
   <trkpt lat="47.469480000000004" lon="12.5647">
    <ele>851.13</ele>
   </trkpt>
   <trkpt lat="47.46983" lon="12.564530000000001">
    <ele>844.9000000000001</ele>
   </trkpt>
   <trkpt lat="47.470560000000006" lon="12.56427">
    <ele>838.64</ele>
   </trkpt>
   <trkpt lat="47.47093" lon="12.564050000000002">
    <ele>835.69</ele>
   </trkpt>
   <trkpt lat="47.47106" lon="12.56394">
    <ele>834.1200000000001</ele>
   </trkpt>
   <trkpt lat="47.471250000000005" lon="12.563740000000001">
    <ele>830.69</ele>
   </trkpt>
   <trkpt lat="47.471500000000006" lon="12.56342">
    <ele>828.6300000000001</ele>
   </trkpt>
   <trkpt lat="47.47173" lon="12.563030000000001">
    <ele>825.5400000000001</ele>
   </trkpt>
   <trkpt lat="47.471940000000004" lon="12.562500000000002">
    <ele>823.49</ele>
   </trkpt>
   <trkpt lat="47.47207" lon="12.56192">
    <ele>818.7</ele>
   </trkpt>
   <trkpt lat="47.47214" lon="12.561330000000002">
    <ele>816.0500000000001</ele>
   </trkpt>
   <trkpt lat="47.47222500363389" lon="12.560415001540267">
    <ele>809.1600000000001</ele>
   </trkpt>
   <trkpt lat="47.47231000000001" lon="12.559500000000002">
    <ele>804.3100000000001</ele>
   </trkpt>
   <trkpt lat="47.472390000000004" lon="12.558910000000001">
    <ele>801.1</ele>
   </trkpt>
   <trkpt lat="47.47253000192247" lon="12.558245001771112">
    <ele>794.66</ele>
   </trkpt>
   <trkpt lat="47.47267" lon="12.557580000000002">
    <ele>791.2300000000001</ele>
   </trkpt>
   <trkpt lat="47.47272000201256" lon="12.556900000613469">
    <ele>789.78</ele>
   </trkpt>
   <trkpt lat="47.472770000000004" lon="12.556220000000001">
    <ele>789.87</ele>
   </trkpt>
   <trkpt lat="47.47278000000001" lon="12.55596">
    <ele>788.97</ele>
   </trkpt>
   <trkpt lat="47.47288000282319" lon="12.555155001482175">
    <ele>787.4000000000001</ele>
   </trkpt>
   <trkpt lat="47.47298000000001" lon="12.554350000000001">
    <ele>786.69</ele>
   </trkpt>
   <trkpt lat="47.473090000000006" lon="12.553730000000002">
    <ele>786.19</ele>
   </trkpt>
   <trkpt lat="47.473330000000004" lon="12.55264">
    <ele>784.21</ele>
   </trkpt>
   <trkpt lat="47.47354000000001" lon="12.55192">
    <ele>783.09</ele>
   </trkpt>
   <trkpt lat="47.47387500238492" lon="12.551185004605406">
    <ele>782.07</ele>
   </trkpt>
   <trkpt lat="47.47421000000001" lon="12.550450000000001">
    <ele>781.5500000000001</ele>
   </trkpt>
   <trkpt lat="47.474550003277145" lon="12.549590005407357">
    <ele>780.09</ele>
   </trkpt>
   <trkpt lat="47.47489" lon="12.54873">
    <ele>779.11</ele>
   </trkpt>
   <trkpt lat="47.475150000000006" lon="12.548280000000002">
    <ele>778.7600000000001</ele>
   </trkpt>
   <trkpt lat="47.47545" lon="12.54785">
    <ele>777.96</ele>
   </trkpt>
   <trkpt lat="47.47570500144507" lon="12.547290002537869">
    <ele>776.93</ele>
   </trkpt>
   <trkpt lat="47.47596" lon="12.54673">
    <ele>776.63</ele>
   </trkpt>
   <trkpt lat="47.47618000000001" lon="12.54582">
    <ele>775.85</ele>
   </trkpt>
   <trkpt lat="47.476400000000005" lon="12.54526">
    <ele>775.72</ele>
   </trkpt>
   <trkpt lat="47.476560000000006" lon="12.545000000000002">
    <ele>775.23</ele>
   </trkpt>
   <trkpt lat="47.47695" lon="12.544550000000001">
    <ele>774.14</ele>
   </trkpt>
   <trkpt lat="47.47724" lon="12.544130000000001">
    <ele>773.4100000000001</ele>
   </trkpt>
   <trkpt lat="47.47777000000001" lon="12.543180000000001">
    <ele>772.51</ele>
   </trkpt>
   <trkpt lat="47.47793" lon="12.542860000000001">
    <ele>772.34</ele>
   </trkpt>
   <trkpt lat="47.4782" lon="12.542100000000001">
    <ele>771.29</ele>
   </trkpt>
   <trkpt lat="47.47838" lon="12.541780000000001">
    <ele>770.8900000000001</ele>
   </trkpt>
   <trkpt lat="47.478840000000005" lon="12.541260000000001">
    <ele>770.22</ele>
   </trkpt>
   <trkpt lat="47.478880000000004" lon="12.54119">
    <ele>770.22</ele>
   </trkpt>
   <trkpt lat="47.47901" lon="12.540890000000001">
    <ele>770.05</ele>
   </trkpt>
   <trkpt lat="47.479220000000005" lon="12.540090000000001">
    <ele>769.23</ele>
   </trkpt>
   <trkpt lat="47.47941" lon="12.53964">
    <ele>768.5900000000001</ele>
   </trkpt>
   <trkpt lat="47.47961" lon="12.53927">
    <ele>768.46</ele>
   </trkpt>
   <trkpt lat="47.48021000343963" lon="12.538380010169371">
    <ele>767.05</ele>
   </trkpt>
   <trkpt lat="47.480810000000005" lon="12.537490000000002">
    <ele>766.7400000000001</ele>
   </trkpt>
   <trkpt lat="47.481300000000005" lon="12.53658">
    <ele>764.82</ele>
   </trkpt>
   <trkpt lat="47.4814" lon="12.536430000000001">
    <ele>763.8600000000001</ele>
   </trkpt>
   <trkpt lat="47.481790000000004" lon="12.53597">
    <ele>762.2700000000001</ele>
   </trkpt>
   <trkpt lat="47.48236000000001" lon="12.535470000000002">
    <ele>761.3000000000001</ele>
   </trkpt>
   <trkpt lat="47.48308" lon="12.53494">
    <ele>758.73</ele>
   </trkpt>
   <trkpt lat="47.48328" lon="12.534820000000002">
    <ele>758.2200000000001</ele>
   </trkpt>
   <trkpt lat="47.48349" lon="12.534740000000001">
    <ele>757.1800000000001</ele>
   </trkpt>
   <trkpt lat="47.484230000000004" lon="12.534540000000002">
    <ele>756.4000000000001</ele>
   </trkpt>
   <trkpt lat="47.48456" lon="12.534400000000002">
    <ele>755.78</ele>
   </trkpt>
   <trkpt lat="47.484840000000005" lon="12.5342">
    <ele>755.78</ele>
   </trkpt>
   <trkpt lat="47.48519" lon="12.53386">
    <ele>755.19</ele>
   </trkpt>
   <trkpt lat="47.48543" lon="12.533520000000001">
    <ele>754.26</ele>
   </trkpt>
   <trkpt lat="47.485670000000006" lon="12.533050000000001">
    <ele>753.53</ele>
   </trkpt>
   <trkpt lat="47.486070000000005" lon="12.53213">
    <ele>752.4900000000001</ele>
   </trkpt>
   <trkpt lat="47.48635" lon="12.53147">
    <ele>752.1600000000001</ele>
   </trkpt>
   <trkpt lat="47.486430000000006" lon="12.531310000000001">
    <ele>752.4300000000001</ele>
   </trkpt>
   <trkpt lat="47.48659000000001" lon="12.531200000000002">
    <ele>752.2</ele>
   </trkpt>
   <trkpt lat="47.486670000000004" lon="12.531220000000001">
    <ele>752.2</ele>
   </trkpt>
   <trkpt lat="47.48675" lon="12.531130000000001">
    <ele>752.2</ele>
   </trkpt>
   <trkpt lat="47.48675" lon="12.530980000000001">
    <ele>751.2800000000001</ele>
   </trkpt>
   <trkpt lat="47.48702" lon="12.530800000000001">
    <ele>751.1300000000001</ele>
   </trkpt>
   <trkpt lat="47.48725" lon="12.530660000000001">
    <ele>751.0100000000001</ele>
   </trkpt>
   <trkpt lat="47.48734" lon="12.530550000000002">
    <ele>750.7800000000001</ele>
   </trkpt>
   <trkpt lat="47.48738" lon="12.530470000000001">
    <ele>750.7800000000001</ele>
   </trkpt>
   <trkpt lat="47.48743" lon="12.530170000000002">
    <ele>750.5500000000001</ele>
   </trkpt>
   <trkpt lat="47.48745" lon="12.529980000000002">
    <ele>750.5500000000001</ele>
   </trkpt>
   <trkpt lat="47.48754" lon="12.52973">
    <ele>750.5200000000001</ele>
   </trkpt>
   <trkpt lat="47.48774" lon="12.529370000000002">
    <ele>750.6</ele>
   </trkpt>
   <trkpt lat="47.487950000000005" lon="12.529190000000002">
    <ele>750.5600000000001</ele>
   </trkpt>
   <trkpt lat="47.48839" lon="12.529060000000001">
    <ele>750.35</ele>
   </trkpt>
   <trkpt lat="47.488600000000005" lon="12.528970000000001">
    <ele>749.95</ele>
   </trkpt>
   <trkpt lat="47.488760000000006" lon="12.528810000000002">
    <ele>749.44</ele>
   </trkpt>
   <trkpt lat="47.48888" lon="12.52865">
    <ele>748.48</ele>
   </trkpt>
   <trkpt lat="47.48906" lon="12.52832">
    <ele>747.83</ele>
   </trkpt>
   <trkpt lat="47.48939500092899" lon="12.52785500298108">
    <ele>746.7900000000001</ele>
   </trkpt>
   <trkpt lat="47.48973" lon="12.52739">
    <ele>745.5500000000001</ele>
   </trkpt>
   <trkpt lat="47.489920000000005" lon="12.527040000000001">
    <ele>745.07</ele>
   </trkpt>
   <trkpt lat="47.49009" lon="12.526620000000001">
    <ele>744.77</ele>
   </trkpt>
   <trkpt lat="47.490300000000005" lon="12.526110000000001">
    <ele>744.4300000000001</ele>
   </trkpt>
   <trkpt lat="47.490500000000004" lon="12.52555">
    <ele>744.21</ele>
   </trkpt>
   <trkpt lat="47.4906" lon="12.52508">
    <ele>744.0300000000001</ele>
   </trkpt>
   <trkpt lat="47.49065" lon="12.524690000000001">
    <ele>743.82</ele>
   </trkpt>
   <trkpt lat="47.49070000265886" lon="12.523910000520468">
    <ele>743.6</ele>
   </trkpt>
   <trkpt lat="47.490750000000006" lon="12.523130000000002">
    <ele>742.53</ele>
   </trkpt>
   <trkpt lat="47.490840000000006" lon="12.522870000000001">
    <ele>742.2500000000001</ele>
   </trkpt>
   <trkpt lat="47.491260000000004" lon="12.521930000000001">
    <ele>741.3900000000001</ele>
   </trkpt>
   <trkpt lat="47.491330000000005" lon="12.52153">
    <ele>741.2200000000001</ele>
   </trkpt>
   <trkpt lat="47.491440000000004" lon="12.520620000000001">
    <ele>739.72</ele>
   </trkpt>
   <trkpt lat="47.491460000000004" lon="12.520220000000002">
    <ele>739.72</ele>
   </trkpt>
   <trkpt lat="47.491330007519856" lon="12.518904996777291">
    <ele>738.45</ele>
   </trkpt>
   <trkpt lat="47.491200000000006" lon="12.51759">
    <ele>737.16</ele>
   </trkpt>
   <trkpt lat="47.49123" lon="12.517100000000001">
    <ele>736.58</ele>
   </trkpt>
   <trkpt lat="47.49127000000001" lon="12.51673">
    <ele>736.38</ele>
   </trkpt>
   <trkpt lat="47.49136000000001" lon="12.51637">
    <ele>735.72</ele>
   </trkpt>
   <trkpt lat="47.49163500163506" lon="12.515770002988663">
    <ele>734.5500000000001</ele>
   </trkpt>
   <trkpt lat="47.491910000000004" lon="12.515170000000001">
    <ele>733.33</ele>
   </trkpt>
   <trkpt lat="47.492020000000004" lon="12.514880000000002">
    <ele>733.33</ele>
   </trkpt>
   <trkpt lat="47.49206" lon="12.514700000000001">
    <ele>732.75</ele>
   </trkpt>
   <trkpt lat="47.49208" lon="12.51439">
    <ele>732.59</ele>
   </trkpt>
   <trkpt lat="47.492050000000006" lon="12.514000000000001">
    <ele>732.45</ele>
   </trkpt>
   <trkpt lat="47.49191667356058" lon="12.5131099955319">
    <ele>730.95</ele>
   </trkpt>
   <trkpt lat="47.49178334023486" lon="12.512219995582885">
    <ele>730.5500000000001</ele>
   </trkpt>
   <trkpt lat="47.49165000000001" lon="12.511330000000001">
    <ele>729.8100000000001</ele>
   </trkpt>
   <trkpt lat="47.49163" lon="12.510790000000002">
    <ele>729.21</ele>
   </trkpt>
   <trkpt lat="47.491670000000006" lon="12.510320000000002">
    <ele>728.6700000000001</ele>
   </trkpt>
   <trkpt lat="47.4919" lon="12.509160000000001">
    <ele>727.6600000000001</ele>
   </trkpt>
   <trkpt lat="47.49216500538279" lon="12.508045005715957">
    <ele>726.4200000000001</ele>
   </trkpt>
   <trkpt lat="47.492430000000006" lon="12.50693">
    <ele>725.52</ele>
   </trkpt>
   <trkpt lat="47.49271" lon="12.50589">
    <ele>724.6100000000001</ele>
   </trkpt>
   <trkpt lat="47.492900000000006" lon="12.50525">
    <ele>723.82</ele>
   </trkpt>
   <trkpt lat="47.49328000411176" lon="12.504280006963285">
    <ele>723.1500000000001</ele>
   </trkpt>
   <trkpt lat="47.493660000000006" lon="12.50331">
    <ele>722.3900000000001</ele>
   </trkpt>
   <trkpt lat="47.49412251686924" lon="12.502172530064465">
    <ele>721.22</ele>
   </trkpt>
   <trkpt lat="47.494585022490156" lon="12.501035040091988">
    <ele>719.9300000000001</ele>
   </trkpt>
   <trkpt lat="47.49504751686241" lon="12.499897530082373">
    <ele>719.2700000000001</ele>
   </trkpt>
   <trkpt lat="47.49551" lon="12.49876">
    <ele>718.34</ele>
   </trkpt>
   <trkpt lat="47.49573" lon="12.49835">
    <ele>718.34</ele>
   </trkpt>
   <trkpt lat="47.496120000000005" lon="12.49774">
    <ele>717.69</ele>
   </trkpt>
   <trkpt lat="47.49631" lon="12.497390000000001">
    <ele>717.34</ele>
   </trkpt>
   <trkpt lat="47.49645" lon="12.49698">
    <ele>717.0300000000001</ele>
   </trkpt>
   <trkpt lat="47.496500000000005" lon="12.49671">
    <ele>716.69</ele>
   </trkpt>
   <trkpt lat="47.49651" lon="12.496490000000001">
    <ele>716.21</ele>
   </trkpt>
   <trkpt lat="47.49649500443372" lon="12.495479999683033">
    <ele>715.8500000000001</ele>
   </trkpt>
   <trkpt lat="47.496480000000005" lon="12.494470000000002">
    <ele>714.21</ele>
   </trkpt>
   <trkpt lat="47.49649" lon="12.493400000000001">
    <ele>712.25</ele>
   </trkpt>
   <trkpt lat="47.49654000433569" lon="12.492400001173738">
    <ele>711.8800000000001</ele>
   </trkpt>
   <trkpt lat="47.496590000000005" lon="12.4914">
    <ele>711.67</ele>
   </trkpt>
   <trkpt lat="47.496640000000006" lon="12.491000000000001">
    <ele>711.2700000000001</ele>
   </trkpt>
   <trkpt lat="47.49671000000001" lon="12.4907">
    <ele>710.1700000000001</ele>
   </trkpt>
   <trkpt lat="47.4968" lon="12.490450000000001">
    <ele>710.1700000000001</ele>
   </trkpt>
   <trkpt lat="47.49698" lon="12.490100000000002">
    <ele>709.5300000000001</ele>
   </trkpt>
   <trkpt lat="47.49712" lon="12.489910000000002">
    <ele>709.13</ele>
   </trkpt>
   <trkpt lat="47.49777000451711" lon="12.489320021932043">
    <ele>708.32</ele>
   </trkpt>
   <trkpt lat="47.49842000600817" lon="12.488730029256523">
    <ele>707.4100000000001</ele>
   </trkpt>
   <trkpt lat="47.49907000447301" lon="12.488140021972827">
    <ele>706.08</ele>
   </trkpt>
   <trkpt lat="47.49972" lon="12.48755">
    <ele>705.08</ele>
   </trkpt>
   <trkpt lat="47.50023" lon="12.486970000000001">
    <ele>704.74</ele>
   </trkpt>
   <trkpt lat="47.50045" lon="12.48666">
    <ele>704.59</ele>
   </trkpt>
   <trkpt lat="47.50066" lon="12.486310000000001">
    <ele>704.28</ele>
   </trkpt>
   <trkpt lat="47.5011" lon="12.48549">
    <ele>702.73</ele>
   </trkpt>
   <trkpt lat="47.50106" lon="12.48544">
    <ele>702.73</ele>
   </trkpt>
   <trkpt lat="47.50124" lon="12.48515">
    <ele>702.44</ele>
   </trkpt>
   <trkpt lat="47.50151" lon="12.48478">
    <ele>702.1200000000001</ele>
   </trkpt>
   <trkpt lat="47.501760000000004" lon="12.484470000000002">
    <ele>701.89</ele>
   </trkpt>
   <trkpt lat="47.50238" lon="12.483960000000002">
    <ele>700.84</ele>
   </trkpt>
   <trkpt lat="47.50258" lon="12.483770000000002">
    <ele>700.34</ele>
   </trkpt>
   <trkpt lat="47.50276" lon="12.483500000000001">
    <ele>700.12</ele>
   </trkpt>
   <trkpt lat="47.50289" lon="12.483260000000001">
    <ele>699.49</ele>
   </trkpt>
   <trkpt lat="47.50305" lon="12.482870000000002">
    <ele>699.23</ele>
   </trkpt>
   <trkpt lat="47.50316" lon="12.482500000000002">
    <ele>698.8000000000001</ele>
   </trkpt>
   <trkpt lat="47.503440000000005" lon="12.481420000000002">
    <ele>698.13</ele>
   </trkpt>
   <trkpt lat="47.50365" lon="12.480150000000002">
    <ele>697.98</ele>
   </trkpt>
   <trkpt lat="47.503780000000006" lon="12.479650000000001">
    <ele>697.44</ele>
   </trkpt>
   <trkpt lat="47.503840000000004" lon="12.47958">
    <ele>697.44</ele>
   </trkpt>
   <trkpt lat="47.50392" lon="12.479420000000001">
    <ele>696.89</ele>
   </trkpt>
   <trkpt lat="47.504270000000005" lon="12.478580000000001">
    <ele>695.9399999999999</ele>
   </trkpt>
   <trkpt lat="47.50457" lon="12.47793">
    <ele>695.1400000000001</ele>
   </trkpt>
   <trkpt lat="47.504760000000005" lon="12.47742">
    <ele>694.7800000000001</ele>
   </trkpt>
   <trkpt lat="47.50493" lon="12.47691">
    <ele>694.33</ele>
   </trkpt>
   <trkpt lat="47.50523000553878" lon="12.475780006501276">
    <ele>693.61</ele>
   </trkpt>
   <trkpt lat="47.50553000000001" lon="12.47465">
    <ele>693.1</ele>
   </trkpt>
   <trkpt lat="47.505750000000006" lon="12.473910000000002">
    <ele>692.7500000000001</ele>
   </trkpt>
   <trkpt lat="47.506080000000004" lon="12.473090000000001">
    <ele>691.94</ele>
   </trkpt>
   <trkpt lat="47.506280000000004" lon="12.472660000000001">
    <ele>691.3800000000001</ele>
   </trkpt>
   <trkpt lat="47.50681" lon="12.47164">
    <ele>690.4100000000001</ele>
   </trkpt>
   <trkpt lat="47.5071" lon="12.471010000000001">
    <ele>689.9900000000001</ele>
   </trkpt>
   <trkpt lat="47.507220000000004" lon="12.470680000000002">
    <ele>690.01</ele>
   </trkpt>
   <trkpt lat="47.50726" lon="12.470360000000001">
    <ele>690.24</ele>
   </trkpt>
   <trkpt lat="47.50737" lon="12.47005">
    <ele>690.1700000000001</ele>
   </trkpt>
   <trkpt lat="47.507400000000004" lon="12.46976">
    <ele>690.1400000000001</ele>
   </trkpt>
   <trkpt lat="47.50743000000001" lon="12.469660000000001">
    <ele>690.1400000000001</ele>
   </trkpt>
   <trkpt lat="47.507490000000004" lon="12.469550000000002">
    <ele>689.91</ele>
   </trkpt>
   <trkpt lat="47.507540000000006" lon="12.469330000000001">
    <ele>688.96</ele>
   </trkpt>
   <trkpt lat="47.50768" lon="12.469360000000002">
    <ele>688.96</ele>
   </trkpt>
   <trkpt lat="47.507740000000005" lon="12.46898">
    <ele>688.12</ele>
   </trkpt>
   <trkpt lat="47.5079150031098" lon="12.46814000259512">
    <ele>687.3</ele>
   </trkpt>
   <trkpt lat="47.50809" lon="12.467300000000002">
    <ele>687.07</ele>
   </trkpt>
   <trkpt lat="47.508120000000005" lon="12.467200000000002">
    <ele>687.0200000000001</ele>
   </trkpt>
   <trkpt lat="47.50822" lon="12.467030000000001">
    <ele>687.0200000000001</ele>
   </trkpt>
   <trkpt lat="47.50836" lon="12.466640000000002">
    <ele>686.3</ele>
   </trkpt>
   <trkpt lat="47.50838" lon="12.46657">
    <ele>686.3</ele>
   </trkpt>
   <trkpt lat="47.508370000000006" lon="12.466380000000001">
    <ele>686.3</ele>
   </trkpt>
   <trkpt lat="47.50869" lon="12.46517">
    <ele>685.4</ele>
   </trkpt>
   <trkpt lat="47.508980008174476" lon="12.464200010735677">
    <ele>684.5400000000001</ele>
   </trkpt>
   <trkpt lat="47.50927000816962" lon="12.463230010752092">
    <ele>683.9200000000001</ele>
   </trkpt>
   <trkpt lat="47.50956" lon="12.46226">
    <ele>684.0400000000001</ele>
   </trkpt>
   <trkpt lat="47.50987000000001" lon="12.461480000000002">
    <ele>684.06</ele>
   </trkpt>
   <trkpt lat="47.510200000000005" lon="12.460540000000002">
    <ele>682.23</ele>
   </trkpt>
   <trkpt lat="47.51042" lon="12.460130000000001">
    <ele>682.0</ele>
   </trkpt>
   <trkpt lat="47.51055" lon="12.459940000000001">
    <ele>681.96</ele>
   </trkpt>
   <trkpt lat="47.51091" lon="12.45949">
    <ele>681.82</ele>
   </trkpt>
   <trkpt lat="47.51102" lon="12.459320000000002">
    <ele>681.6600000000001</ele>
   </trkpt>
   <trkpt lat="47.51145" lon="12.458490000000001">
    <ele>681.6000000000001</ele>
   </trkpt>
   <trkpt lat="47.5114" lon="12.458450000000001">
    <ele>681.6000000000001</ele>
   </trkpt>
   <trkpt lat="47.511540000000004" lon="12.458120000000001">
    <ele>681.7</ele>
   </trkpt>
   <trkpt lat="47.51164000000001" lon="12.45776">
    <ele>681.9300000000001</ele>
   </trkpt>
   <trkpt lat="47.511700000000005" lon="12.45742">
    <ele>682.4</ele>
   </trkpt>
   <trkpt lat="47.511750000000006" lon="12.456880000000002">
    <ele>683.24</ele>
   </trkpt>
   <trkpt lat="47.51182000000001" lon="12.456700000000001">
    <ele>683.44</ele>
   </trkpt>
   <trkpt lat="47.51196" lon="12.456550000000002">
    <ele>683.57</ele>
   </trkpt>
   <trkpt lat="47.512460000000004" lon="12.45612">
    <ele>680.9000000000001</ele>
   </trkpt>
   <trkpt lat="47.51261" lon="12.45607">
    <ele>680.1</ele>
   </trkpt>
   <trkpt lat="47.51286" lon="12.456050000000001">
    <ele>679.79</ele>
   </trkpt>
   <trkpt lat="47.513000000000005" lon="12.456010000000001">
    <ele>679.4100000000001</ele>
   </trkpt>
   <trkpt lat="47.513220000000004" lon="12.455820000000001">
    <ele>678.8400000000001</ele>
   </trkpt>
   <trkpt lat="47.51343000000001" lon="12.45555">
    <ele>678.2800000000001</ele>
   </trkpt>
   <trkpt lat="47.51397000324483" lon="12.454685008912952">
    <ele>677.49</ele>
   </trkpt>
   <trkpt lat="47.51451" lon="12.45382">
    <ele>676.9200000000001</ele>
   </trkpt>
   <trkpt lat="47.5148" lon="12.45325">
    <ele>676.6200000000001</ele>
   </trkpt>
   <trkpt lat="47.514880000000005" lon="12.45298">
    <ele>676.5500000000001</ele>
   </trkpt>
   <trkpt lat="47.514990000000004" lon="12.45237">
    <ele>676.24</ele>
   </trkpt>
   <trkpt lat="47.51521" lon="12.451490000000002">
    <ele>676.07</ele>
   </trkpt>
   <trkpt lat="47.51534" lon="12.45115">
    <ele>676.22</ele>
   </trkpt>
   <trkpt lat="47.515420000000006" lon="12.450990000000001">
    <ele>676.35</ele>
   </trkpt>
   <trkpt lat="47.515570000000004" lon="12.450750000000001">
    <ele>676.5500000000001</ele>
   </trkpt>
   <trkpt lat="47.515690000000006" lon="12.450590000000002">
    <ele>676.71</ele>
   </trkpt>
   <trkpt lat="47.51583" lon="12.450450000000002">
    <ele>676.9200000000001</ele>
   </trkpt>
   <trkpt lat="47.515930000000004" lon="12.450330000000001">
    <ele>677.61</ele>
   </trkpt>
   <trkpt lat="47.51599" lon="12.4502">
    <ele>677.61</ele>
   </trkpt>
   <trkpt lat="47.516110000000005" lon="12.449810000000001">
    <ele>678.1400000000001</ele>
   </trkpt>
   <trkpt lat="47.51617" lon="12.449420000000002">
    <ele>679.4100000000001</ele>
   </trkpt>
   <trkpt lat="47.51623000000001" lon="12.4486">
    <ele>680.7</ele>
   </trkpt>
   <trkpt lat="47.5163" lon="12.448220000000001">
    <ele>680.84</ele>
   </trkpt>
   <trkpt lat="47.51646" lon="12.447640000000002">
    <ele>680.2800000000001</ele>
   </trkpt>
   <trkpt lat="47.51655" lon="12.447140000000001">
    <ele>678.64</ele>
   </trkpt>
   <trkpt lat="47.51661000000001" lon="12.447000000000001">
    <ele>677.9000000000001</ele>
   </trkpt>
   <trkpt lat="47.51675" lon="12.44682">
    <ele>677.5000000000001</ele>
   </trkpt>
   <trkpt lat="47.51704" lon="12.446570000000001">
    <ele>676.97</ele>
   </trkpt>
   <trkpt lat="47.517210000000006" lon="12.446390000000001">
    <ele>676.73</ele>
   </trkpt>
   <trkpt lat="47.51733" lon="12.44621">
    <ele>676.45</ele>
   </trkpt>
   <trkpt lat="47.51749" lon="12.445870000000001">
    <ele>675.42</ele>
   </trkpt>
   <trkpt lat="47.517610000000005" lon="12.44551">
    <ele>675.42</ele>
   </trkpt>
   <trkpt lat="47.517700000000005" lon="12.44508">
    <ele>674.42</ele>
   </trkpt>
   <trkpt lat="47.517950000000006" lon="12.444360000000001">
    <ele>673.37</ele>
   </trkpt>
   <trkpt lat="47.51814500183137" lon="12.443705002546443">
    <ele>673.0400000000001</ele>
   </trkpt>
   <trkpt lat="47.51834" lon="12.443050000000001">
    <ele>671.6200000000001</ele>
   </trkpt>
   <trkpt lat="47.518460000000005" lon="12.44255">
    <ele>670.4000000000001</ele>
   </trkpt>
   <trkpt lat="47.51858000000001" lon="12.44189">
    <ele>669.96</ele>
   </trkpt>
   <trkpt lat="47.518750000000004" lon="12.441220000000001">
    <ele>670.2300000000001</ele>
   </trkpt>
   <trkpt lat="47.51878000000001" lon="12.44105">
    <ele>670.1600000000001</ele>
   </trkpt>
   <trkpt lat="47.51881" lon="12.44044">
    <ele>669.46</ele>
   </trkpt>
   <trkpt lat="47.51888" lon="12.440140000000001">
    <ele>667.7</ele>
   </trkpt>
   <trkpt lat="47.519020000000005" lon="12.439850000000002">
    <ele>666.76</ele>
   </trkpt>
   <trkpt lat="47.519110000000005" lon="12.43959">
    <ele>664.6700000000001</ele>
   </trkpt>
   <trkpt lat="47.51921" lon="12.438820000000002">
    <ele>661.8900000000001</ele>
   </trkpt>
   <trkpt lat="47.519310000000004" lon="12.438530000000002">
    <ele>661.6200000000001</ele>
   </trkpt>
   <trkpt lat="47.519420000000004" lon="12.438350000000002">
    <ele>661.8900000000001</ele>
   </trkpt>
   <trkpt lat="47.51971" lon="12.438020000000002">
    <ele>663.08</ele>
   </trkpt>
   <trkpt lat="47.51979" lon="12.43787">
    <ele>663.2</ele>
   </trkpt>
   <trkpt lat="47.519830000000006" lon="12.437660000000001">
    <ele>663.21</ele>
   </trkpt>
   <trkpt lat="47.519870000000004" lon="12.43712">
    <ele>663.1600000000001</ele>
   </trkpt>
   <trkpt lat="47.51990000000001" lon="12.437000000000001">
    <ele>663.15</ele>
   </trkpt>
   <trkpt lat="47.52022" lon="12.436280000000002">
    <ele>663.09</ele>
   </trkpt>
   <trkpt lat="47.520300000000006" lon="12.435960000000001">
    <ele>663.03</ele>
   </trkpt>
   <trkpt lat="47.52044" lon="12.4351">
    <ele>662.12</ele>
   </trkpt>
   <trkpt lat="47.52066000000001" lon="12.43406">
    <ele>661.8000000000001</ele>
   </trkpt>
   <trkpt lat="47.52078" lon="12.433660000000001">
    <ele>661.58</ele>
   </trkpt>
   <trkpt lat="47.52113000000001" lon="12.43279">
    <ele>661.49</ele>
   </trkpt>
   <trkpt lat="47.52131000000001" lon="12.432160000000001">
    <ele>661.2600000000001</ele>
   </trkpt>
   <trkpt lat="47.52158000000001" lon="12.43092">
    <ele>661.25</ele>
   </trkpt>
   <trkpt lat="47.52158000000001" lon="12.43077">
    <ele>661.25</ele>
   </trkpt>
   <trkpt lat="47.521620000000006" lon="12.430710000000001">
    <ele>660.97</ele>
   </trkpt>
   <trkpt lat="47.521620000000006" lon="12.43063">
    <ele>660.97</ele>
   </trkpt>
   <trkpt lat="47.52168" lon="12.430560000000002">
    <ele>660.97</ele>
   </trkpt>
   <trkpt lat="47.52165" lon="12.430430000000001">
    <ele>660.86</ele>
   </trkpt>
   <trkpt lat="47.52168" lon="12.43003">
    <ele>660.6200000000001</ele>
   </trkpt>
   <trkpt lat="47.521710000000006" lon="12.42983">
    <ele>660.5500000000001</ele>
   </trkpt>
   <trkpt lat="47.52181" lon="12.429480000000002">
    <ele>660.32</ele>
   </trkpt>
   <trkpt lat="47.522270000000006" lon="12.428400000000002">
    <ele>659.78</ele>
   </trkpt>
   <trkpt lat="47.522000000000006" lon="12.428070000000002">
    <ele>659.96</ele>
   </trkpt>
   <trkpt lat="47.521770000000004" lon="12.427760000000001">
    <ele>660.2600000000001</ele>
   </trkpt>
   <trkpt lat="47.521300000000004" lon="12.427010000000001">
    <ele>660.6200000000001</ele>
   </trkpt>
   <trkpt lat="47.52095500093923" lon="12.42654499694138">
    <ele>661.08</ele>
   </trkpt>
   <trkpt lat="47.520610000000005" lon="12.42608">
    <ele>661.32</ele>
   </trkpt>
   <trkpt lat="47.520320000000005" lon="12.425650000000001">
    <ele>661.7</ele>
   </trkpt>
   <trkpt lat="47.519920000000006" lon="12.4251">
    <ele>663.82</ele>
   </trkpt>
   <trkpt lat="47.519740000000006" lon="12.42482">
    <ele>664.6899999999999</ele>
   </trkpt>
   <trkpt lat="47.51952000000001" lon="12.424380000000001">
    <ele>665.4100000000001</ele>
   </trkpt>
   <trkpt lat="47.519220000000004" lon="12.42387">
    <ele>665.4100000000001</ele>
   </trkpt>
   <trkpt lat="47.51908" lon="12.423720000000001">
    <ele>665.54</ele>
   </trkpt>
   <trkpt lat="47.51869000000001" lon="12.423470000000002">
    <ele>665.27</ele>
   </trkpt>
   <trkpt lat="47.518640000000005" lon="12.42341">
    <ele>665.27</ele>
   </trkpt>
   <trkpt lat="47.51831000000001" lon="12.42284">
    <ele>665.2900000000001</ele>
   </trkpt>
   <trkpt lat="47.51805" lon="12.423390000000001">
    <ele>666.52</ele>
   </trkpt>
   <trkpt lat="47.517790000000005" lon="12.42384">
    <ele>668.46</ele>
   </trkpt>
   <trkpt lat="47.51753" lon="12.424460000000002">
    <ele>668.83</ele>
   </trkpt>
  </trkseg>
 </trk>
</gpx>
