<?xml version="1.0" encoding="UTF-8"?>
<gpx creator="StravaGPX" version="1.1" xmlns="http://www.topografix.com/GPX/1/1" xmlns:xsi="http://www.w3.org/2001/XMLSchema-instance" xsi:schemaLocation="http://www.topografix.com/GPX/1/1 http://www.topografix.com/GPX/1/1/gpx.xsd">
 <metadata>
  <name>Austria 4</name>
  <author>
   <name>Xander Staal</name>
   <link href="https://www.strava.com/athletes/2830409"/>
  </author>
  <copyright author="OpenStreetMap contributors">
   <year>2020</year>
   <license>https://www.openstreetmap.org/copyright</license>
  </copyright>
  <link href="https://www.strava.com/routes/3477044520483116122"/>
 </metadata>
 <trk>
  <name>Austria 4</name>
  <link href="https://www.strava.com/routes/3477044520483116122"/>
  <type>cycling</type>
  <trkseg>
   <trkpt lat="46.81257" lon="11.247900000000001">
    <ele>704.4100000000001</ele>
   </trkpt>
   <trkpt lat="46.812540000000006" lon="11.24778">
    <ele>699.45</ele>
   </trkpt>
   <trkpt lat="46.81251" lon="11.24773">
    <ele>699.45</ele>
   </trkpt>
   <trkpt lat="46.812270000000005" lon="11.247610000000002">
    <ele>696.58</ele>
   </trkpt>
   <trkpt lat="46.81208" lon="11.2474">
    <ele>694.5400000000001</ele>
   </trkpt>
   <trkpt lat="46.81199" lon="11.24735">
    <ele>693.91</ele>
   </trkpt>
   <trkpt lat="46.811930000000004" lon="11.247240000000001">
    <ele>693.07</ele>
   </trkpt>
   <trkpt lat="46.812110000000004" lon="11.247110000000001">
    <ele>693.61</ele>
   </trkpt>
   <trkpt lat="46.812180000000005" lon="11.24703">
    <ele>693.9200000000001</ele>
   </trkpt>
   <trkpt lat="46.812270000000005" lon="11.246970000000001">
    <ele>694.12</ele>
   </trkpt>
   <trkpt lat="46.81235" lon="11.246860000000002">
    <ele>694.11</ele>
   </trkpt>
   <trkpt lat="46.81262" lon="11.24627">
    <ele>693.73</ele>
   </trkpt>
   <trkpt lat="46.812740000000005" lon="11.246200000000002">
    <ele>696.35</ele>
   </trkpt>
   <trkpt lat="46.81277" lon="11.246200000000002">
    <ele>696.35</ele>
   </trkpt>
   <trkpt lat="46.812810000000006" lon="11.246160000000001">
    <ele>698.62</ele>
   </trkpt>
   <trkpt lat="46.812830000000005" lon="11.24609">
    <ele>698.62</ele>
   </trkpt>
   <trkpt lat="46.81289" lon="11.24601">
    <ele>698.62</ele>
   </trkpt>
   <trkpt lat="46.81304" lon="11.24544">
    <ele>699.32</ele>
   </trkpt>
   <trkpt lat="46.813190000000006" lon="11.24435">
    <ele>704.69</ele>
   </trkpt>
   <trkpt lat="46.813280000000006" lon="11.244230000000002">
    <ele>705.6500000000001</ele>
   </trkpt>
   <trkpt lat="46.81336" lon="11.244240000000001">
    <ele>705.83</ele>
   </trkpt>
   <trkpt lat="46.813660000000006" lon="11.244370000000002">
    <ele>706.11</ele>
   </trkpt>
   <trkpt lat="46.81423500006418" lon="11.244529998276086">
    <ele>709.23</ele>
   </trkpt>
   <trkpt lat="46.81481" lon="11.24469">
    <ele>713.4200000000001</ele>
   </trkpt>
   <trkpt lat="46.81555" lon="11.24521">
    <ele>733.14</ele>
   </trkpt>
   <trkpt lat="46.81570000000001" lon="11.245230000000001">
    <ele>733.14</ele>
   </trkpt>
   <trkpt lat="46.81577" lon="11.245220000000002">
    <ele>733.16</ele>
   </trkpt>
   <trkpt lat="46.815900000000006" lon="11.245140000000001">
    <ele>728.95</ele>
   </trkpt>
   <trkpt lat="46.81615" lon="11.24491">
    <ele>734.4000000000001</ele>
   </trkpt>
   <trkpt lat="46.816460000000006" lon="11.24478">
    <ele>732.11</ele>
   </trkpt>
   <trkpt lat="46.816570000000006" lon="11.24468">
    <ele>732.3900000000001</ele>
   </trkpt>
   <trkpt lat="46.816810000000004" lon="11.24441">
    <ele>734.8100000000001</ele>
   </trkpt>
   <trkpt lat="46.81691000000001" lon="11.24436">
    <ele>736.33</ele>
   </trkpt>
   <trkpt lat="46.81701" lon="11.24435">
    <ele>736.33</ele>
   </trkpt>
   <trkpt lat="46.81725" lon="11.2444">
    <ele>739.0600000000001</ele>
   </trkpt>
   <trkpt lat="46.81734" lon="11.2444">
    <ele>739.0600000000001</ele>
   </trkpt>
   <trkpt lat="46.817510000000006" lon="11.24436">
    <ele>740.97</ele>
   </trkpt>
   <trkpt lat="46.81759" lon="11.24432">
    <ele>740.97</ele>
   </trkpt>
   <trkpt lat="46.81777" lon="11.244090000000002">
    <ele>744.1800000000001</ele>
   </trkpt>
   <trkpt lat="46.817930000000004" lon="11.24379">
    <ele>746.53</ele>
   </trkpt>
   <trkpt lat="46.818105002050835" lon="11.243105002199764">
    <ele>750.46</ele>
   </trkpt>
   <trkpt lat="46.81828" lon="11.242420000000001">
    <ele>755.0300000000001</ele>
   </trkpt>
   <trkpt lat="46.81828" lon="11.242310000000002">
    <ele>756.26</ele>
   </trkpt>
   <trkpt lat="46.81821" lon="11.24196">
    <ele>759.08</ele>
   </trkpt>
   <trkpt lat="46.81821" lon="11.24178">
    <ele>759.08</ele>
   </trkpt>
   <trkpt lat="46.81823000000001" lon="11.24158">
    <ele>759.08</ele>
   </trkpt>
   <trkpt lat="46.81841000000001" lon="11.241150000000001">
    <ele>763.59</ele>
   </trkpt>
   <trkpt lat="46.81841000000001" lon="11.24097">
    <ele>764.2700000000001</ele>
   </trkpt>
   <trkpt lat="46.81837" lon="11.240670000000001">
    <ele>766.14</ele>
   </trkpt>
   <trkpt lat="46.818360000000006" lon="11.240440000000001">
    <ele>768.82</ele>
   </trkpt>
   <trkpt lat="46.81844" lon="11.24005">
    <ele>771.63</ele>
   </trkpt>
   <trkpt lat="46.81851" lon="11.239490000000002">
    <ele>776.93</ele>
   </trkpt>
   <trkpt lat="46.81848" lon="11.23915">
    <ele>779.0100000000001</ele>
   </trkpt>
   <trkpt lat="46.81839" lon="11.238880000000002">
    <ele>782.0100000000001</ele>
   </trkpt>
   <trkpt lat="46.818400000000004" lon="11.238760000000001">
    <ele>782.0100000000001</ele>
   </trkpt>
   <trkpt lat="46.818430000000006" lon="11.238710000000001">
    <ele>782.97</ele>
   </trkpt>
   <trkpt lat="46.81853" lon="11.23868">
    <ele>783.9</ele>
   </trkpt>
   <trkpt lat="46.818580000000004" lon="11.23873">
    <ele>783.9</ele>
   </trkpt>
   <trkpt lat="46.8186" lon="11.238800000000001">
    <ele>783.9</ele>
   </trkpt>
   <trkpt lat="46.81857" lon="11.239170000000001">
    <ele>785.4700000000001</ele>
   </trkpt>
   <trkpt lat="46.818650000000005" lon="11.239400000000002">
    <ele>786.5500000000001</ele>
   </trkpt>
   <trkpt lat="46.818670000000004" lon="11.239590000000002">
    <ele>786.94</ele>
   </trkpt>
   <trkpt lat="46.81871" lon="11.240060000000001">
    <ele>787.0</ele>
   </trkpt>
   <trkpt lat="46.818690000000004" lon="11.24055">
    <ele>787.8000000000001</ele>
   </trkpt>
   <trkpt lat="46.81873" lon="11.24079">
    <ele>788.8900000000001</ele>
   </trkpt>
   <trkpt lat="46.818870000000004" lon="11.24121">
    <ele>792.12</ele>
   </trkpt>
   <trkpt lat="46.818870000000004" lon="11.24136">
    <ele>796.8000000000001</ele>
   </trkpt>
   <trkpt lat="46.818810000000006" lon="11.24168">
    <ele>797.9000000000001</ele>
   </trkpt>
   <trkpt lat="46.818870000000004" lon="11.241790000000002">
    <ele>798.78</ele>
   </trkpt>
   <trkpt lat="46.81918" lon="11.24205">
    <ele>802.1800000000001</ele>
   </trkpt>
   <trkpt lat="46.819210000000005" lon="11.24211">
    <ele>802.1800000000001</ele>
   </trkpt>
   <trkpt lat="46.81924" lon="11.242280000000001">
    <ele>802.6500000000001</ele>
   </trkpt>
   <trkpt lat="46.81915" lon="11.24272">
    <ele>809.8000000000001</ele>
   </trkpt>
   <trkpt lat="46.819160000000004" lon="11.24294">
    <ele>812.8900000000001</ele>
   </trkpt>
   <trkpt lat="46.819120000000005" lon="11.243060000000002">
    <ele>812.8900000000001</ele>
   </trkpt>
   <trkpt lat="46.81895" lon="11.243170000000001">
    <ele>813.74</ele>
   </trkpt>
   <trkpt lat="46.818850000000005" lon="11.24333">
    <ele>814.0200000000001</ele>
   </trkpt>
   <trkpt lat="46.81877" lon="11.24357">
    <ele>814.3800000000001</ele>
   </trkpt>
   <trkpt lat="46.81879000000001" lon="11.243760000000002">
    <ele>814.3800000000001</ele>
   </trkpt>
   <trkpt lat="46.81891" lon="11.244060000000001">
    <ele>817.24</ele>
   </trkpt>
   <trkpt lat="46.818920000000006" lon="11.2443">
    <ele>819.18</ele>
   </trkpt>
   <trkpt lat="46.81891" lon="11.244470000000002">
    <ele>820.5000000000001</ele>
   </trkpt>
   <trkpt lat="46.818830000000005" lon="11.244610000000002">
    <ele>820.5000000000001</ele>
   </trkpt>
   <trkpt lat="46.81877" lon="11.24463">
    <ele>822.0500000000001</ele>
   </trkpt>
   <trkpt lat="46.818650000000005" lon="11.244610000000002">
    <ele>822.8700000000001</ele>
   </trkpt>
   <trkpt lat="46.81841000000001" lon="11.2445">
    <ele>825.7500000000001</ele>
   </trkpt>
   <trkpt lat="46.81835" lon="11.2445">
    <ele>826.2</ele>
   </trkpt>
   <trkpt lat="46.818250000000006" lon="11.244610000000002">
    <ele>827.3100000000001</ele>
   </trkpt>
   <trkpt lat="46.818220000000004" lon="11.244710000000001">
    <ele>827.59</ele>
   </trkpt>
   <trkpt lat="46.81819" lon="11.245090000000001">
    <ele>829.3600000000001</ele>
   </trkpt>
   <trkpt lat="46.81804" lon="11.246120000000001">
    <ele>833.85</ele>
   </trkpt>
   <trkpt lat="46.817870000000006" lon="11.247050000000002">
    <ele>839.62</ele>
   </trkpt>
   <trkpt lat="46.817750000000004" lon="11.247380000000001">
    <ele>842.0200000000001</ele>
   </trkpt>
   <trkpt lat="46.81767000000001" lon="11.24783">
    <ele>845.3000000000001</ele>
   </trkpt>
   <trkpt lat="46.81749000000001" lon="11.248280000000001">
    <ele>849.9000000000001</ele>
   </trkpt>
   <trkpt lat="46.817440000000005" lon="11.248610000000001">
    <ele>851.4</ele>
   </trkpt>
   <trkpt lat="46.817400000000006" lon="11.24876">
    <ele>852.7600000000001</ele>
   </trkpt>
   <trkpt lat="46.81736" lon="11.248800000000001">
    <ele>853.57</ele>
   </trkpt>
   <trkpt lat="46.817240000000005" lon="11.248830000000002">
    <ele>854.34</ele>
   </trkpt>
   <trkpt lat="46.817170000000004" lon="11.24882">
    <ele>855.07</ele>
   </trkpt>
   <trkpt lat="46.817080000000004" lon="11.248750000000001">
    <ele>855.07</ele>
   </trkpt>
   <trkpt lat="46.81700000000001" lon="11.248740000000002">
    <ele>857.8100000000001</ele>
   </trkpt>
   <trkpt lat="46.816840000000006" lon="11.24877">
    <ele>857.8100000000001</ele>
   </trkpt>
   <trkpt lat="46.81678" lon="11.24882">
    <ele>857.8100000000001</ele>
   </trkpt>
   <trkpt lat="46.81669" lon="11.24896">
    <ele>859.22</ele>
   </trkpt>
   <trkpt lat="46.81667" lon="11.249070000000001">
    <ele>859.5500000000001</ele>
   </trkpt>
   <trkpt lat="46.81667" lon="11.24919">
    <ele>860.1500000000001</ele>
   </trkpt>
   <trkpt lat="46.8168" lon="11.25004">
    <ele>864.3100000000001</ele>
   </trkpt>
   <trkpt lat="46.8168" lon="11.250200000000001">
    <ele>864.8500000000001</ele>
   </trkpt>
   <trkpt lat="46.81665" lon="11.25065">
    <ele>866.3700000000001</ele>
   </trkpt>
   <trkpt lat="46.81654" lon="11.250960000000001">
    <ele>869.2200000000001</ele>
   </trkpt>
   <trkpt lat="46.81658" lon="11.25111">
    <ele>870.59</ele>
   </trkpt>
   <trkpt lat="46.81662" lon="11.251180000000002">
    <ele>870.96</ele>
   </trkpt>
   <trkpt lat="46.81667" lon="11.251220000000002">
    <ele>870.96</ele>
   </trkpt>
   <trkpt lat="46.81700000000001" lon="11.251380000000001">
    <ele>874.6700000000001</ele>
   </trkpt>
   <trkpt lat="46.81709" lon="11.251470000000001">
    <ele>875.1500000000001</ele>
   </trkpt>
   <trkpt lat="46.81711000000001" lon="11.25154">
    <ele>876.1500000000001</ele>
   </trkpt>
   <trkpt lat="46.8171" lon="11.251850000000001">
    <ele>879.9000000000001</ele>
   </trkpt>
   <trkpt lat="46.81714" lon="11.25209">
    <ele>879.9000000000001</ele>
   </trkpt>
   <trkpt lat="46.81723" lon="11.252450000000001">
    <ele>883.02</ele>
   </trkpt>
   <trkpt lat="46.81723" lon="11.252790000000001">
    <ele>886.44</ele>
   </trkpt>
   <trkpt lat="46.817280000000004" lon="11.252870000000001">
    <ele>886.9500000000002</ele>
   </trkpt>
   <trkpt lat="46.81734" lon="11.25289">
    <ele>887.85</ele>
   </trkpt>
   <trkpt lat="46.81741" lon="11.25281">
    <ele>888.58</ele>
   </trkpt>
   <trkpt lat="46.81741" lon="11.252790000000001">
    <ele>892.14</ele>
   </trkpt>
   <trkpt lat="46.817420000000006" lon="11.252690000000001">
    <ele>892.14</ele>
   </trkpt>
   <trkpt lat="46.81734" lon="11.252510000000001">
    <ele>892.14</ele>
   </trkpt>
   <trkpt lat="46.817310000000006" lon="11.251660000000001">
    <ele>898.51</ele>
   </trkpt>
   <trkpt lat="46.817350000000005" lon="11.2513">
    <ele>898.51</ele>
   </trkpt>
   <trkpt lat="46.817310000000006" lon="11.251140000000001">
    <ele>898.51</ele>
   </trkpt>
   <trkpt lat="46.817170000000004" lon="11.250900000000001">
    <ele>885.4900000000001</ele>
   </trkpt>
   <trkpt lat="46.81716" lon="11.250820000000001">
    <ele>885.4900000000001</ele>
   </trkpt>
   <trkpt lat="46.817190000000004" lon="11.2507">
    <ele>885.4900000000001</ele>
   </trkpt>
   <trkpt lat="46.81736" lon="11.25022">
    <ele>886.97</ele>
   </trkpt>
   <trkpt lat="46.817460000000004" lon="11.249770000000002">
    <ele>886.97</ele>
   </trkpt>
   <trkpt lat="46.81779" lon="11.249600000000001">
    <ele>886.97</ele>
   </trkpt>
   <trkpt lat="46.817840000000004" lon="11.249550000000001">
    <ele>886.97</ele>
   </trkpt>
   <trkpt lat="46.81811000197286" lon="11.24888000331939">
    <ele>886.97</ele>
   </trkpt>
   <trkpt lat="46.818380000000005" lon="11.24821">
    <ele>886.97</ele>
   </trkpt>
   <trkpt lat="46.81889" lon="11.24722">
    <ele>943.91</ele>
   </trkpt>
   <trkpt lat="46.81909" lon="11.246910000000002">
    <ele>943.91</ele>
   </trkpt>
   <trkpt lat="46.81942" lon="11.24601">
    <ele>943.91</ele>
   </trkpt>
   <trkpt lat="46.81947" lon="11.24581">
    <ele>943.91</ele>
   </trkpt>
   <trkpt lat="46.81951" lon="11.24576">
    <ele>943.91</ele>
   </trkpt>
   <trkpt lat="46.81955000000001" lon="11.24576">
    <ele>943.91</ele>
   </trkpt>
   <trkpt lat="46.819590000000005" lon="11.245780000000002">
    <ele>943.91</ele>
   </trkpt>
   <trkpt lat="46.81965" lon="11.245890000000001">
    <ele>943.91</ele>
   </trkpt>
   <trkpt lat="46.819610000000004" lon="11.246020000000001">
    <ele>943.91</ele>
   </trkpt>
   <trkpt lat="46.81951" lon="11.24613">
    <ele>943.91</ele>
   </trkpt>
   <trkpt lat="46.81945" lon="11.246260000000001">
    <ele>943.91</ele>
   </trkpt>
   <trkpt lat="46.81931" lon="11.246780000000001">
    <ele>943.91</ele>
   </trkpt>
   <trkpt lat="46.819050000000004" lon="11.247420000000002">
    <ele>943.91</ele>
   </trkpt>
   <trkpt lat="46.81891" lon="11.24797">
    <ele>964.5</ele>
   </trkpt>
   <trkpt lat="46.818720000000006" lon="11.24849">
    <ele>964.5</ele>
   </trkpt>
   <trkpt lat="46.818690000000004" lon="11.24863">
    <ele>964.5</ele>
   </trkpt>
   <trkpt lat="46.81862" lon="11.24938">
    <ele>964.5</ele>
   </trkpt>
   <trkpt lat="46.81850000000001" lon="11.24995">
    <ele>964.5</ele>
   </trkpt>
   <trkpt lat="46.81835" lon="11.250330000000002">
    <ele>964.5</ele>
   </trkpt>
   <trkpt lat="46.818340000000006" lon="11.250760000000001">
    <ele>964.5</ele>
   </trkpt>
   <trkpt lat="46.818560000000005" lon="11.251790000000002">
    <ele>964.5</ele>
   </trkpt>
   <trkpt lat="46.818580000000004" lon="11.2522">
    <ele>964.5</ele>
   </trkpt>
   <trkpt lat="46.818650000000005" lon="11.25262">
    <ele>997.62</ele>
   </trkpt>
   <trkpt lat="46.81866" lon="11.253020000000001">
    <ele>997.62</ele>
   </trkpt>
   <trkpt lat="46.81879000189703" lon="11.253679998405289">
    <ele>997.62</ele>
   </trkpt>
   <trkpt lat="46.818920000000006" lon="11.254340000000001">
    <ele>997.62</ele>
   </trkpt>
   <trkpt lat="46.819010000000006" lon="11.254610000000001">
    <ele>997.62</ele>
   </trkpt>
   <trkpt lat="46.81917000000001" lon="11.255220000000001">
    <ele>1000.0200000000001</ele>
   </trkpt>
   <trkpt lat="46.819250000000004" lon="11.255740000000001">
    <ele>1000.0200000000001</ele>
   </trkpt>
   <trkpt lat="46.8194" lon="11.25627">
    <ele>1000.0200000000001</ele>
   </trkpt>
   <trkpt lat="46.81962" lon="11.256760000000002">
    <ele>1004.5200000000001</ele>
   </trkpt>
   <trkpt lat="46.81964000000001" lon="11.256860000000001">
    <ele>1004.5200000000001</ele>
   </trkpt>
   <trkpt lat="46.81967" lon="11.2573">
    <ele>1004.5200000000001</ele>
   </trkpt>
   <trkpt lat="46.81974" lon="11.25763">
    <ele>1004.5200000000001</ele>
   </trkpt>
   <trkpt lat="46.819770000000005" lon="11.25796">
    <ele>1015.7400000000001</ele>
   </trkpt>
   <trkpt lat="46.819790000000005" lon="11.258030000000002">
    <ele>1015.7400000000001</ele>
   </trkpt>
   <trkpt lat="46.81982000000001" lon="11.258070000000002">
    <ele>1015.7400000000001</ele>
   </trkpt>
   <trkpt lat="46.81989" lon="11.258090000000001">
    <ele>1015.7400000000001</ele>
   </trkpt>
   <trkpt lat="46.81994" lon="11.25806">
    <ele>1015.7400000000001</ele>
   </trkpt>
   <trkpt lat="46.819970000000005" lon="11.258000000000001">
    <ele>1015.7400000000001</ele>
   </trkpt>
   <trkpt lat="46.81996" lon="11.257890000000002">
    <ele>1015.7400000000001</ele>
   </trkpt>
   <trkpt lat="46.81983" lon="11.25769">
    <ele>1015.7400000000001</ele>
   </trkpt>
   <trkpt lat="46.819790000000005" lon="11.2575">
    <ele>1010.88</ele>
   </trkpt>
   <trkpt lat="46.81976" lon="11.25693">
    <ele>1010.88</ele>
   </trkpt>
   <trkpt lat="46.81964000000001" lon="11.256070000000001">
    <ele>1010.88</ele>
   </trkpt>
   <trkpt lat="46.81964000000001" lon="11.255630000000002">
    <ele>1010.88</ele>
   </trkpt>
   <trkpt lat="46.81962" lon="11.25544">
    <ele>1010.88</ele>
   </trkpt>
   <trkpt lat="46.81953" lon="11.254880000000002">
    <ele>1010.88</ele>
   </trkpt>
   <trkpt lat="46.81941500432992" lon="11.253884998034705">
    <ele>1010.88</ele>
   </trkpt>
   <trkpt lat="46.819300000000005" lon="11.25289">
    <ele>1010.88</ele>
   </trkpt>
   <trkpt lat="46.81929" lon="11.252650000000001">
    <ele>1010.88</ele>
   </trkpt>
   <trkpt lat="46.81936" lon="11.252210000000002">
    <ele>1076.88</ele>
   </trkpt>
   <trkpt lat="46.819410000000005" lon="11.25103">
    <ele>1076.88</ele>
   </trkpt>
   <trkpt lat="46.81956" lon="11.250140000000002">
    <ele>1076.88</ele>
   </trkpt>
   <trkpt lat="46.81969" lon="11.24967">
    <ele>1076.88</ele>
   </trkpt>
   <trkpt lat="46.81994" lon="11.24909">
    <ele>1076.88</ele>
   </trkpt>
   <trkpt lat="46.820370000000004" lon="11.24802">
    <ele>1076.88</ele>
   </trkpt>
   <trkpt lat="46.820780000000006" lon="11.247300000000001">
    <ele>1076.88</ele>
   </trkpt>
   <trkpt lat="46.820930000000004" lon="11.24662">
    <ele>1085.7400000000002</ele>
   </trkpt>
   <trkpt lat="46.820980000000006" lon="11.24657">
    <ele>1085.7400000000002</ele>
   </trkpt>
   <trkpt lat="46.82103" lon="11.24656">
    <ele>1085.7400000000002</ele>
   </trkpt>
   <trkpt lat="46.8211" lon="11.246640000000001">
    <ele>1085.7400000000002</ele>
   </trkpt>
   <trkpt lat="46.821110000000004" lon="11.246690000000001">
    <ele>1085.7400000000002</ele>
   </trkpt>
   <trkpt lat="46.821090000000005" lon="11.246770000000001">
    <ele>1085.7400000000002</ele>
   </trkpt>
   <trkpt lat="46.82094000000001" lon="11.24708">
    <ele>1085.7400000000002</ele>
   </trkpt>
   <trkpt lat="46.82085000000001" lon="11.247330000000002">
    <ele>1085.7400000000002</ele>
   </trkpt>
   <trkpt lat="46.820660000000004" lon="11.24768">
    <ele>1099.5600000000002</ele>
   </trkpt>
   <trkpt lat="46.82048500162423" lon="11.248295002081738">
    <ele>1099.5600000000002</ele>
   </trkpt>
   <trkpt lat="46.820310000000006" lon="11.24891">
    <ele>1099.5600000000002</ele>
   </trkpt>
   <trkpt lat="46.81998" lon="11.24998">
    <ele>1099.5600000000002</ele>
   </trkpt>
   <trkpt lat="46.819900000000004" lon="11.25069">
    <ele>1099.5600000000002</ele>
   </trkpt>
   <trkpt lat="46.819970000000005" lon="11.25177">
    <ele>1135.91</ele>
   </trkpt>
   <trkpt lat="46.82001" lon="11.25211">
    <ele>1135.91</ele>
   </trkpt>
   <trkpt lat="46.82014" lon="11.252680000000002">
    <ele>1135.91</ele>
   </trkpt>
   <trkpt lat="46.820170000000005" lon="11.25313">
    <ele>1135.91</ele>
   </trkpt>
   <trkpt lat="46.820220000000006" lon="11.253490000000001">
    <ele>1135.91</ele>
   </trkpt>
   <trkpt lat="46.820310000000006" lon="11.25384">
    <ele>1135.91</ele>
   </trkpt>
   <trkpt lat="46.82048" lon="11.254280000000001">
    <ele>1135.91</ele>
   </trkpt>
   <trkpt lat="46.82063500173656" lon="11.254919997960716">
    <ele>1135.91</ele>
   </trkpt>
   <trkpt lat="46.82079" lon="11.255560000000001">
    <ele>1135.91</ele>
   </trkpt>
   <trkpt lat="46.820890000000006" lon="11.25586">
    <ele>1135.91</ele>
   </trkpt>
   <trkpt lat="46.8211" lon="11.25642">
    <ele>1135.91</ele>
   </trkpt>
   <trkpt lat="46.82135" lon="11.25699">
    <ele>1135.91</ele>
   </trkpt>
   <trkpt lat="46.821630000000006" lon="11.257520000000001">
    <ele>1135.91</ele>
   </trkpt>
   <trkpt lat="46.821780000000004" lon="11.258130000000001">
    <ele>1135.91</ele>
   </trkpt>
   <trkpt lat="46.82190000000001" lon="11.25876">
    <ele>1135.91</ele>
   </trkpt>
   <trkpt lat="46.822010000000006" lon="11.259150000000002">
    <ele>1135.91</ele>
   </trkpt>
   <trkpt lat="46.82208000000001" lon="11.259630000000001">
    <ele>1202.3799999999999</ele>
   </trkpt>
   <trkpt lat="46.82224000174661" lon="11.260264998073506">
    <ele>1202.3799999999999</ele>
   </trkpt>
   <trkpt lat="46.8224" lon="11.260900000000001">
    <ele>1202.3799999999999</ele>
   </trkpt>
   <trkpt lat="46.822520000000004" lon="11.261270000000001">
    <ele>1202.3799999999999</ele>
   </trkpt>
   <trkpt lat="46.82269" lon="11.26171">
    <ele>1202.3799999999999</ele>
   </trkpt>
   <trkpt lat="46.822910002123116" lon="11.262404997218464">
    <ele>1202.3799999999999</ele>
   </trkpt>
   <trkpt lat="46.823130000000006" lon="11.263100000000001">
    <ele>1202.3799999999999</ele>
   </trkpt>
   <trkpt lat="46.82348" lon="11.263890000000002">
    <ele>1202.3799999999999</ele>
   </trkpt>
   <trkpt lat="46.82356" lon="11.264280000000001">
    <ele>1202.3799999999999</ele>
   </trkpt>
   <trkpt lat="46.82381" lon="11.265070000000001">
    <ele>1202.3799999999999</ele>
   </trkpt>
   <trkpt lat="46.823840000000004" lon="11.265250000000002">
    <ele>1199.7600000000002</ele>
   </trkpt>
   <trkpt lat="46.82385000000001" lon="11.265400000000001">
    <ele>1199.7600000000002</ele>
   </trkpt>
   <trkpt lat="46.82383" lon="11.265540000000001">
    <ele>1199.7600000000002</ele>
   </trkpt>
   <trkpt lat="46.82385000000001" lon="11.2658">
    <ele>1199.7600000000002</ele>
   </trkpt>
   <trkpt lat="46.823910000000005" lon="11.26608">
    <ele>1199.7600000000002</ele>
   </trkpt>
   <trkpt lat="46.82405000000001" lon="11.26697">
    <ele>1199.7600000000002</ele>
   </trkpt>
   <trkpt lat="46.824200000000005" lon="11.2675">
    <ele>1199.7600000000002</ele>
   </trkpt>
   <trkpt lat="46.82433" lon="11.268210000000002">
    <ele>1230.31</ele>
   </trkpt>
   <trkpt lat="46.824560000000005" lon="11.26909">
    <ele>1230.31</ele>
   </trkpt>
   <trkpt lat="46.824760000000005" lon="11.26942">
    <ele>1230.31</ele>
   </trkpt>
   <trkpt lat="46.82493" lon="11.269620000000002">
    <ele>1230.31</ele>
   </trkpt>
   <trkpt lat="46.82557500127418" lon="11.270179993201436">
    <ele>1230.2700000000002</ele>
   </trkpt>
   <trkpt lat="46.826220000000006" lon="11.270740000000002">
    <ele>1228.4400000000003</ele>
   </trkpt>
   <trkpt lat="46.82639" lon="11.270930000000002">
    <ele>1214.0300000000002</ele>
   </trkpt>
   <trkpt lat="46.82645" lon="11.27105">
    <ele>1214.0300000000002</ele>
   </trkpt>
   <trkpt lat="46.82649000000001" lon="11.271210000000002">
    <ele>1214.0300000000002</ele>
   </trkpt>
   <trkpt lat="46.826480000000004" lon="11.2713">
    <ele>1214.0300000000002</ele>
   </trkpt>
   <trkpt lat="46.826330000000006" lon="11.27176">
    <ele>1214.0300000000002</ele>
   </trkpt>
   <trkpt lat="46.826080000000005" lon="11.272450000000001">
    <ele>1214.93</ele>
   </trkpt>
   <trkpt lat="46.825860000000006" lon="11.27294">
    <ele>1225.97</ele>
   </trkpt>
   <trkpt lat="46.82584000000001" lon="11.273040000000002">
    <ele>1225.97</ele>
   </trkpt>
   <trkpt lat="46.82585" lon="11.273150000000001">
    <ele>1225.97</ele>
   </trkpt>
   <trkpt lat="46.826" lon="11.273510000000002">
    <ele>1225.97</ele>
   </trkpt>
   <trkpt lat="46.82603" lon="11.273710000000001">
    <ele>1225.97</ele>
   </trkpt>
   <trkpt lat="46.825970000000005" lon="11.27386">
    <ele>1225.97</ele>
   </trkpt>
   <trkpt lat="46.825880000000005" lon="11.273940000000001">
    <ele>1225.97</ele>
   </trkpt>
   <trkpt lat="46.82555000000001" lon="11.27453">
    <ele>1212.3799999999999</ele>
   </trkpt>
   <trkpt lat="46.82549" lon="11.27466">
    <ele>1212.3799999999999</ele>
   </trkpt>
   <trkpt lat="46.825480000000006" lon="11.27477">
    <ele>1215.89</ele>
   </trkpt>
   <trkpt lat="46.825500000000005" lon="11.2749">
    <ele>1215.89</ele>
   </trkpt>
   <trkpt lat="46.825720000000004" lon="11.275310000000001">
    <ele>1215.89</ele>
   </trkpt>
   <trkpt lat="46.825900000000004" lon="11.27552">
    <ele>1215.89</ele>
   </trkpt>
   <trkpt lat="46.82592" lon="11.275630000000001">
    <ele>1215.89</ele>
   </trkpt>
   <trkpt lat="46.82589" lon="11.275760000000002">
    <ele>1215.89</ele>
   </trkpt>
   <trkpt lat="46.82583" lon="11.275830000000001">
    <ele>1215.89</ele>
   </trkpt>
   <trkpt lat="46.82533" lon="11.276190000000001">
    <ele>1247.13</ele>
   </trkpt>
   <trkpt lat="46.82526000000001" lon="11.2763">
    <ele>1247.13</ele>
   </trkpt>
   <trkpt lat="46.825210000000006" lon="11.276530000000001">
    <ele>1247.13</ele>
   </trkpt>
   <trkpt lat="46.82524" lon="11.276710000000001">
    <ele>1247.13</ele>
   </trkpt>
   <trkpt lat="46.825320000000005" lon="11.27688">
    <ele>1247.13</ele>
   </trkpt>
   <trkpt lat="46.825320000000005" lon="11.277040000000001">
    <ele>1247.13</ele>
   </trkpt>
   <trkpt lat="46.82527" lon="11.277140000000001">
    <ele>1247.13</ele>
   </trkpt>
   <trkpt lat="46.82502" lon="11.27744">
    <ele>1247.13</ele>
   </trkpt>
   <trkpt lat="46.824980000000004" lon="11.27752">
    <ele>1247.13</ele>
   </trkpt>
   <trkpt lat="46.82495" lon="11.277600000000001">
    <ele>1247.13</ele>
   </trkpt>
   <trkpt lat="46.82493" lon="11.27785">
    <ele>1247.13</ele>
   </trkpt>
   <trkpt lat="46.82489" lon="11.277920000000002">
    <ele>1247.13</ele>
   </trkpt>
   <trkpt lat="46.82481000000001" lon="11.277970000000002">
    <ele>1247.13</ele>
   </trkpt>
   <trkpt lat="46.82462" lon="11.27799">
    <ele>1240.69</ele>
   </trkpt>
   <trkpt lat="46.82455" lon="11.278060000000002">
    <ele>1240.69</ele>
   </trkpt>
   <trkpt lat="46.824540000000006" lon="11.27823">
    <ele>1240.69</ele>
   </trkpt>
   <trkpt lat="46.824600000000004" lon="11.27851">
    <ele>1240.69</ele>
   </trkpt>
   <trkpt lat="46.82461000000001" lon="11.27874">
    <ele>1240.69</ele>
   </trkpt>
   <trkpt lat="46.824510000000004" lon="11.279000000000002">
    <ele>1240.69</ele>
   </trkpt>
   <trkpt lat="46.82459" lon="11.28006">
    <ele>1283.3400000000001</ele>
   </trkpt>
   <trkpt lat="46.824850000000005" lon="11.28124">
    <ele>1283.3400000000001</ele>
   </trkpt>
   <trkpt lat="46.82493" lon="11.28152">
    <ele>1283.3400000000001</ele>
   </trkpt>
   <trkpt lat="46.825340000000004" lon="11.282520000000002">
    <ele>1283.3400000000001</ele>
   </trkpt>
   <trkpt lat="46.8256" lon="11.28325">
    <ele>1283.3400000000001</ele>
   </trkpt>
   <trkpt lat="46.82567" lon="11.283380000000001">
    <ele>1283.3400000000001</ele>
   </trkpt>
   <trkpt lat="46.825790000000005" lon="11.28353">
    <ele>1283.3400000000001</ele>
   </trkpt>
   <trkpt lat="46.826" lon="11.283710000000001">
    <ele>1283.3400000000001</ele>
   </trkpt>
   <trkpt lat="46.82603" lon="11.28377">
    <ele>1283.3400000000001</ele>
   </trkpt>
   <trkpt lat="46.82605" lon="11.28386">
    <ele>1283.3400000000001</ele>
   </trkpt>
   <trkpt lat="46.82605" lon="11.28396">
    <ele>1283.3400000000001</ele>
   </trkpt>
   <trkpt lat="46.826010000000004" lon="11.284070000000002">
    <ele>1283.3400000000001</ele>
   </trkpt>
   <trkpt lat="46.825970000000005" lon="11.284300000000002">
    <ele>1320.39</ele>
   </trkpt>
   <trkpt lat="46.82614000178598" lon="11.28493499810442">
    <ele>1320.39</ele>
   </trkpt>
   <trkpt lat="46.82631000000001" lon="11.285570000000002">
    <ele>1320.39</ele>
   </trkpt>
   <trkpt lat="46.826510000000006" lon="11.28658">
    <ele>1320.39</ele>
   </trkpt>
   <trkpt lat="46.8267" lon="11.287">
    <ele>1320.45</ele>
   </trkpt>
   <trkpt lat="46.8267" lon="11.2871">
    <ele>1320.47</ele>
   </trkpt>
   <trkpt lat="46.82668" lon="11.28724">
    <ele>1320.5200000000002</ele>
   </trkpt>
   <trkpt lat="46.826640000000005" lon="11.287310000000002">
    <ele>1320.5200000000002</ele>
   </trkpt>
   <trkpt lat="46.82645" lon="11.287500000000001">
    <ele>1320.5200000000002</ele>
   </trkpt>
   <trkpt lat="46.82636" lon="11.28766">
    <ele>1303.02</ele>
   </trkpt>
   <trkpt lat="46.82629000000001" lon="11.28786">
    <ele>1303.02</ele>
   </trkpt>
   <trkpt lat="46.826260000000005" lon="11.28809">
    <ele>1303.02</ele>
   </trkpt>
   <trkpt lat="46.82625" lon="11.288530000000002">
    <ele>1304.49</ele>
   </trkpt>
   <trkpt lat="46.82629000000001" lon="11.288730000000001">
    <ele>1304.49</ele>
   </trkpt>
   <trkpt lat="46.82639" lon="11.289060000000001">
    <ele>1304.49</ele>
   </trkpt>
   <trkpt lat="46.82643" lon="11.28926">
    <ele>1304.49</ele>
   </trkpt>
   <trkpt lat="46.82645" lon="11.289850000000001">
    <ele>1327.0900000000001</ele>
   </trkpt>
   <trkpt lat="46.826710000000006" lon="11.29057">
    <ele>1327.0900000000001</ele>
   </trkpt>
   <trkpt lat="46.82674" lon="11.290750000000001">
    <ele>1327.0900000000001</ele>
   </trkpt>
   <trkpt lat="46.82674" lon="11.291250000000002">
    <ele>1322.04</ele>
   </trkpt>
   <trkpt lat="46.82676000000001" lon="11.291440000000001">
    <ele>1322.04</ele>
   </trkpt>
   <trkpt lat="46.826950000000004" lon="11.29254">
    <ele>1327.0000000000002</ele>
   </trkpt>
   <trkpt lat="46.827000000000005" lon="11.292940000000002">
    <ele>1327.0700000000002</ele>
   </trkpt>
   <trkpt lat="46.827000000000005" lon="11.29306">
    <ele>1327.0700000000002</ele>
   </trkpt>
   <trkpt lat="46.826910000000005" lon="11.293600000000001">
    <ele>1327.0700000000002</ele>
   </trkpt>
   <trkpt lat="46.826910000000005" lon="11.29371">
    <ele>1327.0700000000002</ele>
   </trkpt>
   <trkpt lat="46.82699" lon="11.294260000000001">
    <ele>1356.3700000000001</ele>
   </trkpt>
   <trkpt lat="46.827000000000005" lon="11.294810000000002">
    <ele>1356.3700000000001</ele>
   </trkpt>
   <trkpt lat="46.827040000000004" lon="11.29512">
    <ele>1356.3700000000001</ele>
   </trkpt>
   <trkpt lat="46.8271" lon="11.29536">
    <ele>1356.3700000000001</ele>
   </trkpt>
   <trkpt lat="46.827110000000005" lon="11.29556">
    <ele>1356.3700000000001</ele>
   </trkpt>
   <trkpt lat="46.827090000000005" lon="11.29583">
    <ele>1356.3700000000001</ele>
   </trkpt>
   <trkpt lat="46.827090000000005" lon="11.2963">
    <ele>1356.3700000000001</ele>
   </trkpt>
   <trkpt lat="46.82701" lon="11.296660000000001">
    <ele>1356.3700000000001</ele>
   </trkpt>
   <trkpt lat="46.82703" lon="11.297410000000001">
    <ele>1372.8300000000002</ele>
   </trkpt>
   <trkpt lat="46.82687000000001" lon="11.298630000000001">
    <ele>1372.8300000000002</ele>
   </trkpt>
   <trkpt lat="46.82688" lon="11.29907">
    <ele>1372.8300000000002</ele>
   </trkpt>
   <trkpt lat="46.8270050051604" lon="11.300154997774026">
    <ele>1372.8300000000002</ele>
   </trkpt>
   <trkpt lat="46.827130000000004" lon="11.301240000000002">
    <ele>1386.03</ele>
   </trkpt>
   <trkpt lat="46.827200000000005" lon="11.30145">
    <ele>1386.03</ele>
   </trkpt>
   <trkpt lat="46.827290000000005" lon="11.30165">
    <ele>1386.03</ele>
   </trkpt>
   <trkpt lat="46.82728" lon="11.3018">
    <ele>1386.03</ele>
   </trkpt>
   <trkpt lat="46.827090000000005" lon="11.30208">
    <ele>1386.03</ele>
   </trkpt>
   <trkpt lat="46.82703" lon="11.30225">
    <ele>1386.03</ele>
   </trkpt>
   <trkpt lat="46.82703" lon="11.30244">
    <ele>1386.03</ele>
   </trkpt>
   <trkpt lat="46.827270000000006" lon="11.30367">
    <ele>1394.6200000000001</ele>
   </trkpt>
   <trkpt lat="46.82719" lon="11.30427">
    <ele>1412.4800000000002</ele>
   </trkpt>
   <trkpt lat="46.827220000000004" lon="11.30484">
    <ele>1412.4800000000002</ele>
   </trkpt>
   <trkpt lat="46.82717" lon="11.305140000000002">
    <ele>1412.4800000000002</ele>
   </trkpt>
   <trkpt lat="46.82705000000001" lon="11.305560000000002">
    <ele>1417.6200000000001</ele>
   </trkpt>
   <trkpt lat="46.827000000000005" lon="11.305670000000001">
    <ele>1417.6200000000001</ele>
   </trkpt>
   <trkpt lat="46.826800000000006" lon="11.30587">
    <ele>1417.6200000000001</ele>
   </trkpt>
   <trkpt lat="46.826690000000006" lon="11.3061">
    <ele>1412.9900000000002</ele>
   </trkpt>
   <trkpt lat="46.82654" lon="11.30676">
    <ele>1412.9900000000002</ele>
   </trkpt>
   <trkpt lat="46.8265050019556" lon="11.307430000419194">
    <ele>1412.93</ele>
   </trkpt>
   <trkpt lat="46.82647" lon="11.308100000000001">
    <ele>1412.93</ele>
   </trkpt>
   <trkpt lat="46.82630500364467" lon="11.309020003052204">
    <ele>1426.7200000000003</ele>
   </trkpt>
   <trkpt lat="46.82614" lon="11.309940000000001">
    <ele>1426.7200000000003</ele>
   </trkpt>
   <trkpt lat="46.826" lon="11.31018">
    <ele>1427.5000000000002</ele>
   </trkpt>
   <trkpt lat="46.826010000000004" lon="11.310310000000001">
    <ele>1427.5000000000002</ele>
   </trkpt>
   <trkpt lat="46.826080000000005" lon="11.310410000000001">
    <ele>1427.5000000000002</ele>
   </trkpt>
   <trkpt lat="46.826130000000006" lon="11.310410000000001">
    <ele>1427.5000000000002</ele>
   </trkpt>
   <trkpt lat="46.82620000000001" lon="11.31032">
    <ele>1427.5000000000002</ele>
   </trkpt>
   <trkpt lat="46.82625" lon="11.3099">
    <ele>1427.5000000000002</ele>
   </trkpt>
   <trkpt lat="46.826640000000005" lon="11.308840000000002">
    <ele>1436.5500000000002</ele>
   </trkpt>
   <trkpt lat="46.827090006235686" lon="11.30799334752285">
    <ele>1436.5500000000002</ele>
   </trkpt>
   <trkpt lat="46.827540006228524" lon="11.307146680869858">
    <ele>1436.5500000000002</ele>
   </trkpt>
   <trkpt lat="46.82799000000001" lon="11.3063">
    <ele>1436.5500000000002</ele>
   </trkpt>
   <trkpt lat="46.82808000000001" lon="11.306220000000001">
    <ele>1436.5500000000002</ele>
   </trkpt>
   <trkpt lat="46.828140000000005" lon="11.306220000000001">
    <ele>1436.5500000000002</ele>
   </trkpt>
   <trkpt lat="46.828480000000006" lon="11.306370000000001">
    <ele>1436.5500000000002</ele>
   </trkpt>
   <trkpt lat="46.8286" lon="11.30624">
    <ele>1436.5500000000002</ele>
   </trkpt>
   <trkpt lat="46.828610000000005" lon="11.306180000000001">
    <ele>1436.5500000000002</ele>
   </trkpt>
   <trkpt lat="46.82855000000001" lon="11.30559">
    <ele>1436.5500000000002</ele>
   </trkpt>
   <trkpt lat="46.828540000000004" lon="11.305230000000002">
    <ele>1436.5500000000002</ele>
   </trkpt>
   <trkpt lat="46.828630000000004" lon="11.30404">
    <ele>1508.7700000000002</ele>
   </trkpt>
   <trkpt lat="46.828660000000006" lon="11.303870000000002">
    <ele>1508.7700000000002</ele>
   </trkpt>
   <trkpt lat="46.82883" lon="11.303420000000001">
    <ele>1508.7700000000002</ele>
   </trkpt>
   <trkpt lat="46.82922000000001" lon="11.30269">
    <ele>1508.7700000000002</ele>
   </trkpt>
   <trkpt lat="46.82923" lon="11.302610000000001">
    <ele>1508.7700000000002</ele>
   </trkpt>
   <trkpt lat="46.82918" lon="11.30231">
    <ele>1508.7700000000002</ele>
   </trkpt>
   <trkpt lat="46.829190000000004" lon="11.302190000000001">
    <ele>1508.7700000000002</ele>
   </trkpt>
   <trkpt lat="46.82925" lon="11.302010000000001">
    <ele>1508.7700000000002</ele>
   </trkpt>
   <trkpt lat="46.82932" lon="11.301860000000001">
    <ele>1508.7700000000002</ele>
   </trkpt>
   <trkpt lat="46.82936" lon="11.301670000000001">
    <ele>1508.7700000000002</ele>
   </trkpt>
   <trkpt lat="46.82925" lon="11.30089">
    <ele>1508.7700000000002</ele>
   </trkpt>
   <trkpt lat="46.82931000000001" lon="11.300650000000001">
    <ele>1508.7700000000002</ele>
   </trkpt>
   <trkpt lat="46.82931000000001" lon="11.30042">
    <ele>1508.7700000000002</ele>
   </trkpt>
   <trkpt lat="46.82925" lon="11.300270000000001">
    <ele>1508.7700000000002</ele>
   </trkpt>
   <trkpt lat="46.829040000000006" lon="11.299940000000001">
    <ele>1508.7700000000002</ele>
   </trkpt>
   <trkpt lat="46.82898" lon="11.29972">
    <ele>1508.7700000000002</ele>
   </trkpt>
   <trkpt lat="46.828990000000005" lon="11.29949">
    <ele>1508.7700000000002</ele>
   </trkpt>
   <trkpt lat="46.829010000000004" lon="11.299370000000001">
    <ele>1508.7700000000002</ele>
   </trkpt>
   <trkpt lat="46.82909" lon="11.2992">
    <ele>1508.7700000000002</ele>
   </trkpt>
   <trkpt lat="46.829420000000006" lon="11.298810000000001">
    <ele>1508.7700000000002</ele>
   </trkpt>
   <trkpt lat="46.82954" lon="11.298580000000001">
    <ele>1508.7700000000002</ele>
   </trkpt>
   <trkpt lat="46.82959" lon="11.29837">
    <ele>1508.7700000000002</ele>
   </trkpt>
   <trkpt lat="46.82965" lon="11.29828">
    <ele>1512.15</ele>
   </trkpt>
   <trkpt lat="46.82977" lon="11.298240000000002">
    <ele>1512.15</ele>
   </trkpt>
   <trkpt lat="46.82983" lon="11.298300000000001">
    <ele>1512.15</ele>
   </trkpt>
   <trkpt lat="46.829860000000004" lon="11.29842">
    <ele>1516.49</ele>
   </trkpt>
   <trkpt lat="46.829840000000004" lon="11.298540000000001">
    <ele>1516.5000000000002</ele>
   </trkpt>
   <trkpt lat="46.82974" lon="11.29888">
    <ele>1516.5000000000002</ele>
   </trkpt>
   <trkpt lat="46.829710000000006" lon="11.299190000000001">
    <ele>1529.3000000000002</ele>
   </trkpt>
   <trkpt lat="46.829710000000006" lon="11.299380000000001">
    <ele>1529.3000000000002</ele>
   </trkpt>
   <trkpt lat="46.82976000000001" lon="11.29963">
    <ele>1529.3000000000002</ele>
   </trkpt>
   <trkpt lat="46.829840000000004" lon="11.29982">
    <ele>1531.4</ele>
   </trkpt>
   <trkpt lat="46.83005000000001" lon="11.300040000000001">
    <ele>1531.4</ele>
   </trkpt>
   <trkpt lat="46.830110000000005" lon="11.30014">
    <ele>1531.4</ele>
   </trkpt>
   <trkpt lat="46.83015" lon="11.30029">
    <ele>1531.4</ele>
   </trkpt>
   <trkpt lat="46.83016000000001" lon="11.300450000000001">
    <ele>1531.4</ele>
   </trkpt>
   <trkpt lat="46.83014000000001" lon="11.30076">
    <ele>1531.4</ele>
   </trkpt>
   <trkpt lat="46.83003" lon="11.30118">
    <ele>1531.4</ele>
   </trkpt>
   <trkpt lat="46.83001" lon="11.30188">
    <ele>1531.4</ele>
   </trkpt>
   <trkpt lat="46.82999" lon="11.30206">
    <ele>1531.4</ele>
   </trkpt>
   <trkpt lat="46.829890000000006" lon="11.302520000000001">
    <ele>1531.4</ele>
   </trkpt>
   <trkpt lat="46.829950000000004" lon="11.30277">
    <ele>1531.4</ele>
   </trkpt>
   <trkpt lat="46.829950000000004" lon="11.302930000000002">
    <ele>1531.4</ele>
   </trkpt>
   <trkpt lat="46.829930000000004" lon="11.30301">
    <ele>1531.4</ele>
   </trkpt>
   <trkpt lat="46.829620000000006" lon="11.30349">
    <ele>1531.4</ele>
   </trkpt>
   <trkpt lat="46.82958000000001" lon="11.30367">
    <ele>1531.4</ele>
   </trkpt>
   <trkpt lat="46.82968" lon="11.304290000000002">
    <ele>1531.4</ele>
   </trkpt>
   <trkpt lat="46.829750000000004" lon="11.304450000000001">
    <ele>1531.4</ele>
   </trkpt>
   <trkpt lat="46.82981" lon="11.305240000000001">
    <ele>1606.4900000000002</ele>
   </trkpt>
   <trkpt lat="46.82997" lon="11.305840000000002">
    <ele>1606.4900000000002</ele>
   </trkpt>
   <trkpt lat="46.83003" lon="11.306180000000001">
    <ele>1606.4900000000002</ele>
   </trkpt>
   <trkpt lat="46.83006" lon="11.3068">
    <ele>1606.4900000000002</ele>
   </trkpt>
   <trkpt lat="46.82999" lon="11.307080000000001">
    <ele>1606.4900000000002</ele>
   </trkpt>
   <trkpt lat="46.829980000000006" lon="11.307200000000002">
    <ele>1606.4900000000002</ele>
   </trkpt>
   <trkpt lat="46.83003" lon="11.30738">
    <ele>1606.4900000000002</ele>
   </trkpt>
   <trkpt lat="46.830130000000004" lon="11.307580000000002">
    <ele>1606.4900000000002</ele>
   </trkpt>
   <trkpt lat="46.83014000000001" lon="11.30766">
    <ele>1606.4900000000002</ele>
   </trkpt>
   <trkpt lat="46.830130000000004" lon="11.30775">
    <ele>1606.4900000000002</ele>
   </trkpt>
   <trkpt lat="46.83008" lon="11.30788">
    <ele>1606.4900000000002</ele>
   </trkpt>
   <trkpt lat="46.829910000000005" lon="11.30812">
    <ele>1606.4900000000002</ele>
   </trkpt>
   <trkpt lat="46.82972" lon="11.308240000000001">
    <ele>1606.4900000000002</ele>
   </trkpt>
   <trkpt lat="46.82959" lon="11.30827">
    <ele>1606.4900000000002</ele>
   </trkpt>
   <trkpt lat="46.829370000000004" lon="11.30827">
    <ele>1606.4900000000002</ele>
   </trkpt>
   <trkpt lat="46.82929" lon="11.308290000000001">
    <ele>1606.4900000000002</ele>
   </trkpt>
   <trkpt lat="46.82923" lon="11.308330000000002">
    <ele>1606.4900000000002</ele>
   </trkpt>
   <trkpt lat="46.82916" lon="11.30841">
    <ele>1606.4900000000002</ele>
   </trkpt>
   <trkpt lat="46.82909" lon="11.308610000000002">
    <ele>1606.4900000000002</ele>
   </trkpt>
   <trkpt lat="46.829010000000004" lon="11.30906">
    <ele>1606.4900000000002</ele>
   </trkpt>
   <trkpt lat="46.829010000000004" lon="11.309270000000001">
    <ele>1606.4900000000002</ele>
   </trkpt>
   <trkpt lat="46.82898" lon="11.30939">
    <ele>1606.4900000000002</ele>
   </trkpt>
   <trkpt lat="46.828720000000004" lon="11.31004">
    <ele>1606.4900000000002</ele>
   </trkpt>
   <trkpt lat="46.828700000000005" lon="11.31024">
    <ele>1606.4900000000002</ele>
   </trkpt>
   <trkpt lat="46.82894" lon="11.310780000000001">
    <ele>1606.4900000000002</ele>
   </trkpt>
   <trkpt lat="46.82896" lon="11.31107">
    <ele>1606.4900000000002</ele>
   </trkpt>
   <trkpt lat="46.82893000000001" lon="11.311290000000001">
    <ele>1606.4900000000002</ele>
   </trkpt>
   <trkpt lat="46.82894" lon="11.31146">
    <ele>1606.4900000000002</ele>
   </trkpt>
   <trkpt lat="46.82902000000001" lon="11.31174">
    <ele>1606.4900000000002</ele>
   </trkpt>
   <trkpt lat="46.829040000000006" lon="11.312030000000002">
    <ele>1606.4900000000002</ele>
   </trkpt>
   <trkpt lat="46.828920000000004" lon="11.312690000000002">
    <ele>1606.4900000000002</ele>
   </trkpt>
   <trkpt lat="46.828880000000005" lon="11.312830000000002">
    <ele>1606.4900000000002</ele>
   </trkpt>
   <trkpt lat="46.828810000000004" lon="11.312940000000001">
    <ele>1606.4900000000002</ele>
   </trkpt>
   <trkpt lat="46.82874" lon="11.312990000000001">
    <ele>1606.4900000000002</ele>
   </trkpt>
   <trkpt lat="46.82865" lon="11.31301">
    <ele>1606.4900000000002</ele>
   </trkpt>
   <trkpt lat="46.82847" lon="11.31314">
    <ele>1606.4900000000002</ele>
   </trkpt>
   <trkpt lat="46.82836" lon="11.313270000000001">
    <ele>1606.4900000000002</ele>
   </trkpt>
   <trkpt lat="46.828210000000006" lon="11.313590000000001">
    <ele>1606.4900000000002</ele>
   </trkpt>
   <trkpt lat="46.82799000000001" lon="11.313860000000002">
    <ele>1606.4900000000002</ele>
   </trkpt>
   <trkpt lat="46.82795" lon="11.313970000000001">
    <ele>1606.4900000000002</ele>
   </trkpt>
   <trkpt lat="46.827940000000005" lon="11.31423">
    <ele>1606.4900000000002</ele>
   </trkpt>
   <trkpt lat="46.827890000000004" lon="11.31436">
    <ele>1606.4900000000002</ele>
   </trkpt>
   <trkpt lat="46.82788" lon="11.31446">
    <ele>1606.4900000000002</ele>
   </trkpt>
   <trkpt lat="46.82790000000001" lon="11.314530000000001">
    <ele>1606.4900000000002</ele>
   </trkpt>
   <trkpt lat="46.827940000000005" lon="11.31459">
    <ele>1606.4900000000002</ele>
   </trkpt>
   <trkpt lat="46.828030000000005" lon="11.314570000000002">
    <ele>1606.4900000000002</ele>
   </trkpt>
   <trkpt lat="46.82806" lon="11.314520000000002">
    <ele>1606.4900000000002</ele>
   </trkpt>
   <trkpt lat="46.82804" lon="11.31417">
    <ele>1606.4900000000002</ele>
   </trkpt>
   <trkpt lat="46.828070000000004" lon="11.31404">
    <ele>1606.4900000000002</ele>
   </trkpt>
   <trkpt lat="46.82811" lon="11.313970000000001">
    <ele>1606.4900000000002</ele>
   </trkpt>
   <trkpt lat="46.828390000000006" lon="11.313730000000001">
    <ele>1670.38</ele>
   </trkpt>
   <trkpt lat="46.82846000000001" lon="11.31362">
    <ele>1670.38</ele>
   </trkpt>
   <trkpt lat="46.82858" lon="11.313490000000002">
    <ele>1670.38</ele>
   </trkpt>
   <trkpt lat="46.82911000000001" lon="11.31323">
    <ele>1670.38</ele>
   </trkpt>
   <trkpt lat="46.82920000000001" lon="11.313110000000002">
    <ele>1670.38</ele>
   </trkpt>
   <trkpt lat="46.82925" lon="11.3129">
    <ele>1670.38</ele>
   </trkpt>
   <trkpt lat="46.82931000000001" lon="11.31278">
    <ele>1670.38</ele>
   </trkpt>
   <trkpt lat="46.8295" lon="11.31249">
    <ele>1670.38</ele>
   </trkpt>
   <trkpt lat="46.82965" lon="11.3122">
    <ele>1670.38</ele>
   </trkpt>
   <trkpt lat="46.82974" lon="11.311940000000002">
    <ele>1670.38</ele>
   </trkpt>
   <trkpt lat="46.829750000000004" lon="11.3117">
    <ele>1670.38</ele>
   </trkpt>
   <trkpt lat="46.829730000000005" lon="11.31151">
    <ele>1670.38</ele>
   </trkpt>
   <trkpt lat="46.829660000000004" lon="11.31131">
    <ele>1670.38</ele>
   </trkpt>
   <trkpt lat="46.82965" lon="11.311140000000002">
    <ele>1670.38</ele>
   </trkpt>
   <trkpt lat="46.82967000000001" lon="11.31098">
    <ele>1670.38</ele>
   </trkpt>
   <trkpt lat="46.829750000000004" lon="11.310870000000001">
    <ele>1670.38</ele>
   </trkpt>
   <trkpt lat="46.82981" lon="11.31084">
    <ele>1670.38</ele>
   </trkpt>
   <trkpt lat="46.83005000000001" lon="11.310820000000001">
    <ele>1670.38</ele>
   </trkpt>
   <trkpt lat="46.83016000000001" lon="11.310780000000001">
    <ele>1670.38</ele>
   </trkpt>
   <trkpt lat="46.830220000000004" lon="11.3107">
    <ele>1670.38</ele>
   </trkpt>
   <trkpt lat="46.83026" lon="11.310590000000001">
    <ele>1670.38</ele>
   </trkpt>
   <trkpt lat="46.83037" lon="11.310060000000002">
    <ele>1670.38</ele>
   </trkpt>
   <trkpt lat="46.83046" lon="11.30991">
    <ele>1670.38</ele>
   </trkpt>
   <trkpt lat="46.830650000000006" lon="11.309750000000001">
    <ele>1670.38</ele>
   </trkpt>
   <trkpt lat="46.831030000000005" lon="11.309650000000001">
    <ele>1670.38</ele>
   </trkpt>
   <trkpt lat="46.831140000000005" lon="11.30967">
    <ele>1670.38</ele>
   </trkpt>
   <trkpt lat="46.831410000000005" lon="11.30985">
    <ele>1670.38</ele>
   </trkpt>
   <trkpt lat="46.831520000000005" lon="11.30986">
    <ele>1686.9</ele>
   </trkpt>
   <trkpt lat="46.8316" lon="11.30982">
    <ele>1686.9</ele>
   </trkpt>
   <trkpt lat="46.83166000000001" lon="11.30968">
    <ele>1686.9</ele>
   </trkpt>
   <trkpt lat="46.83166000000001" lon="11.309330000000001">
    <ele>1686.9</ele>
   </trkpt>
   <trkpt lat="46.83169" lon="11.309130000000001">
    <ele>1686.9</ele>
   </trkpt>
   <trkpt lat="46.831720000000004" lon="11.309050000000001">
    <ele>1686.9</ele>
   </trkpt>
   <trkpt lat="46.83205" lon="11.308530000000001">
    <ele>1686.9</ele>
   </trkpt>
   <trkpt lat="46.832080000000005" lon="11.30841">
    <ele>1686.9</ele>
   </trkpt>
   <trkpt lat="46.83213000000001" lon="11.30757">
    <ele>1686.9</ele>
   </trkpt>
   <trkpt lat="46.83232" lon="11.306590000000002">
    <ele>1686.9</ele>
   </trkpt>
   <trkpt lat="46.83232" lon="11.306420000000001">
    <ele>1686.9</ele>
   </trkpt>
   <trkpt lat="46.83225" lon="11.30601">
    <ele>1686.9</ele>
   </trkpt>
   <trkpt lat="46.832260000000005" lon="11.305850000000001">
    <ele>1686.9</ele>
   </trkpt>
   <trkpt lat="46.83232" lon="11.30563">
    <ele>1686.9</ele>
   </trkpt>
   <trkpt lat="46.832390000000004" lon="11.30555">
    <ele>1686.9</ele>
   </trkpt>
   <trkpt lat="46.832510000000006" lon="11.305520000000001">
    <ele>1686.9</ele>
   </trkpt>
   <trkpt lat="46.83276" lon="11.30563">
    <ele>1686.9</ele>
   </trkpt>
   <trkpt lat="46.8329" lon="11.30564">
    <ele>1686.9</ele>
   </trkpt>
   <trkpt lat="46.833200000000005" lon="11.3056">
    <ele>1686.9</ele>
   </trkpt>
   <trkpt lat="46.83326" lon="11.30558">
    <ele>1686.9</ele>
   </trkpt>
   <trkpt lat="46.83332" lon="11.305530000000001">
    <ele>1686.9</ele>
   </trkpt>
   <trkpt lat="46.833380000000005" lon="11.305380000000001">
    <ele>1686.9</ele>
   </trkpt>
   <trkpt lat="46.83346" lon="11.30485">
    <ele>1686.9</ele>
   </trkpt>
   <trkpt lat="46.83352000000001" lon="11.3047">
    <ele>1686.9</ele>
   </trkpt>
   <trkpt lat="46.83366" lon="11.30451">
    <ele>1756.16</ele>
   </trkpt>
   <trkpt lat="46.83368" lon="11.304440000000001">
    <ele>1756.16</ele>
   </trkpt>
   <trkpt lat="46.8337" lon="11.30433">
    <ele>1756.16</ele>
   </trkpt>
   <trkpt lat="46.8337" lon="11.304210000000001">
    <ele>1756.16</ele>
   </trkpt>
   <trkpt lat="46.833600000000004" lon="11.303690000000001">
    <ele>1756.16</ele>
   </trkpt>
   <trkpt lat="46.833580000000005" lon="11.303410000000001">
    <ele>1756.16</ele>
   </trkpt>
   <trkpt lat="46.833510000000004" lon="11.303180000000001">
    <ele>1756.16</ele>
   </trkpt>
   <trkpt lat="46.83337" lon="11.30296">
    <ele>1756.16</ele>
   </trkpt>
   <trkpt lat="46.83335" lon="11.302790000000002">
    <ele>1756.16</ele>
   </trkpt>
   <trkpt lat="46.83337" lon="11.302650000000002">
    <ele>1756.16</ele>
   </trkpt>
   <trkpt lat="46.833450000000006" lon="11.30254">
    <ele>1756.16</ele>
   </trkpt>
   <trkpt lat="46.833510000000004" lon="11.30253">
    <ele>1756.16</ele>
   </trkpt>
   <trkpt lat="46.833560000000006" lon="11.302560000000001">
    <ele>1756.16</ele>
   </trkpt>
   <trkpt lat="46.833600000000004" lon="11.302620000000001">
    <ele>1756.16</ele>
   </trkpt>
   <trkpt lat="46.833670000000005" lon="11.303090000000001">
    <ele>1756.16</ele>
   </trkpt>
   <trkpt lat="46.834070000000004" lon="11.3041">
    <ele>1756.16</ele>
   </trkpt>
   <trkpt lat="46.834230000000005" lon="11.304620000000002">
    <ele>1756.16</ele>
   </trkpt>
   <trkpt lat="46.834360000000004" lon="11.30564">
    <ele>1756.16</ele>
   </trkpt>
   <trkpt lat="46.834340000000005" lon="11.30611">
    <ele>1756.16</ele>
   </trkpt>
   <trkpt lat="46.83428000000001" lon="11.306500000000002">
    <ele>1756.16</ele>
   </trkpt>
   <trkpt lat="46.83424" lon="11.30662">
    <ele>1761.69</ele>
   </trkpt>
   <trkpt lat="46.83418" lon="11.30671">
    <ele>1761.69</ele>
   </trkpt>
   <trkpt lat="46.83409" lon="11.306790000000001">
    <ele>1761.69</ele>
   </trkpt>
   <trkpt lat="46.833960000000005" lon="11.30685">
    <ele>1761.69</ele>
   </trkpt>
   <trkpt lat="46.8337" lon="11.306870000000002">
    <ele>1761.69</ele>
   </trkpt>
   <trkpt lat="46.833650000000006" lon="11.30691">
    <ele>1761.69</ele>
   </trkpt>
   <trkpt lat="46.83357" lon="11.30723">
    <ele>1761.69</ele>
   </trkpt>
   <trkpt lat="46.833580000000005" lon="11.307340000000002">
    <ele>1761.69</ele>
   </trkpt>
   <trkpt lat="46.83363000000001" lon="11.30755">
    <ele>1761.69</ele>
   </trkpt>
   <trkpt lat="46.83382" lon="11.307920000000001">
    <ele>1761.69</ele>
   </trkpt>
   <trkpt lat="46.833870000000005" lon="11.308050000000001">
    <ele>1761.69</ele>
   </trkpt>
   <trkpt lat="46.833890000000004" lon="11.308230000000002">
    <ele>1761.69</ele>
   </trkpt>
   <trkpt lat="46.833870000000005" lon="11.308480000000001">
    <ele>1761.69</ele>
   </trkpt>
   <trkpt lat="46.833740000000006" lon="11.308800000000002">
    <ele>1761.69</ele>
   </trkpt>
   <trkpt lat="46.8337" lon="11.308940000000002">
    <ele>1761.69</ele>
   </trkpt>
   <trkpt lat="46.83368" lon="11.309090000000001">
    <ele>1761.69</ele>
   </trkpt>
   <trkpt lat="46.833670000000005" lon="11.30943">
    <ele>1761.69</ele>
   </trkpt>
   <trkpt lat="46.8337" lon="11.310020000000002">
    <ele>1761.69</ele>
   </trkpt>
   <trkpt lat="46.833820002213024" lon="11.310734998325678">
    <ele>1761.69</ele>
   </trkpt>
   <trkpt lat="46.833940000000005" lon="11.31145">
    <ele>1761.69</ele>
   </trkpt>
   <trkpt lat="46.833940000000005" lon="11.311850000000002">
    <ele>1832.15</ele>
   </trkpt>
   <trkpt lat="46.833870000000005" lon="11.312320000000001">
    <ele>1832.15</ele>
   </trkpt>
   <trkpt lat="46.833850000000005" lon="11.312410000000002">
    <ele>1832.15</ele>
   </trkpt>
   <trkpt lat="46.833800000000004" lon="11.31249">
    <ele>1832.15</ele>
   </trkpt>
   <trkpt lat="46.83371" lon="11.31258">
    <ele>1832.15</ele>
   </trkpt>
   <trkpt lat="46.833580000000005" lon="11.31262">
    <ele>1832.15</ele>
   </trkpt>
   <trkpt lat="46.83339" lon="11.312650000000001">
    <ele>1832.15</ele>
   </trkpt>
   <trkpt lat="46.833220000000004" lon="11.312710000000001">
    <ele>1832.15</ele>
   </trkpt>
   <trkpt lat="46.833090000000006" lon="11.312830000000002">
    <ele>1832.15</ele>
   </trkpt>
   <trkpt lat="46.832980000000006" lon="11.313">
    <ele>1832.15</ele>
   </trkpt>
   <trkpt lat="46.832910000000005" lon="11.31315">
    <ele>1832.15</ele>
   </trkpt>
   <trkpt lat="46.83281" lon="11.31353">
    <ele>1832.15</ele>
   </trkpt>
   <trkpt lat="46.83269000000001" lon="11.31367">
    <ele>1832.15</ele>
   </trkpt>
   <trkpt lat="46.83254" lon="11.3138">
    <ele>1832.15</ele>
   </trkpt>
   <trkpt lat="46.83245" lon="11.313920000000001">
    <ele>1832.15</ele>
   </trkpt>
   <trkpt lat="46.83212" lon="11.314490000000001">
    <ele>1832.15</ele>
   </trkpt>
   <trkpt lat="46.83196" lon="11.314820000000001">
    <ele>1832.15</ele>
   </trkpt>
   <trkpt lat="46.83182" lon="11.31548">
    <ele>1832.15</ele>
   </trkpt>
   <trkpt lat="46.83174" lon="11.315690000000002">
    <ele>1832.15</ele>
   </trkpt>
   <trkpt lat="46.83175000000001" lon="11.31581">
    <ele>1832.15</ele>
   </trkpt>
   <trkpt lat="46.83178" lon="11.31586">
    <ele>1832.15</ele>
   </trkpt>
   <trkpt lat="46.83184000000001" lon="11.315850000000001">
    <ele>1832.15</ele>
   </trkpt>
   <trkpt lat="46.831900000000005" lon="11.315800000000001">
    <ele>1832.15</ele>
   </trkpt>
   <trkpt lat="46.832040000000006" lon="11.315180000000002">
    <ele>1832.15</ele>
   </trkpt>
   <trkpt lat="46.832100000000004" lon="11.315010000000001">
    <ele>1832.15</ele>
   </trkpt>
   <trkpt lat="46.832190000000004" lon="11.31483">
    <ele>1832.15</ele>
   </trkpt>
   <trkpt lat="46.832840000000004" lon="11.31418">
    <ele>1832.15</ele>
   </trkpt>
   <trkpt lat="46.83308" lon="11.313970000000001">
    <ele>1832.15</ele>
   </trkpt>
   <trkpt lat="46.83332" lon="11.313830000000001">
    <ele>1832.15</ele>
   </trkpt>
   <trkpt lat="46.83346" lon="11.313680000000002">
    <ele>1832.15</ele>
   </trkpt>
   <trkpt lat="46.83353" lon="11.313640000000001">
    <ele>1832.15</ele>
   </trkpt>
   <trkpt lat="46.83386" lon="11.313580000000002">
    <ele>1832.15</ele>
   </trkpt>
   <trkpt lat="46.834340000000005" lon="11.313540000000001">
    <ele>1864.7700000000002</ele>
   </trkpt>
   <trkpt lat="46.834810000000004" lon="11.313590000000001">
    <ele>1864.7700000000002</ele>
   </trkpt>
   <trkpt lat="46.834990000000005" lon="11.31357">
    <ele>1864.7700000000002</ele>
   </trkpt>
   <trkpt lat="46.83516" lon="11.31353">
    <ele>1864.7700000000002</ele>
   </trkpt>
   <trkpt lat="46.835620000000006" lon="11.31333">
    <ele>1864.7700000000002</ele>
   </trkpt>
   <trkpt lat="46.83574" lon="11.313170000000001">
    <ele>1864.7700000000002</ele>
   </trkpt>
   <trkpt lat="46.83588" lon="11.31272">
    <ele>1864.7700000000002</ele>
   </trkpt>
   <trkpt lat="46.83623" lon="11.31235">
    <ele>1864.7700000000002</ele>
   </trkpt>
   <trkpt lat="46.83653" lon="11.311850000000002">
    <ele>1864.7700000000002</ele>
   </trkpt>
   <trkpt lat="46.83663000000001" lon="11.311800000000002">
    <ele>1869.11</ele>
   </trkpt>
   <trkpt lat="46.83673" lon="11.311800000000002">
    <ele>1869.15</ele>
   </trkpt>
   <trkpt lat="46.83695" lon="11.31187">
    <ele>1872.24</ele>
   </trkpt>
   <trkpt lat="46.83702" lon="11.31188">
    <ele>1872.24</ele>
   </trkpt>
   <trkpt lat="46.83710000000001" lon="11.311860000000001">
    <ele>1872.24</ele>
   </trkpt>
   <trkpt lat="46.837270000000004" lon="11.31178">
    <ele>1876.7600000000002</ele>
   </trkpt>
   <trkpt lat="46.83742" lon="11.31168">
    <ele>1876.7600000000002</ele>
   </trkpt>
   <trkpt lat="46.83755000000001" lon="11.31154">
    <ele>1876.7600000000002</ele>
   </trkpt>
   <trkpt lat="46.83767" lon="11.311390000000001">
    <ele>1876.7600000000002</ele>
   </trkpt>
   <trkpt lat="46.838" lon="11.31113">
    <ele>1876.7600000000002</ele>
   </trkpt>
   <trkpt lat="46.838100000000004" lon="11.311020000000001">
    <ele>1876.7600000000002</ele>
   </trkpt>
   <trkpt lat="46.838260000000005" lon="11.31079">
    <ele>1905.93</ele>
   </trkpt>
   <trkpt lat="46.83834" lon="11.310590000000001">
    <ele>1905.93</ele>
   </trkpt>
   <trkpt lat="46.838370000000005" lon="11.31047">
    <ele>1905.93</ele>
   </trkpt>
   <trkpt lat="46.83840000197499" lon="11.309795000578752">
    <ele>1905.93</ele>
   </trkpt>
   <trkpt lat="46.83843" lon="11.30912">
    <ele>1905.93</ele>
   </trkpt>
   <trkpt lat="46.83838" lon="11.308430000000001">
    <ele>1905.93</ele>
   </trkpt>
   <trkpt lat="46.83840000000001" lon="11.307970000000001">
    <ele>1905.93</ele>
   </trkpt>
   <trkpt lat="46.83849000000001" lon="11.30694">
    <ele>1905.93</ele>
   </trkpt>
   <trkpt lat="46.838460000000005" lon="11.306320000000001">
    <ele>1905.93</ele>
   </trkpt>
   <trkpt lat="46.838420000000006" lon="11.305890000000002">
    <ele>1905.93</ele>
   </trkpt>
   <trkpt lat="46.838260000000005" lon="11.305190000000001">
    <ele>1962.76</ele>
   </trkpt>
   <trkpt lat="46.838150000000006" lon="11.304570000000002">
    <ele>1962.76</ele>
   </trkpt>
   <trkpt lat="46.83812" lon="11.30371">
    <ele>1962.76</ele>
   </trkpt>
   <trkpt lat="46.838060000000006" lon="11.30316">
    <ele>1962.76</ele>
   </trkpt>
   <trkpt lat="46.837990000000005" lon="11.302750000000001">
    <ele>1962.76</ele>
   </trkpt>
   <trkpt lat="46.83787" lon="11.30227">
    <ele>1962.76</ele>
   </trkpt>
   <trkpt lat="46.83789" lon="11.30206">
    <ele>1962.76</ele>
   </trkpt>
   <trkpt lat="46.83802000000001" lon="11.301670000000001">
    <ele>1962.76</ele>
   </trkpt>
   <trkpt lat="46.838060000000006" lon="11.30147">
    <ele>1962.76</ele>
   </trkpt>
   <trkpt lat="46.838075002888175" lon="11.300655000449826">
    <ele>1962.76</ele>
   </trkpt>
   <trkpt lat="46.83809" lon="11.299840000000001">
    <ele>1977.47</ele>
   </trkpt>
   <trkpt lat="46.83805" lon="11.29936">
    <ele>1977.47</ele>
   </trkpt>
   <trkpt lat="46.838080000000005" lon="11.298950000000001">
    <ele>1977.47</ele>
   </trkpt>
   <trkpt lat="46.83803" lon="11.298620000000001">
    <ele>1977.47</ele>
   </trkpt>
   <trkpt lat="46.83805" lon="11.298520000000002">
    <ele>1977.47</ele>
   </trkpt>
   <trkpt lat="46.838100000000004" lon="11.29851">
    <ele>1977.47</ele>
   </trkpt>
   <trkpt lat="46.83816" lon="11.298520000000002">
    <ele>1977.47</ele>
   </trkpt>
   <trkpt lat="46.8382" lon="11.2986">
    <ele>1977.47</ele>
   </trkpt>
   <trkpt lat="46.838150000000006" lon="11.299320000000002">
    <ele>1977.47</ele>
   </trkpt>
   <trkpt lat="46.83816" lon="11.299510000000001">
    <ele>1977.47</ele>
   </trkpt>
   <trkpt lat="46.83840000000001" lon="11.300510000000001">
    <ele>1977.47</ele>
   </trkpt>
   <trkpt lat="46.838460000000005" lon="11.300920000000001">
    <ele>2002.25</ele>
   </trkpt>
   <trkpt lat="46.83849000000001" lon="11.30146">
    <ele>2002.25</ele>
   </trkpt>
   <trkpt lat="46.83834" lon="11.30202">
    <ele>2002.25</ele>
   </trkpt>
   <trkpt lat="46.83834" lon="11.302380000000001">
    <ele>2002.25</ele>
   </trkpt>
   <trkpt lat="46.838390000000004" lon="11.30259">
    <ele>2002.25</ele>
   </trkpt>
   <trkpt lat="46.83851000000001" lon="11.30288">
    <ele>2002.25</ele>
   </trkpt>
   <trkpt lat="46.83860000000001" lon="11.30316">
    <ele>2002.25</ele>
   </trkpt>
   <trkpt lat="46.83867" lon="11.303450000000002">
    <ele>2002.25</ele>
   </trkpt>
   <trkpt lat="46.83872" lon="11.30358">
    <ele>2002.25</ele>
   </trkpt>
   <trkpt lat="46.83898000000001" lon="11.30408">
    <ele>2002.25</ele>
   </trkpt>
   <trkpt lat="46.83906" lon="11.30433">
    <ele>2002.25</ele>
   </trkpt>
   <trkpt lat="46.83919" lon="11.30555">
    <ele>2002.25</ele>
   </trkpt>
   <trkpt lat="46.839180000000006" lon="11.30605">
    <ele>2025.5200000000002</ele>
   </trkpt>
   <trkpt lat="46.83921" lon="11.306320000000001">
    <ele>2025.5200000000002</ele>
   </trkpt>
   <trkpt lat="46.83928" lon="11.30662">
    <ele>2025.5200000000002</ele>
   </trkpt>
   <trkpt lat="46.83944" lon="11.307170000000001">
    <ele>2025.5200000000002</ele>
   </trkpt>
   <trkpt lat="46.83953" lon="11.30774">
    <ele>2025.5200000000002</ele>
   </trkpt>
   <trkpt lat="46.839620000000004" lon="11.307920000000001">
    <ele>2025.5200000000002</ele>
   </trkpt>
   <trkpt lat="46.8397" lon="11.30803">
    <ele>2025.5200000000002</ele>
   </trkpt>
   <trkpt lat="46.839890000000004" lon="11.30822">
    <ele>2025.5200000000002</ele>
   </trkpt>
   <trkpt lat="46.84011" lon="11.30849">
    <ele>2029.62</ele>
   </trkpt>
   <trkpt lat="46.84024" lon="11.30878">
    <ele>2029.62</ele>
   </trkpt>
   <trkpt lat="46.84028000000001" lon="11.30907">
    <ele>2029.62</ele>
   </trkpt>
   <trkpt lat="46.840320000000006" lon="11.30981">
    <ele>2029.62</ele>
   </trkpt>
   <trkpt lat="46.84042" lon="11.31014">
    <ele>2029.62</ele>
   </trkpt>
   <trkpt lat="46.84044" lon="11.31029">
    <ele>2029.62</ele>
   </trkpt>
   <trkpt lat="46.84044" lon="11.310410000000001">
    <ele>2029.62</ele>
   </trkpt>
   <trkpt lat="46.840410000000006" lon="11.31061">
    <ele>2029.62</ele>
   </trkpt>
   <trkpt lat="46.840340000000005" lon="11.310880000000001">
    <ele>2029.62</ele>
   </trkpt>
   <trkpt lat="46.84026" lon="11.311020000000001">
    <ele>2029.62</ele>
   </trkpt>
   <trkpt lat="46.840180000000004" lon="11.311110000000001">
    <ele>2029.62</ele>
   </trkpt>
   <trkpt lat="46.840120000000006" lon="11.311240000000002">
    <ele>2029.62</ele>
   </trkpt>
   <trkpt lat="46.84008" lon="11.311440000000001">
    <ele>2029.62</ele>
   </trkpt>
   <trkpt lat="46.84" lon="11.31165">
    <ele>2029.62</ele>
   </trkpt>
   <trkpt lat="46.839870000000005" lon="11.3124">
    <ele>2029.62</ele>
   </trkpt>
   <trkpt lat="46.83982" lon="11.31254">
    <ele>2029.62</ele>
   </trkpt>
   <trkpt lat="46.83968" lon="11.312700000000001">
    <ele>2029.62</ele>
   </trkpt>
   <trkpt lat="46.839380000000006" lon="11.313260000000001">
    <ele>2029.62</ele>
   </trkpt>
   <trkpt lat="46.839200000000005" lon="11.313690000000001">
    <ele>2029.62</ele>
   </trkpt>
   <trkpt lat="46.83916000000001" lon="11.313820000000002">
    <ele>2029.62</ele>
   </trkpt>
   <trkpt lat="46.839110000000005" lon="11.314110000000001">
    <ele>2029.62</ele>
   </trkpt>
   <trkpt lat="46.839200000000005" lon="11.31478">
    <ele>2087.69</ele>
   </trkpt>
   <trkpt lat="46.83952000000001" lon="11.31567">
    <ele>2087.69</ele>
   </trkpt>
   <trkpt lat="46.83963000000001" lon="11.31611">
    <ele>2087.69</ele>
   </trkpt>
   <trkpt lat="46.83966" lon="11.316300000000002">
    <ele>2087.69</ele>
   </trkpt>
   <trkpt lat="46.839870000000005" lon="11.31708">
    <ele>2087.69</ele>
   </trkpt>
   <trkpt lat="46.83999000000001" lon="11.318100000000001">
    <ele>2087.69</ele>
   </trkpt>
   <trkpt lat="46.839980000000004" lon="11.31831">
    <ele>2087.69</ele>
   </trkpt>
   <trkpt lat="46.83988" lon="11.31897">
    <ele>2087.69</ele>
   </trkpt>
   <trkpt lat="46.839830000000006" lon="11.31961">
    <ele>2087.69</ele>
   </trkpt>
   <trkpt lat="46.839690000000004" lon="11.32">
    <ele>2087.69</ele>
   </trkpt>
   <trkpt lat="46.83945000000001" lon="11.320820000000001">
    <ele>2092.96</ele>
   </trkpt>
   <trkpt lat="46.83944" lon="11.321010000000001">
    <ele>2092.96</ele>
   </trkpt>
   <trkpt lat="46.8395" lon="11.32126">
    <ele>2094.85</ele>
   </trkpt>
   <trkpt lat="46.839600000000004" lon="11.321470000000001">
    <ele>2094.85</ele>
   </trkpt>
   <trkpt lat="46.839800000000004" lon="11.321790000000002">
    <ele>2087.75</ele>
   </trkpt>
   <trkpt lat="46.839870000000005" lon="11.321990000000001">
    <ele>2087.75</ele>
   </trkpt>
   <trkpt lat="46.83993" lon="11.322420000000001">
    <ele>2087.75</ele>
   </trkpt>
   <trkpt lat="46.839960002646066" lon="11.323199999483464">
    <ele>2065.57</ele>
   </trkpt>
   <trkpt lat="46.83999000000001" lon="11.32398">
    <ele>2065.57</ele>
   </trkpt>
   <trkpt lat="46.840030000000006" lon="11.324140000000002">
    <ele>2065.57</ele>
   </trkpt>
   <trkpt lat="46.84008" lon="11.324230000000002">
    <ele>2065.57</ele>
   </trkpt>
   <trkpt lat="46.840430000000005" lon="11.324570000000001">
    <ele>2051.54</ele>
   </trkpt>
   <trkpt lat="46.84047" lon="11.32465">
    <ele>2051.54</ele>
   </trkpt>
   <trkpt lat="46.84051" lon="11.324810000000001">
    <ele>2051.54</ele>
   </trkpt>
   <trkpt lat="46.84048000000001" lon="11.32507">
    <ele>2051.54</ele>
   </trkpt>
   <trkpt lat="46.84051" lon="11.325190000000001">
    <ele>2051.54</ele>
   </trkpt>
   <trkpt lat="46.8406" lon="11.325230000000001">
    <ele>2051.54</ele>
   </trkpt>
   <trkpt lat="46.840650000000004" lon="11.325190000000001">
    <ele>2051.54</ele>
   </trkpt>
   <trkpt lat="46.840680000000006" lon="11.325140000000001">
    <ele>2051.54</ele>
   </trkpt>
   <trkpt lat="46.84069" lon="11.325030000000002">
    <ele>2051.54</ele>
   </trkpt>
   <trkpt lat="46.8406" lon="11.324230000000002">
    <ele>2051.54</ele>
   </trkpt>
   <trkpt lat="46.840450000000004" lon="11.323690000000001">
    <ele>2051.54</ele>
   </trkpt>
   <trkpt lat="46.84042" lon="11.323350000000001">
    <ele>2051.54</ele>
   </trkpt>
   <trkpt lat="46.84046000000001" lon="11.323120000000001">
    <ele>2051.54</ele>
   </trkpt>
   <trkpt lat="46.840500000000006" lon="11.323010000000002">
    <ele>2029.45</ele>
   </trkpt>
   <trkpt lat="46.84066000000001" lon="11.32277">
    <ele>2029.45</ele>
   </trkpt>
   <trkpt lat="46.84087" lon="11.32262">
    <ele>2029.45</ele>
   </trkpt>
   <trkpt lat="46.84104000000001" lon="11.322470000000001">
    <ele>2029.45</ele>
   </trkpt>
   <trkpt lat="46.84116" lon="11.322260000000002">
    <ele>2029.45</ele>
   </trkpt>
   <trkpt lat="46.841280000000005" lon="11.321790000000002">
    <ele>2029.45</ele>
   </trkpt>
   <trkpt lat="46.841330000000006" lon="11.32168">
    <ele>2029.45</ele>
   </trkpt>
   <trkpt lat="46.841440000000006" lon="11.32155">
    <ele>2029.45</ele>
   </trkpt>
   <trkpt lat="46.84167" lon="11.321370000000002">
    <ele>2029.45</ele>
   </trkpt>
   <trkpt lat="46.84188" lon="11.321090000000002">
    <ele>2024.5300000000004</ele>
   </trkpt>
   <trkpt lat="46.841950000000004" lon="11.321050000000001">
    <ele>2024.5300000000004</ele>
   </trkpt>
   <trkpt lat="46.842000000000006" lon="11.321050000000001">
    <ele>2024.5300000000004</ele>
   </trkpt>
   <trkpt lat="46.84207000000001" lon="11.32112">
    <ele>2024.5300000000004</ele>
   </trkpt>
   <trkpt lat="46.84212" lon="11.321250000000001">
    <ele>2024.5300000000004</ele>
   </trkpt>
   <trkpt lat="46.842150000000004" lon="11.321790000000002">
    <ele>2024.5300000000004</ele>
   </trkpt>
   <trkpt lat="46.84219" lon="11.32216">
    <ele>2012.34</ele>
   </trkpt>
   <trkpt lat="46.842360000000006" lon="11.323020000000001">
    <ele>2012.34</ele>
   </trkpt>
   <trkpt lat="46.84237" lon="11.323480000000002">
    <ele>2012.34</ele>
   </trkpt>
   <trkpt lat="46.842400000000005" lon="11.323780000000001">
    <ele>2012.34</ele>
   </trkpt>
   <trkpt lat="46.84258500170084" lon="11.324414997624839">
    <ele>2012.34</ele>
   </trkpt>
   <trkpt lat="46.84277" lon="11.325050000000001">
    <ele>2012.34</ele>
   </trkpt>
   <trkpt lat="46.84281000000001" lon="11.325230000000001">
    <ele>1978.97</ele>
   </trkpt>
   <trkpt lat="46.842870000000005" lon="11.32582">
    <ele>1978.97</ele>
   </trkpt>
   <trkpt lat="46.84290000000001" lon="11.32595">
    <ele>1978.97</ele>
   </trkpt>
   <trkpt lat="46.842940000000006" lon="11.326080000000001">
    <ele>1978.97</ele>
   </trkpt>
   <trkpt lat="46.84301000000001" lon="11.3262">
    <ele>1978.97</ele>
   </trkpt>
   <trkpt lat="46.843320000000006" lon="11.32661">
    <ele>1978.97</ele>
   </trkpt>
   <trkpt lat="46.84339000000001" lon="11.326730000000001">
    <ele>1978.97</ele>
   </trkpt>
   <trkpt lat="46.84344" lon="11.326860000000002">
    <ele>1978.97</ele>
   </trkpt>
   <trkpt lat="46.84351" lon="11.327390000000001">
    <ele>1978.97</ele>
   </trkpt>
   <trkpt lat="46.84355" lon="11.32745">
    <ele>1978.97</ele>
   </trkpt>
   <trkpt lat="46.84364" lon="11.32742">
    <ele>1978.8200000000002</ele>
   </trkpt>
   <trkpt lat="46.84367" lon="11.327380000000002">
    <ele>1978.8200000000002</ele>
   </trkpt>
   <trkpt lat="46.843680000000006" lon="11.32718">
    <ele>1978.8200000000002</ele>
   </trkpt>
   <trkpt lat="46.843590000000006" lon="11.326720000000002">
    <ele>1978.8200000000002</ele>
   </trkpt>
   <trkpt lat="46.84344" lon="11.326160000000002">
    <ele>1978.8200000000002</ele>
   </trkpt>
   <trkpt lat="46.843450000000004" lon="11.326080000000001">
    <ele>1973.24</ele>
   </trkpt>
   <trkpt lat="46.84349" lon="11.326">
    <ele>1973.24</ele>
   </trkpt>
   <trkpt lat="46.84353" lon="11.325970000000002">
    <ele>1973.24</ele>
   </trkpt>
   <trkpt lat="46.84362" lon="11.325980000000001">
    <ele>1973.24</ele>
   </trkpt>
   <trkpt lat="46.84366000000001" lon="11.326020000000002">
    <ele>1973.24</ele>
   </trkpt>
   <trkpt lat="46.84375000000001" lon="11.32623">
    <ele>1973.24</ele>
   </trkpt>
   <trkpt lat="46.843990000000005" lon="11.326920000000001">
    <ele>1973.24</ele>
   </trkpt>
   <trkpt lat="46.84409" lon="11.327140000000002">
    <ele>1973.24</ele>
   </trkpt>
   <trkpt lat="46.84451000000001" lon="11.32773">
    <ele>1952.9600000000003</ele>
   </trkpt>
   <trkpt lat="46.84463" lon="11.32793">
    <ele>1952.9600000000003</ele>
   </trkpt>
   <trkpt lat="46.84483" lon="11.328460000000002">
    <ele>1952.9600000000003</ele>
   </trkpt>
   <trkpt lat="46.845130000000005" lon="11.32939">
    <ele>1952.9600000000003</ele>
   </trkpt>
   <trkpt lat="46.84519" lon="11.32948">
    <ele>1952.9600000000003</ele>
   </trkpt>
   <trkpt lat="46.8455" lon="11.32976">
    <ele>1952.9600000000003</ele>
   </trkpt>
   <trkpt lat="46.84595" lon="11.33014">
    <ele>1952.9600000000003</ele>
   </trkpt>
   <trkpt lat="46.846210000000006" lon="11.33031">
    <ele>1952.9600000000003</ele>
   </trkpt>
   <trkpt lat="46.84637" lon="11.330480000000001">
    <ele>1952.9600000000003</ele>
   </trkpt>
   <trkpt lat="46.84651" lon="11.33074">
    <ele>1952.9600000000003</ele>
   </trkpt>
   <trkpt lat="46.84682000204967" lon="11.331434995869062">
    <ele>1905.1200000000001</ele>
   </trkpt>
   <trkpt lat="46.84713000000001" lon="11.332130000000001">
    <ele>1905.1200000000001</ele>
   </trkpt>
   <trkpt lat="46.84727" lon="11.332310000000001">
    <ele>1905.1200000000001</ele>
   </trkpt>
   <trkpt lat="46.84743" lon="11.33239">
    <ele>1905.1200000000001</ele>
   </trkpt>
   <trkpt lat="46.847570000000005" lon="11.332400000000002">
    <ele>1905.1200000000001</ele>
   </trkpt>
   <trkpt lat="46.84799" lon="11.33238">
    <ele>1905.1200000000001</ele>
   </trkpt>
   <trkpt lat="46.848240000000004" lon="11.332400000000002">
    <ele>1905.1200000000001</ele>
   </trkpt>
   <trkpt lat="46.84843" lon="11.332460000000001">
    <ele>1905.1200000000001</ele>
   </trkpt>
   <trkpt lat="46.848530000000004" lon="11.33252">
    <ele>1905.1200000000001</ele>
   </trkpt>
   <trkpt lat="46.848620000000004" lon="11.332600000000001">
    <ele>1905.1200000000001</ele>
   </trkpt>
   <trkpt lat="46.84872000000001" lon="11.33281">
    <ele>1905.1200000000001</ele>
   </trkpt>
   <trkpt lat="46.84881" lon="11.333110000000001">
    <ele>1905.1200000000001</ele>
   </trkpt>
   <trkpt lat="46.848870000000005" lon="11.33322">
    <ele>1905.1200000000001</ele>
   </trkpt>
   <trkpt lat="46.849050000000005" lon="11.333390000000001">
    <ele>1905.1200000000001</ele>
   </trkpt>
   <trkpt lat="46.84962" lon="11.33361">
    <ele>1905.1200000000001</ele>
   </trkpt>
   <trkpt lat="46.85006999984239" lon="11.333694999252135">
    <ele>1905.1200000000001</ele>
   </trkpt>
   <trkpt lat="46.85052" lon="11.33378">
    <ele>1905.1200000000001</ele>
   </trkpt>
   <trkpt lat="46.85096" lon="11.33394">
    <ele>1879.1100000000001</ele>
   </trkpt>
   <trkpt lat="46.85117" lon="11.334090000000002">
    <ele>1879.1100000000001</ele>
   </trkpt>
   <trkpt lat="46.851510000000005" lon="11.334460000000002">
    <ele>1879.1100000000001</ele>
   </trkpt>
   <trkpt lat="46.85157" lon="11.33458">
    <ele>1879.1100000000001</ele>
   </trkpt>
   <trkpt lat="46.851600000000005" lon="11.334700000000002">
    <ele>1879.1100000000001</ele>
   </trkpt>
   <trkpt lat="46.85161" lon="11.33482">
    <ele>1879.1100000000001</ele>
   </trkpt>
   <trkpt lat="46.85159" lon="11.335040000000001">
    <ele>1879.1100000000001</ele>
   </trkpt>
   <trkpt lat="46.851440000000004" lon="11.33538">
    <ele>1879.1100000000001</ele>
   </trkpt>
   <trkpt lat="46.851400000000005" lon="11.33553">
    <ele>1879.1100000000001</ele>
   </trkpt>
   <trkpt lat="46.85145000000001" lon="11.336120000000001">
    <ele>1879.1100000000001</ele>
   </trkpt>
   <trkpt lat="46.85155" lon="11.33693">
    <ele>1879.1100000000001</ele>
   </trkpt>
   <trkpt lat="46.85166" lon="11.337280000000002">
    <ele>1879.1100000000001</ele>
   </trkpt>
   <trkpt lat="46.852030000000006" lon="11.33815">
    <ele>1879.1100000000001</ele>
   </trkpt>
   <trkpt lat="46.852270000000004" lon="11.338890000000001">
    <ele>1879.1100000000001</ele>
   </trkpt>
   <trkpt lat="46.852360000000004" lon="11.339110000000002">
    <ele>1879.1100000000001</ele>
   </trkpt>
   <trkpt lat="46.85246" lon="11.339300000000001">
    <ele>1879.1100000000001</ele>
   </trkpt>
   <trkpt lat="46.85293" lon="11.340010000000001">
    <ele>1879.1100000000001</ele>
   </trkpt>
   <trkpt lat="46.853280000000005" lon="11.3405">
    <ele>1817.47</ele>
   </trkpt>
   <trkpt lat="46.853570000000005" lon="11.34079">
    <ele>1817.47</ele>
   </trkpt>
   <trkpt lat="46.85412" lon="11.341280000000001">
    <ele>1817.47</ele>
   </trkpt>
   <trkpt lat="46.854400000000005" lon="11.341470000000001">
    <ele>1817.47</ele>
   </trkpt>
   <trkpt lat="46.85484" lon="11.34167">
    <ele>1817.47</ele>
   </trkpt>
   <trkpt lat="46.85510000000001" lon="11.34177">
    <ele>1817.47</ele>
   </trkpt>
   <trkpt lat="46.855270000000004" lon="11.34181">
    <ele>1817.47</ele>
   </trkpt>
   <trkpt lat="46.855450000000005" lon="11.34181">
    <ele>1817.47</ele>
   </trkpt>
   <trkpt lat="46.855850000000004" lon="11.34168">
    <ele>1817.47</ele>
   </trkpt>
   <trkpt lat="46.85593" lon="11.34168">
    <ele>1817.47</ele>
   </trkpt>
   <trkpt lat="46.85606000000001" lon="11.34177">
    <ele>1817.47</ele>
   </trkpt>
   <trkpt lat="46.85616" lon="11.341930000000001">
    <ele>1817.47</ele>
   </trkpt>
   <trkpt lat="46.856230000000004" lon="11.3422">
    <ele>1817.47</ele>
   </trkpt>
   <trkpt lat="46.85625" lon="11.342390000000002">
    <ele>1817.47</ele>
   </trkpt>
   <trkpt lat="46.85624000000001" lon="11.342680000000001">
    <ele>1817.47</ele>
   </trkpt>
   <trkpt lat="46.85629" lon="11.34318">
    <ele>1817.47</ele>
   </trkpt>
   <trkpt lat="46.85647" lon="11.34439">
    <ele>1808.45</ele>
   </trkpt>
   <trkpt lat="46.85652" lon="11.34463">
    <ele>1808.45</ele>
   </trkpt>
   <trkpt lat="46.85684500238806" lon="11.345369995529655">
    <ele>1808.45</ele>
   </trkpt>
   <trkpt lat="46.85717" lon="11.346110000000001">
    <ele>1808.45</ele>
   </trkpt>
   <trkpt lat="46.8573" lon="11.3466">
    <ele>1808.45</ele>
   </trkpt>
   <trkpt lat="46.857420002596164" lon="11.34736999837285">
    <ele>1783.92</ele>
   </trkpt>
   <trkpt lat="46.85754000000001" lon="11.34814">
    <ele>1783.92</ele>
   </trkpt>
   <trkpt lat="46.85761" lon="11.348310000000001">
    <ele>1783.92</ele>
   </trkpt>
   <trkpt lat="46.85792500155588" lon="11.348914996378117">
    <ele>1783.92</ele>
   </trkpt>
   <trkpt lat="46.85824" lon="11.34952">
    <ele>1783.92</ele>
   </trkpt>
   <trkpt lat="46.858290000000004" lon="11.34966">
    <ele>1783.92</ele>
   </trkpt>
   <trkpt lat="46.858360000000005" lon="11.35003">
    <ele>1783.92</ele>
   </trkpt>
   <trkpt lat="46.8584" lon="11.350140000000001">
    <ele>1783.92</ele>
   </trkpt>
   <trkpt lat="46.85871" lon="11.350520000000001">
    <ele>1783.92</ele>
   </trkpt>
   <trkpt lat="46.858990000000006" lon="11.3513">
    <ele>1783.92</ele>
   </trkpt>
   <trkpt lat="46.85907" lon="11.352150000000002">
    <ele>1783.92</ele>
   </trkpt>
   <trkpt lat="46.85918000344251" lon="11.353034998446251">
    <ele>1783.92</ele>
   </trkpt>
   <trkpt lat="46.85929" lon="11.35392">
    <ele>1783.92</ele>
   </trkpt>
   <trkpt lat="46.859440000000006" lon="11.35439">
    <ele>1783.92</ele>
   </trkpt>
   <trkpt lat="46.859460000000006" lon="11.35454">
    <ele>1783.92</ele>
   </trkpt>
   <trkpt lat="46.85945" lon="11.354780000000002">
    <ele>1721.38</ele>
   </trkpt>
   <trkpt lat="46.859460000000006" lon="11.35495">
    <ele>1721.38</ele>
   </trkpt>
   <trkpt lat="46.85954" lon="11.355390000000002">
    <ele>1721.38</ele>
   </trkpt>
   <trkpt lat="46.85951000000001" lon="11.356050000000002">
    <ele>1721.38</ele>
   </trkpt>
   <trkpt lat="46.85953000000001" lon="11.356190000000002">
    <ele>1721.38</ele>
   </trkpt>
   <trkpt lat="46.859750000000005" lon="11.35678">
    <ele>1721.38</ele>
   </trkpt>
   <trkpt lat="46.85992000254659" lon="11.357549997403604">
    <ele>1721.38</ele>
   </trkpt>
   <trkpt lat="46.86009000000001" lon="11.35832">
    <ele>1721.38</ele>
   </trkpt>
   <trkpt lat="46.860130000000005" lon="11.358450000000001">
    <ele>1721.38</ele>
   </trkpt>
   <trkpt lat="46.86019" lon="11.358600000000001">
    <ele>1721.38</ele>
   </trkpt>
   <trkpt lat="46.860440000000004" lon="11.359010000000001">
    <ele>1721.38</ele>
   </trkpt>
   <trkpt lat="46.860530000000004" lon="11.359190000000002">
    <ele>1721.38</ele>
   </trkpt>
   <trkpt lat="46.86056000000001" lon="11.35946">
    <ele>1721.38</ele>
   </trkpt>
   <trkpt lat="46.86052" lon="11.359670000000001">
    <ele>1721.38</ele>
   </trkpt>
   <trkpt lat="46.86043" lon="11.35993">
    <ele>1721.38</ele>
   </trkpt>
   <trkpt lat="46.860330000000005" lon="11.36012">
    <ele>1721.38</ele>
   </trkpt>
   <trkpt lat="46.86025" lon="11.360220000000002">
    <ele>1721.38</ele>
   </trkpt>
   <trkpt lat="46.860060000000004" lon="11.36035">
    <ele>1721.38</ele>
   </trkpt>
   <trkpt lat="46.860020000000006" lon="11.360420000000001">
    <ele>1721.38</ele>
   </trkpt>
   <trkpt lat="46.86001" lon="11.36048">
    <ele>1721.38</ele>
   </trkpt>
   <trkpt lat="46.860020000000006" lon="11.360550000000002">
    <ele>1721.38</ele>
   </trkpt>
   <trkpt lat="46.86005" lon="11.36059">
    <ele>1721.38</ele>
   </trkpt>
   <trkpt lat="46.860150000000004" lon="11.36059">
    <ele>1721.38</ele>
   </trkpt>
   <trkpt lat="46.8603" lon="11.3604">
    <ele>1721.38</ele>
   </trkpt>
   <trkpt lat="46.8609" lon="11.359990000000002">
    <ele>1694.65</ele>
   </trkpt>
   <trkpt lat="46.86097" lon="11.359910000000001">
    <ele>1694.65</ele>
   </trkpt>
   <trkpt lat="46.86106" lon="11.3597">
    <ele>1694.65</ele>
   </trkpt>
   <trkpt lat="46.8611" lon="11.359470000000002">
    <ele>1694.65</ele>
   </trkpt>
   <trkpt lat="46.8611" lon="11.359240000000002">
    <ele>1694.65</ele>
   </trkpt>
   <trkpt lat="46.860980000000005" lon="11.358820000000001">
    <ele>1694.65</ele>
   </trkpt>
   <trkpt lat="46.86092000000001" lon="11.3582">
    <ele>1694.65</ele>
   </trkpt>
   <trkpt lat="46.86081" lon="11.357800000000001">
    <ele>1694.65</ele>
   </trkpt>
   <trkpt lat="46.860760000000006" lon="11.356760000000001">
    <ele>1655.0</ele>
   </trkpt>
   <trkpt lat="46.860915003993505" lon="11.355800002890827">
    <ele>1655.0</ele>
   </trkpt>
   <trkpt lat="46.861070000000005" lon="11.354840000000001">
    <ele>1655.0</ele>
   </trkpt>
   <trkpt lat="46.86113" lon="11.353950000000001">
    <ele>1655.0</ele>
   </trkpt>
   <trkpt lat="46.86112000000001" lon="11.35363">
    <ele>1655.0</ele>
   </trkpt>
   <trkpt lat="46.861050000000006" lon="11.35285">
    <ele>1655.0</ele>
   </trkpt>
   <trkpt lat="46.86106" lon="11.35256">
    <ele>1655.0</ele>
   </trkpt>
   <trkpt lat="46.861110000000004" lon="11.352250000000002">
    <ele>1655.0</ele>
   </trkpt>
   <trkpt lat="46.86117" lon="11.352030000000001">
    <ele>1655.0</ele>
   </trkpt>
   <trkpt lat="46.86153" lon="11.35116">
    <ele>1655.0</ele>
   </trkpt>
   <trkpt lat="46.86159000000001" lon="11.350980000000002">
    <ele>1655.0</ele>
   </trkpt>
   <trkpt lat="46.861610000000006" lon="11.350670000000001">
    <ele>1655.0</ele>
   </trkpt>
   <trkpt lat="46.86159000000001" lon="11.35055">
    <ele>1655.0</ele>
   </trkpt>
   <trkpt lat="46.86151" lon="11.35039">
    <ele>1655.0</ele>
   </trkpt>
   <trkpt lat="46.86150000000001" lon="11.3503">
    <ele>1655.0</ele>
   </trkpt>
   <trkpt lat="46.861560000000004" lon="11.35016">
    <ele>1655.0</ele>
   </trkpt>
   <trkpt lat="46.861610000000006" lon="11.350140000000001">
    <ele>1655.0</ele>
   </trkpt>
   <trkpt lat="46.86166" lon="11.35017">
    <ele>1655.0</ele>
   </trkpt>
   <trkpt lat="46.861700000000006" lon="11.350240000000001">
    <ele>1655.0</ele>
   </trkpt>
   <trkpt lat="46.861760000000004" lon="11.351">
    <ele>1655.0</ele>
   </trkpt>
   <trkpt lat="46.861680003510074" lon="11.351900001529678">
    <ele>1612.92</ele>
   </trkpt>
   <trkpt lat="46.8616" lon="11.3528">
    <ele>1612.92</ele>
   </trkpt>
   <trkpt lat="46.8616" lon="11.352910000000001">
    <ele>1612.92</ele>
   </trkpt>
   <trkpt lat="46.861670000000004" lon="11.353190000000001">
    <ele>1612.92</ele>
   </trkpt>
   <trkpt lat="46.86211" lon="11.35391">
    <ele>1612.92</ele>
   </trkpt>
   <trkpt lat="46.86229" lon="11.3541">
    <ele>1612.92</ele>
   </trkpt>
   <trkpt lat="46.86244000000001" lon="11.35416">
    <ele>1612.92</ele>
   </trkpt>
   <trkpt lat="46.86267" lon="11.354190000000001">
    <ele>1612.92</ele>
   </trkpt>
   <trkpt lat="46.86276" lon="11.354260000000002">
    <ele>1612.92</ele>
   </trkpt>
   <trkpt lat="46.86283" lon="11.354360000000002">
    <ele>1612.92</ele>
   </trkpt>
   <trkpt lat="46.86296" lon="11.35471">
    <ele>1612.92</ele>
   </trkpt>
   <trkpt lat="46.86321" lon="11.35574">
    <ele>1605.0000000000002</ele>
   </trkpt>
   <trkpt lat="46.86336000000001" lon="11.35593">
    <ele>1605.0000000000002</ele>
   </trkpt>
   <trkpt lat="46.86352" lon="11.35618">
    <ele>1605.0000000000002</ele>
   </trkpt>
   <trkpt lat="46.86361" lon="11.3564">
    <ele>1605.0000000000002</ele>
   </trkpt>
   <trkpt lat="46.86377" lon="11.357140000000001">
    <ele>1584.54</ele>
   </trkpt>
   <trkpt lat="46.86381" lon="11.357560000000001">
    <ele>1584.54</ele>
   </trkpt>
   <trkpt lat="46.86375" lon="11.35884">
    <ele>1586.3500000000001</ele>
   </trkpt>
   <trkpt lat="46.863670000000006" lon="11.3594">
    <ele>1586.3500000000001</ele>
   </trkpt>
   <trkpt lat="46.863670000000006" lon="11.35965">
    <ele>1586.3500000000001</ele>
   </trkpt>
   <trkpt lat="46.863780000000006" lon="11.360050000000001">
    <ele>1586.3500000000001</ele>
   </trkpt>
   <trkpt lat="46.864070000000005" lon="11.360750000000001">
    <ele>1586.3500000000001</ele>
   </trkpt>
   <trkpt lat="46.86412000000001" lon="11.360940000000001">
    <ele>1586.3500000000001</ele>
   </trkpt>
   <trkpt lat="46.8641" lon="11.361080000000001">
    <ele>1565.71</ele>
   </trkpt>
   <trkpt lat="46.864070000000005" lon="11.361130000000001">
    <ele>1565.71</ele>
   </trkpt>
   <trkpt lat="46.86384" lon="11.361320000000001">
    <ele>1565.71</ele>
   </trkpt>
   <trkpt lat="46.86375" lon="11.36162">
    <ele>1565.71</ele>
   </trkpt>
   <trkpt lat="46.86377" lon="11.361820000000002">
    <ele>1565.71</ele>
   </trkpt>
   <trkpt lat="46.863890000000005" lon="11.362150000000002">
    <ele>1565.71</ele>
   </trkpt>
   <trkpt lat="46.86393" lon="11.362380000000002">
    <ele>1565.71</ele>
   </trkpt>
   <trkpt lat="46.863960000000006" lon="11.362430000000002">
    <ele>1565.71</ele>
   </trkpt>
   <trkpt lat="46.86401" lon="11.36246">
    <ele>1565.71</ele>
   </trkpt>
   <trkpt lat="46.86406" lon="11.36245">
    <ele>1565.71</ele>
   </trkpt>
   <trkpt lat="46.86412000000001" lon="11.36236">
    <ele>1565.71</ele>
   </trkpt>
   <trkpt lat="46.864110000000004" lon="11.36228">
    <ele>1565.71</ele>
   </trkpt>
   <trkpt lat="46.864000000000004" lon="11.362020000000001">
    <ele>1565.71</ele>
   </trkpt>
   <trkpt lat="46.863980000000005" lon="11.361930000000001">
    <ele>1565.71</ele>
   </trkpt>
   <trkpt lat="46.864020000000004" lon="11.361680000000002">
    <ele>1565.71</ele>
   </trkpt>
   <trkpt lat="46.8641" lon="11.361580000000002">
    <ele>1562.16</ele>
   </trkpt>
   <trkpt lat="46.86435" lon="11.36143">
    <ele>1562.16</ele>
   </trkpt>
   <trkpt lat="46.864470000000004" lon="11.361310000000001">
    <ele>1562.16</ele>
   </trkpt>
   <trkpt lat="46.86453" lon="11.361210000000002">
    <ele>1562.16</ele>
   </trkpt>
   <trkpt lat="46.864610000000006" lon="11.36081">
    <ele>1562.16</ele>
   </trkpt>
   <trkpt lat="46.864760000000004" lon="11.359850000000002">
    <ele>1558.17</ele>
   </trkpt>
   <trkpt lat="46.86486000000001" lon="11.359660000000002">
    <ele>1558.17</ele>
   </trkpt>
   <trkpt lat="46.86495" lon="11.359470000000002">
    <ele>1558.17</ele>
   </trkpt>
   <trkpt lat="46.865" lon="11.359290000000001">
    <ele>1558.17</ele>
   </trkpt>
   <trkpt lat="46.86511" lon="11.358210000000001">
    <ele>1558.17</ele>
   </trkpt>
   <trkpt lat="46.86534" lon="11.35707">
    <ele>1558.17</ele>
   </trkpt>
   <trkpt lat="46.86536" lon="11.356860000000001">
    <ele>1558.17</ele>
   </trkpt>
   <trkpt lat="46.86536" lon="11.356470000000002">
    <ele>1509.71</ele>
   </trkpt>
   <trkpt lat="46.865320000000004" lon="11.356090000000002">
    <ele>1509.71</ele>
   </trkpt>
   <trkpt lat="46.865210000000005" lon="11.355770000000001">
    <ele>1509.71</ele>
   </trkpt>
   <trkpt lat="46.8652" lon="11.355630000000001">
    <ele>1509.71</ele>
   </trkpt>
   <trkpt lat="46.86525" lon="11.35518">
    <ele>1509.71</ele>
   </trkpt>
   <trkpt lat="46.86525" lon="11.355060000000002">
    <ele>1509.71</ele>
   </trkpt>
   <trkpt lat="46.86518" lon="11.35477">
    <ele>1509.71</ele>
   </trkpt>
   <trkpt lat="46.865210000000005" lon="11.35468">
    <ele>1509.71</ele>
   </trkpt>
   <trkpt lat="46.865260000000006" lon="11.354640000000002">
    <ele>1509.71</ele>
   </trkpt>
   <trkpt lat="46.865320000000004" lon="11.354640000000002">
    <ele>1509.71</ele>
   </trkpt>
   <trkpt lat="46.865460000000006" lon="11.354800000000001">
    <ele>1509.71</ele>
   </trkpt>
   <trkpt lat="46.86565" lon="11.354890000000001">
    <ele>1509.71</ele>
   </trkpt>
   <trkpt lat="46.86614" lon="11.35495">
    <ele>1509.71</ele>
   </trkpt>
   <trkpt lat="46.866240000000005" lon="11.355020000000001">
    <ele>1509.71</ele>
   </trkpt>
   <trkpt lat="46.866330000000005" lon="11.35518">
    <ele>1509.71</ele>
   </trkpt>
   <trkpt lat="46.86638000000001" lon="11.355360000000001">
    <ele>1509.71</ele>
   </trkpt>
   <trkpt lat="46.866510000000005" lon="11.356140000000002">
    <ele>1509.71</ele>
   </trkpt>
   <trkpt lat="46.86665000000001" lon="11.35655">
    <ele>1509.71</ele>
   </trkpt>
   <trkpt lat="46.866760000000006" lon="11.357090000000001">
    <ele>1509.71</ele>
   </trkpt>
   <trkpt lat="46.86688" lon="11.3573">
    <ele>1509.71</ele>
   </trkpt>
   <trkpt lat="46.86708" lon="11.35754">
    <ele>1509.71</ele>
   </trkpt>
   <trkpt lat="46.86732000000001" lon="11.35805">
    <ele>1509.71</ele>
   </trkpt>
   <trkpt lat="46.86737" lon="11.358210000000001">
    <ele>1509.71</ele>
   </trkpt>
   <trkpt lat="46.86748" lon="11.358730000000001">
    <ele>1509.71</ele>
   </trkpt>
   <trkpt lat="46.86750000000001" lon="11.359000000000002">
    <ele>1452.92</ele>
   </trkpt>
   <trkpt lat="46.867470000000004" lon="11.359100000000002">
    <ele>1452.92</ele>
   </trkpt>
   <trkpt lat="46.867430000000006" lon="11.359200000000001">
    <ele>1452.92</ele>
   </trkpt>
   <trkpt lat="46.867200000000004" lon="11.359430000000001">
    <ele>1452.92</ele>
   </trkpt>
   <trkpt lat="46.867140000000006" lon="11.359520000000002">
    <ele>1452.92</ele>
   </trkpt>
   <trkpt lat="46.86708" lon="11.3597">
    <ele>1452.92</ele>
   </trkpt>
   <trkpt lat="46.867050000000006" lon="11.360050000000001">
    <ele>1452.92</ele>
   </trkpt>
   <trkpt lat="46.867000000000004" lon="11.36025">
    <ele>1452.92</ele>
   </trkpt>
   <trkpt lat="46.867000000000004" lon="11.360470000000001">
    <ele>1452.92</ele>
   </trkpt>
   <trkpt lat="46.86703000000001" lon="11.360550000000002">
    <ele>1452.92</ele>
   </trkpt>
   <trkpt lat="46.867270000000005" lon="11.36082">
    <ele>1452.92</ele>
   </trkpt>
   <trkpt lat="46.86731" lon="11.36095">
    <ele>1452.92</ele>
   </trkpt>
   <trkpt lat="46.86728" lon="11.361120000000001">
    <ele>1452.92</ele>
   </trkpt>
   <trkpt lat="46.86721000000001" lon="11.361350000000002">
    <ele>1452.92</ele>
   </trkpt>
   <trkpt lat="46.867200000000004" lon="11.361450000000001">
    <ele>1452.92</ele>
   </trkpt>
   <trkpt lat="46.86721000000001" lon="11.361500000000001">
    <ele>1452.92</ele>
   </trkpt>
   <trkpt lat="46.86724" lon="11.361580000000002">
    <ele>1452.92</ele>
   </trkpt>
   <trkpt lat="46.867290000000004" lon="11.361650000000001">
    <ele>1452.92</ele>
   </trkpt>
   <trkpt lat="46.86742" lon="11.36176">
    <ele>1452.92</ele>
   </trkpt>
   <trkpt lat="46.8676" lon="11.36184">
    <ele>1452.92</ele>
   </trkpt>
   <trkpt lat="46.86777000000001" lon="11.361880000000001">
    <ele>1452.92</ele>
   </trkpt>
   <trkpt lat="46.86816" lon="11.361910000000002">
    <ele>1446.7</ele>
   </trkpt>
   <trkpt lat="46.86824000000001" lon="11.361960000000002">
    <ele>1446.68</ele>
   </trkpt>
   <trkpt lat="46.868300000000005" lon="11.36212">
    <ele>1446.68</ele>
   </trkpt>
   <trkpt lat="46.868280000000006" lon="11.362340000000001">
    <ele>1446.68</ele>
   </trkpt>
   <trkpt lat="46.867940000000004" lon="11.362950000000001">
    <ele>1447.71</ele>
   </trkpt>
   <trkpt lat="46.86787" lon="11.363180000000002">
    <ele>1447.71</ele>
   </trkpt>
   <trkpt lat="46.86788000000001" lon="11.36383">
    <ele>1443.23</ele>
   </trkpt>
   <trkpt lat="46.867940000000004" lon="11.3642">
    <ele>1434.89</ele>
   </trkpt>
   <trkpt lat="46.867940000000004" lon="11.364460000000001">
    <ele>1434.89</ele>
   </trkpt>
   <trkpt lat="46.86793" lon="11.36476">
    <ele>1434.89</ele>
   </trkpt>
   <trkpt lat="46.86789" lon="11.365060000000001">
    <ele>1434.89</ele>
   </trkpt>
   <trkpt lat="46.86775" lon="11.365810000000002">
    <ele>1434.5700000000002</ele>
   </trkpt>
   <trkpt lat="46.867760000000004" lon="11.366060000000001">
    <ele>1434.5700000000002</ele>
   </trkpt>
   <trkpt lat="46.867850000000004" lon="11.366290000000001">
    <ele>1434.56</ele>
   </trkpt>
   <trkpt lat="46.86791" lon="11.366380000000001">
    <ele>1434.56</ele>
   </trkpt>
   <trkpt lat="46.86804" lon="11.3665">
    <ele>1434.56</ele>
   </trkpt>
   <trkpt lat="46.868490000434846" lon="11.366844997043687">
    <ele>1423.3</ele>
   </trkpt>
   <trkpt lat="46.86894" lon="11.36719">
    <ele>1423.3</ele>
   </trkpt>
   <trkpt lat="46.869080000000004" lon="11.367320000000001">
    <ele>1423.3</ele>
   </trkpt>
   <trkpt lat="46.86976000000001" lon="11.368170000000001">
    <ele>1420.2700000000002</ele>
   </trkpt>
   <trkpt lat="46.87013" lon="11.368590000000001">
    <ele>1420.2700000000002</ele>
   </trkpt>
   <trkpt lat="46.870250000000006" lon="11.368770000000001">
    <ele>1420.2700000000002</ele>
   </trkpt>
   <trkpt lat="46.87033" lon="11.36898">
    <ele>1420.2700000000002</ele>
   </trkpt>
   <trkpt lat="46.870400000000004" lon="11.369420000000002">
    <ele>1420.2700000000002</ele>
   </trkpt>
   <trkpt lat="46.87044" lon="11.369510000000002">
    <ele>1420.2700000000002</ele>
   </trkpt>
   <trkpt lat="46.8708" lon="11.369940000000001">
    <ele>1420.2700000000002</ele>
   </trkpt>
   <trkpt lat="46.871010000000005" lon="11.37029">
    <ele>1420.2700000000002</ele>
   </trkpt>
   <trkpt lat="46.87111" lon="11.370610000000001">
    <ele>1388.6200000000001</ele>
   </trkpt>
   <trkpt lat="46.871140000000004" lon="11.370800000000001">
    <ele>1388.6200000000001</ele>
   </trkpt>
   <trkpt lat="46.87115000000001" lon="11.37129">
    <ele>1388.6200000000001</ele>
   </trkpt>
   <trkpt lat="46.87125" lon="11.37179">
    <ele>1388.6200000000001</ele>
   </trkpt>
   <trkpt lat="46.87126000000001" lon="11.37199">
    <ele>1388.6200000000001</ele>
   </trkpt>
   <trkpt lat="46.87124000000001" lon="11.37231">
    <ele>1388.6200000000001</ele>
   </trkpt>
   <trkpt lat="46.87116" lon="11.372800000000002">
    <ele>1388.6200000000001</ele>
   </trkpt>
   <trkpt lat="46.871100000000006" lon="11.373040000000001">
    <ele>1388.6200000000001</ele>
   </trkpt>
   <trkpt lat="46.87086" lon="11.373520000000001">
    <ele>1388.6200000000001</ele>
   </trkpt>
   <trkpt lat="46.87077000000001" lon="11.373800000000001">
    <ele>1388.6200000000001</ele>
   </trkpt>
   <trkpt lat="46.870670000000004" lon="11.374410000000001">
    <ele>1388.6200000000001</ele>
   </trkpt>
   <trkpt lat="46.87044" lon="11.375240000000002">
    <ele>1388.6200000000001</ele>
   </trkpt>
   <trkpt lat="46.870430000000006" lon="11.37579">
    <ele>1388.6200000000001</ele>
   </trkpt>
   <trkpt lat="46.870470000000005" lon="11.37602">
    <ele>1388.6200000000001</ele>
   </trkpt>
   <trkpt lat="46.87053" lon="11.37612">
    <ele>1388.6200000000001</ele>
   </trkpt>
   <trkpt lat="46.8706" lon="11.376190000000001">
    <ele>1388.6200000000001</ele>
   </trkpt>
   <trkpt lat="46.87071" lon="11.376240000000001">
    <ele>1388.6200000000001</ele>
   </trkpt>
   <trkpt lat="46.871100000000006" lon="11.37635">
    <ele>1333.77</ele>
   </trkpt>
   <trkpt lat="46.87136" lon="11.3763">
    <ele>1333.77</ele>
   </trkpt>
   <trkpt lat="46.87174" lon="11.376090000000001">
    <ele>1333.77</ele>
   </trkpt>
   <trkpt lat="46.871860000000005" lon="11.376040000000001">
    <ele>1333.77</ele>
   </trkpt>
   <trkpt lat="46.871970000000005" lon="11.376050000000001">
    <ele>1333.77</ele>
   </trkpt>
   <trkpt lat="46.87207" lon="11.37611">
    <ele>1333.77</ele>
   </trkpt>
   <trkpt lat="46.87214" lon="11.376180000000002">
    <ele>1333.77</ele>
   </trkpt>
   <trkpt lat="46.87220000000001" lon="11.376280000000001">
    <ele>1333.77</ele>
   </trkpt>
   <trkpt lat="46.87228" lon="11.37664">
    <ele>1333.77</ele>
   </trkpt>
   <trkpt lat="46.8723850030363" lon="11.377474998370893">
    <ele>1333.77</ele>
   </trkpt>
   <trkpt lat="46.872490000000006" lon="11.37831">
    <ele>1333.77</ele>
   </trkpt>
   <trkpt lat="46.87257" lon="11.379290000000001">
    <ele>1333.77</ele>
   </trkpt>
   <trkpt lat="46.87265000000001" lon="11.37958">
    <ele>1333.77</ele>
   </trkpt>
   <trkpt lat="46.87266" lon="11.37977">
    <ele>1333.77</ele>
   </trkpt>
   <trkpt lat="46.872640000000004" lon="11.37986">
    <ele>1333.77</ele>
   </trkpt>
   <trkpt lat="46.87259" lon="11.37996">
    <ele>1333.77</ele>
   </trkpt>
   <trkpt lat="46.87234" lon="11.3802">
    <ele>1333.77</ele>
   </trkpt>
   <trkpt lat="46.872260000000004" lon="11.3803">
    <ele>1333.77</ele>
   </trkpt>
   <trkpt lat="46.872240000000005" lon="11.38039">
    <ele>1310.96</ele>
   </trkpt>
   <trkpt lat="46.872240000000005" lon="11.380590000000002">
    <ele>1310.96</ele>
   </trkpt>
   <trkpt lat="46.87227" lon="11.38067">
    <ele>1310.96</ele>
   </trkpt>
   <trkpt lat="46.87236" lon="11.38081">
    <ele>1310.96</ele>
   </trkpt>
   <trkpt lat="46.87254" lon="11.38099">
    <ele>1310.96</ele>
   </trkpt>
   <trkpt lat="46.87263" lon="11.381120000000001">
    <ele>1310.96</ele>
   </trkpt>
   <trkpt lat="46.87281" lon="11.3817">
    <ele>1310.96</ele>
   </trkpt>
   <trkpt lat="46.873270000000005" lon="11.382240000000001">
    <ele>1310.96</ele>
   </trkpt>
   <trkpt lat="46.873430000000006" lon="11.382480000000001">
    <ele>1310.96</ele>
   </trkpt>
   <trkpt lat="46.87355" lon="11.38269">
    <ele>1310.96</ele>
   </trkpt>
   <trkpt lat="46.87364" lon="11.382930000000002">
    <ele>1310.96</ele>
   </trkpt>
   <trkpt lat="46.87371" lon="11.38321">
    <ele>1310.96</ele>
   </trkpt>
   <trkpt lat="46.873740000000005" lon="11.38344">
    <ele>1293.23</ele>
   </trkpt>
   <trkpt lat="46.873760000000004" lon="11.384160000000001">
    <ele>1293.23</ele>
   </trkpt>
   <trkpt lat="46.87375" lon="11.38452">
    <ele>1293.23</ele>
   </trkpt>
   <trkpt lat="46.87364" lon="11.38535">
    <ele>1293.23</ele>
   </trkpt>
   <trkpt lat="46.87364" lon="11.385810000000001">
    <ele>1293.23</ele>
   </trkpt>
   <trkpt lat="46.87362" lon="11.38596">
    <ele>1293.23</ele>
   </trkpt>
   <trkpt lat="46.873540000000006" lon="11.3862">
    <ele>1293.23</ele>
   </trkpt>
   <trkpt lat="46.87353" lon="11.386310000000002">
    <ele>1293.23</ele>
   </trkpt>
   <trkpt lat="46.87355" lon="11.386410000000001">
    <ele>1293.23</ele>
   </trkpt>
   <trkpt lat="46.873760000000004" lon="11.386800000000001">
    <ele>1293.23</ele>
   </trkpt>
   <trkpt lat="46.87382" lon="11.387">
    <ele>1293.23</ele>
   </trkpt>
   <trkpt lat="46.87386" lon="11.387200000000002">
    <ele>1293.23</ele>
   </trkpt>
   <trkpt lat="46.873870000000004" lon="11.387500000000001">
    <ele>1293.23</ele>
   </trkpt>
   <trkpt lat="46.87382" lon="11.3885">
    <ele>1293.23</ele>
   </trkpt>
   <trkpt lat="46.87362" lon="11.388950000000001">
    <ele>1293.23</ele>
   </trkpt>
   <trkpt lat="46.87357" lon="11.38915">
    <ele>1293.23</ele>
   </trkpt>
   <trkpt lat="46.87355" lon="11.38935">
    <ele>1293.23</ele>
   </trkpt>
   <trkpt lat="46.87357" lon="11.38959">
    <ele>1240.21</ele>
   </trkpt>
   <trkpt lat="46.87362" lon="11.38976">
    <ele>1240.21</ele>
   </trkpt>
   <trkpt lat="46.87371" lon="11.389930000000001">
    <ele>1240.21</ele>
   </trkpt>
   <trkpt lat="46.873830000000005" lon="11.3901">
    <ele>1240.21</ele>
   </trkpt>
   <trkpt lat="46.87402" lon="11.390220000000001">
    <ele>1240.21</ele>
   </trkpt>
   <trkpt lat="46.874120000000005" lon="11.39033">
    <ele>1240.21</ele>
   </trkpt>
   <trkpt lat="46.874190000000006" lon="11.39052">
    <ele>1240.21</ele>
   </trkpt>
   <trkpt lat="46.87445" lon="11.39174">
    <ele>1240.21</ele>
   </trkpt>
   <trkpt lat="46.874460000000006" lon="11.392000000000001">
    <ele>1240.21</ele>
   </trkpt>
   <trkpt lat="46.874610000000004" lon="11.39268">
    <ele>1240.21</ele>
   </trkpt>
   <trkpt lat="46.87474" lon="11.393040000000001">
    <ele>1240.21</ele>
   </trkpt>
   <trkpt lat="46.874810000000004" lon="11.393350000000002">
    <ele>1240.21</ele>
   </trkpt>
   <trkpt lat="46.87485" lon="11.39367">
    <ele>1240.21</ele>
   </trkpt>
   <trkpt lat="46.874840000000006" lon="11.39408">
    <ele>1240.21</ele>
   </trkpt>
   <trkpt lat="46.87487" lon="11.39413">
    <ele>1240.21</ele>
   </trkpt>
   <trkpt lat="46.874930000000006" lon="11.394160000000001">
    <ele>1240.21</ele>
   </trkpt>
   <trkpt lat="46.87501" lon="11.39413">
    <ele>1240.21</ele>
   </trkpt>
   <trkpt lat="46.87503" lon="11.39403">
    <ele>1240.21</ele>
   </trkpt>
   <trkpt lat="46.87494" lon="11.393640000000001">
    <ele>1240.21</ele>
   </trkpt>
   <trkpt lat="46.874930000000006" lon="11.39291">
    <ele>1240.21</ele>
   </trkpt>
   <trkpt lat="46.87482000000001" lon="11.392270000000002">
    <ele>1240.21</ele>
   </trkpt>
   <trkpt lat="46.87482000000001" lon="11.39211">
    <ele>1215.53</ele>
   </trkpt>
   <trkpt lat="46.874880000000005" lon="11.391820000000001">
    <ele>1215.53</ele>
   </trkpt>
   <trkpt lat="46.87491000000001" lon="11.391470000000002">
    <ele>1215.53</ele>
   </trkpt>
   <trkpt lat="46.874900000000004" lon="11.390580000000002">
    <ele>1215.53</ele>
   </trkpt>
   <trkpt lat="46.874930000000006" lon="11.390400000000001">
    <ele>1215.53</ele>
   </trkpt>
   <trkpt lat="46.87512" lon="11.389930000000001">
    <ele>1215.53</ele>
   </trkpt>
   <trkpt lat="46.87534" lon="11.389230000000001">
    <ele>1215.53</ele>
   </trkpt>
   <trkpt lat="46.875370000000004" lon="11.388480000000001">
    <ele>1215.53</ele>
   </trkpt>
   <trkpt lat="46.875310000000006" lon="11.388020000000001">
    <ele>1215.53</ele>
   </trkpt>
   <trkpt lat="46.875310000000006" lon="11.387880000000001">
    <ele>1215.53</ele>
   </trkpt>
   <trkpt lat="46.87536" lon="11.38776">
    <ele>1215.53</ele>
   </trkpt>
   <trkpt lat="46.87545" lon="11.387680000000001">
    <ele>1215.53</ele>
   </trkpt>
   <trkpt lat="46.87559" lon="11.387400000000001">
    <ele>1215.53</ele>
   </trkpt>
   <trkpt lat="46.87568" lon="11.38715">
    <ele>1215.53</ele>
   </trkpt>
   <trkpt lat="46.875870000000006" lon="11.38592">
    <ele>1215.53</ele>
   </trkpt>
   <trkpt lat="46.8759" lon="11.385520000000001">
    <ele>1152.5100000000002</ele>
   </trkpt>
   <trkpt lat="46.87611500283495" lon="11.384705003481702">
    <ele>1152.5100000000002</ele>
   </trkpt>
   <trkpt lat="46.87633" lon="11.383890000000001">
    <ele>1152.5100000000002</ele>
   </trkpt>
   <trkpt lat="46.876360000000005" lon="11.383650000000001">
    <ele>1152.5100000000002</ele>
   </trkpt>
   <trkpt lat="46.876310000000004" lon="11.38311">
    <ele>1152.5100000000002</ele>
   </trkpt>
   <trkpt lat="46.87633" lon="11.38291">
    <ele>1152.5100000000002</ele>
   </trkpt>
   <trkpt lat="46.876450000000006" lon="11.382510000000002">
    <ele>1152.5100000000002</ele>
   </trkpt>
   <trkpt lat="46.876560000000005" lon="11.38146">
    <ele>1152.5100000000002</ele>
   </trkpt>
   <trkpt lat="46.8766" lon="11.381110000000001">
    <ele>1152.5100000000002</ele>
   </trkpt>
   <trkpt lat="46.87662" lon="11.380320000000001">
    <ele>1133.78</ele>
   </trkpt>
   <trkpt lat="46.876670000000004" lon="11.37977">
    <ele>1133.78</ele>
   </trkpt>
   <trkpt lat="46.876780000000004" lon="11.37926">
    <ele>1133.78</ele>
   </trkpt>
   <trkpt lat="46.87684" lon="11.379140000000001">
    <ele>1133.78</ele>
   </trkpt>
   <trkpt lat="46.87689" lon="11.379090000000001">
    <ele>1133.78</ele>
   </trkpt>
   <trkpt lat="46.87697000000001" lon="11.37908">
    <ele>1133.78</ele>
   </trkpt>
   <trkpt lat="46.877030000000005" lon="11.379150000000001">
    <ele>1133.78</ele>
   </trkpt>
   <trkpt lat="46.87706000000001" lon="11.379240000000001">
    <ele>1133.78</ele>
   </trkpt>
   <trkpt lat="46.87707" lon="11.379340000000001">
    <ele>1133.78</ele>
   </trkpt>
   <trkpt lat="46.87704" lon="11.379430000000001">
    <ele>1133.78</ele>
   </trkpt>
   <trkpt lat="46.87684" lon="11.37973">
    <ele>1133.78</ele>
   </trkpt>
   <trkpt lat="46.876810000000006" lon="11.37982">
    <ele>1133.78</ele>
   </trkpt>
   <trkpt lat="46.8768" lon="11.37992">
    <ele>1133.78</ele>
   </trkpt>
   <trkpt lat="46.876810000000006" lon="11.380030000000001">
    <ele>1131.41</ele>
   </trkpt>
   <trkpt lat="46.876900000000006" lon="11.380220000000001">
    <ele>1131.41</ele>
   </trkpt>
   <trkpt lat="46.87717000000001" lon="11.380550000000001">
    <ele>1131.41</ele>
   </trkpt>
   <trkpt lat="46.87724" lon="11.38075">
    <ele>1131.41</ele>
   </trkpt>
   <trkpt lat="46.87727" lon="11.380970000000001">
    <ele>1131.41</ele>
   </trkpt>
   <trkpt lat="46.87731000642833" lon="11.382184999121854">
    <ele>1131.41</ele>
   </trkpt>
   <trkpt lat="46.87735000000001" lon="11.383400000000002">
    <ele>1131.41</ele>
   </trkpt>
   <trkpt lat="46.8774" lon="11.383780000000002">
    <ele>1131.41</ele>
   </trkpt>
   <trkpt lat="46.877430000000004" lon="11.384170000000001">
    <ele>1131.41</ele>
   </trkpt>
   <trkpt lat="46.87755000000001" lon="11.385000000000002">
    <ele>1096.39</ele>
   </trkpt>
   <trkpt lat="46.877660000000006" lon="11.38607">
    <ele>1096.39</ele>
   </trkpt>
   <trkpt lat="46.87771" lon="11.386320000000001">
    <ele>1096.39</ele>
   </trkpt>
   <trkpt lat="46.87773000000001" lon="11.38653">
    <ele>1096.39</ele>
   </trkpt>
   <trkpt lat="46.877720000000004" lon="11.386830000000002">
    <ele>1096.39</ele>
   </trkpt>
   <trkpt lat="46.87767" lon="11.387300000000002">
    <ele>1096.39</ele>
   </trkpt>
   <trkpt lat="46.87769" lon="11.387540000000001">
    <ele>1096.39</ele>
   </trkpt>
   <trkpt lat="46.877790000000005" lon="11.3879">
    <ele>1096.39</ele>
   </trkpt>
   <trkpt lat="46.877880000000005" lon="11.388470000000002">
    <ele>1096.39</ele>
   </trkpt>
   <trkpt lat="46.87791000710637" lon="11.389373332342208">
    <ele>1096.39</ele>
   </trkpt>
   <trkpt lat="46.87794000710701" lon="11.390276665694634">
    <ele>1096.39</ele>
   </trkpt>
   <trkpt lat="46.877970000000005" lon="11.39118">
    <ele>1096.39</ele>
   </trkpt>
   <trkpt lat="46.878165005414125" lon="11.392294995954632">
    <ele>1044.5</ele>
   </trkpt>
   <trkpt lat="46.87836" lon="11.393410000000001">
    <ele>1044.5</ele>
   </trkpt>
   <trkpt lat="46.87857" lon="11.39428">
    <ele>1044.5</ele>
   </trkpt>
   <trkpt lat="46.87865" lon="11.394810000000001">
    <ele>1044.5</ele>
   </trkpt>
   <trkpt lat="46.87863" lon="11.39507">
    <ele>1044.5</ele>
   </trkpt>
   <trkpt lat="46.87845" lon="11.3955">
    <ele>1044.5</ele>
   </trkpt>
   <trkpt lat="46.878460000000004" lon="11.395620000000001">
    <ele>1044.5</ele>
   </trkpt>
   <trkpt lat="46.8785" lon="11.39577">
    <ele>1044.5</ele>
   </trkpt>
   <trkpt lat="46.87876000000001" lon="11.3962">
    <ele>1044.5</ele>
   </trkpt>
   <trkpt lat="46.87892" lon="11.39638">
    <ele>1044.5</ele>
   </trkpt>
   <trkpt lat="46.879090000000005" lon="11.39652">
    <ele>1044.5</ele>
   </trkpt>
   <trkpt lat="46.879110000000004" lon="11.39657">
    <ele>1044.5</ele>
   </trkpt>
   <trkpt lat="46.87917" lon="11.397290000000002">
    <ele>1044.5</ele>
   </trkpt>
   <trkpt lat="46.879250000000006" lon="11.3977">
    <ele>1044.5</ele>
   </trkpt>
   <trkpt lat="46.87928" lon="11.39798">
    <ele>1010.72</ele>
   </trkpt>
   <trkpt lat="46.87928" lon="11.398230000000002">
    <ele>1010.72</ele>
   </trkpt>
   <trkpt lat="46.879220000000004" lon="11.39858">
    <ele>1010.72</ele>
   </trkpt>
   <trkpt lat="46.87921" lon="11.399170000000002">
    <ele>1010.72</ele>
   </trkpt>
   <trkpt lat="46.87923000000001" lon="11.399540000000002">
    <ele>1010.72</ele>
   </trkpt>
   <trkpt lat="46.879290000000005" lon="11.399890000000001">
    <ele>1010.72</ele>
   </trkpt>
   <trkpt lat="46.879290000000005" lon="11.40005">
    <ele>1010.72</ele>
   </trkpt>
   <trkpt lat="46.87926" lon="11.400340000000002">
    <ele>1010.72</ele>
   </trkpt>
   <trkpt lat="46.879160000000006" lon="11.400720000000002">
    <ele>1010.72</ele>
   </trkpt>
   <trkpt lat="46.87914000000001" lon="11.40093">
    <ele>1010.72</ele>
   </trkpt>
   <trkpt lat="46.87923000000001" lon="11.40154">
    <ele>1010.72</ele>
   </trkpt>
   <trkpt lat="46.879220000000004" lon="11.40188">
    <ele>1010.72</ele>
   </trkpt>
   <trkpt lat="46.87926" lon="11.402190000000001">
    <ele>980.0200000000001</ele>
   </trkpt>
   <trkpt lat="46.879490000000004" lon="11.403390000000002">
    <ele>980.0200000000001</ele>
   </trkpt>
   <trkpt lat="46.87961000000001" lon="11.40409">
    <ele>976.9100000000001</ele>
   </trkpt>
   <trkpt lat="46.879670000000004" lon="11.404330000000002">
    <ele>976.9100000000001</ele>
   </trkpt>
   <trkpt lat="46.879760000000005" lon="11.40455">
    <ele>976.8700000000001</ele>
   </trkpt>
   <trkpt lat="46.87989" lon="11.404750000000002">
    <ele>972.01</ele>
   </trkpt>
   <trkpt lat="46.88002" lon="11.40516">
    <ele>971.62</ele>
   </trkpt>
   <trkpt lat="46.880420001085895" lon="11.4056349965817">
    <ele>965.7700000000001</ele>
   </trkpt>
   <trkpt lat="46.88082000000001" lon="11.406110000000002">
    <ele>965.7700000000001</ele>
   </trkpt>
   <trkpt lat="46.881200001230425" lon="11.406619996519302">
    <ele>965.7800000000001</ele>
   </trkpt>
   <trkpt lat="46.88158000000001" lon="11.40713">
    <ele>965.73</ele>
   </trkpt>
   <trkpt lat="46.88167000000001" lon="11.407350000000001">
    <ele>965.71</ele>
   </trkpt>
   <trkpt lat="46.88168" lon="11.407490000000001">
    <ele>965.8700000000001</ele>
   </trkpt>
   <trkpt lat="46.881710000000005" lon="11.407540000000001">
    <ele>965.8700000000001</ele>
   </trkpt>
   <trkpt lat="46.881800000000005" lon="11.4076">
    <ele>966.0300000000001</ele>
   </trkpt>
   <trkpt lat="46.881840000000004" lon="11.40759">
    <ele>966.0300000000001</ele>
   </trkpt>
   <trkpt lat="46.881910000000005" lon="11.407630000000001">
    <ele>966.0600000000001</ele>
   </trkpt>
   <trkpt lat="46.88196000000001" lon="11.40769">
    <ele>966.0600000000001</ele>
   </trkpt>
   <trkpt lat="46.882000000000005" lon="11.407710000000002">
    <ele>966.0600000000001</ele>
   </trkpt>
   <trkpt lat="46.8824933375379" lon="11.408403320608356">
    <ele>966.11</ele>
   </trkpt>
   <trkpt lat="46.88298667088992" lon="11.409096653967772">
    <ele>951.5300000000001</ele>
   </trkpt>
   <trkpt lat="46.883480000000006" lon="11.409790000000001">
    <ele>951.5300000000001</ele>
   </trkpt>
   <trkpt lat="46.88364000000001" lon="11.41014">
    <ele>949.22</ele>
   </trkpt>
   <trkpt lat="46.88364000000001" lon="11.410290000000002">
    <ele>949.22</ele>
   </trkpt>
   <trkpt lat="46.88371" lon="11.410390000000001">
    <ele>949.15</ele>
   </trkpt>
   <trkpt lat="46.883750000000006" lon="11.41042">
    <ele>949.2600000000001</ele>
   </trkpt>
   <trkpt lat="46.8838" lon="11.41042">
    <ele>949.2600000000001</ele>
   </trkpt>
   <trkpt lat="46.883840000000006" lon="11.410400000000001">
    <ele>949.2600000000001</ele>
   </trkpt>
   <trkpt lat="46.88409" lon="11.41061">
    <ele>948.9900000000001</ele>
   </trkpt>
   <trkpt lat="46.884570001758114" lon="11.411244994321564">
    <ele>947.22</ele>
   </trkpt>
   <trkpt lat="46.88505000000001" lon="11.411880000000002">
    <ele>945.74</ele>
   </trkpt>
   <trkpt lat="46.885605002531975" lon="11.412634992256928">
    <ele>946.47</ele>
   </trkpt>
   <trkpt lat="46.886160000000004" lon="11.413390000000001">
    <ele>946.46</ele>
   </trkpt>
   <trkpt lat="46.886280000000006" lon="11.413570000000002">
    <ele>946.46</ele>
   </trkpt>
   <trkpt lat="46.88644" lon="11.413870000000001">
    <ele>946.46</ele>
   </trkpt>
   <trkpt lat="46.886790000000005" lon="11.41463">
    <ele>945.35</ele>
   </trkpt>
   <trkpt lat="46.8868" lon="11.41482">
    <ele>945.35</ele>
   </trkpt>
   <trkpt lat="46.88676" lon="11.414950000000001">
    <ele>945.24</ele>
   </trkpt>
   <trkpt lat="46.886790000000005" lon="11.415080000000001">
    <ele>945.24</ele>
   </trkpt>
   <trkpt lat="46.88682000000001" lon="11.415140000000001">
    <ele>945.24</ele>
   </trkpt>
   <trkpt lat="46.88691" lon="11.41519">
    <ele>945.37</ele>
   </trkpt>
   <trkpt lat="46.88703" lon="11.41539">
    <ele>945.37</ele>
   </trkpt>
   <trkpt lat="46.88705" lon="11.415600000000001">
    <ele>945.37</ele>
   </trkpt>
   <trkpt lat="46.887035003889885" lon="11.416545000152215">
    <ele>943.4200000000001</ele>
   </trkpt>
   <trkpt lat="46.88702000000001" lon="11.41749">
    <ele>945.5000000000001</ele>
   </trkpt>
   <trkpt lat="46.886970000000005" lon="11.41782">
    <ele>944.7700000000001</ele>
   </trkpt>
   <trkpt lat="46.88691" lon="11.41788">
    <ele>944.8700000000001</ele>
   </trkpt>
   <trkpt lat="46.886900000000004" lon="11.41802">
    <ele>945.7900000000001</ele>
   </trkpt>
   <trkpt lat="46.886970000000005" lon="11.41812">
    <ele>945.9300000000001</ele>
   </trkpt>
   <trkpt lat="46.887010000000004" lon="11.418500000000002">
    <ele>945.97</ele>
   </trkpt>
   <trkpt lat="46.887000010409515" lon="11.4195933336865">
    <ele>948.15</ele>
   </trkpt>
   <trkpt lat="46.88699001041001" lon="11.420686666965562">
    <ele>948.15</ele>
   </trkpt>
   <trkpt lat="46.88698" lon="11.421780000000002">
    <ele>947.94</ele>
   </trkpt>
   <trkpt lat="46.886960010599445" lon="11.422883334203458">
    <ele>947.94</ele>
   </trkpt>
   <trkpt lat="46.886940010598586" lon="11.423986667584378">
    <ele>946.5100000000001</ele>
   </trkpt>
   <trkpt lat="46.88692" lon="11.42509">
    <ele>942.24</ele>
   </trkpt>
   <trkpt lat="46.88692500360515" lon="11.425999999862164">
    <ele>942.33</ele>
   </trkpt>
   <trkpt lat="46.88693000000001" lon="11.426910000000001">
    <ele>941.8100000000001</ele>
   </trkpt>
   <trkpt lat="46.886990000000004" lon="11.427240000000001">
    <ele>941.8100000000001</ele>
   </trkpt>
   <trkpt lat="46.887060000000005" lon="11.427480000000001">
    <ele>941.8100000000001</ele>
   </trkpt>
   <trkpt lat="46.88716" lon="11.427710000000001">
    <ele>943.27</ele>
   </trkpt>
   <trkpt lat="46.88741" lon="11.428130000000001">
    <ele>943.45</ele>
   </trkpt>
   <trkpt lat="46.887830005019815" lon="11.428889988080604">
    <ele>941.1800000000001</ele>
   </trkpt>
   <trkpt lat="46.88825000501012" lon="11.429649988062911">
    <ele>939.2900000000001</ele>
   </trkpt>
   <trkpt lat="46.888670000000005" lon="11.43041">
    <ele>938.5300000000001</ele>
   </trkpt>
   <trkpt lat="46.88873" lon="11.43077">
    <ele>938.37</ele>
   </trkpt>
   <trkpt lat="46.88870000000001" lon="11.43083">
    <ele>938.37</ele>
   </trkpt>
   <trkpt lat="46.888690000000004" lon="11.430980000000002">
    <ele>938.34</ele>
   </trkpt>
   <trkpt lat="46.888740000000006" lon="11.431120000000002">
    <ele>938.5400000000001</ele>
   </trkpt>
   <trkpt lat="46.88884" lon="11.43119">
    <ele>938.5400000000001</ele>
   </trkpt>
   <trkpt lat="46.888870000000004" lon="11.43119">
    <ele>938.5400000000001</ele>
   </trkpt>
   <trkpt lat="46.888920000000006" lon="11.431270000000001">
    <ele>939.19</ele>
   </trkpt>
   <trkpt lat="46.88908000000001" lon="11.431650000000001">
    <ele>939.19</ele>
   </trkpt>
   <trkpt lat="46.889215003620244" lon="11.432559997809609">
    <ele>939.19</ele>
   </trkpt>
   <trkpt lat="46.88935" lon="11.433470000000002">
    <ele>939.6700000000001</ele>
   </trkpt>
   <trkpt lat="46.88944" lon="11.433850000000001">
    <ele>939.6700000000001</ele>
   </trkpt>
   <trkpt lat="46.88964000000001" lon="11.434360000000002">
    <ele>940.1</ele>
   </trkpt>
   <trkpt lat="46.88978" lon="11.434640000000002">
    <ele>940.1</ele>
   </trkpt>
   <trkpt lat="46.889430000000004" lon="11.434780000000002">
    <ele>938.9600000000002</ele>
   </trkpt>
   <trkpt lat="46.888613334563274" lon="11.435156678139093">
    <ele>937.5300000000001</ele>
   </trkpt>
   <trkpt lat="46.88779666789107" lon="11.43553334480808">
    <ele>937.5300000000001</ele>
   </trkpt>
   <trkpt lat="46.88698" lon="11.435910000000002">
    <ele>937.5300000000001</ele>
   </trkpt>
   <trkpt lat="46.88643500055775" lon="11.43627500372333">
    <ele>936.9600000000002</ele>
   </trkpt>
   <trkpt lat="46.88589" lon="11.43664">
    <ele>936.9600000000002</ele>
   </trkpt>
   <trkpt lat="46.88552000000001" lon="11.43682">
    <ele>937.09</ele>
   </trkpt>
   <trkpt lat="46.88544" lon="11.437000000000001">
    <ele>937.09</ele>
   </trkpt>
   <trkpt lat="46.885290000000005" lon="11.437410000000002">
    <ele>937.09</ele>
   </trkpt>
   <trkpt lat="46.88505000000001" lon="11.43787">
    <ele>937.09</ele>
   </trkpt>
   <trkpt lat="46.884890000000006" lon="11.438120000000001">
    <ele>937.09</ele>
   </trkpt>
   <trkpt lat="46.884730000000005" lon="11.438320000000001">
    <ele>937.09</ele>
   </trkpt>
   <trkpt lat="46.884310000000006" lon="11.438780000000001">
    <ele>937.09</ele>
   </trkpt>
   <trkpt lat="46.884220000000006" lon="11.438960000000002">
    <ele>937.09</ele>
   </trkpt>
   <trkpt lat="46.88387" lon="11.43998">
    <ele>936.7800000000001</ele>
   </trkpt>
   <trkpt lat="46.88347" lon="11.44087">
    <ele>936.7800000000001</ele>
   </trkpt>
   <trkpt lat="46.88335000000001" lon="11.441500000000001">
    <ele>936.7800000000001</ele>
   </trkpt>
   <trkpt lat="46.883155002600425" lon="11.44227500287512">
    <ele>936.7800000000001</ele>
   </trkpt>
   <trkpt lat="46.882960000000004" lon="11.443050000000001">
    <ele>936.7800000000001</ele>
   </trkpt>
   <trkpt lat="46.88277" lon="11.44369">
    <ele>936.7800000000001</ele>
   </trkpt>
   <trkpt lat="46.88241001353289" lon="11.44470752045476">
    <ele>936.7800000000001</ele>
   </trkpt>
   <trkpt lat="46.88205001805031" lon="11.44572502725437">
    <ele>933.8100000000001</ele>
   </trkpt>
   <trkpt lat="46.88169001355246" lon="11.446742520398836">
    <ele>933.8100000000001</ele>
   </trkpt>
   <trkpt lat="46.881330000000005" lon="11.44776">
    <ele>933.8100000000001</ele>
   </trkpt>
   <trkpt lat="46.881280000000004" lon="11.448010000000002">
    <ele>933.7700000000001</ele>
   </trkpt>
   <trkpt lat="46.88105" lon="11.44785">
    <ele>933.7700000000001</ele>
   </trkpt>
   <trkpt lat="46.88101" lon="11.447870000000002">
    <ele>933.7700000000001</ele>
   </trkpt>
   <trkpt lat="46.880930000000006" lon="11.448170000000001">
    <ele>933.7700000000001</ele>
   </trkpt>
   <trkpt lat="46.880532830651966" lon="11.44929751635448">
    <ele>933.7700000000001</ele>
   </trkpt>
   <trkpt lat="46.88013565023382" lon="11.450425016015833">
    <ele>933.7700000000001</ele>
   </trkpt>
   <trkpt lat="46.879738458745955" lon="11.451552498984075">
    <ele>933.7700000000001</ele>
   </trkpt>
   <trkpt lat="46.87934125618865" lon="11.452679965259222">
    <ele>933.7700000000001</ele>
   </trkpt>
   <trkpt lat="46.878944042562225" lon="11.453807414841283">
    <ele>930.21</ele>
   </trkpt>
   <trkpt lat="46.878546817867026" lon="11.454934847730273">
    <ele>930.21</ele>
   </trkpt>
   <trkpt lat="46.87814958210331" lon="11.456062263926212">
    <ele>930.21</ele>
   </trkpt>
   <trkpt lat="46.877752335271445" lon="11.457189663429103">
    <ele>930.21</ele>
   </trkpt>
   <trkpt lat="46.87735507737175" lon="11.45831704623897">
    <ele>930.21</ele>
   </trkpt>
   <trkpt lat="46.87695780840453" lon="11.459444412355822">
    <ele>930.21</ele>
   </trkpt>
   <trkpt lat="46.87656052837009" lon="11.460571761779674">
    <ele>930.21</ele>
   </trkpt>
   <trkpt lat="46.87616323726877" lon="11.461699094510541">
    <ele>930.21</ele>
   </trkpt>
   <trkpt lat="46.87576593510086" lon="11.462826410548436">
    <ele>930.21</ele>
   </trkpt>
   <trkpt lat="46.8753686218667" lon="11.463953709893376">
    <ele>930.21</ele>
   </trkpt>
   <trkpt lat="46.8749712975666" lon="11.465080992545372">
    <ele>928.5600000000001</ele>
   </trkpt>
   <trkpt lat="46.874573962200884" lon="11.466208258504441">
    <ele>928.5600000000001</ele>
   </trkpt>
   <trkpt lat="46.874176615769876" lon="11.467335507770594">
    <ele>928.5600000000001</ele>
   </trkpt>
   <trkpt lat="46.873779258273856" lon="11.468462740343847">
    <ele>928.5600000000001</ele>
   </trkpt>
   <trkpt lat="46.8733818897132" lon="11.469589956224215">
    <ele>928.5600000000001</ele>
   </trkpt>
   <trkpt lat="46.87298451008819" lon="11.47071715541171">
    <ele>927.9000000000001</ele>
   </trkpt>
   <trkpt lat="46.87258711939913" lon="11.471844337906354">
    <ele>927.8700000000001</ele>
   </trkpt>
   <trkpt lat="46.87218971764636" lon="11.472971503708152">
    <ele>927.8700000000001</ele>
   </trkpt>
   <trkpt lat="46.87179230483021" lon="11.474098652817124">
    <ele>927.8700000000001</ele>
   </trkpt>
   <trkpt lat="46.87139488095095" lon="11.475225785233285">
    <ele>926.0500000000001</ele>
   </trkpt>
   <trkpt lat="46.870997446008964" lon="11.476352900956643">
    <ele>926.0500000000001</ele>
   </trkpt>
   <trkpt lat="46.8706" lon="11.477480000000002">
    <ele>926.0500000000001</ele>
   </trkpt>
   <trkpt lat="46.870400000000004" lon="11.478090000000002">
    <ele>926.0500000000001</ele>
   </trkpt>
   <trkpt lat="46.870165003711286" lon="11.47901500410565">
    <ele>930.2300000000001</ele>
   </trkpt>
   <trkpt lat="46.869930000000004" lon="11.479940000000001">
    <ele>930.32</ele>
   </trkpt>
   <trkpt lat="46.86966" lon="11.480730000000001">
    <ele>931.2</ele>
   </trkpt>
   <trkpt lat="46.86956000000001" lon="11.48098">
    <ele>930.6500000000001</ele>
   </trkpt>
   <trkpt lat="46.869530000000005" lon="11.481150000000001">
    <ele>930.6500000000001</ele>
   </trkpt>
   <trkpt lat="46.86956000000001" lon="11.481290000000001">
    <ele>930.19</ele>
   </trkpt>
   <trkpt lat="46.86961" lon="11.481380000000001">
    <ele>930.19</ele>
   </trkpt>
   <trkpt lat="46.869980000000005" lon="11.481570000000001">
    <ele>928.5500000000001</ele>
   </trkpt>
   <trkpt lat="46.8701" lon="11.481710000000001">
    <ele>928.5500000000001</ele>
   </trkpt>
   <trkpt lat="46.870320001783284" lon="11.48106000283067">
    <ele>928.5500000000001</ele>
   </trkpt>
   <trkpt lat="46.870540000000005" lon="11.480410000000001">
    <ele>928.7800000000001</ele>
   </trkpt>
   <trkpt lat="46.87033" lon="11.480260000000001">
    <ele>928.7800000000001</ele>
   </trkpt>
   <trkpt lat="46.86985500037963" lon="11.479954997284466">
    <ele>932.6500000000001</ele>
   </trkpt>
   <trkpt lat="46.86938000000001" lon="11.479650000000001">
    <ele>932.1</ele>
   </trkpt>
   <trkpt lat="46.86918000000001" lon="11.47948">
    <ele>938.5300000000001</ele>
   </trkpt>
   <trkpt lat="46.86885" lon="11.479040000000001">
    <ele>938.5300000000001</ele>
   </trkpt>
   <trkpt lat="46.86871000000001" lon="11.47891">
    <ele>938.5300000000001</ele>
   </trkpt>
   <trkpt lat="46.868430000000004" lon="11.47877">
    <ele>949.82</ele>
   </trkpt>
   <trkpt lat="46.868280000000006" lon="11.478720000000001">
    <ele>949.82</ele>
   </trkpt>
   <trkpt lat="46.86816" lon="11.478700000000002">
    <ele>949.82</ele>
   </trkpt>
   <trkpt lat="46.868010000000005" lon="11.478700000000002">
    <ele>949.82</ele>
   </trkpt>
   <trkpt lat="46.86766" lon="11.478750000000002">
    <ele>960.1700000000001</ele>
   </trkpt>
   <trkpt lat="46.86708" lon="11.47878">
    <ele>960.23</ele>
   </trkpt>
   <trkpt lat="46.86701" lon="11.47874">
    <ele>961.7200000000001</ele>
   </trkpt>
   <trkpt lat="46.86679" lon="11.478520000000001">
    <ele>961.7200000000001</ele>
   </trkpt>
   <trkpt lat="46.86672" lon="11.478510000000002">
    <ele>962.69</ele>
   </trkpt>
   <trkpt lat="46.866670000000006" lon="11.47855">
    <ele>962.69</ele>
   </trkpt>
   <trkpt lat="46.866600000000005" lon="11.47868">
    <ele>962.69</ele>
   </trkpt>
   <trkpt lat="46.866510000000005" lon="11.478750000000002">
    <ele>962.69</ele>
   </trkpt>
   <trkpt lat="46.866290000000006" lon="11.47878">
    <ele>963.8700000000001</ele>
   </trkpt>
   <trkpt lat="46.866020000000006" lon="11.47893">
    <ele>963.8700000000001</ele>
   </trkpt>
   <trkpt lat="46.865970000000004" lon="11.478980000000002">
    <ele>963.8700000000001</ele>
   </trkpt>
   <trkpt lat="46.865750000000006" lon="11.479550000000001">
    <ele>963.9700000000001</ele>
   </trkpt>
   <trkpt lat="46.86569" lon="11.479650000000001">
    <ele>963.9700000000001</ele>
   </trkpt>
   <trkpt lat="46.865610000000004" lon="11.47963">
    <ele>963.9700000000001</ele>
   </trkpt>
   <trkpt lat="46.865460000000006" lon="11.479550000000001">
    <ele>963.9700000000001</ele>
   </trkpt>
   <trkpt lat="46.865370000000006" lon="11.47954">
    <ele>970.2</ele>
   </trkpt>
   <trkpt lat="46.86471" lon="11.47957">
    <ele>970.2</ele>
   </trkpt>
   <trkpt lat="46.86455" lon="11.479640000000002">
    <ele>970.2</ele>
   </trkpt>
   <trkpt lat="46.86424" lon="11.479870000000002">
    <ele>973.96</ele>
   </trkpt>
   <trkpt lat="46.863820000000004" lon="11.47995">
    <ele>973.94</ele>
   </trkpt>
   <trkpt lat="46.863580000000006" lon="11.480080000000001">
    <ele>973.94</ele>
   </trkpt>
   <trkpt lat="46.8635" lon="11.48014">
    <ele>973.94</ele>
   </trkpt>
   <trkpt lat="46.86341" lon="11.480250000000002">
    <ele>973.94</ele>
   </trkpt>
   <trkpt lat="46.86337" lon="11.48032">
    <ele>973.94</ele>
   </trkpt>
   <trkpt lat="46.86321" lon="11.480780000000001">
    <ele>972.33</ele>
   </trkpt>
   <trkpt lat="46.862995001852106" lon="11.481430002565347">
    <ele>972.33</ele>
   </trkpt>
   <trkpt lat="46.86278" lon="11.482080000000002">
    <ele>972.33</ele>
   </trkpt>
   <trkpt lat="46.86267" lon="11.482560000000001">
    <ele>972.33</ele>
   </trkpt>
   <trkpt lat="46.862610000000004" lon="11.482920000000002">
    <ele>972.33</ele>
   </trkpt>
   <trkpt lat="46.862590000000004" lon="11.484010000000001">
    <ele>972.33</ele>
   </trkpt>
   <trkpt lat="46.86262000000001" lon="11.4846">
    <ele>972.33</ele>
   </trkpt>
   <trkpt lat="46.86271000000001" lon="11.48516">
    <ele>972.33</ele>
   </trkpt>
   <trkpt lat="46.86294" lon="11.485970000000002">
    <ele>972.33</ele>
   </trkpt>
   <trkpt lat="46.863020000000006" lon="11.48634">
    <ele>972.33</ele>
   </trkpt>
   <trkpt lat="46.863020000000006" lon="11.487540000000001">
    <ele>972.33</ele>
   </trkpt>
   <trkpt lat="46.86292" lon="11.48834">
    <ele>936.8400000000001</ele>
   </trkpt>
   <trkpt lat="46.86291000000001" lon="11.488610000000001">
    <ele>936.8400000000001</ele>
   </trkpt>
   <trkpt lat="46.86291000000001" lon="11.488930000000002">
    <ele>936.8400000000001</ele>
   </trkpt>
   <trkpt lat="46.86296" lon="11.48938">
    <ele>936.8400000000001</ele>
   </trkpt>
   <trkpt lat="46.86289000447309" lon="11.490395001506485">
    <ele>936.8400000000001</ele>
   </trkpt>
   <trkpt lat="46.862820000000006" lon="11.49141">
    <ele>936.8400000000001</ele>
   </trkpt>
   <trkpt lat="46.862750000000005" lon="11.49173">
    <ele>936.8400000000001</ele>
   </trkpt>
   <trkpt lat="46.862320000000004" lon="11.49258">
    <ele>936.8400000000001</ele>
   </trkpt>
   <trkpt lat="46.86225" lon="11.492790000000001">
    <ele>936.8400000000001</ele>
   </trkpt>
   <trkpt lat="46.862190000000005" lon="11.49347">
    <ele>936.8400000000001</ele>
   </trkpt>
   <trkpt lat="46.86213" lon="11.49375">
    <ele>936.8400000000001</ele>
   </trkpt>
   <trkpt lat="46.862030000000004" lon="11.49402">
    <ele>936.8400000000001</ele>
   </trkpt>
   <trkpt lat="46.86189" lon="11.49427">
    <ele>936.8400000000001</ele>
   </trkpt>
   <trkpt lat="46.861670000000004" lon="11.49459">
    <ele>936.8400000000001</ele>
   </trkpt>
   <trkpt lat="46.861540000000005" lon="11.494890000000002">
    <ele>936.8400000000001</ele>
   </trkpt>
   <trkpt lat="46.86130000000001" lon="11.495560000000001">
    <ele>936.8400000000001</ele>
   </trkpt>
   <trkpt lat="46.861180000000004" lon="11.495790000000001">
    <ele>948.9900000000001</ele>
   </trkpt>
   <trkpt lat="46.861110000000004" lon="11.495890000000001">
    <ele>948.9900000000001</ele>
   </trkpt>
   <trkpt lat="46.86077" lon="11.496260000000001">
    <ele>948.9900000000001</ele>
   </trkpt>
   <trkpt lat="46.86057" lon="11.496580000000002">
    <ele>948.9900000000001</ele>
   </trkpt>
   <trkpt lat="46.860170000000004" lon="11.49745">
    <ele>948.9900000000001</ele>
   </trkpt>
   <trkpt lat="46.86007" lon="11.49783">
    <ele>949.7800000000001</ele>
   </trkpt>
   <trkpt lat="46.859840000000005" lon="11.498270000000002">
    <ele>949.7800000000001</ele>
   </trkpt>
   <trkpt lat="46.85954" lon="11.49868">
    <ele>949.7800000000001</ele>
   </trkpt>
   <trkpt lat="46.85918000471542" lon="11.4997200069557">
    <ele>949.7800000000001</ele>
   </trkpt>
   <trkpt lat="46.85882" lon="11.500760000000001">
    <ele>977.08</ele>
   </trkpt>
   <trkpt lat="46.858760000000004" lon="11.500900000000001">
    <ele>977.08</ele>
   </trkpt>
   <trkpt lat="46.85868000000001" lon="11.50102">
    <ele>977.08</ele>
   </trkpt>
   <trkpt lat="46.85842" lon="11.50131">
    <ele>977.08</ele>
   </trkpt>
   <trkpt lat="46.85815" lon="11.501560000000001">
    <ele>977.08</ele>
   </trkpt>
   <trkpt lat="46.858070000000005" lon="11.501660000000001">
    <ele>977.08</ele>
   </trkpt>
   <trkpt lat="46.85765000000001" lon="11.502680000000002">
    <ele>972.25</ele>
   </trkpt>
   <trkpt lat="46.85727000000001" lon="11.50322">
    <ele>977.83</ele>
   </trkpt>
   <trkpt lat="46.85716" lon="11.503300000000001">
    <ele>977.83</ele>
   </trkpt>
   <trkpt lat="46.85703" lon="11.503340000000001">
    <ele>977.83</ele>
   </trkpt>
   <trkpt lat="46.856790000000004" lon="11.503290000000002">
    <ele>977.83</ele>
   </trkpt>
   <trkpt lat="46.856410000000004" lon="11.503060000000001">
    <ele>977.83</ele>
   </trkpt>
   <trkpt lat="46.855940000000004" lon="11.502880000000001">
    <ele>982.8100000000001</ele>
   </trkpt>
   <trkpt lat="46.855760000000004" lon="11.50275">
    <ele>982.8100000000001</ele>
   </trkpt>
   <trkpt lat="46.85542" lon="11.50242">
    <ele>982.8100000000001</ele>
   </trkpt>
   <trkpt lat="46.85533" lon="11.50237">
    <ele>982.8100000000001</ele>
   </trkpt>
   <trkpt lat="46.855290000000004" lon="11.50238">
    <ele>982.8100000000001</ele>
   </trkpt>
   <trkpt lat="46.855230000000006" lon="11.502460000000001">
    <ele>975.2600000000001</ele>
   </trkpt>
   <trkpt lat="46.85497" lon="11.50295">
    <ele>975.2600000000001</ele>
   </trkpt>
   <trkpt lat="46.85495" lon="11.502970000000001">
    <ele>975.2600000000001</ele>
   </trkpt>
   <trkpt lat="46.854870000000005" lon="11.502970000000001">
    <ele>975.2600000000001</ele>
   </trkpt>
   <trkpt lat="46.854780000000005" lon="11.502930000000001">
    <ele>975.2600000000001</ele>
   </trkpt>
   <trkpt lat="46.85468" lon="11.50281">
    <ele>985.6100000000001</ele>
   </trkpt>
   <trkpt lat="46.85439" lon="11.502350000000002">
    <ele>985.6100000000001</ele>
   </trkpt>
   <trkpt lat="46.8543" lon="11.502270000000001">
    <ele>985.7900000000001</ele>
   </trkpt>
   <trkpt lat="46.85407000000001" lon="11.502180000000001">
    <ele>981.7500000000001</ele>
   </trkpt>
   <trkpt lat="46.85401" lon="11.5022">
    <ele>981.7500000000001</ele>
   </trkpt>
   <trkpt lat="46.853910000000006" lon="11.502310000000001">
    <ele>981.7500000000001</ele>
   </trkpt>
   <trkpt lat="46.85385" lon="11.50239">
    <ele>981.7500000000001</ele>
   </trkpt>
   <trkpt lat="46.853820000000006" lon="11.502490000000002">
    <ele>981.7500000000001</ele>
   </trkpt>
   <trkpt lat="46.85381" lon="11.502650000000001">
    <ele>981.7500000000001</ele>
   </trkpt>
   <trkpt lat="46.853910000000006" lon="11.50313">
    <ele>974.4100000000001</ele>
   </trkpt>
   <trkpt lat="46.8539" lon="11.503250000000001">
    <ele>974.4100000000001</ele>
   </trkpt>
   <trkpt lat="46.853790000000004" lon="11.50342">
    <ele>974.4100000000001</ele>
   </trkpt>
   <trkpt lat="46.85343" lon="11.50378">
    <ele>974.4100000000001</ele>
   </trkpt>
   <trkpt lat="46.85304000000001" lon="11.50398">
    <ele>974.4100000000001</ele>
   </trkpt>
   <trkpt lat="46.85262" lon="11.50403">
    <ele>974.4100000000001</ele>
   </trkpt>
   <trkpt lat="46.852180000000004" lon="11.5042">
    <ele>973.33</ele>
   </trkpt>
   <trkpt lat="46.852050000000006" lon="11.504280000000001">
    <ele>973.33</ele>
   </trkpt>
   <trkpt lat="46.851800000000004" lon="11.504470000000001">
    <ele>973.33</ele>
   </trkpt>
   <trkpt lat="46.85159" lon="11.504510000000002">
    <ele>973.33</ele>
   </trkpt>
   <trkpt lat="46.85152" lon="11.50454">
    <ele>973.33</ele>
   </trkpt>
   <trkpt lat="46.85137" lon="11.504660000000001">
    <ele>973.33</ele>
   </trkpt>
   <trkpt lat="46.85125" lon="11.504880000000002">
    <ele>969.34</ele>
   </trkpt>
   <trkpt lat="46.85119" lon="11.50497">
    <ele>969.34</ele>
   </trkpt>
   <trkpt lat="46.85103" lon="11.505090000000001">
    <ele>969.34</ele>
   </trkpt>
   <trkpt lat="46.85098000000001" lon="11.505180000000001">
    <ele>969.34</ele>
   </trkpt>
   <trkpt lat="46.85080000000001" lon="11.505640000000001">
    <ele>969.34</ele>
   </trkpt>
   <trkpt lat="46.85036" lon="11.506590000000001">
    <ele>963.85</ele>
   </trkpt>
   <trkpt lat="46.850260000000006" lon="11.50684">
    <ele>958.6300000000001</ele>
   </trkpt>
   <trkpt lat="46.850190000000005" lon="11.50721">
    <ele>958.6300000000001</ele>
   </trkpt>
   <trkpt lat="46.85018" lon="11.507660000000001">
    <ele>958.6300000000001</ele>
   </trkpt>
   <trkpt lat="46.850120000000004" lon="11.508090000000001">
    <ele>958.6300000000001</ele>
   </trkpt>
   <trkpt lat="46.85007" lon="11.508230000000001">
    <ele>958.6300000000001</ele>
   </trkpt>
   <trkpt lat="46.84982" lon="11.50877">
    <ele>958.6300000000001</ele>
   </trkpt>
   <trkpt lat="46.84973" lon="11.509020000000001">
    <ele>958.6300000000001</ele>
   </trkpt>
   <trkpt lat="46.849560000000004" lon="11.50974">
    <ele>958.6300000000001</ele>
   </trkpt>
   <trkpt lat="46.849520000000005" lon="11.50998">
    <ele>958.6300000000001</ele>
   </trkpt>
   <trkpt lat="46.849500000000006" lon="11.510380000000001">
    <ele>958.6300000000001</ele>
   </trkpt>
   <trkpt lat="46.84946" lon="11.510650000000002">
    <ele>958.6300000000001</ele>
   </trkpt>
   <trkpt lat="46.84935" lon="11.51107">
    <ele>958.6300000000001</ele>
   </trkpt>
   <trkpt lat="46.84921000000001" lon="11.511460000000001">
    <ele>898.1000000000001</ele>
   </trkpt>
   <trkpt lat="46.849340000000005" lon="11.511920000000002">
    <ele>898.1000000000001</ele>
   </trkpt>
   <trkpt lat="46.84937" lon="11.512630000000001">
    <ele>898.1000000000001</ele>
   </trkpt>
   <trkpt lat="46.849450000000004" lon="11.513190000000002">
    <ele>898.1000000000001</ele>
   </trkpt>
   <trkpt lat="46.84946" lon="11.513630000000001">
    <ele>898.1000000000001</ele>
   </trkpt>
   <trkpt lat="46.849520000000005" lon="11.51396">
    <ele>898.1000000000001</ele>
   </trkpt>
   <trkpt lat="46.84951" lon="11.514030000000002">
    <ele>898.1000000000001</ele>
   </trkpt>
   <trkpt lat="46.84944" lon="11.514230000000001">
    <ele>898.1000000000001</ele>
   </trkpt>
   <trkpt lat="46.84937" lon="11.5143">
    <ele>898.1000000000001</ele>
   </trkpt>
   <trkpt lat="46.848790000524644" lon="11.514670004040926">
    <ele>898.1000000000001</ele>
   </trkpt>
   <trkpt lat="46.84821" lon="11.51504">
    <ele>898.1000000000001</ele>
   </trkpt>
   <trkpt lat="46.84812" lon="11.515160000000002">
    <ele>898.1000000000001</ele>
   </trkpt>
   <trkpt lat="46.848110000000005" lon="11.515220000000001">
    <ele>898.1000000000001</ele>
   </trkpt>
   <trkpt lat="46.84801" lon="11.515260000000001">
    <ele>898.1000000000001</ele>
   </trkpt>
   <trkpt lat="46.847820000000006" lon="11.515400000000001">
    <ele>898.1000000000001</ele>
   </trkpt>
   <trkpt lat="46.84738" lon="11.51581">
    <ele>898.1000000000001</ele>
   </trkpt>
   <trkpt lat="46.847080000000005" lon="11.51618">
    <ele>898.1000000000001</ele>
   </trkpt>
   <trkpt lat="46.84682" lon="11.51656">
    <ele>910.5300000000001</ele>
   </trkpt>
   <trkpt lat="46.84642" lon="11.517380000000001">
    <ele>910.5300000000001</ele>
   </trkpt>
   <trkpt lat="46.846070000000005" lon="11.518030000000001">
    <ele>910.5300000000001</ele>
   </trkpt>
   <trkpt lat="46.845960000000005" lon="11.518320000000001">
    <ele>910.5300000000001</ele>
   </trkpt>
   <trkpt lat="46.84592000000001" lon="11.51867">
    <ele>910.5300000000001</ele>
   </trkpt>
   <trkpt lat="46.84581000000001" lon="11.51923">
    <ele>910.5300000000001</ele>
   </trkpt>
   <trkpt lat="46.84579" lon="11.5195">
    <ele>910.5300000000001</ele>
   </trkpt>
   <trkpt lat="46.84568" lon="11.520100000000001">
    <ele>910.5300000000001</ele>
   </trkpt>
   <trkpt lat="46.84539" lon="11.520990000000001">
    <ele>910.5300000000001</ele>
   </trkpt>
   <trkpt lat="46.845290000000006" lon="11.52115">
    <ele>910.5300000000001</ele>
   </trkpt>
   <trkpt lat="46.8451" lon="11.52139">
    <ele>910.5300000000001</ele>
   </trkpt>
   <trkpt lat="46.8449" lon="11.521600000000001">
    <ele>910.5300000000001</ele>
   </trkpt>
   <trkpt lat="46.84414" lon="11.52228">
    <ele>889.6400000000001</ele>
   </trkpt>
   <trkpt lat="46.84343000165651" lon="11.522895008119542">
    <ele>889.6400000000001</ele>
   </trkpt>
   <trkpt lat="46.84272000000001" lon="11.523510000000002">
    <ele>889.6400000000001</ele>
   </trkpt>
   <trkpt lat="46.842580000000005" lon="11.52355">
    <ele>889.6400000000001</ele>
   </trkpt>
   <trkpt lat="46.842180000000006" lon="11.523620000000001">
    <ele>889.6400000000001</ele>
   </trkpt>
   <trkpt lat="46.842130000000004" lon="11.523650000000002">
    <ele>889.6400000000001</ele>
   </trkpt>
   <trkpt lat="46.842090000000006" lon="11.523710000000001">
    <ele>889.6400000000001</ele>
   </trkpt>
   <trkpt lat="46.84199" lon="11.523710000000001">
    <ele>889.6400000000001</ele>
   </trkpt>
   <trkpt lat="46.84172" lon="11.52382">
    <ele>889.6400000000001</ele>
   </trkpt>
   <trkpt lat="46.84158" lon="11.52391">
    <ele>889.6400000000001</ele>
   </trkpt>
   <trkpt lat="46.84142000000001" lon="11.52406">
    <ele>889.6400000000001</ele>
   </trkpt>
   <trkpt lat="46.840990000000005" lon="11.52457">
    <ele>889.6400000000001</ele>
   </trkpt>
   <trkpt lat="46.840900000000005" lon="11.524650000000001">
    <ele>889.6400000000001</ele>
   </trkpt>
   <trkpt lat="46.84078" lon="11.524730000000002">
    <ele>889.6400000000001</ele>
   </trkpt>
   <trkpt lat="46.84066000000001" lon="11.52477">
    <ele>889.6400000000001</ele>
   </trkpt>
   <trkpt lat="46.84053" lon="11.524840000000001">
    <ele>889.6400000000001</ele>
   </trkpt>
   <trkpt lat="46.84006" lon="11.525210000000001">
    <ele>878.4900000000001</ele>
   </trkpt>
   <trkpt lat="46.839890000000004" lon="11.525300000000001">
    <ele>878.4900000000001</ele>
   </trkpt>
   <trkpt lat="46.83944" lon="11.525360000000001">
    <ele>878.4900000000001</ele>
   </trkpt>
   <trkpt lat="46.83928" lon="11.52543">
    <ele>878.4900000000001</ele>
   </trkpt>
   <trkpt lat="46.839040000000004" lon="11.525590000000001">
    <ele>878.4900000000001</ele>
   </trkpt>
   <trkpt lat="46.838620000000006" lon="11.525970000000001">
    <ele>878.4900000000001</ele>
   </trkpt>
   <trkpt lat="46.83845" lon="11.526090000000002">
    <ele>878.4900000000001</ele>
   </trkpt>
   <trkpt lat="46.83822000000001" lon="11.52622">
    <ele>878.4900000000001</ele>
   </trkpt>
   <trkpt lat="46.83765500031751" lon="11.526530003314988">
    <ele>878.4900000000001</ele>
   </trkpt>
   <trkpt lat="46.83709" lon="11.526840000000002">
    <ele>878.4900000000001</ele>
   </trkpt>
   <trkpt lat="46.83699000000001" lon="11.52693">
    <ele>878.4900000000001</ele>
   </trkpt>
   <trkpt lat="46.836870000000005" lon="11.527190000000001">
    <ele>882.2500000000001</ele>
   </trkpt>
   <trkpt lat="46.836670000000005" lon="11.52776">
    <ele>882.2500000000001</ele>
   </trkpt>
   <trkpt lat="46.83655" lon="11.527920000000002">
    <ele>882.2500000000001</ele>
   </trkpt>
   <trkpt lat="46.836470000000006" lon="11.52796">
    <ele>882.2500000000001</ele>
   </trkpt>
   <trkpt lat="46.83637" lon="11.52796">
    <ele>882.2500000000001</ele>
   </trkpt>
   <trkpt lat="46.836220000000004" lon="11.527920000000002">
    <ele>882.2500000000001</ele>
   </trkpt>
   <trkpt lat="46.83567" lon="11.527880000000001">
    <ele>882.2500000000001</ele>
   </trkpt>
   <trkpt lat="46.83552" lon="11.52791">
    <ele>882.2500000000001</ele>
   </trkpt>
   <trkpt lat="46.835390000000004" lon="11.52801">
    <ele>882.2500000000001</ele>
   </trkpt>
   <trkpt lat="46.83522000000001" lon="11.52824">
    <ele>882.2500000000001</ele>
   </trkpt>
   <trkpt lat="46.83496" lon="11.52866">
    <ele>882.2500000000001</ele>
   </trkpt>
   <trkpt lat="46.83485" lon="11.52876">
    <ele>882.2500000000001</ele>
   </trkpt>
   <trkpt lat="46.83475000000001" lon="11.528820000000001">
    <ele>886.14</ele>
   </trkpt>
   <trkpt lat="46.83466000000001" lon="11.528830000000001">
    <ele>886.14</ele>
   </trkpt>
   <trkpt lat="46.83457000000001" lon="11.528810000000002">
    <ele>886.14</ele>
   </trkpt>
   <trkpt lat="46.83419000000001" lon="11.528680000000001">
    <ele>886.14</ele>
   </trkpt>
   <trkpt lat="46.83409" lon="11.528690000000001">
    <ele>886.14</ele>
   </trkpt>
   <trkpt lat="46.83402" lon="11.52875">
    <ele>886.14</ele>
   </trkpt>
   <trkpt lat="46.83382" lon="11.529060000000001">
    <ele>886.14</ele>
   </trkpt>
   <trkpt lat="46.833510000000004" lon="11.529480000000001">
    <ele>886.14</ele>
   </trkpt>
   <trkpt lat="46.83341" lon="11.52973">
    <ele>886.14</ele>
   </trkpt>
   <trkpt lat="46.833200000000005" lon="11.529990000000002">
    <ele>886.14</ele>
   </trkpt>
   <trkpt lat="46.83301" lon="11.530140000000001">
    <ele>886.14</ele>
   </trkpt>
   <trkpt lat="46.832950000000004" lon="11.530230000000001">
    <ele>886.14</ele>
   </trkpt>
   <trkpt lat="46.832890000000006" lon="11.530370000000001">
    <ele>886.14</ele>
   </trkpt>
   <trkpt lat="46.83276" lon="11.53082">
    <ele>886.14</ele>
   </trkpt>
   <trkpt lat="46.83261" lon="11.531080000000001">
    <ele>886.14</ele>
   </trkpt>
   <trkpt lat="46.83198" lon="11.5318">
    <ele>886.14</ele>
   </trkpt>
   <trkpt lat="46.83185" lon="11.531930000000001">
    <ele>886.14</ele>
   </trkpt>
   <trkpt lat="46.83169" lon="11.532050000000002">
    <ele>886.14</ele>
   </trkpt>
   <trkpt lat="46.83138" lon="11.532490000000001">
    <ele>886.14</ele>
   </trkpt>
   <trkpt lat="46.83095" lon="11.533190000000001">
    <ele>886.14</ele>
   </trkpt>
   <trkpt lat="46.830540000000006" lon="11.533610000000001">
    <ele>862.3900000000001</ele>
   </trkpt>
   <trkpt lat="46.83014000000001" lon="11.533850000000001">
    <ele>862.3900000000001</ele>
   </trkpt>
   <trkpt lat="46.82934" lon="11.534270000000001">
    <ele>862.3900000000001</ele>
   </trkpt>
   <trkpt lat="46.82874" lon="11.53461">
    <ele>862.3900000000001</ele>
   </trkpt>
   <trkpt lat="46.828410000000005" lon="11.53476">
    <ele>862.3900000000001</ele>
   </trkpt>
   <trkpt lat="46.82811" lon="11.534820000000002">
    <ele>862.3900000000001</ele>
   </trkpt>
   <trkpt lat="46.82784" lon="11.534930000000001">
    <ele>862.3900000000001</ele>
   </trkpt>
   <trkpt lat="46.827510000000004" lon="11.534980000000001">
    <ele>862.3900000000001</ele>
   </trkpt>
   <trkpt lat="46.82715" lon="11.534970000000001">
    <ele>862.3900000000001</ele>
   </trkpt>
   <trkpt lat="46.82685" lon="11.535050000000002">
    <ele>862.3900000000001</ele>
   </trkpt>
   <trkpt lat="46.82661" lon="11.53508">
    <ele>862.3900000000001</ele>
   </trkpt>
   <trkpt lat="46.825950000000006" lon="11.535070000000001">
    <ele>862.4000000000001</ele>
   </trkpt>
   <trkpt lat="46.82591" lon="11.535050000000002">
    <ele>862.4000000000001</ele>
   </trkpt>
   <trkpt lat="46.82583" lon="11.534730000000001">
    <ele>865.36</ele>
   </trkpt>
   <trkpt lat="46.8258" lon="11.534690000000001">
    <ele>865.36</ele>
   </trkpt>
   <trkpt lat="46.825750000000006" lon="11.534680000000002">
    <ele>865.36</ele>
   </trkpt>
   <trkpt lat="46.82544" lon="11.53485">
    <ele>865.36</ele>
   </trkpt>
   <trkpt lat="46.825070000000004" lon="11.53499">
    <ele>865.36</ele>
   </trkpt>
   <trkpt lat="46.824250000000006" lon="11.535100000000002">
    <ele>865.36</ele>
   </trkpt>
   <trkpt lat="46.82383" lon="11.53504">
    <ele>865.36</ele>
   </trkpt>
   <trkpt lat="46.823600000000006" lon="11.535060000000001">
    <ele>865.36</ele>
   </trkpt>
   <trkpt lat="46.82332" lon="11.535120000000001">
    <ele>865.36</ele>
   </trkpt>
   <trkpt lat="46.82274" lon="11.53503">
    <ele>863.0300000000001</ele>
   </trkpt>
   <trkpt lat="46.82202" lon="11.53509">
    <ele>863.0300000000001</ele>
   </trkpt>
   <trkpt lat="46.82140500009952" lon="11.53504499949189">
    <ele>863.0300000000001</ele>
   </trkpt>
   <trkpt lat="46.82079" lon="11.535">
    <ele>863.0300000000001</ele>
   </trkpt>
   <trkpt lat="46.820240000000005" lon="11.534820000000002">
    <ele>863.0300000000001</ele>
   </trkpt>
   <trkpt lat="46.820130000000006" lon="11.534830000000001">
    <ele>863.0300000000001</ele>
   </trkpt>
   <trkpt lat="46.820040000000006" lon="11.534930000000001">
    <ele>863.0300000000001</ele>
   </trkpt>
   <trkpt lat="46.819970000000005" lon="11.53508">
    <ele>854.33</ele>
   </trkpt>
   <trkpt lat="46.819790000000005" lon="11.53533">
    <ele>854.33</ele>
   </trkpt>
   <trkpt lat="46.81971" lon="11.535400000000001">
    <ele>854.33</ele>
   </trkpt>
   <trkpt lat="46.81929" lon="11.535480000000002">
    <ele>854.34</ele>
   </trkpt>
   <trkpt lat="46.819160000000004" lon="11.535580000000001">
    <ele>854.34</ele>
   </trkpt>
   <trkpt lat="46.81877" lon="11.536230000000002">
    <ele>844.4</ele>
   </trkpt>
   <trkpt lat="46.81870000000001" lon="11.536320000000002">
    <ele>844.4</ele>
   </trkpt>
   <trkpt lat="46.81832000000001" lon="11.536520000000001">
    <ele>844.4</ele>
   </trkpt>
   <trkpt lat="46.818270000000005" lon="11.536470000000001">
    <ele>844.4</ele>
   </trkpt>
   <trkpt lat="46.81817" lon="11.5365">
    <ele>845.5600000000001</ele>
   </trkpt>
   <trkpt lat="46.818020000000004" lon="11.53659">
    <ele>845.5600000000001</ele>
   </trkpt>
   <trkpt lat="46.81792" lon="11.53669">
    <ele>845.5600000000001</ele>
   </trkpt>
   <trkpt lat="46.81781" lon="11.53691">
    <ele>845.64</ele>
   </trkpt>
   <trkpt lat="46.81772" lon="11.537020000000002">
    <ele>845.64</ele>
   </trkpt>
   <trkpt lat="46.8175" lon="11.537090000000001">
    <ele>845.64</ele>
   </trkpt>
   <trkpt lat="46.81736" lon="11.537350000000002">
    <ele>845.64</ele>
   </trkpt>
   <trkpt lat="46.81727" lon="11.537450000000002">
    <ele>845.64</ele>
   </trkpt>
   <trkpt lat="46.81701" lon="11.537600000000001">
    <ele>845.64</ele>
   </trkpt>
   <trkpt lat="46.81676" lon="11.537690000000001">
    <ele>845.64</ele>
   </trkpt>
   <trkpt lat="46.816610000000004" lon="11.537780000000001">
    <ele>845.64</ele>
   </trkpt>
   <trkpt lat="46.81629" lon="11.538010000000002">
    <ele>845.64</ele>
   </trkpt>
   <trkpt lat="46.81604" lon="11.53814">
    <ele>845.64</ele>
   </trkpt>
   <trkpt lat="46.81586" lon="11.53819">
    <ele>845.64</ele>
   </trkpt>
   <trkpt lat="46.815630000000006" lon="11.53822">
    <ele>845.64</ele>
   </trkpt>
   <trkpt lat="46.815430000000006" lon="11.53827">
    <ele>845.64</ele>
   </trkpt>
   <trkpt lat="46.8151" lon="11.53841">
    <ele>845.64</ele>
   </trkpt>
   <trkpt lat="46.814980000000006" lon="11.538490000000001">
    <ele>845.64</ele>
   </trkpt>
   <trkpt lat="46.81465" lon="11.53884">
    <ele>845.64</ele>
   </trkpt>
   <trkpt lat="46.814490000000006" lon="11.53908">
    <ele>845.64</ele>
   </trkpt>
   <trkpt lat="46.81436" lon="11.5393">
    <ele>839.9100000000001</ele>
   </trkpt>
   <trkpt lat="46.81412" lon="11.539800000000001">
    <ele>839.9100000000001</ele>
   </trkpt>
   <trkpt lat="46.813970000000005" lon="11.540040000000001">
    <ele>839.9100000000001</ele>
   </trkpt>
   <trkpt lat="46.81382000000001" lon="11.540220000000001">
    <ele>839.9100000000001</ele>
   </trkpt>
   <trkpt lat="46.813570000000006" lon="11.540420000000001">
    <ele>839.9100000000001</ele>
   </trkpt>
   <trkpt lat="46.813480000000006" lon="11.540540000000002">
    <ele>839.9100000000001</ele>
   </trkpt>
   <trkpt lat="46.81307" lon="11.54127">
    <ele>839.9100000000001</ele>
   </trkpt>
   <trkpt lat="46.812990000000006" lon="11.541580000000002">
    <ele>839.9100000000001</ele>
   </trkpt>
   <trkpt lat="46.812990000000006" lon="11.541950000000002">
    <ele>839.9100000000001</ele>
   </trkpt>
   <trkpt lat="46.81322000198412" lon="11.542629997004774">
    <ele>839.9100000000001</ele>
   </trkpt>
   <trkpt lat="46.81345" lon="11.543310000000002">
    <ele>839.9100000000001</ele>
   </trkpt>
   <trkpt lat="46.813500000000005" lon="11.54353">
    <ele>839.9100000000001</ele>
   </trkpt>
   <trkpt lat="46.813550000000006" lon="11.54404">
    <ele>839.9100000000001</ele>
   </trkpt>
   <trkpt lat="46.813665002205695" lon="11.544744998745937">
    <ele>837.72</ele>
   </trkpt>
   <trkpt lat="46.81378" lon="11.54545">
    <ele>837.72</ele>
   </trkpt>
   <trkpt lat="46.81378" lon="11.545950000000001">
    <ele>837.72</ele>
   </trkpt>
   <trkpt lat="46.81372" lon="11.546470000000001">
    <ele>837.72</ele>
   </trkpt>
   <trkpt lat="46.81356" lon="11.54715">
    <ele>837.72</ele>
   </trkpt>
   <trkpt lat="46.81349" lon="11.54738">
    <ele>837.72</ele>
   </trkpt>
   <trkpt lat="46.81326000000001" lon="11.547930000000001">
    <ele>837.72</ele>
   </trkpt>
   <trkpt lat="46.81276500457964" lon="11.548950009286987">
    <ele>837.72</ele>
   </trkpt>
   <trkpt lat="46.812270000000005" lon="11.54997">
    <ele>831.22</ele>
   </trkpt>
   <trkpt lat="46.81213" lon="11.550490000000002">
    <ele>831.22</ele>
   </trkpt>
   <trkpt lat="46.81208" lon="11.55095">
    <ele>831.22</ele>
   </trkpt>
   <trkpt lat="46.81204" lon="11.551580000000001">
    <ele>831.22</ele>
   </trkpt>
   <trkpt lat="46.81201751573615" lon="11.552677501342288">
    <ele>831.22</ele>
   </trkpt>
   <trkpt lat="46.811995020981996" lon="11.553775001766708">
    <ele>831.22</ele>
   </trkpt>
   <trkpt lat="46.81197251573757" lon="11.554872501272834">
    <ele>831.22</ele>
   </trkpt>
   <trkpt lat="46.81195" lon="11.55597">
    <ele>831.2</ele>
   </trkpt>
   <trkpt lat="46.811870000000006" lon="11.556280000000001">
    <ele>831.2</ele>
   </trkpt>
   <trkpt lat="46.81165000000001" lon="11.556890000000001">
    <ele>828.1600000000001</ele>
   </trkpt>
   <trkpt lat="46.81166" lon="11.55761">
    <ele>828.1600000000001</ele>
   </trkpt>
   <trkpt lat="46.811640000000004" lon="11.5577">
    <ele>828.1600000000001</ele>
   </trkpt>
   <trkpt lat="46.8113" lon="11.558420000000002">
    <ele>828.1600000000001</ele>
   </trkpt>
   <trkpt lat="46.811060000000005" lon="11.55882">
    <ele>828.1600000000001</ele>
   </trkpt>
   <trkpt lat="46.8105600021251" lon="11.559530006699921">
    <ele>828.1600000000001</ele>
   </trkpt>
   <trkpt lat="46.81006000000001" lon="11.56024">
    <ele>841.57</ele>
   </trkpt>
   <trkpt lat="46.809650000000005" lon="11.561110000000001">
    <ele>841.57</ele>
   </trkpt>
   <trkpt lat="46.809250000000006" lon="11.56206">
    <ele>841.57</ele>
   </trkpt>
   <trkpt lat="46.808910000000004" lon="11.562650000000001">
    <ele>841.57</ele>
   </trkpt>
   <trkpt lat="46.808870000000006" lon="11.562850000000001">
    <ele>841.57</ele>
   </trkpt>
   <trkpt lat="46.808870000000006" lon="11.56301">
    <ele>841.57</ele>
   </trkpt>
   <trkpt lat="46.808800000000005" lon="11.563260000000001">
    <ele>841.57</ele>
   </trkpt>
   <trkpt lat="46.808420000000005" lon="11.564250000000001">
    <ele>830.8700000000001</ele>
   </trkpt>
   <trkpt lat="46.808370000000004" lon="11.564630000000001">
    <ele>830.8700000000001</ele>
   </trkpt>
   <trkpt lat="46.80806500455771" lon="11.565655005870466">
    <ele>830.8700000000001</ele>
   </trkpt>
   <trkpt lat="46.80776" lon="11.566680000000002">
    <ele>809.08</ele>
   </trkpt>
   <trkpt lat="46.80745" lon="11.567440000000001">
    <ele>809.08</ele>
   </trkpt>
   <trkpt lat="46.80738" lon="11.567530000000001">
    <ele>809.08</ele>
   </trkpt>
   <trkpt lat="46.807280000000006" lon="11.567720000000001">
    <ele>809.08</ele>
   </trkpt>
   <trkpt lat="46.807210000000005" lon="11.567910000000001">
    <ele>809.08</ele>
   </trkpt>
   <trkpt lat="46.80702" lon="11.568850000000001">
    <ele>809.08</ele>
   </trkpt>
   <trkpt lat="46.806920000000005" lon="11.569230000000001">
    <ele>809.08</ele>
   </trkpt>
   <trkpt lat="46.806900000000006" lon="11.569550000000001">
    <ele>809.08</ele>
   </trkpt>
   <trkpt lat="46.80686" lon="11.56975">
    <ele>809.08</ele>
   </trkpt>
   <trkpt lat="46.806740000000005" lon="11.570170000000001">
    <ele>809.08</ele>
   </trkpt>
   <trkpt lat="46.80649000262521" lon="11.5709500037005">
    <ele>810.15</ele>
   </trkpt>
   <trkpt lat="46.80624" lon="11.57173">
    <ele>810.09</ele>
   </trkpt>
   <trkpt lat="46.80615" lon="11.57197">
    <ele>810.09</ele>
   </trkpt>
   <trkpt lat="46.8061" lon="11.572040000000001">
    <ele>810.09</ele>
   </trkpt>
   <trkpt lat="46.80604" lon="11.572080000000001">
    <ele>810.09</ele>
   </trkpt>
   <trkpt lat="46.805980000000005" lon="11.572180000000001">
    <ele>810.09</ele>
   </trkpt>
   <trkpt lat="46.80592" lon="11.572600000000001">
    <ele>808.6000000000001</ele>
   </trkpt>
   <trkpt lat="46.80606" lon="11.57268">
    <ele>802.42</ele>
   </trkpt>
   <trkpt lat="46.806520000000006" lon="11.573">
    <ele>800.7700000000001</ele>
   </trkpt>
   <trkpt lat="46.80662" lon="11.57313">
    <ele>799.7800000000001</ele>
   </trkpt>
   <trkpt lat="46.807080000000006" lon="11.573830000000001">
    <ele>805.64</ele>
   </trkpt>
   <trkpt lat="46.807500000468984" lon="11.574199996998976">
    <ele>808.6600000000001</ele>
   </trkpt>
   <trkpt lat="46.80792" lon="11.574570000000001">
    <ele>814.7800000000001</ele>
   </trkpt>
   <trkpt lat="46.80794" lon="11.574990000000001">
    <ele>814.7800000000001</ele>
   </trkpt>
   <trkpt lat="46.8078" lon="11.575610000000001">
    <ele>814.7800000000001</ele>
   </trkpt>
   <trkpt lat="46.80758000271275" lon="11.57640500339422">
    <ele>814.7800000000001</ele>
   </trkpt>
   <trkpt lat="46.80736" lon="11.577200000000001">
    <ele>814.7800000000001</ele>
   </trkpt>
   <trkpt lat="46.8070800030441" lon="11.578035004322807">
    <ele>814.7800000000001</ele>
   </trkpt>
   <trkpt lat="46.8068" lon="11.57887">
    <ele>814.7800000000001</ele>
   </trkpt>
   <trkpt lat="46.806545002721904" lon="11.579665003863298">
    <ele>812.7700000000001</ele>
   </trkpt>
   <trkpt lat="46.806290000000004" lon="11.58046">
    <ele>812.7700000000001</ele>
   </trkpt>
   <trkpt lat="46.80616000204761" lon="11.581150001803614">
    <ele>812.7700000000001</ele>
   </trkpt>
   <trkpt lat="46.80603000000001" lon="11.581840000000001">
    <ele>812.7700000000001</ele>
   </trkpt>
   <trkpt lat="46.805860003053596" lon="11.582680002748752">
    <ele>812.7700000000001</ele>
   </trkpt>
   <trkpt lat="46.805690000000006" lon="11.583520000000002">
    <ele>812.7700000000001</ele>
   </trkpt>
   <trkpt lat="46.805530000000005" lon="11.583990000000002">
    <ele>812.7700000000001</ele>
   </trkpt>
   <trkpt lat="46.805330000000005" lon="11.58441">
    <ele>812.7700000000001</ele>
   </trkpt>
   <trkpt lat="46.805200000000006" lon="11.58463">
    <ele>812.7700000000001</ele>
   </trkpt>
   <trkpt lat="46.80462000220131" lon="11.585325007375863">
    <ele>812.7700000000001</ele>
   </trkpt>
   <trkpt lat="46.80404" lon="11.586020000000001">
    <ele>797.54</ele>
   </trkpt>
   <trkpt lat="46.80375" lon="11.58646">
    <ele>797.54</ele>
   </trkpt>
   <trkpt lat="46.803610000000006" lon="11.586760000000002">
    <ele>797.54</ele>
   </trkpt>
   <trkpt lat="46.80351" lon="11.587040000000002">
    <ele>799.94</ele>
   </trkpt>
   <trkpt lat="46.80337" lon="11.587700000000002">
    <ele>799.94</ele>
   </trkpt>
   <trkpt lat="46.80327500235397" lon="11.588435001286657">
    <ele>799.94</ele>
   </trkpt>
   <trkpt lat="46.803180000000005" lon="11.589170000000001">
    <ele>799.94</ele>
   </trkpt>
   <trkpt lat="46.80308" lon="11.589530000000002">
    <ele>799.94</ele>
   </trkpt>
   <trkpt lat="46.80274251281985" lon="11.590520018585691">
    <ele>799.94</ele>
   </trkpt>
   <trkpt lat="46.80240501710342" lon="11.591510024750338">
    <ele>777.9</ele>
   </trkpt>
   <trkpt lat="46.802067512850925" lon="11.592500018493936">
    <ele>777.9</ele>
   </trkpt>
   <trkpt lat="46.801730000000006" lon="11.593490000000001">
    <ele>777.9</ele>
   </trkpt>
   <trkpt lat="46.801480000000005" lon="11.59407">
    <ele>777.9</ele>
   </trkpt>
   <trkpt lat="46.80118" lon="11.594640000000002">
    <ele>777.9</ele>
   </trkpt>
   <trkpt lat="46.801080000000006" lon="11.594740000000002">
    <ele>777.9</ele>
   </trkpt>
   <trkpt lat="46.80097000000001" lon="11.59495">
    <ele>777.9</ele>
   </trkpt>
   <trkpt lat="46.80093" lon="11.59509">
    <ele>777.9</ele>
   </trkpt>
   <trkpt lat="46.800560000000004" lon="11.59562">
    <ele>777.9</ele>
   </trkpt>
   <trkpt lat="46.80003000000001" lon="11.59631">
    <ele>777.9</ele>
   </trkpt>
   <trkpt lat="46.799870000000006" lon="11.596480000000001">
    <ele>773.99</ele>
   </trkpt>
   <trkpt lat="46.799360000841425" lon="11.59693500436639">
    <ele>773.99</ele>
   </trkpt>
   <trkpt lat="46.79885" lon="11.59739">
    <ele>773.99</ele>
   </trkpt>
   <trkpt lat="46.79862000000001" lon="11.59768">
    <ele>773.99</ele>
   </trkpt>
   <trkpt lat="46.798320000000004" lon="11.598270000000001">
    <ele>773.99</ele>
   </trkpt>
   <trkpt lat="46.79818" lon="11.598980000000001">
    <ele>768.45</ele>
   </trkpt>
   <trkpt lat="46.798100000000005" lon="11.599520000000002">
    <ele>768.1000000000001</ele>
   </trkpt>
   <trkpt lat="46.798140000000004" lon="11.59961">
    <ele>768.1000000000001</ele>
   </trkpt>
   <trkpt lat="46.798080000000006" lon="11.599900000000002">
    <ele>764.51</ele>
   </trkpt>
   <trkpt lat="46.797850000000004" lon="11.600570000000001">
    <ele>764.51</ele>
   </trkpt>
   <trkpt lat="46.797380000000004" lon="11.601600000000001">
    <ele>757.87</ele>
   </trkpt>
   <trkpt lat="46.79726" lon="11.60195">
    <ele>757.87</ele>
   </trkpt>
   <trkpt lat="46.796980000000005" lon="11.60308">
    <ele>759.6600000000001</ele>
   </trkpt>
   <trkpt lat="46.79672" lon="11.60429">
    <ele>756.74</ele>
   </trkpt>
   <trkpt lat="46.79666" lon="11.604270000000001">
    <ele>756.74</ele>
   </trkpt>
   <trkpt lat="46.79648" lon="11.604800000000001">
    <ele>756.74</ele>
   </trkpt>
   <trkpt lat="46.7963" lon="11.60514">
    <ele>756.74</ele>
   </trkpt>
   <trkpt lat="46.79601" lon="11.605490000000001">
    <ele>754.69</ele>
   </trkpt>
   <trkpt lat="46.79578" lon="11.605680000000001">
    <ele>754.69</ele>
   </trkpt>
   <trkpt lat="46.79524500066026" lon="11.606060003755553">
    <ele>754.69</ele>
   </trkpt>
   <trkpt lat="46.79471" lon="11.606440000000001">
    <ele>754.14</ele>
   </trkpt>
   <trkpt lat="46.79427500057985" lon="11.606775002637702">
    <ele>754.14</ele>
   </trkpt>
   <trkpt lat="46.79384" lon="11.60711">
    <ele>751.77</ele>
   </trkpt>
   <trkpt lat="46.79361" lon="11.607320000000001">
    <ele>751.77</ele>
   </trkpt>
   <trkpt lat="46.793470000000006" lon="11.60749">
    <ele>751.77</ele>
   </trkpt>
   <trkpt lat="46.793290000000006" lon="11.607780000000002">
    <ele>751.77</ele>
   </trkpt>
   <trkpt lat="46.79325" lon="11.60777">
    <ele>751.77</ele>
   </trkpt>
   <trkpt lat="46.7931" lon="11.607600000000001">
    <ele>751.77</ele>
   </trkpt>
   <trkpt lat="46.79268500084235" lon="11.608025003220131">
    <ele>751.77</ele>
   </trkpt>
   <trkpt lat="46.79227" lon="11.608450000000001">
    <ele>740.92</ele>
   </trkpt>
   <trkpt lat="46.79196" lon="11.60899">
    <ele>740.92</ele>
   </trkpt>
   <trkpt lat="46.79169" lon="11.609570000000001">
    <ele>740.97</ele>
   </trkpt>
   <trkpt lat="46.79166000000001" lon="11.6096">
    <ele>740.97</ele>
   </trkpt>
   <trkpt lat="46.79162" lon="11.60959">
    <ele>740.97</ele>
   </trkpt>
   <trkpt lat="46.791140000000006" lon="11.609150000000001">
    <ele>741.5</ele>
   </trkpt>
   <trkpt lat="46.79068000025769" lon="11.60942500239318">
    <ele>743.3900000000001</ele>
   </trkpt>
   <trkpt lat="46.790220000000005" lon="11.6097">
    <ele>743.3900000000001</ele>
   </trkpt>
   <trkpt lat="46.78998000000001" lon="11.60988">
    <ele>743.3900000000001</ele>
   </trkpt>
   <trkpt lat="46.789440000000006" lon="11.610220000000002">
    <ele>744.97</ele>
   </trkpt>
   <trkpt lat="46.789320000000004" lon="11.6104">
    <ele>745.6100000000001</ele>
   </trkpt>
   <trkpt lat="46.789" lon="11.610570000000001">
    <ele>745.94</ele>
   </trkpt>
   <trkpt lat="46.78895000000001" lon="11.61053">
    <ele>746.95</ele>
   </trkpt>
   <trkpt lat="46.788900000000005" lon="11.610570000000001">
    <ele>746.95</ele>
   </trkpt>
   <trkpt lat="46.788880000000006" lon="11.610560000000001">
    <ele>746.95</ele>
   </trkpt>
   <trkpt lat="46.788810000000005" lon="11.61059">
    <ele>746.95</ele>
   </trkpt>
   <trkpt lat="46.78855" lon="11.610740000000002">
    <ele>746.95</ele>
   </trkpt>
   <trkpt lat="46.78844" lon="11.61092">
    <ele>746.95</ele>
   </trkpt>
   <trkpt lat="46.78763000000001" lon="11.611400000000001">
    <ele>746.5</ele>
   </trkpt>
   <trkpt lat="46.78752" lon="11.611490000000002">
    <ele>746.5</ele>
   </trkpt>
   <trkpt lat="46.78732" lon="11.61162">
    <ele>746.5</ele>
   </trkpt>
   <trkpt lat="46.786830000207274" lon="11.611860002206035">
    <ele>742.7600000000001</ele>
   </trkpt>
   <trkpt lat="46.78634" lon="11.612100000000002">
    <ele>742.7600000000001</ele>
   </trkpt>
   <trkpt lat="46.78625" lon="11.612190000000002">
    <ele>742.7600000000001</ele>
   </trkpt>
   <trkpt lat="46.78586000000001" lon="11.612430000000002">
    <ele>740.46</ele>
   </trkpt>
   <trkpt lat="46.78616" lon="11.613010000000001">
    <ele>740.4300000000001</ele>
   </trkpt>
   <trkpt lat="46.78593" lon="11.61326">
    <ele>735.7</ele>
   </trkpt>
   <trkpt lat="46.78571" lon="11.613410000000002">
    <ele>735.7300000000001</ele>
   </trkpt>
   <trkpt lat="46.785070000000005" lon="11.613750000000001">
    <ele>732.1700000000001</ele>
   </trkpt>
   <trkpt lat="46.784800000000004" lon="11.61396">
    <ele>732.3000000000001</ele>
   </trkpt>
   <trkpt lat="46.784470000000006" lon="11.614350000000002">
    <ele>736.89</ele>
   </trkpt>
   <trkpt lat="46.784440000000004" lon="11.6143">
    <ele>736.89</ele>
   </trkpt>
   <trkpt lat="46.78428" lon="11.614510000000001">
    <ele>736.89</ele>
   </trkpt>
   <trkpt lat="46.78423" lon="11.614510000000001">
    <ele>736.89</ele>
   </trkpt>
   <trkpt lat="46.78421" lon="11.61458">
    <ele>736.89</ele>
   </trkpt>
   <trkpt lat="46.783590000000004" lon="11.615390000000001">
    <ele>741.4200000000001</ele>
   </trkpt>
   <trkpt lat="46.78312500154073" lon="11.615980005064563">
    <ele>741.4200000000001</ele>
   </trkpt>
   <trkpt lat="46.78266000000001" lon="11.616570000000001">
    <ele>735.98</ele>
   </trkpt>
   <trkpt lat="46.78237000000001" lon="11.617030000000002">
    <ele>735.98</ele>
   </trkpt>
   <trkpt lat="46.78215" lon="11.61748">
    <ele>735.98</ele>
   </trkpt>
   <trkpt lat="46.78184" lon="11.61827">
    <ele>732.1700000000001</ele>
   </trkpt>
   <trkpt lat="46.78152" lon="11.618760000000002">
    <ele>732.1700000000001</ele>
   </trkpt>
   <trkpt lat="46.78112" lon="11.61945">
    <ele>735.77</ele>
   </trkpt>
   <trkpt lat="46.78108" lon="11.619650000000002">
    <ele>735.77</ele>
   </trkpt>
   <trkpt lat="46.781000000000006" lon="11.619800000000001">
    <ele>735.77</ele>
   </trkpt>
   <trkpt lat="46.7805850019855" lon="11.620480005287616">
    <ele>735.77</ele>
   </trkpt>
   <trkpt lat="46.780170000000005" lon="11.621160000000001">
    <ele>735.77</ele>
   </trkpt>
   <trkpt lat="46.77971" lon="11.621630000000001">
    <ele>750.1700000000001</ele>
   </trkpt>
   <trkpt lat="46.77911500399417" lon="11.622580010396014">
    <ele>750.1700000000001</ele>
   </trkpt>
   <trkpt lat="46.77852" lon="11.62353">
    <ele>750.1700000000001</ele>
   </trkpt>
   <trkpt lat="46.778240000000004" lon="11.62409">
    <ele>750.1700000000001</ele>
   </trkpt>
   <trkpt lat="46.77817" lon="11.62415">
    <ele>750.1700000000001</ele>
   </trkpt>
   <trkpt lat="46.77814" lon="11.624270000000001">
    <ele>738.62</ele>
   </trkpt>
   <trkpt lat="46.7781" lon="11.625110000000001">
    <ele>738.62</ele>
   </trkpt>
   <trkpt lat="46.778110000000005" lon="11.62517">
    <ele>738.62</ele>
   </trkpt>
   <trkpt lat="46.77808" lon="11.62541">
    <ele>738.62</ele>
   </trkpt>
   <trkpt lat="46.77808" lon="11.625530000000001">
    <ele>744.8</ele>
   </trkpt>
   <trkpt lat="46.77799" lon="11.62597">
    <ele>744.8</ele>
   </trkpt>
   <trkpt lat="46.777840000000005" lon="11.626430000000001">
    <ele>744.8</ele>
   </trkpt>
   <trkpt lat="46.777680000000004" lon="11.626660000000001">
    <ele>753.2200000000001</ele>
   </trkpt>
   <trkpt lat="46.77722000000001" lon="11.627210000000002">
    <ele>751.2</ele>
   </trkpt>
   <trkpt lat="46.776770000000006" lon="11.627690000000001">
    <ele>750.23</ele>
   </trkpt>
   <trkpt lat="46.77682" lon="11.627790000000001">
    <ele>747.72</ele>
   </trkpt>
   <trkpt lat="46.77638" lon="11.62832">
    <ele>738.9100000000001</ele>
   </trkpt>
   <trkpt lat="46.776410000000006" lon="11.628380000000002">
    <ele>738.9100000000001</ele>
   </trkpt>
   <trkpt lat="46.77644" lon="11.628520000000002">
    <ele>738.9100000000001</ele>
   </trkpt>
   <trkpt lat="46.776450000000004" lon="11.628720000000001">
    <ele>736.72</ele>
   </trkpt>
   <trkpt lat="46.776430000000005" lon="11.629380000000001">
    <ele>736.72</ele>
   </trkpt>
   <trkpt lat="46.776435004939714" lon="11.630444999949994">
    <ele>733.44</ele>
   </trkpt>
   <trkpt lat="46.77644" lon="11.63151">
    <ele>726.2900000000001</ele>
   </trkpt>
   <trkpt lat="46.77648000000001" lon="11.63179">
    <ele>726.2900000000001</ele>
   </trkpt>
   <trkpt lat="46.7766" lon="11.631990000000002">
    <ele>726.2900000000001</ele>
   </trkpt>
   <trkpt lat="46.77684000000001" lon="11.632200000000001">
    <ele>726.2900000000001</ele>
   </trkpt>
   <trkpt lat="46.77705" lon="11.632320000000002">
    <ele>726.2900000000001</ele>
   </trkpt>
   <trkpt lat="46.77731000000001" lon="11.632380000000001">
    <ele>727.3900000000001</ele>
   </trkpt>
   <trkpt lat="46.777350000000006" lon="11.63241">
    <ele>727.3900000000001</ele>
   </trkpt>
   <trkpt lat="46.77740000000001" lon="11.6325">
    <ele>727.3900000000001</ele>
   </trkpt>
   <trkpt lat="46.777530000000006" lon="11.633030000000002">
    <ele>727.5100000000001</ele>
   </trkpt>
   <trkpt lat="46.77756" lon="11.63319">
    <ele>727.5100000000001</ele>
   </trkpt>
   <trkpt lat="46.777480000000004" lon="11.63353">
    <ele>727.5100000000001</ele>
   </trkpt>
   <trkpt lat="46.77740000000001" lon="11.633690000000001">
    <ele>727.5100000000001</ele>
   </trkpt>
   <trkpt lat="46.777420000000006" lon="11.63376">
    <ele>727.5100000000001</ele>
   </trkpt>
   <trkpt lat="46.77729" lon="11.634110000000002">
    <ele>735.8100000000001</ele>
   </trkpt>
   <trkpt lat="46.77718" lon="11.6346">
    <ele>735.8100000000001</ele>
   </trkpt>
   <trkpt lat="46.777150000000006" lon="11.6348">
    <ele>735.84</ele>
   </trkpt>
   <trkpt lat="46.777135003217545" lon="11.635660000431992">
    <ele>733.98</ele>
   </trkpt>
   <trkpt lat="46.777120000000004" lon="11.63652">
    <ele>728.38</ele>
   </trkpt>
   <trkpt lat="46.77714" lon="11.63718">
    <ele>728.38</ele>
   </trkpt>
   <trkpt lat="46.77722000000001" lon="11.63752">
    <ele>728.38</ele>
   </trkpt>
   <trkpt lat="46.77754" lon="11.638200000000001">
    <ele>743.0600000000001</ele>
   </trkpt>
   <trkpt lat="46.77765" lon="11.63836">
    <ele>743.0600000000001</ele>
   </trkpt>
   <trkpt lat="46.77797" lon="11.63851">
    <ele>742.99</ele>
   </trkpt>
   <trkpt lat="46.77803" lon="11.6386">
    <ele>742.99</ele>
   </trkpt>
   <trkpt lat="46.77805" lon="11.638720000000001">
    <ele>742.99</ele>
   </trkpt>
   <trkpt lat="46.778040000000004" lon="11.63883">
    <ele>742.99</ele>
   </trkpt>
   <trkpt lat="46.77779" lon="11.63915">
    <ele>731.08</ele>
   </trkpt>
   <trkpt lat="46.77729" lon="11.639710000000001">
    <ele>731.08</ele>
   </trkpt>
   <trkpt lat="46.77727" lon="11.63967">
    <ele>731.08</ele>
   </trkpt>
   <trkpt lat="46.77694" lon="11.640070000000001">
    <ele>731.08</ele>
   </trkpt>
   <trkpt lat="46.77678" lon="11.64034">
    <ele>731.1800000000001</ele>
   </trkpt>
   <trkpt lat="46.77666000000001" lon="11.64067">
    <ele>731.1800000000001</ele>
   </trkpt>
   <trkpt lat="46.77648000000001" lon="11.641390000000001">
    <ele>731.1800000000001</ele>
   </trkpt>
   <trkpt lat="46.77638" lon="11.641620000000001">
    <ele>726.8000000000001</ele>
   </trkpt>
   <trkpt lat="46.776320000000005" lon="11.641710000000002">
    <ele>726.8000000000001</ele>
   </trkpt>
   <trkpt lat="46.776" lon="11.64193">
    <ele>720.92</ele>
   </trkpt>
   <trkpt lat="46.77582" lon="11.64201">
    <ele>720.92</ele>
   </trkpt>
   <trkpt lat="46.77572000000001" lon="11.642090000000001">
    <ele>720.92</ele>
   </trkpt>
   <trkpt lat="46.77528" lon="11.642560000000001">
    <ele>710.16</ele>
   </trkpt>
   <trkpt lat="46.774660000000004" lon="11.643130000000001">
    <ele>706.22</ele>
   </trkpt>
   <trkpt lat="46.77467" lon="11.64315">
    <ele>706.22</ele>
   </trkpt>
   <trkpt lat="46.774620000000006" lon="11.64323">
    <ele>706.22</ele>
   </trkpt>
   <trkpt lat="46.77393000184895" lon="11.643875008229342">
    <ele>712.64</ele>
   </trkpt>
   <trkpt lat="46.77324" lon="11.644520000000002">
    <ele>712.64</ele>
   </trkpt>
   <trkpt lat="46.773070000000004" lon="11.644660000000002">
    <ele>712.64</ele>
   </trkpt>
   <trkpt lat="46.772760000000005" lon="11.64498">
    <ele>717.95</ele>
   </trkpt>
   <trkpt lat="46.77266" lon="11.645130000000002">
    <ele>717.95</ele>
   </trkpt>
   <trkpt lat="46.772580000000005" lon="11.64531">
    <ele>717.95</ele>
   </trkpt>
   <trkpt lat="46.77253" lon="11.645510000000002">
    <ele>717.95</ele>
   </trkpt>
   <trkpt lat="46.77252000000001" lon="11.64572">
    <ele>718.07</ele>
   </trkpt>
   <trkpt lat="46.77255" lon="11.64601">
    <ele>718.07</ele>
   </trkpt>
   <trkpt lat="46.77262" lon="11.64605">
    <ele>723.01</ele>
   </trkpt>
   <trkpt lat="46.77261000000001" lon="11.646180000000001">
    <ele>723.01</ele>
   </trkpt>
   <trkpt lat="46.77246" lon="11.646650000000001">
    <ele>722.2400000000001</ele>
   </trkpt>
   <trkpt lat="46.772400000000005" lon="11.64672">
    <ele>722.2400000000001</ele>
   </trkpt>
   <trkpt lat="46.77235" lon="11.646730000000002">
    <ele>722.2400000000001</ele>
   </trkpt>
   <trkpt lat="46.77228" lon="11.64662">
    <ele>722.2400000000001</ele>
   </trkpt>
   <trkpt lat="46.771890000000006" lon="11.64667">
    <ele>722.2400000000001</ele>
   </trkpt>
   <trkpt lat="46.771710000000006" lon="11.646650000000001">
    <ele>722.2400000000001</ele>
   </trkpt>
   <trkpt lat="46.771" lon="11.646840000000001">
    <ele>722.8800000000001</ele>
   </trkpt>
   <trkpt lat="46.770770000000006" lon="11.64686">
    <ele>722.8800000000001</ele>
   </trkpt>
   <trkpt lat="46.770450000000004" lon="11.646840000000001">
    <ele>722.8800000000001</ele>
   </trkpt>
   <trkpt lat="46.76975" lon="11.646700000000001">
    <ele>722.8800000000001</ele>
   </trkpt>
   <trkpt lat="46.769560000000006" lon="11.646680000000002">
    <ele>722.8800000000001</ele>
   </trkpt>
   <trkpt lat="46.769330000000004" lon="11.646690000000001">
    <ele>722.8800000000001</ele>
   </trkpt>
   <trkpt lat="46.76887000000001" lon="11.646830000000001">
    <ele>722.8800000000001</ele>
   </trkpt>
   <trkpt lat="46.76868" lon="11.64694">
    <ele>722.8800000000001</ele>
   </trkpt>
   <trkpt lat="46.768570000000004" lon="11.64705">
    <ele>722.8800000000001</ele>
   </trkpt>
   <trkpt lat="46.7685" lon="11.647170000000001">
    <ele>722.8800000000001</ele>
   </trkpt>
   <trkpt lat="46.768370000000004" lon="11.6475">
    <ele>743.89</ele>
   </trkpt>
   <trkpt lat="46.768330000000006" lon="11.64764">
    <ele>743.89</ele>
   </trkpt>
   <trkpt lat="46.768280000000004" lon="11.648000000000001">
    <ele>743.89</ele>
   </trkpt>
   <trkpt lat="46.76831000000001" lon="11.648750000000001">
    <ele>743.89</ele>
   </trkpt>
   <trkpt lat="46.76827" lon="11.649540000000002">
    <ele>743.89</ele>
   </trkpt>
   <trkpt lat="46.76831000000001" lon="11.649840000000001">
    <ele>743.89</ele>
   </trkpt>
   <trkpt lat="46.76843" lon="11.65023">
    <ele>743.89</ele>
   </trkpt>
   <trkpt lat="46.7685" lon="11.650530000000002">
    <ele>741.11</ele>
   </trkpt>
   <trkpt lat="46.76897" lon="11.65135">
    <ele>741.11</ele>
   </trkpt>
   <trkpt lat="46.769090000000006" lon="11.651620000000001">
    <ele>741.11</ele>
   </trkpt>
   <trkpt lat="46.76921" lon="11.65252">
    <ele>727.77</ele>
   </trkpt>
   <trkpt lat="46.769330000000004" lon="11.65305">
    <ele>727.7900000000001</ele>
   </trkpt>
   <trkpt lat="46.769600000000004" lon="11.65393">
    <ele>729.7</ele>
   </trkpt>
   <trkpt lat="46.769670000000005" lon="11.65399">
    <ele>729.7</ele>
   </trkpt>
   <trkpt lat="46.769740000000006" lon="11.65422">
    <ele>730.0500000000001</ele>
   </trkpt>
   <trkpt lat="46.769650000000006" lon="11.65446">
    <ele>730.0500000000001</ele>
   </trkpt>
   <trkpt lat="46.769580000000005" lon="11.65455">
    <ele>730.0500000000001</ele>
   </trkpt>
   <trkpt lat="46.76939" lon="11.654710000000001">
    <ele>733.4300000000001</ele>
   </trkpt>
   <trkpt lat="46.76937" lon="11.655170000000002">
    <ele>733.4300000000001</ele>
   </trkpt>
   <trkpt lat="46.769380000000005" lon="11.655280000000001">
    <ele>733.4300000000001</ele>
   </trkpt>
   <trkpt lat="46.76944" lon="11.65548">
    <ele>733.4300000000001</ele>
   </trkpt>
   <trkpt lat="46.76944" lon="11.655470000000001">
    <ele>733.3900000000001</ele>
   </trkpt>
   <trkpt lat="46.769510000000004" lon="11.655700000000001">
    <ele>734.47</ele>
   </trkpt>
   <trkpt lat="46.769560000000006" lon="11.655750000000001">
    <ele>734.47</ele>
   </trkpt>
   <trkpt lat="46.76995" lon="11.65596">
    <ele>734.47</ele>
   </trkpt>
   <trkpt lat="46.77002" lon="11.65601">
    <ele>734.47</ele>
   </trkpt>
   <trkpt lat="46.770360000000004" lon="11.656920000000001">
    <ele>737.57</ele>
   </trkpt>
   <trkpt lat="46.770670007837865" lon="11.657866655867476">
    <ele>737.57</ele>
   </trkpt>
   <trkpt lat="46.77098000787013" lon="11.658813322632508">
    <ele>751.5400000000001</ele>
   </trkpt>
   <trkpt lat="46.77129" lon="11.65976">
    <ele>751.5400000000001</ele>
   </trkpt>
   <trkpt lat="46.77158000000001" lon="11.66047">
    <ele>751.5400000000001</ele>
   </trkpt>
   <trkpt lat="46.771925001564576" lon="11.661064996227836">
    <ele>751.5400000000001</ele>
   </trkpt>
   <trkpt lat="46.772270000000006" lon="11.661660000000001">
    <ele>751.5400000000001</ele>
   </trkpt>
   <trkpt lat="46.77237" lon="11.661900000000001">
    <ele>768.51</ele>
   </trkpt>
   <trkpt lat="46.77253" lon="11.662360000000001">
    <ele>768.51</ele>
   </trkpt>
   <trkpt lat="46.7727" lon="11.662700000000001">
    <ele>768.51</ele>
   </trkpt>
   <trkpt lat="46.772780000000004" lon="11.66291">
    <ele>768.51</ele>
   </trkpt>
   <trkpt lat="46.772800000000004" lon="11.663030000000001">
    <ele>768.51</ele>
   </trkpt>
   <trkpt lat="46.772780000000004" lon="11.66351">
    <ele>768.51</ele>
   </trkpt>
   <trkpt lat="46.772780000000004" lon="11.664040000000002">
    <ele>767.82</ele>
   </trkpt>
   <trkpt lat="46.772760000000005" lon="11.664140000000002">
    <ele>767.82</ele>
   </trkpt>
   <trkpt lat="46.77281000000001" lon="11.66427">
    <ele>774.38</ele>
   </trkpt>
   <trkpt lat="46.7727" lon="11.66474">
    <ele>774.9100000000001</ele>
   </trkpt>
   <trkpt lat="46.772670000000005" lon="11.664940000000001">
    <ele>775.34</ele>
   </trkpt>
   <trkpt lat="46.772850000000005" lon="11.664940000000001">
    <ele>776.07</ele>
   </trkpt>
   <trkpt lat="46.773320000000005" lon="11.66483">
    <ele>776.9800000000001</ele>
   </trkpt>
   <trkpt lat="46.773700000000005" lon="11.664810000000001">
    <ele>776.87</ele>
   </trkpt>
   <trkpt lat="46.773900000000005" lon="11.664810000000001">
    <ele>776.45</ele>
   </trkpt>
   <trkpt lat="46.7742" lon="11.66488">
    <ele>775.5400000000001</ele>
   </trkpt>
   <trkpt lat="46.77494" lon="11.66525">
    <ele>772.08</ele>
   </trkpt>
   <trkpt lat="46.77526" lon="11.665600000000001">
    <ele>773.27</ele>
   </trkpt>
   <trkpt lat="46.775585001132185" lon="11.666099997049209">
    <ele>773.97</ele>
   </trkpt>
   <trkpt lat="46.77591" lon="11.6666">
    <ele>773.97</ele>
   </trkpt>
   <trkpt lat="46.77615" lon="11.66689">
    <ele>773.23</ele>
   </trkpt>
   <trkpt lat="46.77689500219694" lon="11.667599990178473">
    <ele>770.6800000000001</ele>
   </trkpt>
   <trkpt lat="46.777640000000005" lon="11.668310000000002">
    <ele>770.02</ele>
   </trkpt>
   <trkpt lat="46.77806" lon="11.668560000000001">
    <ele>770.29</ele>
   </trkpt>
   <trkpt lat="46.77846" lon="11.668740000000001">
    <ele>770.07</ele>
   </trkpt>
   <trkpt lat="46.77891000009384" lon="11.668859999005406">
    <ele>770.12</ele>
   </trkpt>
   <trkpt lat="46.779360000000004" lon="11.668980000000001">
    <ele>770.19</ele>
   </trkpt>
   <trkpt lat="46.77938" lon="11.668930000000001">
    <ele>770.7700000000001</ele>
   </trkpt>
   <trkpt lat="46.779450000000004" lon="11.66891">
    <ele>770.7700000000001</ele>
   </trkpt>
   <trkpt lat="46.779790000000006" lon="11.66896">
    <ele>773.32</ele>
   </trkpt>
   <trkpt lat="46.78029" lon="11.668970000000002">
    <ele>773.82</ele>
   </trkpt>
   <trkpt lat="46.78072" lon="11.668940000000001">
    <ele>776.36</ele>
   </trkpt>
   <trkpt lat="46.78148" lon="11.66867">
    <ele>780.99</ele>
   </trkpt>
   <trkpt lat="46.78199" lon="11.668360000000002">
    <ele>782.2800000000001</ele>
   </trkpt>
   <trkpt lat="46.78213" lon="11.668230000000001">
    <ele>782.2800000000001</ele>
   </trkpt>
   <trkpt lat="46.78229" lon="11.66811">
    <ele>782.49</ele>
   </trkpt>
   <trkpt lat="46.782540000000004" lon="11.66797">
    <ele>782.85</ele>
   </trkpt>
   <trkpt lat="46.78266000000001" lon="11.66792">
    <ele>783.2500000000001</ele>
   </trkpt>
   <trkpt lat="46.78285" lon="11.66788">
    <ele>783.4200000000001</ele>
   </trkpt>
   <trkpt lat="46.783010000000004" lon="11.667890000000002">
    <ele>783.97</ele>
   </trkpt>
   <trkpt lat="46.783080000000005" lon="11.667910000000001">
    <ele>784.37</ele>
   </trkpt>
   <trkpt lat="46.783530000000006" lon="11.668180000000001">
    <ele>787.6</ele>
   </trkpt>
   <trkpt lat="46.78369000000001" lon="11.668190000000001">
    <ele>788.6700000000001</ele>
   </trkpt>
   <trkpt lat="46.78392" lon="11.66811">
    <ele>789.42</ele>
   </trkpt>
   <trkpt lat="46.784110000000005" lon="11.668080000000002">
    <ele>789.8600000000001</ele>
   </trkpt>
   <trkpt lat="46.784330000000004" lon="11.667940000000002">
    <ele>791.15</ele>
   </trkpt>
   <trkpt lat="46.784795000863824" lon="11.667505003720251">
    <ele>793.32</ele>
   </trkpt>
   <trkpt lat="46.78526" lon="11.66707">
    <ele>796.25</ele>
   </trkpt>
   <trkpt lat="46.78555" lon="11.666780000000001">
    <ele>798.72</ele>
   </trkpt>
   <trkpt lat="46.785650000000004" lon="11.66661">
    <ele>798.72</ele>
   </trkpt>
   <trkpt lat="46.78571" lon="11.666440000000001">
    <ele>799.54</ele>
   </trkpt>
   <trkpt lat="46.78585" lon="11.66624">
    <ele>800.3800000000001</ele>
   </trkpt>
   <trkpt lat="46.786010000000005" lon="11.666120000000001">
    <ele>801.2800000000001</ele>
   </trkpt>
   <trkpt lat="46.786440000000006" lon="11.665880000000001">
    <ele>803.36</ele>
   </trkpt>
   <trkpt lat="46.78687" lon="11.665600000000001">
    <ele>804.6700000000001</ele>
   </trkpt>
   <trkpt lat="46.78699" lon="11.665470000000001">
    <ele>804.9900000000001</ele>
   </trkpt>
   <trkpt lat="46.7871" lon="11.665320000000001">
    <ele>805.6800000000001</ele>
   </trkpt>
   <trkpt lat="46.78728" lon="11.66496">
    <ele>807.0100000000001</ele>
   </trkpt>
   <trkpt lat="46.78736000000001" lon="11.664860000000001">
    <ele>807.61</ele>
   </trkpt>
   <trkpt lat="46.78775" lon="11.664560000000002">
    <ele>810.3</ele>
   </trkpt>
   <trkpt lat="46.787870000000005" lon="11.6645">
    <ele>811.18</ele>
   </trkpt>
   <trkpt lat="46.78837" lon="11.66455">
    <ele>813.36</ele>
   </trkpt>
   <trkpt lat="46.788740000000004" lon="11.6645">
    <ele>815.0</ele>
   </trkpt>
   <trkpt lat="46.78889" lon="11.664460000000002">
    <ele>815.62</ele>
   </trkpt>
   <trkpt lat="46.78945" lon="11.664240000000001">
    <ele>819.35</ele>
   </trkpt>
   <trkpt lat="46.78952" lon="11.664150000000001">
    <ele>819.4</ele>
   </trkpt>
   <trkpt lat="46.78961" lon="11.66389">
    <ele>819.24</ele>
   </trkpt>
   <trkpt lat="46.78971000000001" lon="11.663820000000001">
    <ele>819.21</ele>
   </trkpt>
   <trkpt lat="46.78981" lon="11.663820000000001">
    <ele>819.1600000000001</ele>
   </trkpt>
   <trkpt lat="46.789910000000006" lon="11.66389">
    <ele>819.2</ele>
   </trkpt>
   <trkpt lat="46.78999" lon="11.66403">
    <ele>819.15</ele>
   </trkpt>
   <trkpt lat="46.790090000000006" lon="11.664140000000002">
    <ele>819.01</ele>
   </trkpt>
   <trkpt lat="46.79037" lon="11.66435">
    <ele>816.7500000000001</ele>
   </trkpt>
   <trkpt lat="46.790560000000006" lon="11.66445">
    <ele>812.8900000000001</ele>
   </trkpt>
   <trkpt lat="46.790710000000004" lon="11.66449">
    <ele>812.8900000000001</ele>
   </trkpt>
   <trkpt lat="46.790890000000005" lon="11.664460000000002">
    <ele>810.36</ele>
   </trkpt>
   <trkpt lat="46.79099" lon="11.664460000000002">
    <ele>808.91</ele>
   </trkpt>
   <trkpt lat="46.79115" lon="11.664520000000001">
    <ele>806.08</ele>
   </trkpt>
   <trkpt lat="46.79137" lon="11.664560000000002">
    <ele>804.7900000000001</ele>
   </trkpt>
   <trkpt lat="46.791830000000004" lon="11.664810000000001">
    <ele>800.91</ele>
   </trkpt>
   <trkpt lat="46.792460000000005" lon="11.664980000000002">
    <ele>797.85</ele>
   </trkpt>
   <trkpt lat="46.792640000000006" lon="11.66505">
    <ele>796.45</ele>
   </trkpt>
   <trkpt lat="46.793060000000004" lon="11.665260000000002">
    <ele>792.07</ele>
   </trkpt>
   <trkpt lat="46.793670000000006" lon="11.665400000000002">
    <ele>788.93</ele>
   </trkpt>
   <trkpt lat="46.7939" lon="11.66539">
    <ele>784.2500000000001</ele>
   </trkpt>
   <trkpt lat="46.79442" lon="11.665230000000001">
    <ele>779.75</ele>
   </trkpt>
   <trkpt lat="46.79455" lon="11.66521">
    <ele>777.83</ele>
   </trkpt>
   <trkpt lat="46.79486000000001" lon="11.66521">
    <ele>776.99</ele>
   </trkpt>
   <trkpt lat="46.79516" lon="11.66524">
    <ele>776.45</ele>
   </trkpt>
   <trkpt lat="46.79536" lon="11.665230000000001">
    <ele>775.36</ele>
   </trkpt>
   <trkpt lat="46.79571000000001" lon="11.66534">
    <ele>774.38</ele>
   </trkpt>
   <trkpt lat="46.79599" lon="11.66538">
    <ele>775.6200000000001</ele>
   </trkpt>
   <trkpt lat="46.796020000000006" lon="11.665400000000002">
    <ele>775.7600000000001</ele>
   </trkpt>
   <trkpt lat="46.79614" lon="11.665590000000002">
    <ele>776.0100000000001</ele>
   </trkpt>
   <trkpt lat="46.796130000000005" lon="11.66567">
    <ele>776.11</ele>
   </trkpt>
   <trkpt lat="46.79596" lon="11.66613">
    <ele>776.6800000000001</ele>
   </trkpt>
   <trkpt lat="46.795820000000006" lon="11.666350000000001">
    <ele>776.99</ele>
   </trkpt>
   <trkpt lat="46.795730000000006" lon="11.66656">
    <ele>776.93</ele>
   </trkpt>
   <trkpt lat="46.79554" lon="11.666910000000001">
    <ele>776.6700000000001</ele>
   </trkpt>
   <trkpt lat="46.79554" lon="11.66703">
    <ele>776.6700000000001</ele>
   </trkpt>
   <trkpt lat="46.79574" lon="11.667380000000001">
    <ele>776.4300000000001</ele>
   </trkpt>
   <trkpt lat="46.79578" lon="11.66741">
    <ele>776.1600000000001</ele>
   </trkpt>
   <trkpt lat="46.795880000000004" lon="11.667440000000001">
    <ele>775.93</ele>
   </trkpt>
   <trkpt lat="46.796110000000006" lon="11.66735">
    <ele>775.1800000000001</ele>
   </trkpt>
   <trkpt lat="46.79616" lon="11.667370000000002">
    <ele>775.1800000000001</ele>
   </trkpt>
   <trkpt lat="46.79637" lon="11.667290000000001">
    <ele>774.46</ele>
   </trkpt>
   <trkpt lat="46.79647000000001" lon="11.66727">
    <ele>774.46</ele>
   </trkpt>
   <trkpt lat="46.796640000000004" lon="11.667430000000001">
    <ele>773.4100000000001</ele>
   </trkpt>
   <trkpt lat="46.79701000000001" lon="11.66764">
    <ele>772.1800000000001</ele>
   </trkpt>
   <trkpt lat="46.797050000000006" lon="11.66769">
    <ele>772.1800000000001</ele>
   </trkpt>
   <trkpt lat="46.797200000000004" lon="11.668040000000001">
    <ele>771.3000000000001</ele>
   </trkpt>
   <trkpt lat="46.79728" lon="11.668180000000001">
    <ele>770.7600000000001</ele>
   </trkpt>
   <trkpt lat="46.79759000000001" lon="11.668500000000002">
    <ele>766.4900000000001</ele>
   </trkpt>
   <trkpt lat="46.797700000000006" lon="11.668550000000002">
    <ele>766.2500000000001</ele>
   </trkpt>
   <trkpt lat="46.797700000000006" lon="11.668700000000001">
    <ele>765.66</ele>
   </trkpt>
   <trkpt lat="46.79782" lon="11.66891">
    <ele>764.58</ele>
   </trkpt>
   <trkpt lat="46.79815000000001" lon="11.669060000000002">
    <ele>763.3700000000001</ele>
   </trkpt>
   <trkpt lat="46.79874" lon="11.66956">
    <ele>762.53</ele>
   </trkpt>
   <trkpt lat="46.799150000000004" lon="11.66994">
    <ele>761.65</ele>
   </trkpt>
   <trkpt lat="46.79963" lon="11.670660000000002">
    <ele>761.4000000000001</ele>
   </trkpt>
   <trkpt lat="46.79996500123162" lon="11.671194996645294">
    <ele>760.48</ele>
   </trkpt>
   <trkpt lat="46.80030000000001" lon="11.67173">
    <ele>760.14</ele>
   </trkpt>
   <trkpt lat="46.80055" lon="11.672">
    <ele>759.96</ele>
   </trkpt>
   <trkpt lat="46.80110500095187" lon="11.672469995143146">
    <ele>759.24</ele>
   </trkpt>
   <trkpt lat="46.801660000000005" lon="11.67294">
    <ele>758.0500000000001</ele>
   </trkpt>
   <trkpt lat="46.80225500098786" lon="11.673409994822517">
    <ele>752.97</ele>
   </trkpt>
   <trkpt lat="46.80285000000001" lon="11.67388">
    <ele>747.47</ele>
   </trkpt>
   <trkpt lat="46.80335500136897" lon="11.674444994672674">
    <ele>746.71</ele>
   </trkpt>
   <trkpt lat="46.80386000000001" lon="11.67501">
    <ele>746.92</ele>
   </trkpt>
   <trkpt lat="46.803940000000004" lon="11.67523">
    <ele>747.09</ele>
   </trkpt>
   <trkpt lat="46.80404" lon="11.67581">
    <ele>745.92</ele>
   </trkpt>
   <trkpt lat="46.80436000184234" lon="11.676454996225155">
    <ele>745.98</ele>
   </trkpt>
   <trkpt lat="46.804680000000005" lon="11.677100000000001">
    <ele>746.5400000000001</ele>
   </trkpt>
   <trkpt lat="46.80507" lon="11.677930000000002">
    <ele>747.62</ele>
   </trkpt>
   <trkpt lat="46.80521" lon="11.67816">
    <ele>747.2800000000001</ele>
   </trkpt>
   <trkpt lat="46.80537" lon="11.678370000000001">
    <ele>746.7</ele>
   </trkpt>
   <trkpt lat="46.805780000000006" lon="11.67927">
    <ele>745.1000000000001</ele>
   </trkpt>
   <trkpt lat="46.805960000000006" lon="11.679590000000001">
    <ele>744.8</ele>
   </trkpt>
   <trkpt lat="46.806270000000005" lon="11.680010000000001">
    <ele>743.82</ele>
   </trkpt>
   <trkpt lat="46.806946671718684" lon="11.680773314102993">
    <ele>742.24</ele>
   </trkpt>
   <trkpt lat="46.80762333836279" lon="11.681536647410505">
    <ele>740.53</ele>
   </trkpt>
   <trkpt lat="46.8083" lon="11.682300000000001">
    <ele>739.0600000000001</ele>
   </trkpt>
   <trkpt lat="46.808780000000006" lon="11.682780000000001">
    <ele>737.58</ele>
   </trkpt>
   <trkpt lat="46.809070000000006" lon="11.68302">
    <ele>736.25</ele>
   </trkpt>
   <trkpt lat="46.80933" lon="11.683190000000002">
    <ele>736.25</ele>
   </trkpt>
   <trkpt lat="46.810120000000005" lon="11.68364">
    <ele>734.72</ele>
   </trkpt>
   <trkpt lat="46.81027" lon="11.683750000000002">
    <ele>734.5</ele>
   </trkpt>
   <trkpt lat="46.81076" lon="11.68416">
    <ele>733.57</ele>
   </trkpt>
   <trkpt lat="46.81147000000001" lon="11.6849">
    <ele>732.45</ele>
   </trkpt>
   <trkpt lat="46.81194000000001" lon="11.68533">
    <ele>732.58</ele>
   </trkpt>
   <trkpt lat="46.812335000516505" lon="11.685664997563139">
    <ele>733.35</ele>
   </trkpt>
   <trkpt lat="46.81273" lon="11.686000000000002">
    <ele>734.5500000000001</ele>
   </trkpt>
   <trkpt lat="46.813050000000004" lon="11.68637">
    <ele>735.28</ele>
   </trkpt>
   <trkpt lat="46.81329" lon="11.686720000000001">
    <ele>736.21</ele>
   </trkpt>
   <trkpt lat="46.813480000000006" lon="11.687080000000002">
    <ele>739.45</ele>
   </trkpt>
   <trkpt lat="46.81373000000001" lon="11.687700000000001">
    <ele>740.4300000000001</ele>
   </trkpt>
   <trkpt lat="46.81387" lon="11.688300000000002">
    <ele>744.29</ele>
   </trkpt>
   <trkpt lat="46.813950000000006" lon="11.68881">
    <ele>745.21</ele>
   </trkpt>
   <trkpt lat="46.814010001863394" lon="11.689469998895628">
    <ele>746.82</ele>
   </trkpt>
   <trkpt lat="46.81407" lon="11.690130000000002">
    <ele>747.3700000000001</ele>
   </trkpt>
   <trkpt lat="46.81414" lon="11.690570000000001">
    <ele>747.4000000000001</ele>
   </trkpt>
   <trkpt lat="46.814280000000004" lon="11.691040000000001">
    <ele>746.57</ele>
   </trkpt>
   <trkpt lat="46.814370000000004" lon="11.69128">
    <ele>745.99</ele>
   </trkpt>
   <trkpt lat="46.81456000000001" lon="11.6917">
    <ele>745.2700000000001</ele>
   </trkpt>
   <trkpt lat="46.81485000000001" lon="11.692250000000001">
    <ele>743.75</ele>
   </trkpt>
   <trkpt lat="46.81506" lon="11.69275">
    <ele>742.53</ele>
   </trkpt>
   <trkpt lat="46.81526" lon="11.693470000000001">
    <ele>741.2200000000001</ele>
   </trkpt>
   <trkpt lat="46.81532000000001" lon="11.69377">
    <ele>741.1</ele>
   </trkpt>
   <trkpt lat="46.81542" lon="11.694980000000001">
    <ele>738.6600000000001</ele>
   </trkpt>
   <trkpt lat="46.815490000000004" lon="11.69538">
    <ele>738.3900000000001</ele>
   </trkpt>
   <trkpt lat="46.8156" lon="11.6958">
    <ele>737.16</ele>
   </trkpt>
   <trkpt lat="46.815780000000004" lon="11.69631">
    <ele>737.4300000000001</ele>
   </trkpt>
   <trkpt lat="46.815690000000004" lon="11.696390000000001">
    <ele>737.21</ele>
   </trkpt>
   <trkpt lat="46.81577" lon="11.696560000000002">
    <ele>737.02</ele>
   </trkpt>
   <trkpt lat="46.815920000000006" lon="11.69702">
    <ele>736.53</ele>
   </trkpt>
   <trkpt lat="46.815990000000006" lon="11.69735">
    <ele>736.38</ele>
   </trkpt>
   <trkpt lat="46.81607" lon="11.698110000000002">
    <ele>736.48</ele>
   </trkpt>
   <trkpt lat="46.81610500359503" lon="11.699019999122221">
    <ele>736.89</ele>
   </trkpt>
   <trkpt lat="46.816140000000004" lon="11.69993">
    <ele>738.1700000000001</ele>
   </trkpt>
   <trkpt lat="46.81615500213062" lon="11.700629999659052">
    <ele>739.7600000000001</ele>
   </trkpt>
   <trkpt lat="46.81617000000001" lon="11.70133">
    <ele>741.71</ele>
   </trkpt>
   <trkpt lat="46.81615" lon="11.70147">
    <ele>741.68</ele>
   </trkpt>
   <trkpt lat="46.816" lon="11.702010000000001">
    <ele>741.4000000000001</ele>
   </trkpt>
   <trkpt lat="46.815960000000004" lon="11.70223">
    <ele>741.5400000000001</ele>
   </trkpt>
   <trkpt lat="46.81598" lon="11.702910000000001">
    <ele>740.3900000000001</ele>
   </trkpt>
   <trkpt lat="46.81597000000001" lon="11.70359">
    <ele>739.0500000000001</ele>
   </trkpt>
   <trkpt lat="46.816050000000004" lon="11.704180000000001">
    <ele>738.82</ele>
   </trkpt>
   <trkpt lat="46.816135004645886" lon="11.705214998134569">
    <ele>739.46</ele>
   </trkpt>
   <trkpt lat="46.81622" lon="11.70625">
    <ele>740.08</ele>
   </trkpt>
   <trkpt lat="46.81616" lon="11.706790000000002">
    <ele>740.5400000000001</ele>
   </trkpt>
   <trkpt lat="46.81609" lon="11.707180000000001">
    <ele>740.6600000000001</ele>
   </trkpt>
   <trkpt lat="46.81593" lon="11.707650000000001">
    <ele>740.63</ele>
   </trkpt>
   <trkpt lat="46.81577" lon="11.707980000000001">
    <ele>740.36</ele>
   </trkpt>
   <trkpt lat="46.81524667289178" lon="11.708826683174914">
    <ele>740.4200000000001</ele>
   </trkpt>
   <trkpt lat="46.81472333954035" lon="11.709673349870595">
    <ele>741.23</ele>
   </trkpt>
   <trkpt lat="46.81420000000001" lon="11.71052">
    <ele>742.24</ele>
   </trkpt>
   <trkpt lat="46.81383" lon="11.711150000000002">
    <ele>745.1000000000001</ele>
   </trkpt>
   <trkpt lat="46.8138" lon="11.71114">
    <ele>745.26</ele>
   </trkpt>
   <trkpt lat="46.81349" lon="11.710830000000001">
    <ele>745.2700000000001</ele>
   </trkpt>
   <trkpt lat="46.81344000000001" lon="11.710820000000002">
    <ele>745.2700000000001</ele>
   </trkpt>
   <trkpt lat="46.813410000000005" lon="11.71086">
    <ele>744.3000000000001</ele>
   </trkpt>
   <trkpt lat="46.81321000145651" lon="11.711455002465964">
    <ele>743.5400000000001</ele>
   </trkpt>
   <trkpt lat="46.813010000000006" lon="11.712050000000001">
    <ele>743.84</ele>
   </trkpt>
   <trkpt lat="46.812870000000004" lon="11.71258">
    <ele>744.32</ele>
   </trkpt>
   <trkpt lat="46.812830000000005" lon="11.712890000000002">
    <ele>744.5100000000001</ele>
   </trkpt>
   <trkpt lat="46.8128" lon="11.713880000000001">
    <ele>747.08</ele>
   </trkpt>
   <trkpt lat="46.812830000000005" lon="11.714580000000002">
    <ele>746.98</ele>
   </trkpt>
   <trkpt lat="46.812870000000004" lon="11.7148">
    <ele>746.68</ele>
   </trkpt>
   <trkpt lat="46.81297000000001" lon="11.71512">
    <ele>745.63</ele>
   </trkpt>
   <trkpt lat="46.81302" lon="11.71536">
    <ele>745.19</ele>
   </trkpt>
   <trkpt lat="46.813030000000005" lon="11.71559">
    <ele>744.98</ele>
   </trkpt>
   <trkpt lat="46.812990000000006" lon="11.715910000000001">
    <ele>745.07</ele>
   </trkpt>
   <trkpt lat="46.81288000000001" lon="11.71616">
    <ele>745.29</ele>
   </trkpt>
   <trkpt lat="46.81248" lon="11.716830000000002">
    <ele>745.08</ele>
   </trkpt>
   <trkpt lat="46.81241000000001" lon="11.717020000000002">
    <ele>745.24</ele>
   </trkpt>
   <trkpt lat="46.81221" lon="11.717740000000001">
    <ele>746.58</ele>
   </trkpt>
   <trkpt lat="46.81186" lon="11.718050000000002">
    <ele>745.26</ele>
   </trkpt>
   <trkpt lat="46.811780000000006" lon="11.718190000000002">
    <ele>745.3100000000001</ele>
   </trkpt>
   <trkpt lat="46.81143" lon="11.719030000000002">
    <ele>745.77</ele>
   </trkpt>
   <trkpt lat="46.811240000000005" lon="11.719520000000001">
    <ele>746.19</ele>
   </trkpt>
   <trkpt lat="46.81118000000001" lon="11.719750000000001">
    <ele>746.2200000000001</ele>
   </trkpt>
   <trkpt lat="46.8111" lon="11.720130000000001">
    <ele>746.1700000000001</ele>
   </trkpt>
   <trkpt lat="46.81103000289246" lon="11.720945001060485">
    <ele>745.7800000000001</ele>
   </trkpt>
   <trkpt lat="46.81096" lon="11.721760000000002">
    <ele>745.98</ele>
   </trkpt>
   <trkpt lat="46.8108" lon="11.72239">
    <ele>746.68</ele>
   </trkpt>
   <trkpt lat="46.81049" lon="11.723310000000001">
    <ele>747.46</ele>
   </trkpt>
   <trkpt lat="46.81044000000001" lon="11.723650000000001">
    <ele>748.0000000000001</ele>
   </trkpt>
   <trkpt lat="46.81044000000001" lon="11.72409">
    <ele>748.6700000000001</ele>
   </trkpt>
   <trkpt lat="46.81059500281032" lon="11.724899997421396">
    <ele>749.21</ele>
   </trkpt>
   <trkpt lat="46.810750000000006" lon="11.725710000000001">
    <ele>750.0400000000001</ele>
   </trkpt>
   <trkpt lat="46.810840000000006" lon="11.72602">
    <ele>750.0300000000001</ele>
   </trkpt>
   <trkpt lat="46.81096" lon="11.726320000000001">
    <ele>749.9</ele>
   </trkpt>
   <trkpt lat="46.811260000000004" lon="11.726980000000001">
    <ele>749.4200000000001</ele>
   </trkpt>
   <trkpt lat="46.81167000000001" lon="11.727580000000001">
    <ele>749.63</ele>
   </trkpt>
   <trkpt lat="46.81177" lon="11.727770000000001">
    <ele>749.72</ele>
   </trkpt>
   <trkpt lat="46.812020000000004" lon="11.728480000000001">
    <ele>750.3100000000001</ele>
   </trkpt>
   <trkpt lat="46.81221" lon="11.72911">
    <ele>751.32</ele>
   </trkpt>
   <trkpt lat="46.81242" lon="11.72995">
    <ele>752.14</ele>
   </trkpt>
   <trkpt lat="46.812470000000005" lon="11.73043">
    <ele>752.69</ele>
   </trkpt>
   <trkpt lat="46.81248" lon="11.731100000000001">
    <ele>754.1600000000001</ele>
   </trkpt>
   <trkpt lat="46.81244500333283" lon="11.731975000598132">
    <ele>754.73</ele>
   </trkpt>
   <trkpt lat="46.81241000000001" lon="11.732850000000001">
    <ele>754.77</ele>
   </trkpt>
   <trkpt lat="46.81237" lon="11.73319">
    <ele>754.8900000000001</ele>
   </trkpt>
   <trkpt lat="46.812200000000004" lon="11.73409">
    <ele>754.97</ele>
   </trkpt>
   <trkpt lat="46.812160000000006" lon="11.734960000000001">
    <ele>755.56</ele>
   </trkpt>
   <trkpt lat="46.81204" lon="11.735790000000001">
    <ele>755.19</ele>
   </trkpt>
   <trkpt lat="46.81206" lon="11.73623">
    <ele>755.83</ele>
   </trkpt>
   <trkpt lat="46.81219" lon="11.736780000000001">
    <ele>753.7900000000001</ele>
   </trkpt>
   <trkpt lat="46.812180000000005" lon="11.73755">
    <ele>753.0600000000001</ele>
   </trkpt>
   <trkpt lat="46.81239" lon="11.737570000000002">
    <ele>752.63</ele>
   </trkpt>
   <trkpt lat="46.81251" lon="11.737630000000001">
    <ele>752.29</ele>
   </trkpt>
   <trkpt lat="46.81271" lon="11.73778">
    <ele>752.0500000000001</ele>
   </trkpt>
   <trkpt lat="46.81288000000001" lon="11.737940000000002">
    <ele>751.59</ele>
   </trkpt>
   <trkpt lat="46.81291" lon="11.738000000000001">
    <ele>751.59</ele>
   </trkpt>
   <trkpt lat="46.81293" lon="11.738100000000001">
    <ele>751.59</ele>
   </trkpt>
   <trkpt lat="46.81273" lon="11.73896">
    <ele>750.84</ele>
   </trkpt>
   <trkpt lat="46.812580000000004" lon="11.73939">
    <ele>750.34</ele>
   </trkpt>
   <trkpt lat="46.812380000000005" lon="11.739830000000001">
    <ele>749.4900000000001</ele>
   </trkpt>
   <trkpt lat="46.81197" lon="11.740430000000002">
    <ele>749.2</ele>
   </trkpt>
   <trkpt lat="46.81159" lon="11.74088">
    <ele>749.29</ele>
   </trkpt>
   <trkpt lat="46.811420000000005" lon="11.74112">
    <ele>749.32</ele>
   </trkpt>
   <trkpt lat="46.8111" lon="11.741660000000001">
    <ele>749.69</ele>
   </trkpt>
   <trkpt lat="46.810930000000006" lon="11.74201">
    <ele>750.2</ele>
   </trkpt>
   <trkpt lat="46.810550000000006" lon="11.743070000000001">
    <ele>750.1500000000001</ele>
   </trkpt>
   <trkpt lat="46.81029" lon="11.7436">
    <ele>750.0100000000001</ele>
   </trkpt>
   <trkpt lat="46.810120000000005" lon="11.744060000000001">
    <ele>750.07</ele>
   </trkpt>
   <trkpt lat="46.810010000000005" lon="11.74441">
    <ele>750.09</ele>
   </trkpt>
   <trkpt lat="46.809940000000005" lon="11.744840000000002">
    <ele>750.09</ele>
   </trkpt>
   <trkpt lat="46.8098" lon="11.74544">
    <ele>750.6700000000001</ele>
   </trkpt>
   <trkpt lat="46.80971" lon="11.746160000000001">
    <ele>753.29</ele>
   </trkpt>
   <trkpt lat="46.809540000000005" lon="11.746830000000001">
    <ele>758.7600000000001</ele>
   </trkpt>
   <trkpt lat="46.809490000000004" lon="11.747110000000001">
    <ele>760.8000000000001</ele>
   </trkpt>
   <trkpt lat="46.80948" lon="11.74731">
    <ele>761.48</ele>
   </trkpt>
   <trkpt lat="46.809490000000004" lon="11.747990000000001">
    <ele>765.3700000000001</ele>
   </trkpt>
   <trkpt lat="46.80964" lon="11.748840000000001">
    <ele>765.1000000000001</ele>
   </trkpt>
   <trkpt lat="46.80971" lon="11.749400000000001">
    <ele>765.46</ele>
   </trkpt>
   <trkpt lat="46.809740000000005" lon="11.74995">
    <ele>765.4399999999999</ele>
   </trkpt>
   <trkpt lat="46.80971" lon="11.750390000000001">
    <ele>765.05</ele>
   </trkpt>
   <trkpt lat="46.80969" lon="11.751140000000001">
    <ele>762.12</ele>
   </trkpt>
   <trkpt lat="46.80964" lon="11.751740000000002">
    <ele>759.17</ele>
   </trkpt>
   <trkpt lat="46.809520000000006" lon="11.752260000000001">
    <ele>758.23</ele>
   </trkpt>
   <trkpt lat="46.809520000000006" lon="11.75228">
    <ele>758.2</ele>
   </trkpt>
   <trkpt lat="46.80948" lon="11.752490000000002">
    <ele>757.56</ele>
   </trkpt>
   <trkpt lat="46.80937" lon="11.752820000000002">
    <ele>756.6700000000001</ele>
   </trkpt>
   <trkpt lat="46.80921000000001" lon="11.75322">
    <ele>755.2200000000001</ele>
   </trkpt>
   <trkpt lat="46.809140000000006" lon="11.753570000000002">
    <ele>754.72</ele>
   </trkpt>
   <trkpt lat="46.809140000000006" lon="11.75388">
    <ele>754.2700000000001</ele>
   </trkpt>
   <trkpt lat="46.809180000000005" lon="11.754150000000001">
    <ele>753.9</ele>
   </trkpt>
   <trkpt lat="46.809250000000006" lon="11.754430000000001">
    <ele>753.53</ele>
   </trkpt>
   <trkpt lat="46.809250004097265" lon="11.755399999671905">
    <ele>753.4000000000001</ele>
   </trkpt>
   <trkpt lat="46.809250000000006" lon="11.75637">
    <ele>754.0400000000001</ele>
   </trkpt>
   <trkpt lat="46.8093" lon="11.75697">
    <ele>755.85</ele>
   </trkpt>
   <trkpt lat="46.809270000000005" lon="11.75777">
    <ele>758.9</ele>
   </trkpt>
   <trkpt lat="46.80919" lon="11.758280000000001">
    <ele>757.0400000000001</ele>
   </trkpt>
   <trkpt lat="46.809020000000004" lon="11.75885">
    <ele>756.2700000000001</ele>
   </trkpt>
   <trkpt lat="46.80885000000001" lon="11.75998">
    <ele>757.6600000000001</ele>
   </trkpt>
   <trkpt lat="46.808690000000006" lon="11.760660000000001">
    <ele>759.35</ele>
   </trkpt>
   <trkpt lat="46.80854" lon="11.76148">
    <ele>762.75</ele>
   </trkpt>
   <trkpt lat="46.80848" lon="11.76168">
    <ele>763.29</ele>
   </trkpt>
   <trkpt lat="46.808420000000005" lon="11.76214">
    <ele>765.1300000000001</ele>
   </trkpt>
   <trkpt lat="46.808330000000005" lon="11.762390000000002">
    <ele>765.9200000000001</ele>
   </trkpt>
   <trkpt lat="46.80832" lon="11.762490000000001">
    <ele>766.73</ele>
   </trkpt>
   <trkpt lat="46.80836" lon="11.762810000000002">
    <ele>767.4200000000001</ele>
   </trkpt>
   <trkpt lat="46.80836" lon="11.76298">
    <ele>768.5</ele>
   </trkpt>
   <trkpt lat="46.80861" lon="11.763850000000001">
    <ele>766.45</ele>
   </trkpt>
   <trkpt lat="46.8087" lon="11.764380000000001">
    <ele>763.6600000000001</ele>
   </trkpt>
   <trkpt lat="46.808730000000004" lon="11.76468">
    <ele>762.48</ele>
   </trkpt>
   <trkpt lat="46.80875" lon="11.76529">
    <ele>761.6400000000001</ele>
   </trkpt>
   <trkpt lat="46.80872" lon="11.766020000000001">
    <ele>761.7</ele>
   </trkpt>
   <trkpt lat="46.80865000000001" lon="11.7665">
    <ele>762.19</ele>
   </trkpt>
   <trkpt lat="46.80865000000001" lon="11.767000000000001">
    <ele>762.1600000000001</ele>
   </trkpt>
   <trkpt lat="46.80857" lon="11.767510000000001">
    <ele>760.6800000000001</ele>
   </trkpt>
   <trkpt lat="46.808580000000006" lon="11.767790000000002">
    <ele>760.45</ele>
   </trkpt>
   <trkpt lat="46.808580000000006" lon="11.767970000000002">
    <ele>759.8000000000001</ele>
   </trkpt>
   <trkpt lat="46.80841" lon="11.768410000000001">
    <ele>759.1800000000001</ele>
   </trkpt>
   <trkpt lat="46.80839" lon="11.768630000000002">
    <ele>759.17</ele>
   </trkpt>
   <trkpt lat="46.8085" lon="11.76922">
    <ele>759.4300000000001</ele>
   </trkpt>
   <trkpt lat="46.808690000000006" lon="11.76979">
    <ele>759.3700000000001</ele>
   </trkpt>
   <trkpt lat="46.808890000000005" lon="11.77096">
    <ele>761.0300000000001</ele>
   </trkpt>
   <trkpt lat="46.80892" lon="11.771260000000002">
    <ele>761.3700000000001</ele>
   </trkpt>
   <trkpt lat="46.808910000000004" lon="11.771650000000001">
    <ele>761.6700000000001</ele>
   </trkpt>
   <trkpt lat="46.808980000000005" lon="11.772100000000002">
    <ele>761.57</ele>
   </trkpt>
   <trkpt lat="46.8090550029488" lon="11.772924998683921">
    <ele>761.21</ele>
   </trkpt>
   <trkpt lat="46.80913" lon="11.773750000000001">
    <ele>761.99</ele>
   </trkpt>
   <trkpt lat="46.80918000227516" lon="11.774469999585746">
    <ele>760.7700000000001</ele>
   </trkpt>
   <trkpt lat="46.80923000000001" lon="11.77519">
    <ele>760.02</ele>
   </trkpt>
   <trkpt lat="46.809200000000004" lon="11.77538">
    <ele>760.0600000000001</ele>
   </trkpt>
   <trkpt lat="46.809090000000005" lon="11.77566">
    <ele>760.29</ele>
   </trkpt>
   <trkpt lat="46.809070000000006" lon="11.775920000000001">
    <ele>760.33</ele>
   </trkpt>
   <trkpt lat="46.808960000000006" lon="11.776560000000002">
    <ele>760.34</ele>
   </trkpt>
   <trkpt lat="46.80895" lon="11.77707">
    <ele>760.73</ele>
   </trkpt>
   <trkpt lat="46.80868" lon="11.778270000000001">
    <ele>761.1500000000001</ele>
   </trkpt>
   <trkpt lat="46.80841" lon="11.778870000000001">
    <ele>761.3000000000001</ele>
   </trkpt>
   <trkpt lat="46.808260000000004" lon="11.779440000000001">
    <ele>761.6700000000001</ele>
   </trkpt>
   <trkpt lat="46.80827000000001" lon="11.780310000000002">
    <ele>762.5</ele>
   </trkpt>
   <trkpt lat="46.80829000000001" lon="11.781300000000002">
    <ele>763.46</ele>
   </trkpt>
   <trkpt lat="46.80819000290831" lon="11.78211500138607">
    <ele>764.85</ele>
   </trkpt>
   <trkpt lat="46.80809000000001" lon="11.78293">
    <ele>765.1800000000001</ele>
   </trkpt>
   <trkpt lat="46.80809000000001" lon="11.78325">
    <ele>764.7100000000002</ele>
   </trkpt>
   <trkpt lat="46.80812" lon="11.783330000000001">
    <ele>764.61</ele>
   </trkpt>
   <trkpt lat="46.808400000000006" lon="11.783880000000002">
    <ele>764.6500000000001</ele>
   </trkpt>
   <trkpt lat="46.80841" lon="11.78395">
    <ele>764.8600000000001</ele>
   </trkpt>
   <trkpt lat="46.80834" lon="11.784270000000001">
    <ele>764.9800000000001</ele>
   </trkpt>
   <trkpt lat="46.80845" lon="11.78486">
    <ele>765.4399999999999</ele>
   </trkpt>
   <trkpt lat="46.808440000000004" lon="11.78584">
    <ele>765.39</ele>
   </trkpt>
   <trkpt lat="46.80841" lon="11.78602">
    <ele>765.39</ele>
   </trkpt>
   <trkpt lat="46.808040000000005" lon="11.786840000000002">
    <ele>765.3700000000001</ele>
   </trkpt>
   <trkpt lat="46.80773000000001" lon="11.787680000000002">
    <ele>765.4900000000001</ele>
   </trkpt>
   <trkpt lat="46.80763" lon="11.788200000000002">
    <ele>765.7100000000002</ele>
   </trkpt>
   <trkpt lat="46.807610000000004" lon="11.788430000000002">
    <ele>765.7900000000001</ele>
   </trkpt>
   <trkpt lat="46.80762000000001" lon="11.78902">
    <ele>766.08</ele>
   </trkpt>
   <trkpt lat="46.807700000000004" lon="11.789940000000001">
    <ele>766.2</ele>
   </trkpt>
   <trkpt lat="46.807770000000005" lon="11.790280000000001">
    <ele>766.32</ele>
   </trkpt>
   <trkpt lat="46.80785" lon="11.790540000000002">
    <ele>766.3100000000001</ele>
   </trkpt>
   <trkpt lat="46.807970000000005" lon="11.7908">
    <ele>766.1500000000001</ele>
   </trkpt>
   <trkpt lat="46.808170000000004" lon="11.791150000000002">
    <ele>766.14</ele>
   </trkpt>
   <trkpt lat="46.80832" lon="11.79166">
    <ele>766.45</ele>
   </trkpt>
   <trkpt lat="46.808620000000005" lon="11.791920000000001">
    <ele>767.3000000000001</ele>
   </trkpt>
   <trkpt lat="46.80868" lon="11.792000000000002">
    <ele>767.29</ele>
   </trkpt>
   <trkpt lat="46.808840000000004" lon="11.7924">
    <ele>766.6800000000001</ele>
   </trkpt>
   <trkpt lat="46.80892" lon="11.792720000000001">
    <ele>766.48</ele>
   </trkpt>
   <trkpt lat="46.80894000000001" lon="11.792890000000002">
    <ele>766.36</ele>
   </trkpt>
   <trkpt lat="46.808985004568584" lon="11.793914998994694">
    <ele>766.4000000000001</ele>
   </trkpt>
   <trkpt lat="46.80903000000001" lon="11.79494">
    <ele>766.61</ele>
   </trkpt>
   <trkpt lat="46.809160000000006" lon="11.795580000000001">
    <ele>767.1500000000001</ele>
   </trkpt>
   <trkpt lat="46.809200000000004" lon="11.796090000000001">
    <ele>767.1500000000001</ele>
   </trkpt>
   <trkpt lat="46.80926" lon="11.796130000000002">
    <ele>767.1500000000001</ele>
   </trkpt>
   <trkpt lat="46.80946" lon="11.79611">
    <ele>767.0</ele>
   </trkpt>
   <trkpt lat="46.80953" lon="11.79612">
    <ele>767.0</ele>
   </trkpt>
   <trkpt lat="46.809650000000005" lon="11.796170000000002">
    <ele>767.0</ele>
   </trkpt>
   <trkpt lat="46.80970000000001" lon="11.796220000000002">
    <ele>767.0</ele>
   </trkpt>
   <trkpt lat="46.809760000000004" lon="11.796420000000001">
    <ele>766.78</ele>
   </trkpt>
   <trkpt lat="46.80982" lon="11.79724">
    <ele>767.1600000000001</ele>
   </trkpt>
   <trkpt lat="46.80986" lon="11.797410000000001">
    <ele>767.26</ele>
   </trkpt>
   <trkpt lat="46.80989" lon="11.797450000000001">
    <ele>767.26</ele>
   </trkpt>
   <trkpt lat="46.810080000000006" lon="11.797450000000001">
    <ele>767.29</ele>
   </trkpt>
   <trkpt lat="46.8101750065485" lon="11.798674998014892">
    <ele>765.6</ele>
   </trkpt>
   <trkpt lat="46.81027" lon="11.799900000000001">
    <ele>765.8800000000001</ele>
   </trkpt>
   <trkpt lat="46.81026000000001" lon="11.800400000000002">
    <ele>765.8600000000001</ele>
   </trkpt>
   <trkpt lat="46.81025" lon="11.80052">
    <ele>765.7600000000001</ele>
   </trkpt>
   <trkpt lat="46.810190000000006" lon="11.80071">
    <ele>765.61</ele>
   </trkpt>
   <trkpt lat="46.81011" lon="11.80084">
    <ele>765.34</ele>
   </trkpt>
   <trkpt lat="46.80973" lon="11.80131">
    <ele>765.11</ele>
   </trkpt>
   <trkpt lat="46.80942" lon="11.801900000000002">
    <ele>765.39</ele>
   </trkpt>
   <trkpt lat="46.80899" lon="11.802610000000001">
    <ele>765.8600000000001</ele>
   </trkpt>
   <trkpt lat="46.808800000000005" lon="11.803020000000002">
    <ele>766.61</ele>
   </trkpt>
   <trkpt lat="46.808730000000004" lon="11.803120000000002">
    <ele>766.61</ele>
   </trkpt>
   <trkpt lat="46.808550000000004" lon="11.803320000000001">
    <ele>766.87</ele>
   </trkpt>
   <trkpt lat="46.80814" lon="11.804110000000001">
    <ele>767.41</ele>
   </trkpt>
   <trkpt lat="46.80778" lon="11.8047">
    <ele>767.17</ele>
   </trkpt>
   <trkpt lat="46.80773000000001" lon="11.804680000000001">
    <ele>767.17</ele>
   </trkpt>
   <trkpt lat="46.807660000000006" lon="11.804590000000001">
    <ele>767.2</ele>
   </trkpt>
   <trkpt lat="46.80756" lon="11.804530000000002">
    <ele>767.33</ele>
   </trkpt>
   <trkpt lat="46.80751" lon="11.80452">
    <ele>767.5900000000001</ele>
   </trkpt>
   <trkpt lat="46.807460000000006" lon="11.804540000000001">
    <ele>767.5900000000001</ele>
   </trkpt>
   <trkpt lat="46.807370000000006" lon="11.804630000000001">
    <ele>767.7100000000002</ele>
   </trkpt>
   <trkpt lat="46.807120000000005" lon="11.805290000000001">
    <ele>768.0400000000001</ele>
   </trkpt>
   <trkpt lat="46.80671" lon="11.806080000000001">
    <ele>768.2500000000001</ele>
   </trkpt>
   <trkpt lat="46.80633" lon="11.807210000000001">
    <ele>768.82</ele>
   </trkpt>
   <trkpt lat="46.80613" lon="11.80794">
    <ele>770.35</ele>
   </trkpt>
   <trkpt lat="46.805890000000005" lon="11.808620000000001">
    <ele>772.0400000000001</ele>
   </trkpt>
   <trkpt lat="46.805640000000004" lon="11.809040000000001">
    <ele>774.8000000000001</ele>
   </trkpt>
   <trkpt lat="46.80547000000001" lon="11.80925">
    <ele>777.5500000000001</ele>
   </trkpt>
   <trkpt lat="46.805400000000006" lon="11.80958">
    <ele>777.39</ele>
   </trkpt>
   <trkpt lat="46.80512" lon="11.810400000000001">
    <ele>780.02</ele>
   </trkpt>
   <trkpt lat="46.80507" lon="11.81071">
    <ele>780.2</ele>
   </trkpt>
   <trkpt lat="46.805020000000006" lon="11.81123">
    <ele>779.4000000000001</ele>
   </trkpt>
   <trkpt lat="46.80500000000001" lon="11.811910000000001">
    <ele>779.48</ele>
   </trkpt>
   <trkpt lat="46.805020000000006" lon="11.81226">
    <ele>778.71</ele>
   </trkpt>
   <trkpt lat="46.805150000000005" lon="11.813170000000001">
    <ele>776.66</ele>
   </trkpt>
   <trkpt lat="46.80521" lon="11.81347">
    <ele>775.9800000000001</ele>
   </trkpt>
   <trkpt lat="46.80532" lon="11.814300000000001">
    <ele>775.2</ele>
   </trkpt>
   <trkpt lat="46.80537" lon="11.814530000000001">
    <ele>775.2800000000001</ele>
   </trkpt>
   <trkpt lat="46.80561" lon="11.815220000000002">
    <ele>775.72</ele>
   </trkpt>
   <trkpt lat="46.80565000000001" lon="11.815430000000001">
    <ele>776.27</ele>
   </trkpt>
   <trkpt lat="46.80565000000001" lon="11.81554">
    <ele>776.46</ele>
   </trkpt>
   <trkpt lat="46.805620000000005" lon="11.815690000000002">
    <ele>776.6200000000001</ele>
   </trkpt>
   <trkpt lat="46.805620000000005" lon="11.815710000000001">
    <ele>776.6400000000001</ele>
   </trkpt>
   <trkpt lat="46.80559" lon="11.815900000000001">
    <ele>776.82</ele>
   </trkpt>
   <trkpt lat="46.80557" lon="11.81652">
    <ele>776.66</ele>
   </trkpt>
   <trkpt lat="46.80545" lon="11.817440000000001">
    <ele>776.6500000000001</ele>
   </trkpt>
   <trkpt lat="46.80543" lon="11.817900000000002">
    <ele>776.78</ele>
   </trkpt>
   <trkpt lat="46.80539" lon="11.8183">
    <ele>777.1500000000001</ele>
   </trkpt>
   <trkpt lat="46.80522334240516" lon="11.819320006255268">
    <ele>777.4200000000001</ele>
   </trkpt>
   <trkpt lat="46.80505667574908" lon="11.820340006190333">
    <ele>776.96</ele>
   </trkpt>
   <trkpt lat="46.80489" lon="11.82136">
    <ele>776.87</ele>
   </trkpt>
   <trkpt lat="46.80485" lon="11.821980000000002">
    <ele>776.39</ele>
   </trkpt>
   <trkpt lat="46.804860000000005" lon="11.822260000000002">
    <ele>776.17</ele>
   </trkpt>
   <trkpt lat="46.804990000000004" lon="11.82296">
    <ele>776.1</ele>
   </trkpt>
   <trkpt lat="46.80518000000001" lon="11.823620000000002">
    <ele>777.17</ele>
   </trkpt>
   <trkpt lat="46.805240000000005" lon="11.823910000000001">
    <ele>777.17</ele>
   </trkpt>
   <trkpt lat="46.8053" lon="11.82435">
    <ele>778.88</ele>
   </trkpt>
   <trkpt lat="46.805310000000006" lon="11.82469">
    <ele>779.99</ele>
   </trkpt>
   <trkpt lat="46.80523" lon="11.8254">
    <ele>782.3000000000001</ele>
   </trkpt>
   <trkpt lat="46.805200000000006" lon="11.825970000000002">
    <ele>786.5500000000001</ele>
   </trkpt>
   <trkpt lat="46.80521" lon="11.826580000000002">
    <ele>787.72</ele>
   </trkpt>
   <trkpt lat="46.80528" lon="11.826920000000001">
    <ele>787.1100000000001</ele>
   </trkpt>
   <trkpt lat="46.8053" lon="11.827380000000002">
    <ele>784.61</ele>
   </trkpt>
   <trkpt lat="46.80529000000001" lon="11.828030000000002">
    <ele>781.51</ele>
   </trkpt>
   <trkpt lat="46.80519" lon="11.828700000000001">
    <ele>779.44</ele>
   </trkpt>
   <trkpt lat="46.80523" lon="11.8291">
    <ele>779.4300000000001</ele>
   </trkpt>
   <trkpt lat="46.805330000000005" lon="11.82952">
    <ele>779.6800000000001</ele>
   </trkpt>
   <trkpt lat="46.805440000000004" lon="11.830240000000002">
    <ele>780.15</ele>
   </trkpt>
   <trkpt lat="46.80554" lon="11.8307">
    <ele>780.7900000000001</ele>
   </trkpt>
   <trkpt lat="46.805640000000004" lon="11.831050000000001">
    <ele>780.94</ele>
   </trkpt>
   <trkpt lat="46.80572" lon="11.831750000000001">
    <ele>781.05</ele>
   </trkpt>
   <trkpt lat="46.80579" lon="11.83219">
    <ele>781.3500000000001</ele>
   </trkpt>
   <trkpt lat="46.805870000000006" lon="11.83242">
    <ele>781.08</ele>
   </trkpt>
   <trkpt lat="46.80592" lon="11.832500000000001">
    <ele>780.9100000000001</ele>
   </trkpt>
   <trkpt lat="46.805980000000005" lon="11.83256">
    <ele>780.2600000000001</ele>
   </trkpt>
   <trkpt lat="46.806140000000006" lon="11.83266">
    <ele>779.94</ele>
   </trkpt>
   <trkpt lat="46.80621000000001" lon="11.832730000000002">
    <ele>780.0300000000001</ele>
   </trkpt>
   <trkpt lat="46.80626" lon="11.832820000000002">
    <ele>780.33</ele>
   </trkpt>
   <trkpt lat="46.806270000000005" lon="11.83299">
    <ele>780.76</ele>
   </trkpt>
   <trkpt lat="46.80626" lon="11.833070000000001">
    <ele>780.8000000000001</ele>
   </trkpt>
   <trkpt lat="46.8061" lon="11.833520000000002">
    <ele>780.78</ele>
   </trkpt>
   <trkpt lat="46.80583000000001" lon="11.834130000000002">
    <ele>781.11</ele>
   </trkpt>
   <trkpt lat="46.805400000000006" lon="11.835270000000001">
    <ele>784.5000000000001</ele>
   </trkpt>
   <trkpt lat="46.80574000000001" lon="11.83553">
    <ele>784.5200000000001</ele>
   </trkpt>
   <trkpt lat="46.80588" lon="11.83566">
    <ele>785.73</ele>
   </trkpt>
   <trkpt lat="46.806110000000004" lon="11.83594">
    <ele>788.7</ele>
   </trkpt>
   <trkpt lat="46.80566000231941" lon="11.836665006015723">
    <ele>788.3100000000001</ele>
   </trkpt>
   <trkpt lat="46.80521" lon="11.837390000000001">
    <ele>788.0300000000001</ele>
   </trkpt>
   <trkpt lat="46.805060000000005" lon="11.837700000000002">
    <ele>787.99</ele>
   </trkpt>
   <trkpt lat="46.804970000000004" lon="11.83802">
    <ele>787.99</ele>
   </trkpt>
   <trkpt lat="46.804825005232516" lon="11.839115002867166">
    <ele>787.4700000000001</ele>
   </trkpt>
   <trkpt lat="46.804680000000005" lon="11.84021">
    <ele>787.1600000000001</ele>
   </trkpt>
   <trkpt lat="46.804590000000005" lon="11.840660000000002">
    <ele>787.1600000000001</ele>
   </trkpt>
   <trkpt lat="46.80445" lon="11.84116">
    <ele>786.7900000000001</ele>
   </trkpt>
   <trkpt lat="46.804280000000006" lon="11.84153">
    <ele>786.6400000000001</ele>
   </trkpt>
   <trkpt lat="46.804140000000004" lon="11.841800000000001">
    <ele>786.46</ele>
   </trkpt>
   <trkpt lat="46.80382500117103" lon="11.842280002554986">
    <ele>786.24</ele>
   </trkpt>
   <trkpt lat="46.80351" lon="11.84276">
    <ele>786.1600000000001</ele>
   </trkpt>
   <trkpt lat="46.803065001808385" lon="11.84341000542251">
    <ele>785.99</ele>
   </trkpt>
   <trkpt lat="46.802620000000005" lon="11.84406">
    <ele>785.8600000000001</ele>
   </trkpt>
   <trkpt lat="46.802016670628326" lon="11.843379984674744">
    <ele>785.7900000000001</ele>
   </trkpt>
   <trkpt lat="46.80141333722935" lon="11.84269998460101">
    <ele>785.84</ele>
   </trkpt>
   <trkpt lat="46.800810000000006" lon="11.842020000000002">
    <ele>785.94</ele>
   </trkpt>
   <trkpt lat="46.80066" lon="11.84177">
    <ele>786.72</ele>
   </trkpt>
   <trkpt lat="46.80049" lon="11.8414">
    <ele>788.0600000000001</ele>
   </trkpt>
   <trkpt lat="46.800360000000005" lon="11.841220000000002">
    <ele>789.87</ele>
   </trkpt>
   <trkpt lat="46.799850000000006" lon="11.840750000000002">
    <ele>794.1700000000001</ele>
   </trkpt>
   <trkpt lat="46.79909000371438" lon="11.840093314747183">
    <ele>799.42</ele>
   </trkpt>
   <trkpt lat="46.79833000367304" lon="11.839436648045165">
    <ele>806.0500000000001</ele>
   </trkpt>
   <trkpt lat="46.79757" lon="11.838780000000002">
    <ele>811.0</ele>
   </trkpt>
   <trkpt lat="46.797430000000006" lon="11.83857">
    <ele>811.22</ele>
   </trkpt>
   <trkpt lat="46.797140000000006" lon="11.83802">
    <ele>811.86</ele>
   </trkpt>
   <trkpt lat="46.79697" lon="11.83759">
    <ele>812.03</ele>
   </trkpt>
   <trkpt lat="46.796910000000004" lon="11.837480000000001">
    <ele>811.95</ele>
   </trkpt>
   <trkpt lat="46.796530000000004" lon="11.836960000000001">
    <ele>811.8700000000001</ele>
   </trkpt>
   <trkpt lat="46.796130000000005" lon="11.83666">
    <ele>812.24</ele>
   </trkpt>
   <trkpt lat="46.79594" lon="11.83655">
    <ele>812.3800000000001</ele>
   </trkpt>
   <trkpt lat="46.795790000000004" lon="11.836490000000001">
    <ele>812.6200000000001</ele>
   </trkpt>
   <trkpt lat="46.795640000000006" lon="11.83647">
    <ele>813.0200000000001</ele>
   </trkpt>
   <trkpt lat="46.795550000000006" lon="11.836500000000001">
    <ele>812.98</ele>
   </trkpt>
   <trkpt lat="46.79542000000001" lon="11.8367">
    <ele>812.98</ele>
   </trkpt>
   <trkpt lat="46.795320000000004" lon="11.83669">
    <ele>813.0500000000001</ele>
   </trkpt>
   <trkpt lat="46.79459000000001" lon="11.836810000000002">
    <ele>814.49</ele>
   </trkpt>
   <trkpt lat="46.79426" lon="11.83688">
    <ele>814.76</ele>
   </trkpt>
   <trkpt lat="46.79383000000001" lon="11.83699">
    <ele>816.2300000000001</ele>
   </trkpt>
   <trkpt lat="46.79359" lon="11.837090000000002">
    <ele>816.49</ele>
   </trkpt>
   <trkpt lat="46.79278" lon="11.837510000000002">
    <ele>819.4</ele>
   </trkpt>
   <trkpt lat="46.79269" lon="11.83755">
    <ele>819.4100000000001</ele>
   </trkpt>
   <trkpt lat="46.79265" lon="11.83759">
    <ele>819.4100000000001</ele>
   </trkpt>
   <trkpt lat="46.79260000000001" lon="11.837720000000001">
    <ele>819.4100000000001</ele>
   </trkpt>
   <trkpt lat="46.79261" lon="11.83801">
    <ele>821.15</ele>
   </trkpt>
   <trkpt lat="46.79258" lon="11.8382">
    <ele>821.15</ele>
   </trkpt>
   <trkpt lat="46.79249" lon="11.83844">
    <ele>821.61</ele>
   </trkpt>
   <trkpt lat="46.792320000000004" lon="11.838780000000002">
    <ele>822.5400000000001</ele>
   </trkpt>
   <trkpt lat="46.79209" lon="11.83933">
    <ele>825.3800000000001</ele>
   </trkpt>
   <trkpt lat="46.791850000000004" lon="11.83979">
    <ele>827.09</ele>
   </trkpt>
   <trkpt lat="46.791470000000004" lon="11.840140000000002">
    <ele>828.3300000000002</ele>
   </trkpt>
   <trkpt lat="46.791270000000004" lon="11.84036">
    <ele>828.98</ele>
   </trkpt>
   <trkpt lat="46.790780000000005" lon="11.84079">
    <ele>830.28</ele>
   </trkpt>
   <trkpt lat="46.790400000000005" lon="11.84115">
    <ele>832.1</ele>
   </trkpt>
   <trkpt lat="46.7903" lon="11.841220000000002">
    <ele>832.49</ele>
   </trkpt>
   <trkpt lat="46.78985" lon="11.84143">
    <ele>835.2100000000002</ele>
   </trkpt>
   <trkpt lat="46.78965" lon="11.841590000000002">
    <ele>836.37</ele>
   </trkpt>
   <trkpt lat="46.789500000000004" lon="11.84181">
    <ele>836.37</ele>
   </trkpt>
   <trkpt lat="46.78909" lon="11.84257">
    <ele>839.0300000000001</ele>
   </trkpt>
   <trkpt lat="46.78869" lon="11.843140000000002">
    <ele>842.8000000000001</ele>
   </trkpt>
   <trkpt lat="46.78851" lon="11.843440000000001">
    <ele>844.11</ele>
   </trkpt>
   <trkpt lat="46.78826" lon="11.84388">
    <ele>846.33</ele>
   </trkpt>
   <trkpt lat="46.788180000000004" lon="11.844090000000001">
    <ele>847.43</ele>
   </trkpt>
   <trkpt lat="46.78811" lon="11.84417">
    <ele>847.43</ele>
   </trkpt>
   <trkpt lat="46.78806" lon="11.84429">
    <ele>847.43</ele>
   </trkpt>
   <trkpt lat="46.78786" lon="11.84449">
    <ele>849.0200000000001</ele>
   </trkpt>
   <trkpt lat="46.78766" lon="11.844640000000002">
    <ele>849.96</ele>
   </trkpt>
   <trkpt lat="46.787380000000006" lon="11.8449">
    <ele>851.6300000000001</ele>
   </trkpt>
   <trkpt lat="46.787150000000004" lon="11.84506">
    <ele>852.7600000000001</ele>
   </trkpt>
   <trkpt lat="46.786950000000004" lon="11.845300000000002">
    <ele>854.5</ele>
   </trkpt>
   <trkpt lat="46.78664000112566" lon="11.845785002634615">
    <ele>857.23</ele>
   </trkpt>
   <trkpt lat="46.78633000000001" lon="11.84627">
    <ele>859.23</ele>
   </trkpt>
   <trkpt lat="46.786010000000005" lon="11.84665">
    <ele>862.0000000000001</ele>
   </trkpt>
   <trkpt lat="46.78582" lon="11.84684">
    <ele>864.04</ele>
   </trkpt>
   <trkpt lat="46.78535" lon="11.847230000000001">
    <ele>865.69</ele>
   </trkpt>
   <trkpt lat="46.785270000000004" lon="11.84734">
    <ele>867.2400000000001</ele>
   </trkpt>
   <trkpt lat="46.784940000000006" lon="11.84767">
    <ele>868.62</ele>
   </trkpt>
   <trkpt lat="46.784740000000006" lon="11.847840000000001">
    <ele>870.6300000000001</ele>
   </trkpt>
   <trkpt lat="46.78427000000001" lon="11.848300000000002">
    <ele>873.58</ele>
   </trkpt>
   <trkpt lat="46.784000000000006" lon="11.84861">
    <ele>876.0600000000001</ele>
   </trkpt>
   <trkpt lat="46.783500000000004" lon="11.848840000000001">
    <ele>880.86</ele>
   </trkpt>
   <trkpt lat="46.78316" lon="11.84914">
    <ele>883.5600000000001</ele>
   </trkpt>
   <trkpt lat="46.78294" lon="11.849290000000002">
    <ele>885.7700000000001</ele>
   </trkpt>
   <trkpt lat="46.78284000000001" lon="11.849340000000002">
    <ele>886.59</ele>
   </trkpt>
   <trkpt lat="46.78231" lon="11.849430000000002">
    <ele>890.87</ele>
   </trkpt>
   <trkpt lat="46.78146" lon="11.849810000000002">
    <ele>898.4200000000001</ele>
   </trkpt>
   <trkpt lat="46.781220000000005" lon="11.849910000000001">
    <ele>900.02</ele>
   </trkpt>
   <trkpt lat="46.78099" lon="11.84998">
    <ele>903.3800000000001</ele>
   </trkpt>
   <trkpt lat="46.780910000000006" lon="11.849990000000002">
    <ele>905.14</ele>
   </trkpt>
   <trkpt lat="46.78065" lon="11.84997">
    <ele>906.07</ele>
   </trkpt>
   <trkpt lat="46.78042000000001" lon="11.84998">
    <ele>909.9800000000001</ele>
   </trkpt>
   <trkpt lat="46.77969" lon="11.85021">
    <ele>915.7600000000001</ele>
   </trkpt>
   <trkpt lat="46.77953" lon="11.850240000000001">
    <ele>916.44</ele>
   </trkpt>
   <trkpt lat="46.77935" lon="11.850320000000002">
    <ele>916.2900000000001</ele>
   </trkpt>
   <trkpt lat="46.77893" lon="11.85058">
    <ele>914.9</ele>
   </trkpt>
   <trkpt lat="46.77845000000001" lon="11.85092">
    <ele>914.1</ele>
   </trkpt>
   <trkpt lat="46.778360000000006" lon="11.85096">
    <ele>913.9</ele>
   </trkpt>
   <trkpt lat="46.7777" lon="11.8511">
    <ele>910.08</ele>
   </trkpt>
   <trkpt lat="46.77747" lon="11.851230000000001">
    <ele>909.0600000000001</ele>
   </trkpt>
   <trkpt lat="46.77702000000001" lon="11.85152">
    <ele>903.73</ele>
   </trkpt>
   <trkpt lat="46.776590000000006" lon="11.852010000000002">
    <ele>900.41</ele>
   </trkpt>
   <trkpt lat="46.77638" lon="11.852200000000002">
    <ele>899.1600000000001</ele>
   </trkpt>
   <trkpt lat="46.775960000000005" lon="11.85285">
    <ele>894.51</ele>
   </trkpt>
   <trkpt lat="46.775450000000006" lon="11.85368">
    <ele>900.95</ele>
   </trkpt>
   <trkpt lat="46.774890000000006" lon="11.854310000000002">
    <ele>893.5</ele>
   </trkpt>
   <trkpt lat="46.774570000000004" lon="11.85482">
    <ele>893.5</ele>
   </trkpt>
   <trkpt lat="46.774260000000005" lon="11.855260000000001">
    <ele>893.5</ele>
   </trkpt>
   <trkpt lat="46.77371" lon="11.85593">
    <ele>887.38</ele>
   </trkpt>
   <trkpt lat="46.77362" lon="11.856100000000001">
    <ele>887.38</ele>
   </trkpt>
   <trkpt lat="46.773340000000005" lon="11.85692">
    <ele>887.38</ele>
   </trkpt>
   <trkpt lat="46.77306" lon="11.857470000000001">
    <ele>878.62</ele>
   </trkpt>
   <trkpt lat="46.77274500096258" lon="11.857940002748188">
    <ele>878.62</ele>
   </trkpt>
   <trkpt lat="46.77243000000001" lon="11.858410000000001">
    <ele>878.62</ele>
   </trkpt>
   <trkpt lat="46.772025001869835" lon="11.859060004840046">
    <ele>877.58</ele>
   </trkpt>
   <trkpt lat="46.771620000000006" lon="11.859710000000002">
    <ele>875.2200000000001</ele>
   </trkpt>
   <trkpt lat="46.771510000000006" lon="11.859800000000002">
    <ele>873.0600000000001</ele>
   </trkpt>
   <trkpt lat="46.771330000000006" lon="11.85987">
    <ele>869.99</ele>
   </trkpt>
   <trkpt lat="46.77125" lon="11.859990000000002">
    <ele>869.8800000000001</ele>
   </trkpt>
   <trkpt lat="46.771240000000006" lon="11.860100000000001">
    <ele>869.8800000000001</ele>
   </trkpt>
   <trkpt lat="46.77125" lon="11.860240000000001">
    <ele>869.8800000000001</ele>
   </trkpt>
   <trkpt lat="46.77138" lon="11.86081">
    <ele>870.6100000000001</ele>
   </trkpt>
   <trkpt lat="46.77138" lon="11.861070000000002">
    <ele>870.48</ele>
   </trkpt>
   <trkpt lat="46.771190000000004" lon="11.861550000000001">
    <ele>870.48</ele>
   </trkpt>
   <trkpt lat="46.77111000000001" lon="11.862">
    <ele>851.0900000000001</ele>
   </trkpt>
   <trkpt lat="46.77093000000001" lon="11.86279">
    <ele>851.0900000000001</ele>
   </trkpt>
   <trkpt lat="46.77094" lon="11.86306">
    <ele>851.0900000000001</ele>
   </trkpt>
   <trkpt lat="46.77098" lon="11.86321">
    <ele>841.22</ele>
   </trkpt>
   <trkpt lat="46.77111000000001" lon="11.863550000000002">
    <ele>841.22</ele>
   </trkpt>
   <trkpt lat="46.77146333950981" lon="11.864393322224718">
    <ele>836.4100000000001</ele>
   </trkpt>
   <trkpt lat="46.771816672825075" lon="11.865236655514755">
    <ele>831.08</ele>
   </trkpt>
   <trkpt lat="46.77217" lon="11.86608">
    <ele>827.95</ele>
   </trkpt>
   <trkpt lat="46.77223" lon="11.866340000000001">
    <ele>827.1400000000001</ele>
   </trkpt>
   <trkpt lat="46.772310002455505" lon="11.867089998940566">
    <ele>827.1600000000001</ele>
   </trkpt>
   <trkpt lat="46.77239" lon="11.867840000000001">
    <ele>826.22</ele>
   </trkpt>
   <trkpt lat="46.772380000000005" lon="11.86809">
    <ele>826.22</ele>
   </trkpt>
   <trkpt lat="46.77214000000001" lon="11.868480000000002">
    <ele>826.5100000000001</ele>
   </trkpt>
   <trkpt lat="46.772310000000004" lon="11.868730000000001">
    <ele>826.47</ele>
   </trkpt>
   <trkpt lat="46.77290000000001" lon="11.86946">
    <ele>826.59</ele>
   </trkpt>
   <trkpt lat="46.773340000000005" lon="11.870080000000002">
    <ele>826.59</ele>
   </trkpt>
   <trkpt lat="46.77388500307274" lon="11.870919991498967">
    <ele>827.7</ele>
   </trkpt>
   <trkpt lat="46.77443" lon="11.87176">
    <ele>827.7</ele>
   </trkpt>
   <trkpt lat="46.77494333905289" lon="11.872569984565398">
    <ele>827.7</ele>
   </trkpt>
   <trkpt lat="46.77545667239133" lon="11.873379984573205">
    <ele>827.7</ele>
   </trkpt>
   <trkpt lat="46.77597" lon="11.87419">
    <ele>827.7</ele>
   </trkpt>
   <trkpt lat="46.77608" lon="11.874390000000002">
    <ele>824.7500000000001</ele>
   </trkpt>
   <trkpt lat="46.77624" lon="11.874770000000002">
    <ele>824.7500000000001</ele>
   </trkpt>
   <trkpt lat="46.77635" lon="11.875210000000001">
    <ele>824.7500000000001</ele>
   </trkpt>
   <trkpt lat="46.77638" lon="11.87556">
    <ele>824.7500000000001</ele>
   </trkpt>
   <trkpt lat="46.776360000000004" lon="11.875800000000002">
    <ele>824.7500000000001</ele>
   </trkpt>
   <trkpt lat="46.77626500186562" lon="11.876450000971253">
    <ele>824.7500000000001</ele>
   </trkpt>
   <trkpt lat="46.77617" lon="11.8771">
    <ele>824.7500000000001</ele>
   </trkpt>
   <trkpt lat="46.776140000000005" lon="11.87803">
    <ele>821.3000000000001</ele>
   </trkpt>
   <trkpt lat="46.77619000000001" lon="11.87869">
    <ele>820.79</ele>
   </trkpt>
   <trkpt lat="46.776320000000005" lon="11.87944">
    <ele>822.7500000000001</ele>
   </trkpt>
   <trkpt lat="46.77651" lon="11.880160000000002">
    <ele>822.7500000000001</ele>
   </trkpt>
   <trkpt lat="46.776810000000005" lon="11.881060000000002">
    <ele>824.6000000000001</ele>
   </trkpt>
   <trkpt lat="46.77716" lon="11.882190000000001">
    <ele>825.5000000000001</ele>
   </trkpt>
   <trkpt lat="46.777300000000004" lon="11.88259">
    <ele>825.5000000000001</ele>
   </trkpt>
   <trkpt lat="46.77752" lon="11.8831">
    <ele>825.5000000000001</ele>
   </trkpt>
   <trkpt lat="46.77763" lon="11.88329">
    <ele>825.5000000000001</ele>
   </trkpt>
   <trkpt lat="46.7777" lon="11.883600000000001">
    <ele>824.5600000000001</ele>
   </trkpt>
   <trkpt lat="46.777730000000005" lon="11.8839">
    <ele>824.5600000000001</ele>
   </trkpt>
   <trkpt lat="46.777770000000004" lon="11.88399">
    <ele>824.5600000000001</ele>
   </trkpt>
   <trkpt lat="46.77788" lon="11.88409">
    <ele>824.5600000000001</ele>
   </trkpt>
   <trkpt lat="46.778600000000004" lon="11.884490000000001">
    <ele>839.1800000000001</ele>
   </trkpt>
   <trkpt lat="46.77873" lon="11.88452">
    <ele>839.1800000000001</ele>
   </trkpt>
   <trkpt lat="46.77891" lon="11.884440000000001">
    <ele>839.1800000000001</ele>
   </trkpt>
   <trkpt lat="46.77906" lon="11.884810000000002">
    <ele>839.1800000000001</ele>
   </trkpt>
   <trkpt lat="46.77928000000001" lon="11.885530000000001">
    <ele>829.2400000000001</ele>
   </trkpt>
   <trkpt lat="46.779450000000004" lon="11.886220000000002">
    <ele>829.2400000000001</ele>
   </trkpt>
   <trkpt lat="46.7796" lon="11.887260000000001">
    <ele>819.4100000000001</ele>
   </trkpt>
   <trkpt lat="46.779725001986485" lon="11.88792499877872">
    <ele>817.8900000000001</ele>
   </trkpt>
   <trkpt lat="46.77985" lon="11.88859">
    <ele>817.8900000000001</ele>
   </trkpt>
   <trkpt lat="46.77996" lon="11.889140000000001">
    <ele>814.1100000000001</ele>
   </trkpt>
   <trkpt lat="46.78007" lon="11.88939">
    <ele>813.97</ele>
   </trkpt>
   <trkpt lat="46.780170000000005" lon="11.889520000000001">
    <ele>813.8100000000001</ele>
   </trkpt>
   <trkpt lat="46.78079" lon="11.89">
    <ele>812.9900000000001</ele>
   </trkpt>
   <trkpt lat="46.78101" lon="11.890350000000002">
    <ele>812.2</ele>
   </trkpt>
   <trkpt lat="46.781330000000004" lon="11.89071">
    <ele>811.5400000000001</ele>
   </trkpt>
   <trkpt lat="46.78177" lon="11.89108">
    <ele>811.5000000000001</ele>
   </trkpt>
   <trkpt lat="46.781940000000006" lon="11.891280000000002">
    <ele>811.46</ele>
   </trkpt>
   <trkpt lat="46.781960000000005" lon="11.891340000000001">
    <ele>811.4100000000001</ele>
   </trkpt>
   <trkpt lat="46.782120000000006" lon="11.89198">
    <ele>811.03</ele>
   </trkpt>
   <trkpt lat="46.782090000000004" lon="11.891990000000002">
    <ele>810.9300000000001</ele>
   </trkpt>
   <trkpt lat="46.782210000000006" lon="11.8922">
    <ele>811.18</ele>
   </trkpt>
   <trkpt lat="46.78239000000001" lon="11.892360000000002">
    <ele>811.6500000000001</ele>
   </trkpt>
   <trkpt lat="46.78239000000001" lon="11.892520000000001">
    <ele>811.6500000000001</ele>
   </trkpt>
   <trkpt lat="46.78244" lon="11.89262">
    <ele>811.82</ele>
   </trkpt>
   <trkpt lat="46.78253" lon="11.89273">
    <ele>812.69</ele>
   </trkpt>
   <trkpt lat="46.782590000000006" lon="11.892850000000001">
    <ele>813.4300000000001</ele>
   </trkpt>
   <trkpt lat="46.78253" lon="11.893170000000001">
    <ele>815.62</ele>
   </trkpt>
   <trkpt lat="46.782560000000004" lon="11.89319">
    <ele>815.83</ele>
   </trkpt>
   <trkpt lat="46.782340000000005" lon="11.89399">
    <ele>816.34</ele>
   </trkpt>
   <trkpt lat="46.78224" lon="11.894430000000002">
    <ele>816.3800000000001</ele>
   </trkpt>
   <trkpt lat="46.782120000000006" lon="11.895320000000002">
    <ele>816.5100000000001</ele>
   </trkpt>
   <trkpt lat="46.78206001010042" lon="11.896396668995486">
    <ele>815.57</ele>
   </trkpt>
   <trkpt lat="46.78200001010437" lon="11.897473335591382">
    <ele>815.6500000000001</ele>
   </trkpt>
   <trkpt lat="46.781940000000006" lon="11.89855">
    <ele>815.8100000000001</ele>
   </trkpt>
   <trkpt lat="46.781870000000005" lon="11.8992">
    <ele>814.35</ele>
   </trkpt>
   <trkpt lat="46.78182500272931" lon="11.899990000459878">
    <ele>813.8900000000001</ele>
   </trkpt>
   <trkpt lat="46.781780000000005" lon="11.900780000000001">
    <ele>815.6300000000001</ele>
   </trkpt>
   <trkpt lat="46.78177" lon="11.90164">
    <ele>817.86</ele>
   </trkpt>
   <trkpt lat="46.781740000000006" lon="11.90193">
    <ele>818.2900000000001</ele>
   </trkpt>
   <trkpt lat="46.78168" lon="11.902220000000002">
    <ele>818.37</ele>
   </trkpt>
   <trkpt lat="46.78166" lon="11.90221">
    <ele>818.37</ele>
   </trkpt>
   <trkpt lat="46.781580000000005" lon="11.902470000000001">
    <ele>819.24</ele>
   </trkpt>
   <trkpt lat="46.78139" lon="11.903270000000001">
    <ele>820.7200000000001</ele>
   </trkpt>
   <trkpt lat="46.78116000000001" lon="11.904290000000001">
    <ele>820.3600000000001</ele>
   </trkpt>
   <trkpt lat="46.78107000000001" lon="11.904890000000002">
    <ele>819.4100000000001</ele>
   </trkpt>
   <trkpt lat="46.78105" lon="11.905240000000001">
    <ele>818.5600000000001</ele>
   </trkpt>
   <trkpt lat="46.78114" lon="11.90629">
    <ele>819.4</ele>
   </trkpt>
   <trkpt lat="46.78134000000001" lon="11.907250000000001">
    <ele>820.86</ele>
   </trkpt>
   <trkpt lat="46.7813" lon="11.90727">
    <ele>820.64</ele>
   </trkpt>
   <trkpt lat="46.781400000000005" lon="11.90798">
    <ele>824.8000000000001</ele>
   </trkpt>
   <trkpt lat="46.781420000000004" lon="11.90858">
    <ele>826.83</ele>
   </trkpt>
   <trkpt lat="46.781400000000005" lon="11.908880000000002">
    <ele>827.83</ele>
   </trkpt>
   <trkpt lat="46.78126500182076" lon="11.909520001429447">
    <ele>830.64</ele>
   </trkpt>
   <trkpt lat="46.781130000000005" lon="11.910160000000001">
    <ele>834.91</ele>
   </trkpt>
   <trkpt lat="46.780840000000005" lon="11.91117">
    <ele>840.2900000000001</ele>
   </trkpt>
   <trkpt lat="46.78076" lon="11.91153">
    <ele>845.71</ele>
   </trkpt>
   <trkpt lat="46.780710000000006" lon="11.91186">
    <ele>845.71</ele>
   </trkpt>
   <trkpt lat="46.780620000000006" lon="11.912920000000002">
    <ele>852.3000000000001</ele>
   </trkpt>
   <trkpt lat="46.78048000185083" lon="11.913575001785173">
    <ele>858.32</ele>
   </trkpt>
   <trkpt lat="46.78034" lon="11.914230000000002">
    <ele>863.47</ele>
   </trkpt>
   <trkpt lat="46.780300000000004" lon="11.914610000000001">
    <ele>864.8500000000001</ele>
   </trkpt>
   <trkpt lat="46.78027" lon="11.91524">
    <ele>869.3100000000001</ele>
   </trkpt>
   <trkpt lat="46.78022000000001" lon="11.91558">
    <ele>871.5</ele>
   </trkpt>
   <trkpt lat="46.78014" lon="11.91594">
    <ele>874.38</ele>
   </trkpt>
   <trkpt lat="46.780080000000005" lon="11.916080000000001">
    <ele>874.38</ele>
   </trkpt>
   <trkpt lat="46.77994" lon="11.916310000000001">
    <ele>876.2</ele>
   </trkpt>
   <trkpt lat="46.77967" lon="11.91657">
    <ele>878.0500000000001</ele>
   </trkpt>
   <trkpt lat="46.77942" lon="11.916730000000001">
    <ele>882.59</ele>
   </trkpt>
   <trkpt lat="46.77899000020713" lon="11.91695500180384">
    <ele>884.5600000000001</ele>
   </trkpt>
   <trkpt lat="46.778560000000006" lon="11.91718">
    <ele>890.0500000000001</ele>
   </trkpt>
   <trkpt lat="46.778400000000005" lon="11.917290000000001">
    <ele>891.47</ele>
   </trkpt>
   <trkpt lat="46.77785" lon="11.917720000000001">
    <ele>895.6100000000001</ele>
   </trkpt>
   <trkpt lat="46.77758" lon="11.917910000000001">
    <ele>896.72</ele>
   </trkpt>
   <trkpt lat="46.777170000000005" lon="11.91815">
    <ele>897.17</ele>
   </trkpt>
   <trkpt lat="46.77684000000001" lon="11.91839">
    <ele>897.2700000000001</ele>
   </trkpt>
   <trkpt lat="46.776250000000005" lon="11.91895">
    <ele>897.4900000000001</ele>
   </trkpt>
   <trkpt lat="46.77595" lon="11.919170000000001">
    <ele>897.7</ele>
   </trkpt>
   <trkpt lat="46.7757" lon="11.919310000000001">
    <ele>898.45</ele>
   </trkpt>
   <trkpt lat="46.775220000000004" lon="11.919480000000002">
    <ele>901.5000000000001</ele>
   </trkpt>
   <trkpt lat="46.77447" lon="11.91965">
    <ele>906.32</ele>
   </trkpt>
   <trkpt lat="46.774300000000004" lon="11.91971">
    <ele>907.2800000000001</ele>
   </trkpt>
   <trkpt lat="46.77407" lon="11.919820000000001">
    <ele>909.99</ele>
   </trkpt>
   <trkpt lat="46.77337500084298" lon="11.92025500560191">
    <ele>914.97</ele>
   </trkpt>
   <trkpt lat="46.77268" lon="11.92069">
    <ele>919.46</ele>
   </trkpt>
   <trkpt lat="46.772290000000005" lon="11.921030000000002">
    <ele>923.69</ele>
   </trkpt>
   <trkpt lat="46.77215" lon="11.921170000000002">
    <ele>924.0800000000002</ele>
   </trkpt>
   <trkpt lat="46.77174" lon="11.921460000000002">
    <ele>927.2800000000001</ele>
   </trkpt>
   <trkpt lat="46.77098" lon="11.922130000000001">
    <ele>934.5200000000001</ele>
   </trkpt>
   <trkpt lat="46.770590000000006" lon="11.92247">
    <ele>940.0400000000001</ele>
   </trkpt>
   <trkpt lat="46.770250000000004" lon="11.922860000000002">
    <ele>942.9200000000001</ele>
   </trkpt>
   <trkpt lat="46.77" lon="11.92312">
    <ele>945.5300000000001</ele>
   </trkpt>
   <trkpt lat="46.76993" lon="11.92318">
    <ele>947.85</ele>
   </trkpt>
   <trkpt lat="46.76975" lon="11.92328">
    <ele>950.3100000000001</ele>
   </trkpt>
   <trkpt lat="46.76971" lon="11.923340000000001">
    <ele>950.3100000000001</ele>
   </trkpt>
   <trkpt lat="46.76971" lon="11.92342">
    <ele>950.34</ele>
   </trkpt>
   <trkpt lat="46.76977" lon="11.923540000000001">
    <ele>950.3000000000001</ele>
   </trkpt>
   <trkpt lat="46.76997" lon="11.92379">
    <ele>949.8700000000001</ele>
   </trkpt>
   <trkpt lat="46.77011" lon="11.924040000000002">
    <ele>949.1100000000001</ele>
   </trkpt>
   <trkpt lat="46.77024" lon="11.924360000000002">
    <ele>948.6600000000001</ele>
   </trkpt>
   <trkpt lat="46.77065" lon="11.92538">
    <ele>946.71</ele>
   </trkpt>
   <trkpt lat="46.770865001996945" lon="11.926054997345371">
    <ele>946.4300000000001</ele>
   </trkpt>
   <trkpt lat="46.771080000000005" lon="11.926730000000001">
    <ele>945.82</ele>
   </trkpt>
   <trkpt lat="46.771260000000005" lon="11.927600000000002">
    <ele>944.1400000000001</ele>
   </trkpt>
   <trkpt lat="46.77147" lon="11.92886">
    <ele>942.3</ele>
   </trkpt>
   <trkpt lat="46.77159" lon="11.92942">
    <ele>941.39</ele>
   </trkpt>
   <trkpt lat="46.77179000569558" lon="11.930564995668375">
    <ele>938.25</ele>
   </trkpt>
   <trkpt lat="46.77199" lon="11.93171">
    <ele>936.1800000000001</ele>
   </trkpt>
   <trkpt lat="46.77214000000001" lon="11.932340000000002">
    <ele>934.7800000000001</ele>
   </trkpt>
   <trkpt lat="46.77234000000001" lon="11.93298">
    <ele>932.63</ele>
   </trkpt>
   <trkpt lat="46.77262000195777" lon="11.933649996523357">
    <ele>930.39</ele>
   </trkpt>
   <trkpt lat="46.77290000000001" lon="11.934320000000001">
    <ele>929.85</ele>
   </trkpt>
   <trkpt lat="46.77299000000001" lon="11.934610000000001">
    <ele>930.0</ele>
   </trkpt>
   <trkpt lat="46.77326" lon="11.9358">
    <ele>930.7900000000001</ele>
   </trkpt>
   <trkpt lat="46.77331" lon="11.935970000000001">
    <ele>930.85</ele>
   </trkpt>
   <trkpt lat="46.773430000000005" lon="11.936290000000001">
    <ele>930.8100000000001</ele>
   </trkpt>
   <trkpt lat="46.7736" lon="11.936670000000001">
    <ele>930.9900000000001</ele>
   </trkpt>
   <trkpt lat="46.77384000000001" lon="11.93707">
    <ele>931.4700000000001</ele>
   </trkpt>
   <trkpt lat="46.77409" lon="11.937570000000001">
    <ele>932.0200000000001</ele>
   </trkpt>
   <trkpt lat="46.77434" lon="11.93829">
    <ele>934.1800000000001</ele>
   </trkpt>
   <trkpt lat="46.77445" lon="11.938740000000001">
    <ele>934.1800000000001</ele>
   </trkpt>
  </trkseg>
 </trk>
</gpx>
