<?xml version="1.0" encoding="UTF-8"?>
<gpx creator="StravaGPX" version="1.1" xmlns="http://www.topografix.com/GPX/1/1" xmlns:xsi="http://www.w3.org/2001/XMLSchema-instance" xsi:schemaLocation="http://www.topografix.com/GPX/1/1 http://www.topografix.com/GPX/1/1/gpx.xsd">
 <metadata>
  <name>Austria 2</name>
  <author>
   <name>Xander Staal</name>
   <link href="https://www.strava.com/athletes/2830409"/>
  </author>
  <copyright author="OpenStreetMap contributors">
   <year>2020</year>
   <license>https://www.openstreetmap.org/copyright</license>
  </copyright>
  <link href="https://www.strava.com/routes/3476691452598253104"/>
 </metadata>
 <trk>
  <name>Austria 2</name>
  <link href="https://www.strava.com/routes/3476691452598253104"/>
  <type>cycling</type>
  <trkseg>
   <trkpt lat="47.211830000000006" lon="10.14826">
    <ele>1447.1200000000001</ele>
   </trkpt>
   <trkpt lat="47.21190000000001" lon="10.148150000000001">
    <ele>1447.21</ele>
   </trkpt>
   <trkpt lat="47.212050000000005" lon="10.148060000000001">
    <ele>1446.63</ele>
   </trkpt>
   <trkpt lat="47.21210000000001" lon="10.147900000000002">
    <ele>1443.64</ele>
   </trkpt>
   <trkpt lat="47.21184" lon="10.14736">
    <ele>1441.7300000000002</ele>
   </trkpt>
   <trkpt lat="47.211420000000004" lon="10.146320000000001">
    <ele>1442.53</ele>
   </trkpt>
   <trkpt lat="47.21125000000001" lon="10.1461">
    <ele>1443.3600000000001</ele>
   </trkpt>
   <trkpt lat="47.210910000000005" lon="10.14587">
    <ele>1444.01</ele>
   </trkpt>
   <trkpt lat="47.21076" lon="10.145620000000001">
    <ele>1444.68</ele>
   </trkpt>
   <trkpt lat="47.210770000000004" lon="10.145510000000002">
    <ele>1444.76</ele>
   </trkpt>
   <trkpt lat="47.210550000000005" lon="10.14488">
    <ele>1444.69</ele>
   </trkpt>
   <trkpt lat="47.210390000000004" lon="10.14451">
    <ele>1444.0600000000002</ele>
   </trkpt>
   <trkpt lat="47.210550000000005" lon="10.14423">
    <ele>1443.2800000000002</ele>
   </trkpt>
   <trkpt lat="47.21058000000001" lon="10.144120000000001">
    <ele>1442.94</ele>
   </trkpt>
   <trkpt lat="47.21065" lon="10.143210000000002">
    <ele>1438.42</ele>
   </trkpt>
   <trkpt lat="47.2107" lon="10.14301">
    <ele>1437.5600000000002</ele>
   </trkpt>
   <trkpt lat="47.210840000000005" lon="10.14269">
    <ele>1436.71</ele>
   </trkpt>
   <trkpt lat="47.21069000000001" lon="10.142560000000001">
    <ele>1437.41</ele>
   </trkpt>
   <trkpt lat="47.210550000000005" lon="10.14239">
    <ele>1437.7300000000002</ele>
   </trkpt>
   <trkpt lat="47.21041" lon="10.142290000000001">
    <ele>1438.3000000000002</ele>
   </trkpt>
   <trkpt lat="47.210240000000006" lon="10.142280000000001">
    <ele>1439.3300000000002</ele>
   </trkpt>
   <trkpt lat="47.20976" lon="10.142370000000001">
    <ele>1441.04</ele>
   </trkpt>
   <trkpt lat="47.20962" lon="10.142320000000002">
    <ele>1441.17</ele>
   </trkpt>
   <trkpt lat="47.209210000000006" lon="10.14202">
    <ele>1440.98</ele>
   </trkpt>
   <trkpt lat="47.209070000000004" lon="10.141960000000001">
    <ele>1441.14</ele>
   </trkpt>
   <trkpt lat="47.20859499996157" lon="10.141849998993816">
    <ele>1441.0500000000002</ele>
   </trkpt>
   <trkpt lat="47.20812" lon="10.14174">
    <ele>1441.5500000000002</ele>
   </trkpt>
   <trkpt lat="47.207910000000005" lon="10.14165">
    <ele>1441.6100000000001</ele>
   </trkpt>
   <trkpt lat="47.207800000000006" lon="10.141570000000002">
    <ele>1441.8200000000002</ele>
   </trkpt>
   <trkpt lat="47.207660000000004" lon="10.141430000000001">
    <ele>1442.26</ele>
   </trkpt>
   <trkpt lat="47.207245001173405" lon="10.140929996191451">
    <ele>1443.95</ele>
   </trkpt>
   <trkpt lat="47.206830000000004" lon="10.14043">
    <ele>1446.0400000000002</ele>
   </trkpt>
   <trkpt lat="47.20669" lon="10.140310000000001">
    <ele>1446.7500000000002</ele>
   </trkpt>
   <trkpt lat="47.206450000000004" lon="10.140170000000001">
    <ele>1448.23</ele>
   </trkpt>
   <trkpt lat="47.206320000000005" lon="10.14011">
    <ele>1448.62</ele>
   </trkpt>
   <trkpt lat="47.206160000000004" lon="10.140080000000001">
    <ele>1450.41</ele>
   </trkpt>
   <trkpt lat="47.20582" lon="10.14011">
    <ele>1452.32</ele>
   </trkpt>
   <trkpt lat="47.205740000000006" lon="10.14014">
    <ele>1452.71</ele>
   </trkpt>
   <trkpt lat="47.20555" lon="10.14024">
    <ele>1454.0900000000001</ele>
   </trkpt>
   <trkpt lat="47.20532" lon="10.140410000000001">
    <ele>1455.03</ele>
   </trkpt>
   <trkpt lat="47.20503" lon="10.14072">
    <ele>1459.0500000000002</ele>
   </trkpt>
   <trkpt lat="47.20492" lon="10.1408">
    <ele>1459.4</ele>
   </trkpt>
   <trkpt lat="47.204390000000004" lon="10.14098">
    <ele>1461.0900000000001</ele>
   </trkpt>
   <trkpt lat="47.204240000000006" lon="10.14109">
    <ele>1463.5900000000001</ele>
   </trkpt>
   <trkpt lat="47.20409" lon="10.14126">
    <ele>1463.5900000000001</ele>
   </trkpt>
   <trkpt lat="47.20389" lon="10.14159">
    <ele>1467.38</ele>
   </trkpt>
   <trkpt lat="47.20364000000001" lon="10.14187">
    <ele>1467.38</ele>
   </trkpt>
   <trkpt lat="47.20349" lon="10.141960000000001">
    <ele>1472.3400000000001</ele>
   </trkpt>
   <trkpt lat="47.20324" lon="10.142050000000001">
    <ele>1472.3400000000001</ele>
   </trkpt>
   <trkpt lat="47.20275" lon="10.14207">
    <ele>1474.18</ele>
   </trkpt>
   <trkpt lat="47.20255" lon="10.14206">
    <ele>1475.81</ele>
   </trkpt>
   <trkpt lat="47.20234000000001" lon="10.14197">
    <ele>1477.23</ele>
   </trkpt>
   <trkpt lat="47.20219" lon="10.14184">
    <ele>1479.1000000000001</ele>
   </trkpt>
   <trkpt lat="47.20159" lon="10.14117">
    <ele>1485.71</ele>
   </trkpt>
   <trkpt lat="47.20149000000001" lon="10.14108">
    <ele>1489.39</ele>
   </trkpt>
   <trkpt lat="47.20140000000001" lon="10.141020000000001">
    <ele>1489.39</ele>
   </trkpt>
   <trkpt lat="47.20116" lon="10.140970000000001">
    <ele>1490.5900000000001</ele>
   </trkpt>
   <trkpt lat="47.20105" lon="10.14099">
    <ele>1494.0000000000002</ele>
   </trkpt>
   <trkpt lat="47.200860000000006" lon="10.14108">
    <ele>1495.5800000000002</ele>
   </trkpt>
   <trkpt lat="47.20027" lon="10.1416">
    <ele>1500.5900000000001</ele>
   </trkpt>
   <trkpt lat="47.200010000000006" lon="10.14179">
    <ele>1503.6299999999999</ele>
   </trkpt>
   <trkpt lat="47.19973" lon="10.141960000000001">
    <ele>1506.45</ele>
   </trkpt>
   <trkpt lat="47.19901" lon="10.142290000000001">
    <ele>1511.0400000000002</ele>
   </trkpt>
   <trkpt lat="47.198256667674606" lon="10.14262334278031">
    <ele>1518.2000000000003</ele>
   </trkpt>
   <trkpt lat="47.19750333438242" lon="10.142956676095267">
    <ele>1524.65</ele>
   </trkpt>
   <trkpt lat="47.19675" lon="10.14329">
    <ele>1528.9800000000002</ele>
   </trkpt>
   <trkpt lat="47.1963" lon="10.143540000000002">
    <ele>1530.4</ele>
   </trkpt>
   <trkpt lat="47.19604" lon="10.14372">
    <ele>1532.67</ele>
   </trkpt>
   <trkpt lat="47.195820000000005" lon="10.143920000000001">
    <ele>1533.9</ele>
   </trkpt>
   <trkpt lat="47.19559" lon="10.144200000000001">
    <ele>1535.02</ele>
   </trkpt>
   <trkpt lat="47.19540000000001" lon="10.144490000000001">
    <ele>1537.43</ele>
   </trkpt>
   <trkpt lat="47.19491401108678" lon="10.145288029225327">
    <ele>1539.41</ele>
   </trkpt>
   <trkpt lat="47.1944280166324" lon="10.146086043833662">
    <ele>1542.0800000000002</ele>
   </trkpt>
   <trkpt lat="47.19394201663706" lon="10.146884043825356">
    <ele>1546.28</ele>
   </trkpt>
   <trkpt lat="47.19345601110093" lon="10.147682029200762">
    <ele>1550.3200000000002</ele>
   </trkpt>
   <trkpt lat="47.19297" lon="10.148480000000001">
    <ele>1554.42</ele>
   </trkpt>
   <trkpt lat="47.192400000000006" lon="10.149270000000001">
    <ele>1558.8200000000002</ele>
   </trkpt>
   <trkpt lat="47.192080000000004" lon="10.14968">
    <ele>1562.18</ele>
   </trkpt>
   <trkpt lat="47.191510001260816" lon="10.150235006037924">
    <ele>1567.38</ele>
   </trkpt>
   <trkpt lat="47.190940000000005" lon="10.15079">
    <ele>1572.99</ele>
   </trkpt>
   <trkpt lat="47.19058000072707" lon="10.151190002678781">
    <ele>1575.5400000000002</ele>
   </trkpt>
   <trkpt lat="47.190220000000004" lon="10.15159">
    <ele>1579.91</ele>
   </trkpt>
   <trkpt lat="47.18955801265308" lon="10.152442042480207">
    <ele>1584.3300000000002</ele>
   </trkpt>
   <trkpt lat="47.18889601898946" lon="10.153294063706424">
    <ele>1592.21</ele>
   </trkpt>
   <trkpt lat="47.18823401900947" lon="10.154146063679473">
    <ele>1598.72</ele>
   </trkpt>
   <trkpt lat="47.187572012713396" lon="10.154998042400173">
    <ele>1606.98</ele>
   </trkpt>
   <trkpt lat="47.186910000000005" lon="10.155850000000001">
    <ele>1611.7</ele>
   </trkpt>
   <trkpt lat="47.18661" lon="10.1562">
    <ele>1614.7</ele>
   </trkpt>
   <trkpt lat="47.18625" lon="10.156540000000001">
    <ele>1617.42</ele>
   </trkpt>
   <trkpt lat="47.185860000000005" lon="10.156870000000001">
    <ele>1621.42</ele>
   </trkpt>
   <trkpt lat="47.18529" lon="10.157250000000001">
    <ele>1626.1200000000001</ele>
   </trkpt>
   <trkpt lat="47.18488000000001" lon="10.157440000000001">
    <ele>1628.54</ele>
   </trkpt>
   <trkpt lat="47.184110000000004" lon="10.157720000000001">
    <ele>1630.78</ele>
   </trkpt>
   <trkpt lat="47.183710000000005" lon="10.157960000000001">
    <ele>1633.45</ele>
   </trkpt>
   <trkpt lat="47.18343" lon="10.1582">
    <ele>1635.8700000000001</ele>
   </trkpt>
   <trkpt lat="47.183020000767435" lon="10.158660003724432">
    <ele>1639.07</ele>
   </trkpt>
   <trkpt lat="47.182610000000004" lon="10.159120000000001">
    <ele>1645.8300000000002</ele>
   </trkpt>
   <trkpt lat="47.18229" lon="10.15934">
    <ele>1646.8500000000001</ele>
   </trkpt>
   <trkpt lat="47.1818450002135" lon="10.15960500227602">
    <ele>1650.16</ele>
   </trkpt>
   <trkpt lat="47.181400000000004" lon="10.159870000000002">
    <ele>1653.43</ele>
   </trkpt>
   <trkpt lat="47.18112000000001" lon="10.16009">
    <ele>1654.26</ele>
   </trkpt>
   <trkpt lat="47.18057" lon="10.160720000000001">
    <ele>1658.7900000000002</ele>
   </trkpt>
   <trkpt lat="47.180460000000004" lon="10.160850000000002">
    <ele>1660.3300000000002</ele>
   </trkpt>
   <trkpt lat="47.18025" lon="10.16103">
    <ele>1662.23</ele>
   </trkpt>
   <trkpt lat="47.18012" lon="10.161090000000002">
    <ele>1662.73</ele>
   </trkpt>
   <trkpt lat="47.179490000404584" lon="10.161350003039468">
    <ele>1665.42</ele>
   </trkpt>
   <trkpt lat="47.17886000000001" lon="10.161610000000001">
    <ele>1667.01</ele>
   </trkpt>
   <trkpt lat="47.178000000000004" lon="10.16186">
    <ele>1671.25</ele>
   </trkpt>
   <trkpt lat="47.17750999996598" lon="10.161925000606784">
    <ele>1674.4500000000003</ele>
   </trkpt>
   <trkpt lat="47.177020000000006" lon="10.161990000000001">
    <ele>1678.6900000000003</ele>
   </trkpt>
   <trkpt lat="47.176465000013344" lon="10.162025000365313">
    <ele>1681.15</ele>
   </trkpt>
   <trkpt lat="47.17591" lon="10.16206">
    <ele>1683.7700000000002</ele>
   </trkpt>
   <trkpt lat="47.175610000000006" lon="10.1621">
    <ele>1684.3600000000001</ele>
   </trkpt>
   <trkpt lat="47.17541000000001" lon="10.16215">
    <ele>1686.0100000000002</ele>
   </trkpt>
   <trkpt lat="47.17508" lon="10.16228">
    <ele>1688.95</ele>
   </trkpt>
   <trkpt lat="47.174710000000005" lon="10.162460000000001">
    <ele>1690.86</ele>
   </trkpt>
   <trkpt lat="47.17439" lon="10.16266">
    <ele>1695.03</ele>
   </trkpt>
   <trkpt lat="47.174130000000005" lon="10.162780000000001">
    <ele>1696.8100000000002</ele>
   </trkpt>
   <trkpt lat="47.17394" lon="10.16282">
    <ele>1697.7900000000002</ele>
   </trkpt>
   <trkpt lat="47.173790000000004" lon="10.1628">
    <ele>1699.0200000000002</ele>
   </trkpt>
   <trkpt lat="47.173500000000004" lon="10.162690000000001">
    <ele>1700.4</ele>
   </trkpt>
   <trkpt lat="47.17306000000001" lon="10.16247">
    <ele>1702.2800000000002</ele>
   </trkpt>
   <trkpt lat="47.172880000000006" lon="10.16243">
    <ele>1703.16</ele>
   </trkpt>
   <trkpt lat="47.17277000000001" lon="10.16243">
    <ele>1704.0000000000002</ele>
   </trkpt>
   <trkpt lat="47.17258" lon="10.16247">
    <ele>1704.5800000000002</ele>
   </trkpt>
   <trkpt lat="47.172360000000005" lon="10.162550000000001">
    <ele>1706.13</ele>
   </trkpt>
   <trkpt lat="47.171730000000004" lon="10.16281">
    <ele>1708.3600000000001</ele>
   </trkpt>
   <trkpt lat="47.17127000000001" lon="10.16304">
    <ele>1710.0600000000002</ele>
   </trkpt>
   <trkpt lat="47.171130000000005" lon="10.163060000000002">
    <ele>1710.2700000000002</ele>
   </trkpt>
   <trkpt lat="47.170860000000005" lon="10.163150000000002">
    <ele>1710.7800000000002</ele>
   </trkpt>
   <trkpt lat="47.170640000000006" lon="10.16318">
    <ele>1711.03</ele>
   </trkpt>
   <trkpt lat="47.170010000000005" lon="10.163150000000002">
    <ele>1711.7600000000002</ele>
   </trkpt>
   <trkpt lat="47.16948000000001" lon="10.163210000000001">
    <ele>1712.8200000000002</ele>
   </trkpt>
   <trkpt lat="47.169290000000004" lon="10.163260000000001">
    <ele>1713.21</ele>
   </trkpt>
   <trkpt lat="47.168910000000004" lon="10.163440000000001">
    <ele>1714.43</ele>
   </trkpt>
   <trkpt lat="47.16868" lon="10.1636">
    <ele>1715.2600000000002</ele>
   </trkpt>
   <trkpt lat="47.16823" lon="10.16385">
    <ele>1717.06</ele>
   </trkpt>
   <trkpt lat="47.167930000000005" lon="10.16399">
    <ele>1717.5200000000002</ele>
   </trkpt>
   <trkpt lat="47.16792" lon="10.16393">
    <ele>1717.5200000000002</ele>
   </trkpt>
   <trkpt lat="47.16787" lon="10.163860000000001">
    <ele>1717.5200000000002</ele>
   </trkpt>
   <trkpt lat="47.167550000000006" lon="10.16388">
    <ele>1717.0900000000001</ele>
   </trkpt>
   <trkpt lat="47.16749" lon="10.16394">
    <ele>1717.0900000000001</ele>
   </trkpt>
   <trkpt lat="47.167480000000005" lon="10.16404">
    <ele>1717.0900000000001</ele>
   </trkpt>
   <trkpt lat="47.16663666669829" lon="10.164053333756229">
    <ele>1717.71</ele>
   </trkpt>
   <trkpt lat="47.16579333339501" lon="10.16406666708908">
    <ele>1721.3600000000001</ele>
   </trkpt>
   <trkpt lat="47.164950000000005" lon="10.16408">
    <ele>1729.5300000000002</ele>
   </trkpt>
   <trkpt lat="47.16424000032841" lon="10.164240006416554">
    <ele>1733.2900000000002</ele>
   </trkpt>
   <trkpt lat="47.163530000434044" lon="10.164400008556122">
    <ele>1737.0400000000002</ele>
   </trkpt>
   <trkpt lat="47.162820000316906" lon="10.164560006418926">
    <ele>1739.66</ele>
   </trkpt>
   <trkpt lat="47.162110000000006" lon="10.16472">
    <ele>1744.52</ele>
   </trkpt>
   <trkpt lat="47.16171000000001" lon="10.16477">
    <ele>1746.4</ele>
   </trkpt>
   <trkpt lat="47.16133000000001" lon="10.16479">
    <ele>1748.8000000000002</ele>
   </trkpt>
   <trkpt lat="47.16059000000513" lon="10.164807500731197">
    <ele>1754.46</ele>
   </trkpt>
   <trkpt lat="47.15985000000758" lon="10.164825000974893">
    <ele>1759.8200000000002</ele>
   </trkpt>
   <trkpt lat="47.15911000000737" lon="10.164842500731117">
    <ele>1765.27</ele>
   </trkpt>
   <trkpt lat="47.158370000000005" lon="10.164860000000001">
    <ele>1769.6000000000001</ele>
   </trkpt>
   <trkpt lat="47.158120000000004" lon="10.16483">
    <ele>1770.0800000000002</ele>
   </trkpt>
   <trkpt lat="47.15752000004899" lon="10.164734998928807">
    <ele>1770.0900000000001</ele>
   </trkpt>
   <trkpt lat="47.15692000000001" lon="10.16464">
    <ele>1768.1100000000001</ele>
   </trkpt>
   <trkpt lat="47.15661" lon="10.16464">
    <ele>1766.2300000000002</ele>
   </trkpt>
   <trkpt lat="47.156150000000004" lon="10.16474">
    <ele>1764.0600000000002</ele>
   </trkpt>
   <trkpt lat="47.15540000000001" lon="10.16505">
    <ele>1760.3500000000001</ele>
   </trkpt>
   <trkpt lat="47.15509" lon="10.16511">
    <ele>1759.39</ele>
   </trkpt>
   <trkpt lat="47.154450000032455" lon="10.165024998976447">
    <ele>1756.3700000000001</ele>
   </trkpt>
   <trkpt lat="47.15381000000001" lon="10.164940000000001">
    <ele>1752.79</ele>
   </trkpt>
   <trkpt lat="47.153470000000006" lon="10.16496">
    <ele>1750.0900000000001</ele>
   </trkpt>
   <trkpt lat="47.152680000000004" lon="10.165120000000002">
    <ele>1743.39</ele>
   </trkpt>
   <trkpt lat="47.15238" lon="10.165280000000001">
    <ele>1740.18</ele>
   </trkpt>
   <trkpt lat="47.151900000000005" lon="10.16582">
    <ele>1736.6100000000001</ele>
   </trkpt>
   <trkpt lat="47.151650000000004" lon="10.166080000000001">
    <ele>1735.3600000000001</ele>
   </trkpt>
   <trkpt lat="47.15138" lon="10.16618">
    <ele>1732.39</ele>
   </trkpt>
   <trkpt lat="47.151160000000004" lon="10.16614">
    <ele>1729.1200000000001</ele>
   </trkpt>
   <trkpt lat="47.15109" lon="10.1661">
    <ele>1729.1200000000001</ele>
   </trkpt>
   <trkpt lat="47.15095" lon="10.165980000000001">
    <ele>1725.1000000000001</ele>
   </trkpt>
   <trkpt lat="47.1507" lon="10.165590000000002">
    <ele>1720.3100000000002</ele>
   </trkpt>
   <trkpt lat="47.150490000000005" lon="10.16539">
    <ele>1718.3400000000001</ele>
   </trkpt>
   <trkpt lat="47.150330000000004" lon="10.16533">
    <ele>1716.9800000000002</ele>
   </trkpt>
   <trkpt lat="47.15007000000001" lon="10.165360000000002">
    <ele>1714.5400000000002</ele>
   </trkpt>
   <trkpt lat="47.14985" lon="10.16548">
    <ele>1711.8400000000001</ele>
   </trkpt>
   <trkpt lat="47.14939000152407" lon="10.166045004723948">
    <ele>1704.39</ele>
   </trkpt>
   <trkpt lat="47.14893000000001" lon="10.16661">
    <ele>1699.38</ele>
   </trkpt>
   <trkpt lat="47.148830000000004" lon="10.166780000000001">
    <ele>1697.47</ele>
   </trkpt>
   <trkpt lat="47.14876" lon="10.167050000000001">
    <ele>1695.48</ele>
   </trkpt>
   <trkpt lat="47.14873" lon="10.16741">
    <ele>1692.25</ele>
   </trkpt>
   <trkpt lat="47.148630000000004" lon="10.167760000000001">
    <ele>1690.44</ele>
   </trkpt>
   <trkpt lat="47.148480000000006" lon="10.168140000000001">
    <ele>1691.48</ele>
   </trkpt>
   <trkpt lat="47.148410000000005" lon="10.168230000000001">
    <ele>1716.8200000000002</ele>
   </trkpt>
   <trkpt lat="47.148270000000004" lon="10.16838">
    <ele>1705.9400000000003</ele>
   </trkpt>
   <trkpt lat="47.14818" lon="10.168420000000001">
    <ele>1705.9400000000003</ele>
   </trkpt>
   <trkpt lat="47.147920000000006" lon="10.168420000000001">
    <ele>1684.38</ele>
   </trkpt>
   <trkpt lat="47.14763000000001" lon="10.1684">
    <ele>1681.42</ele>
   </trkpt>
   <trkpt lat="47.1475" lon="10.16844">
    <ele>1680.97</ele>
   </trkpt>
   <trkpt lat="47.147030000414375" lon="10.168765002904934">
    <ele>1676.1000000000001</ele>
   </trkpt>
   <trkpt lat="47.14656" lon="10.16909">
    <ele>1672.1200000000001</ele>
   </trkpt>
   <trkpt lat="47.145860000000006" lon="10.16953">
    <ele>1678.9</ele>
   </trkpt>
   <trkpt lat="47.145500000000006" lon="10.1698">
    <ele>1672.4500000000003</ele>
   </trkpt>
   <trkpt lat="47.145210000000006" lon="10.16994">
    <ele>1670.7200000000003</ele>
   </trkpt>
   <trkpt lat="47.14504" lon="10.17013">
    <ele>1668.3000000000002</ele>
   </trkpt>
   <trkpt lat="47.144920000000006" lon="10.17037">
    <ele>1667.2000000000003</ele>
   </trkpt>
   <trkpt lat="47.14484" lon="10.17046">
    <ele>1667.2000000000003</ele>
   </trkpt>
   <trkpt lat="47.14473" lon="10.170530000000001">
    <ele>1665.46</ele>
   </trkpt>
   <trkpt lat="47.14457" lon="10.170580000000001">
    <ele>1663.79</ele>
   </trkpt>
   <trkpt lat="47.14443000000001" lon="10.170580000000001">
    <ele>1662.0</ele>
   </trkpt>
   <trkpt lat="47.1443" lon="10.17054">
    <ele>1662.0</ele>
   </trkpt>
   <trkpt lat="47.14417" lon="10.17045">
    <ele>1659.63</ele>
   </trkpt>
   <trkpt lat="47.144000000000005" lon="10.17017">
    <ele>1656.03</ele>
   </trkpt>
   <trkpt lat="47.14385" lon="10.169680000000001">
    <ele>1652.4500000000003</ele>
   </trkpt>
   <trkpt lat="47.14374" lon="10.16876">
    <ele>1647.39</ele>
   </trkpt>
   <trkpt lat="47.14385" lon="10.16763">
    <ele>1639.66</ele>
   </trkpt>
   <trkpt lat="47.14383" lon="10.1674">
    <ele>1638.88</ele>
   </trkpt>
   <trkpt lat="47.143750000000004" lon="10.167200000000001">
    <ele>1636.5</ele>
   </trkpt>
   <trkpt lat="47.143640000000005" lon="10.167050000000001">
    <ele>1635.68</ele>
   </trkpt>
   <trkpt lat="47.14352" lon="10.166960000000001">
    <ele>1634.8300000000002</ele>
   </trkpt>
   <trkpt lat="47.14338" lon="10.16693">
    <ele>1632.8500000000001</ele>
   </trkpt>
   <trkpt lat="47.14262" lon="10.16704">
    <ele>1614.7300000000002</ele>
   </trkpt>
   <trkpt lat="47.1422" lon="10.167010000000001">
    <ele>1611.2900000000002</ele>
   </trkpt>
   <trkpt lat="47.14175" lon="10.166870000000001">
    <ele>1606.0400000000002</ele>
   </trkpt>
   <trkpt lat="47.14155" lon="10.166770000000001">
    <ele>1605.3400000000001</ele>
   </trkpt>
   <trkpt lat="47.1413" lon="10.16661">
    <ele>1603.7800000000002</ele>
   </trkpt>
   <trkpt lat="47.14074" lon="10.16604">
    <ele>1600.95</ele>
   </trkpt>
   <trkpt lat="47.140510000000006" lon="10.16587">
    <ele>1599.91</ele>
   </trkpt>
   <trkpt lat="47.139950000000006" lon="10.165590000000002">
    <ele>1598.4600000000003</ele>
   </trkpt>
   <trkpt lat="47.139880000000005" lon="10.16553">
    <ele>1596.7600000000002</ele>
   </trkpt>
   <trkpt lat="47.13984000000001" lon="10.165420000000001">
    <ele>1596.7600000000002</ele>
   </trkpt>
   <trkpt lat="47.13983" lon="10.165280000000001">
    <ele>1595.9800000000002</ele>
   </trkpt>
   <trkpt lat="47.13985" lon="10.165170000000002">
    <ele>1595.05</ele>
   </trkpt>
   <trkpt lat="47.13991" lon="10.165080000000001">
    <ele>1593.9800000000002</ele>
   </trkpt>
   <trkpt lat="47.13998" lon="10.16505">
    <ele>1592.7900000000002</ele>
   </trkpt>
   <trkpt lat="47.140060000000005" lon="10.16506">
    <ele>1592.7900000000002</ele>
   </trkpt>
   <trkpt lat="47.14023" lon="10.1652">
    <ele>1589.25</ele>
   </trkpt>
   <trkpt lat="47.140510000000006" lon="10.165500000000002">
    <ele>1585.96</ele>
   </trkpt>
   <trkpt lat="47.14083" lon="10.165790000000001">
    <ele>1583.2400000000002</ele>
   </trkpt>
   <trkpt lat="47.14088" lon="10.16582">
    <ele>1582.5800000000002</ele>
   </trkpt>
   <trkpt lat="47.14099" lon="10.16582">
    <ele>1581.8100000000002</ele>
   </trkpt>
   <trkpt lat="47.141070000000006" lon="10.16576">
    <ele>1581.39</ele>
   </trkpt>
   <trkpt lat="47.14112" lon="10.165610000000001">
    <ele>1580.01</ele>
   </trkpt>
   <trkpt lat="47.1411" lon="10.165450000000002">
    <ele>1579.01</ele>
   </trkpt>
   <trkpt lat="47.14103" lon="10.16533">
    <ele>1577.3700000000001</ele>
   </trkpt>
   <trkpt lat="47.14096000000001" lon="10.16529">
    <ele>1577.3700000000001</ele>
   </trkpt>
   <trkpt lat="47.14076000000001" lon="10.165220000000001">
    <ele>1574.5200000000002</ele>
   </trkpt>
   <trkpt lat="47.14061" lon="10.165130000000001">
    <ele>1570.41</ele>
   </trkpt>
   <trkpt lat="47.1405" lon="10.165030000000002">
    <ele>1570.41</ele>
   </trkpt>
   <trkpt lat="47.14021" lon="10.164610000000001">
    <ele>1565.64</ele>
   </trkpt>
   <trkpt lat="47.14009" lon="10.164470000000001">
    <ele>1565.64</ele>
   </trkpt>
   <trkpt lat="47.139970000000005" lon="10.164390000000001">
    <ele>1565.64</ele>
   </trkpt>
   <trkpt lat="47.13985" lon="10.164340000000001">
    <ele>1558.28</ele>
   </trkpt>
   <trkpt lat="47.139720000000004" lon="10.16431">
    <ele>1558.28</ele>
   </trkpt>
   <trkpt lat="47.139540000000004" lon="10.16432">
    <ele>1558.28</ele>
   </trkpt>
   <trkpt lat="47.13947" lon="10.164340000000001">
    <ele>1558.28</ele>
   </trkpt>
   <trkpt lat="47.13924" lon="10.16449">
    <ele>1553.2700000000002</ele>
   </trkpt>
   <trkpt lat="47.13918" lon="10.16455">
    <ele>1553.2700000000002</ele>
   </trkpt>
   <trkpt lat="47.139070000000004" lon="10.16472">
    <ele>1551.14</ele>
   </trkpt>
   <trkpt lat="47.13893" lon="10.16506">
    <ele>1549.2</ele>
   </trkpt>
   <trkpt lat="47.13889" lon="10.165280000000001">
    <ele>1548.7900000000002</ele>
   </trkpt>
   <trkpt lat="47.138870000000004" lon="10.16558">
    <ele>1547.88</ele>
   </trkpt>
   <trkpt lat="47.138830000000006" lon="10.16572">
    <ele>1546.93</ele>
   </trkpt>
   <trkpt lat="47.138780000000004" lon="10.165790000000001">
    <ele>1546.49</ele>
   </trkpt>
   <trkpt lat="47.13873" lon="10.165830000000001">
    <ele>1545.9900000000002</ele>
   </trkpt>
   <trkpt lat="47.138670000000005" lon="10.165840000000001">
    <ele>1545.44</ele>
   </trkpt>
   <trkpt lat="47.138600000000004" lon="10.16581">
    <ele>1544.2300000000002</ele>
   </trkpt>
   <trkpt lat="47.138540000000006" lon="10.165740000000001">
    <ele>1542.9</ele>
   </trkpt>
   <trkpt lat="47.138510000000004" lon="10.165640000000002">
    <ele>1542.9</ele>
   </trkpt>
   <trkpt lat="47.138490000000004" lon="10.165410000000001">
    <ele>1538.7400000000002</ele>
   </trkpt>
   <trkpt lat="47.138540000000006" lon="10.164990000000001">
    <ele>1535.5200000000002</ele>
   </trkpt>
   <trkpt lat="47.13864" lon="10.16464">
    <ele>1532.01</ele>
   </trkpt>
   <trkpt lat="47.13875" lon="10.164390000000001">
    <ele>1529.16</ele>
   </trkpt>
   <trkpt lat="47.138920000000006" lon="10.16411">
    <ele>1527.8</ele>
   </trkpt>
   <trkpt lat="47.13908000000001" lon="10.16394">
    <ele>1526.1200000000001</ele>
   </trkpt>
   <trkpt lat="47.139300000000006" lon="10.163770000000001">
    <ele>1525.02</ele>
   </trkpt>
   <trkpt lat="47.13937000000001" lon="10.163680000000001">
    <ele>1524.7</ele>
   </trkpt>
   <trkpt lat="47.13942" lon="10.163530000000002">
    <ele>1523.6100000000001</ele>
   </trkpt>
   <trkpt lat="47.139410000000005" lon="10.16342">
    <ele>1522.76</ele>
   </trkpt>
   <trkpt lat="47.13937000000001" lon="10.16332">
    <ele>1521.29</ele>
   </trkpt>
   <trkpt lat="47.139300000000006" lon="10.163260000000001">
    <ele>1520.7700000000002</ele>
   </trkpt>
   <trkpt lat="47.13926000000001" lon="10.163250000000001">
    <ele>1520.7700000000002</ele>
   </trkpt>
   <trkpt lat="47.13918" lon="10.16327">
    <ele>1519.67</ele>
   </trkpt>
   <trkpt lat="47.139100000000006" lon="10.163350000000001">
    <ele>1519.67</ele>
   </trkpt>
   <trkpt lat="47.13891" lon="10.163670000000002">
    <ele>1515.06</ele>
   </trkpt>
   <trkpt lat="47.138780000000004" lon="10.163810000000002">
    <ele>1512.99</ele>
   </trkpt>
   <trkpt lat="47.138580000000005" lon="10.163920000000001">
    <ele>1510.3500000000001</ele>
   </trkpt>
   <trkpt lat="47.13843000000001" lon="10.16394">
    <ele>1509.66</ele>
   </trkpt>
   <trkpt lat="47.13826" lon="10.163910000000001">
    <ele>1509.0500000000002</ele>
   </trkpt>
   <trkpt lat="47.13806" lon="10.16379">
    <ele>1506.79</ele>
   </trkpt>
   <trkpt lat="47.13799" lon="10.163720000000001">
    <ele>1506.0800000000002</ele>
   </trkpt>
   <trkpt lat="47.137930000000004" lon="10.163620000000002">
    <ele>1505.24</ele>
   </trkpt>
   <trkpt lat="47.1379" lon="10.163530000000002">
    <ele>1505.24</ele>
   </trkpt>
   <trkpt lat="47.13788" lon="10.16341">
    <ele>1505.24</ele>
   </trkpt>
   <trkpt lat="47.13792" lon="10.16328">
    <ele>1501.0</ele>
   </trkpt>
   <trkpt lat="47.138000000000005" lon="10.163210000000001">
    <ele>1501.0</ele>
   </trkpt>
   <trkpt lat="47.13812" lon="10.163200000000002">
    <ele>1499.8500000000001</ele>
   </trkpt>
   <trkpt lat="47.13842" lon="10.16328">
    <ele>1495.7900000000002</ele>
   </trkpt>
   <trkpt lat="47.13861000000001" lon="10.163260000000001">
    <ele>1494.49</ele>
   </trkpt>
   <trkpt lat="47.138720000000006" lon="10.163210000000001">
    <ele>1493.0100000000002</ele>
   </trkpt>
   <trkpt lat="47.139070000000004" lon="10.162920000000002">
    <ele>1491.5</ele>
   </trkpt>
   <trkpt lat="47.139190000000006" lon="10.162780000000001">
    <ele>1489.54</ele>
   </trkpt>
   <trkpt lat="47.139230000000005" lon="10.162690000000001">
    <ele>1488.93</ele>
   </trkpt>
   <trkpt lat="47.139250000000004" lon="10.162560000000001">
    <ele>1488.2900000000002</ele>
   </trkpt>
   <trkpt lat="47.139230000000005" lon="10.16244">
    <ele>1488.2900000000002</ele>
   </trkpt>
   <trkpt lat="47.13915" lon="10.16233">
    <ele>1487.27</ele>
   </trkpt>
   <trkpt lat="47.139050000000005" lon="10.1623">
    <ele>1486.5000000000002</ele>
   </trkpt>
   <trkpt lat="47.13891" lon="10.16238">
    <ele>1484.5300000000002</ele>
   </trkpt>
   <trkpt lat="47.13844" lon="10.1628">
    <ele>1481.8600000000001</ele>
   </trkpt>
   <trkpt lat="47.1383" lon="10.162870000000002">
    <ele>1481.13</ele>
   </trkpt>
   <trkpt lat="47.13821" lon="10.162840000000001">
    <ele>1480.42</ele>
   </trkpt>
   <trkpt lat="47.13815" lon="10.16277">
    <ele>1479.57</ele>
   </trkpt>
   <trkpt lat="47.13812" lon="10.162680000000002">
    <ele>1478.64</ele>
   </trkpt>
   <trkpt lat="47.138110000000005" lon="10.16258">
    <ele>1478.64</ele>
   </trkpt>
   <trkpt lat="47.13814000000001" lon="10.16247">
    <ele>1477.66</ele>
   </trkpt>
   <trkpt lat="47.138250000000006" lon="10.16233">
    <ele>1477.66</ele>
   </trkpt>
   <trkpt lat="47.13842" lon="10.16225">
    <ele>1473.06</ele>
   </trkpt>
   <trkpt lat="47.13886" lon="10.162090000000001">
    <ele>1468.5800000000002</ele>
   </trkpt>
   <trkpt lat="47.139070000000004" lon="10.162070000000002">
    <ele>1466.63</ele>
   </trkpt>
   <trkpt lat="47.139160000000004" lon="10.162080000000001">
    <ele>1465.68</ele>
   </trkpt>
   <trkpt lat="47.13935" lon="10.16214">
    <ele>1464.0000000000002</ele>
   </trkpt>
   <trkpt lat="47.13989" lon="10.162420000000001">
    <ele>1460.6000000000001</ele>
   </trkpt>
   <trkpt lat="47.140130000000006" lon="10.16252">
    <ele>1458.76</ele>
   </trkpt>
   <trkpt lat="47.14022000000001" lon="10.16252">
    <ele>1458.42</ele>
   </trkpt>
   <trkpt lat="47.1403" lon="10.16248">
    <ele>1457.68</ele>
   </trkpt>
   <trkpt lat="47.14036" lon="10.16239">
    <ele>1456.14</ele>
   </trkpt>
   <trkpt lat="47.14038" lon="10.162260000000002">
    <ele>1456.14</ele>
   </trkpt>
   <trkpt lat="47.140350000000005" lon="10.1621">
    <ele>1456.14</ele>
   </trkpt>
   <trkpt lat="47.14023" lon="10.16197">
    <ele>1453.7700000000002</ele>
   </trkpt>
   <trkpt lat="47.139630000000004" lon="10.161560000000001">
    <ele>1449.3200000000002</ele>
   </trkpt>
   <trkpt lat="47.13951" lon="10.16141">
    <ele>1448.64</ele>
   </trkpt>
   <trkpt lat="47.13947" lon="10.161290000000001">
    <ele>1447.1000000000001</ele>
   </trkpt>
   <trkpt lat="47.139450000000004" lon="10.161090000000002">
    <ele>1446.45</ele>
   </trkpt>
   <trkpt lat="47.139480000000006" lon="10.160950000000001">
    <ele>1445.75</ele>
   </trkpt>
   <trkpt lat="47.13953" lon="10.160850000000002">
    <ele>1445.0</ele>
   </trkpt>
   <trkpt lat="47.139590000000005" lon="10.16078">
    <ele>1444.22</ele>
   </trkpt>
   <trkpt lat="47.13969" lon="10.160720000000001">
    <ele>1442.16</ele>
   </trkpt>
   <trkpt lat="47.139770000000006" lon="10.160720000000001">
    <ele>1442.16</ele>
   </trkpt>
   <trkpt lat="47.139880000000005" lon="10.160770000000001">
    <ele>1441.3700000000001</ele>
   </trkpt>
   <trkpt lat="47.13993000000001" lon="10.160820000000001">
    <ele>1440.62</ele>
   </trkpt>
   <trkpt lat="47.14002000000001" lon="10.160960000000001">
    <ele>1439.93</ele>
   </trkpt>
   <trkpt lat="47.14031000000001" lon="10.161510000000002">
    <ele>1436.9</ele>
   </trkpt>
   <trkpt lat="47.140390000000004" lon="10.1616">
    <ele>1435.3200000000002</ele>
   </trkpt>
   <trkpt lat="47.14047" lon="10.161660000000001">
    <ele>1435.3200000000002</ele>
   </trkpt>
   <trkpt lat="47.14058000000001" lon="10.161700000000002">
    <ele>1434.39</ele>
   </trkpt>
   <trkpt lat="47.14067000000001" lon="10.161700000000002">
    <ele>1434.39</ele>
   </trkpt>
   <trkpt lat="47.14081" lon="10.16167">
    <ele>1432.46</ele>
   </trkpt>
   <trkpt lat="47.14092" lon="10.16158">
    <ele>1431.45</ele>
   </trkpt>
   <trkpt lat="47.141020000000005" lon="10.161460000000002">
    <ele>1431.44</ele>
   </trkpt>
   <trkpt lat="47.14108" lon="10.161320000000002">
    <ele>1430.02</ele>
   </trkpt>
   <trkpt lat="47.14112" lon="10.16116">
    <ele>1427.1100000000001</ele>
   </trkpt>
   <trkpt lat="47.14114000000001" lon="10.161000000000001">
    <ele>1427.1100000000001</ele>
   </trkpt>
   <trkpt lat="47.141130000000004" lon="10.160850000000002">
    <ele>1424.44</ele>
   </trkpt>
   <trkpt lat="47.1411" lon="10.160710000000002">
    <ele>1422.91</ele>
   </trkpt>
   <trkpt lat="47.141020000000005" lon="10.16051">
    <ele>1420.4800000000002</ele>
   </trkpt>
   <trkpt lat="47.14092" lon="10.16032">
    <ele>1419.55</ele>
   </trkpt>
   <trkpt lat="47.140440000000005" lon="10.15976">
    <ele>1415.95</ele>
   </trkpt>
   <trkpt lat="47.14029000000001" lon="10.159550000000001">
    <ele>1413.8300000000002</ele>
   </trkpt>
   <trkpt lat="47.14002000140185" lon="10.158964996840234">
    <ele>1408.2800000000002</ele>
   </trkpt>
   <trkpt lat="47.13975000000001" lon="10.158380000000001">
    <ele>1403.67</ele>
   </trkpt>
   <trkpt lat="47.139245004068115" lon="10.157414990865446">
    <ele>1400.44</ele>
   </trkpt>
   <trkpt lat="47.138740000000006" lon="10.156450000000001">
    <ele>1395.34</ele>
   </trkpt>
   <trkpt lat="47.13855" lon="10.156020000000002">
    <ele>1395.73</ele>
   </trkpt>
   <trkpt lat="47.138310000000004" lon="10.155270000000002">
    <ele>1394.38</ele>
   </trkpt>
   <trkpt lat="47.138085003164136" lon="10.15441499631855">
    <ele>1393.17</ele>
   </trkpt>
   <trkpt lat="47.13786" lon="10.15356">
    <ele>1391.15</ele>
   </trkpt>
   <trkpt lat="47.137820000000005" lon="10.15351">
    <ele>1390.7500000000002</ele>
   </trkpt>
   <trkpt lat="47.137800000000006" lon="10.15352">
    <ele>1390.7500000000002</ele>
   </trkpt>
   <trkpt lat="47.137570000000004" lon="10.15262">
    <ele>1388.24</ele>
   </trkpt>
   <trkpt lat="47.1375" lon="10.152190000000001">
    <ele>1386.56</ele>
   </trkpt>
   <trkpt lat="47.13745" lon="10.15164">
    <ele>1385.14</ele>
   </trkpt>
   <trkpt lat="47.13745500550704" lon="10.150515000089856">
    <ele>1383.18</ele>
   </trkpt>
   <trkpt lat="47.137460000000004" lon="10.14939">
    <ele>1379.5600000000002</ele>
   </trkpt>
   <trkpt lat="47.13745" lon="10.14906">
    <ele>1378.77</ele>
   </trkpt>
   <trkpt lat="47.137370000000004" lon="10.14845">
    <ele>1377.34</ele>
   </trkpt>
   <trkpt lat="47.137260000000005" lon="10.14797">
    <ele>1375.42</ele>
   </trkpt>
   <trkpt lat="47.13692" lon="10.1468">
    <ele>1371.79</ele>
   </trkpt>
   <trkpt lat="47.13671000181093" lon="10.146144997239048">
    <ele>1368.68</ele>
   </trkpt>
   <trkpt lat="47.136500000000005" lon="10.14549">
    <ele>1366.97</ele>
   </trkpt>
   <trkpt lat="47.136300000000006" lon="10.1448">
    <ele>1363.65</ele>
   </trkpt>
   <trkpt lat="47.13611" lon="10.14409">
    <ele>1360.8300000000002</ele>
   </trkpt>
   <trkpt lat="47.13596000177013" lon="10.143449998142955">
    <ele>1357.6000000000001</ele>
   </trkpt>
   <trkpt lat="47.135810000000006" lon="10.14281">
    <ele>1354.3200000000002</ele>
   </trkpt>
   <trkpt lat="47.135690000000004" lon="10.142470000000001">
    <ele>1353.76</ele>
   </trkpt>
   <trkpt lat="47.13559" lon="10.142240000000001">
    <ele>1352.2800000000002</ele>
   </trkpt>
   <trkpt lat="47.135160000000006" lon="10.14151">
    <ele>1350.7900000000002</ele>
   </trkpt>
   <trkpt lat="47.135130000000004" lon="10.141300000000001">
    <ele>1348.3500000000001</ele>
   </trkpt>
   <trkpt lat="47.135160000000006" lon="10.14095">
    <ele>1344.84</ele>
   </trkpt>
   <trkpt lat="47.13512" lon="10.14048">
    <ele>1344.0400000000002</ele>
   </trkpt>
   <trkpt lat="47.13481" lon="10.13945">
    <ele>1336.2900000000002</ele>
   </trkpt>
   <trkpt lat="47.13457500562899" lon="10.138314995098463">
    <ele>1329.5</ele>
   </trkpt>
   <trkpt lat="47.13434" lon="10.13718">
    <ele>1323.3799999999999</ele>
   </trkpt>
   <trkpt lat="47.13425" lon="10.136880000000001">
    <ele>1322.44</ele>
   </trkpt>
   <trkpt lat="47.134260000000005" lon="10.13644">
    <ele>1318.5900000000001</ele>
   </trkpt>
   <trkpt lat="47.13438000000001" lon="10.13591">
    <ele>1311.8899999999999</ele>
   </trkpt>
   <trkpt lat="47.1343" lon="10.13545">
    <ele>1309.3600000000001</ele>
   </trkpt>
   <trkpt lat="47.134280000000004" lon="10.135250000000001">
    <ele>1307.83</ele>
   </trkpt>
   <trkpt lat="47.13427" lon="10.13499">
    <ele>1306.39</ele>
   </trkpt>
   <trkpt lat="47.134280000000004" lon="10.134810000000002">
    <ele>1306.39</ele>
   </trkpt>
   <trkpt lat="47.134460000000004" lon="10.133640000000002">
    <ele>1295.17</ele>
   </trkpt>
   <trkpt lat="47.13449000000001" lon="10.13311">
    <ele>1292.98</ele>
   </trkpt>
   <trkpt lat="47.13448" lon="10.13277">
    <ele>1290.28</ele>
   </trkpt>
   <trkpt lat="47.134420000000006" lon="10.132430000000001">
    <ele>1285.16</ele>
   </trkpt>
   <trkpt lat="47.134350000000005" lon="10.13218">
    <ele>1285.16</ele>
   </trkpt>
   <trkpt lat="47.134040000000006" lon="10.13137">
    <ele>1279.2</ele>
   </trkpt>
   <trkpt lat="47.13396" lon="10.131120000000001">
    <ele>1276.93</ele>
   </trkpt>
   <trkpt lat="47.133900000000004" lon="10.130840000000001">
    <ele>1276.48</ele>
   </trkpt>
   <trkpt lat="47.133880000000005" lon="10.130560000000001">
    <ele>1275.5500000000002</ele>
   </trkpt>
   <trkpt lat="47.133880000000005" lon="10.13038">
    <ele>1276.03</ele>
   </trkpt>
   <trkpt lat="47.133990000000004" lon="10.12982">
    <ele>1272.0500000000002</ele>
   </trkpt>
   <trkpt lat="47.133860000000006" lon="10.12916">
    <ele>1268.7400000000002</ele>
   </trkpt>
   <trkpt lat="47.13371" lon="10.12786">
    <ele>1259.49</ele>
   </trkpt>
   <trkpt lat="47.133750000000006" lon="10.12683">
    <ele>1254.5400000000002</ele>
   </trkpt>
   <trkpt lat="47.13365" lon="10.126270000000002">
    <ele>1250.34</ele>
   </trkpt>
   <trkpt lat="47.13367" lon="10.126180000000002">
    <ele>1249.5800000000002</ele>
   </trkpt>
   <trkpt lat="47.13371" lon="10.126140000000001">
    <ele>1248.8700000000001</ele>
   </trkpt>
   <trkpt lat="47.133610000000004" lon="10.125670000000001">
    <ele>1245.2</ele>
   </trkpt>
   <trkpt lat="47.133520000000004" lon="10.12537">
    <ele>1245.2</ele>
   </trkpt>
   <trkpt lat="47.13336" lon="10.125110000000001">
    <ele>1242.34</ele>
   </trkpt>
   <trkpt lat="47.13293500093288" lon="10.124639996212677">
    <ele>1236.24</ele>
   </trkpt>
   <trkpt lat="47.13251" lon="10.124170000000001">
    <ele>1232.58</ele>
   </trkpt>
   <trkpt lat="47.132340000000006" lon="10.12392">
    <ele>1232.58</ele>
   </trkpt>
   <trkpt lat="47.132220000000004" lon="10.12372">
    <ele>1229.43</ele>
   </trkpt>
   <trkpt lat="47.13206" lon="10.123370000000001">
    <ele>1227.03</ele>
   </trkpt>
   <trkpt lat="47.131930000000004" lon="10.12288">
    <ele>1227.43</ele>
   </trkpt>
   <trkpt lat="47.131870000000006" lon="10.12232">
    <ele>1224.17</ele>
   </trkpt>
   <trkpt lat="47.13191500213682" lon="10.121620000519053">
    <ele>1216.42</ele>
   </trkpt>
   <trkpt lat="47.13196000000001" lon="10.120920000000002">
    <ele>1216.25</ele>
   </trkpt>
   <trkpt lat="47.13217" lon="10.11964">
    <ele>1209.68</ele>
   </trkpt>
   <trkpt lat="47.132380000000005" lon="10.118770000000001">
    <ele>1204.67</ele>
   </trkpt>
   <trkpt lat="47.132450000000006" lon="10.118360000000001">
    <ele>1202.2700000000002</ele>
   </trkpt>
   <trkpt lat="47.13248" lon="10.11791">
    <ele>1201.27</ele>
   </trkpt>
   <trkpt lat="47.132450000000006" lon="10.11749">
    <ele>1198.8100000000002</ele>
   </trkpt>
   <trkpt lat="47.132380000000005" lon="10.1171">
    <ele>1196.98</ele>
   </trkpt>
   <trkpt lat="47.13221" lon="10.116570000000001">
    <ele>1196.2400000000002</ele>
   </trkpt>
   <trkpt lat="47.13192" lon="10.115810000000002">
    <ele>1194.46</ele>
   </trkpt>
   <trkpt lat="47.13179" lon="10.11532">
    <ele>1190.44</ele>
   </trkpt>
   <trkpt lat="47.131690000000006" lon="10.11476">
    <ele>1184.92</ele>
   </trkpt>
   <trkpt lat="47.131600000000006" lon="10.114070000000002">
    <ele>1178.5800000000002</ele>
   </trkpt>
   <trkpt lat="47.13148" lon="10.1128">
    <ele>1175.04</ele>
   </trkpt>
   <trkpt lat="47.131400000000006" lon="10.11241">
    <ele>1173.49</ele>
   </trkpt>
   <trkpt lat="47.131280000000004" lon="10.112100000000002">
    <ele>1171.8000000000002</ele>
   </trkpt>
   <trkpt lat="47.131400000000006" lon="10.11191">
    <ele>1170.15</ele>
   </trkpt>
   <trkpt lat="47.13143" lon="10.111780000000001">
    <ele>1170.15</ele>
   </trkpt>
   <trkpt lat="47.13129000000001" lon="10.111410000000001">
    <ele>1168.0700000000002</ele>
   </trkpt>
   <trkpt lat="47.13116" lon="10.110850000000001">
    <ele>1165.0500000000002</ele>
   </trkpt>
   <trkpt lat="47.130970000000005" lon="10.11012">
    <ele>1161.5300000000002</ele>
   </trkpt>
   <trkpt lat="47.130775001931234" lon="10.10943999722507">
    <ele>1159.0500000000002</ele>
   </trkpt>
   <trkpt lat="47.13058" lon="10.10876">
    <ele>1157.54</ele>
   </trkpt>
   <trkpt lat="47.130430000000004" lon="10.108070000000001">
    <ele>1153.16</ele>
   </trkpt>
   <trkpt lat="47.13031" lon="10.107380000000001">
    <ele>1148.88</ele>
   </trkpt>
   <trkpt lat="47.13022" lon="10.10673">
    <ele>1146.02</ele>
   </trkpt>
   <trkpt lat="47.130160000000004" lon="10.10599">
    <ele>1141.9</ele>
   </trkpt>
   <trkpt lat="47.13013" lon="10.10496">
    <ele>1138.77</ele>
   </trkpt>
   <trkpt lat="47.13018501351265" lon="10.103942503194059">
    <ele>1132.29</ele>
   </trkpt>
   <trkpt lat="47.13024001801554" lon="10.102925004283382">
    <ele>1123.0800000000002</ele>
   </trkpt>
   <trkpt lat="47.13029501350866" lon="10.101907503268306">
    <ele>1116.5200000000002</ele>
   </trkpt>
   <trkpt lat="47.13035000000001" lon="10.100890000000001">
    <ele>1110.0100000000002</ele>
   </trkpt>
   <trkpt lat="47.130430000000004" lon="10.10058">
    <ele>1106.87</ele>
   </trkpt>
   <trkpt lat="47.130700000000004" lon="10.099630000000001">
    <ele>1100.74</ele>
   </trkpt>
   <trkpt lat="47.13087" lon="10.099070000000001">
    <ele>1094.88</ele>
   </trkpt>
   <trkpt lat="47.130990000000004" lon="10.098780000000001">
    <ele>1092.3</ele>
   </trkpt>
   <trkpt lat="47.1311" lon="10.09856">
    <ele>1092.3</ele>
   </trkpt>
   <trkpt lat="47.131690000000006" lon="10.09769">
    <ele>1086.3</ele>
   </trkpt>
   <trkpt lat="47.131780000000006" lon="10.0975">
    <ele>1085.2700000000002</ele>
   </trkpt>
   <trkpt lat="47.131890000000006" lon="10.09711">
    <ele>1084.41</ele>
   </trkpt>
   <trkpt lat="47.13194000000001" lon="10.09652">
    <ele>1082.1100000000001</ele>
   </trkpt>
   <trkpt lat="47.131910002923895" lon="10.095699999485886">
    <ele>1079.32</ele>
   </trkpt>
   <trkpt lat="47.13188" lon="10.094880000000002">
    <ele>1078.91</ele>
   </trkpt>
   <trkpt lat="47.13185000000001" lon="10.094470000000001">
    <ele>1078.92</ele>
   </trkpt>
   <trkpt lat="47.13179" lon="10.094190000000001">
    <ele>1078.88</ele>
   </trkpt>
   <trkpt lat="47.13165" lon="10.093630000000001">
    <ele>1078.36</ele>
   </trkpt>
   <trkpt lat="47.13140500272519" lon="10.092839996391639">
    <ele>1074.7600000000002</ele>
   </trkpt>
   <trkpt lat="47.13116" lon="10.09205">
    <ele>1073.62</ele>
   </trkpt>
   <trkpt lat="47.1311" lon="10.091750000000001">
    <ele>1073.56</ele>
   </trkpt>
   <trkpt lat="47.131080000000004" lon="10.091560000000001">
    <ele>1073.3300000000002</ele>
   </trkpt>
   <trkpt lat="47.13111000000001" lon="10.090710000000001">
    <ele>1070.92</ele>
   </trkpt>
   <trkpt lat="47.131080000000004" lon="10.090300000000001">
    <ele>1069.3600000000001</ele>
   </trkpt>
   <trkpt lat="47.13100000000001" lon="10.08975">
    <ele>1068.43</ele>
   </trkpt>
   <trkpt lat="47.13109500241696" lon="10.089010001055286">
    <ele>1065.02</ele>
   </trkpt>
   <trkpt lat="47.131190000000004" lon="10.088270000000001">
    <ele>1062.67</ele>
   </trkpt>
   <trkpt lat="47.13131000608891" lon="10.087090002365207">
    <ele>1059.8700000000001</ele>
   </trkpt>
   <trkpt lat="47.13143" lon="10.08591">
    <ele>1058.47</ele>
   </trkpt>
   <trkpt lat="47.13144500216076" lon="10.085205000288786">
    <ele>1057.71</ele>
   </trkpt>
   <trkpt lat="47.131460000000004" lon="10.0845">
    <ele>1057.23</ele>
   </trkpt>
   <trkpt lat="47.13146802230298" lon="10.083368000709955">
    <ele>1056.04</ele>
   </trkpt>
   <trkpt lat="47.13147603345438" lon="10.082236001078646">
    <ele>1053.6499999999999</ele>
   </trkpt>
   <trkpt lat="47.131484033454186" lon="10.081104001106544">
    <ele>1051.8400000000001</ele>
   </trkpt>
   <trkpt lat="47.1314920223024" lon="10.079972000794125">
    <ele>1050.25</ele>
   </trkpt>
   <trkpt lat="47.1315" lon="10.078840000000001">
    <ele>1049.22</ele>
   </trkpt>
   <trkpt lat="47.1315" lon="10.07854">
    <ele>1049.0700000000002</ele>
   </trkpt>
   <trkpt lat="47.13143" lon="10.07793">
    <ele>1049.43</ele>
   </trkpt>
   <trkpt lat="47.13134" lon="10.07756">
    <ele>1050.01</ele>
   </trkpt>
   <trkpt lat="47.13121" lon="10.07718">
    <ele>1051.64</ele>
   </trkpt>
   <trkpt lat="47.13089" lon="10.076690000000001">
    <ele>1054.1</ele>
   </trkpt>
   <trkpt lat="47.130810000000004" lon="10.07653">
    <ele>1054.7300000000002</ele>
   </trkpt>
   <trkpt lat="47.130680000000005" lon="10.075990000000001">
    <ele>1055.86</ele>
   </trkpt>
   <trkpt lat="47.13065" lon="10.075750000000001">
    <ele>1055.82</ele>
   </trkpt>
   <trkpt lat="47.130770000000005" lon="10.07512">
    <ele>1054.38</ele>
   </trkpt>
   <trkpt lat="47.1308" lon="10.0747">
    <ele>1053.77</ele>
   </trkpt>
   <trkpt lat="47.1308" lon="10.07421">
    <ele>1052.42</ele>
   </trkpt>
   <trkpt lat="47.130900000000004" lon="10.07338">
    <ele>1051.32</ele>
   </trkpt>
   <trkpt lat="47.130860000000006" lon="10.072590000000002">
    <ele>1050.8600000000001</ele>
   </trkpt>
   <trkpt lat="47.13087" lon="10.07174">
    <ele>1049.86</ele>
   </trkpt>
   <trkpt lat="47.130810000000004" lon="10.07112">
    <ele>1047.2700000000002</ele>
   </trkpt>
   <trkpt lat="47.130840000000006" lon="10.070780000000001">
    <ele>1043.32</ele>
   </trkpt>
   <trkpt lat="47.130950000000006" lon="10.07024">
    <ele>1041.96</ele>
   </trkpt>
   <trkpt lat="47.13116" lon="10.069700000000001">
    <ele>1040.04</ele>
   </trkpt>
   <trkpt lat="47.13121" lon="10.06953">
    <ele>1039.08</ele>
   </trkpt>
   <trkpt lat="47.131280000000004" lon="10.068760000000001">
    <ele>1037.49</ele>
   </trkpt>
   <trkpt lat="47.13125" lon="10.068330000000001">
    <ele>1037.66</ele>
   </trkpt>
   <trkpt lat="47.131170000000004" lon="10.067820000000001">
    <ele>1038.49</ele>
   </trkpt>
   <trkpt lat="47.130860000000006" lon="10.066680000000002">
    <ele>1039.8400000000001</ele>
   </trkpt>
   <trkpt lat="47.1308" lon="10.066170000000001">
    <ele>1040.15</ele>
   </trkpt>
   <trkpt lat="47.130770000000005" lon="10.06531">
    <ele>1039.43</ele>
   </trkpt>
   <trkpt lat="47.1306" lon="10.064110000000001">
    <ele>1039.49</ele>
   </trkpt>
   <trkpt lat="47.130590000000005" lon="10.06375">
    <ele>1040.0</ele>
   </trkpt>
   <trkpt lat="47.130630000000004" lon="10.063260000000001">
    <ele>1041.94</ele>
   </trkpt>
   <trkpt lat="47.130770000000005" lon="10.062470000000001">
    <ele>1042.68</ele>
   </trkpt>
   <trkpt lat="47.130810000000004" lon="10.06211">
    <ele>1042.15</ele>
   </trkpt>
   <trkpt lat="47.130815002545944" lon="10.06134500015288">
    <ele>1040.69</ele>
   </trkpt>
   <trkpt lat="47.13082000000001" lon="10.060580000000002">
    <ele>1039.5100000000002</ele>
   </trkpt>
   <trkpt lat="47.130840000000006" lon="10.060300000000002">
    <ele>1038.57</ele>
   </trkpt>
   <trkpt lat="47.13089" lon="10.0599">
    <ele>1037.32</ele>
   </trkpt>
   <trkpt lat="47.13117667851334" lon="10.058733345903574">
    <ele>1032.47</ele>
   </trkpt>
   <trkpt lat="47.13146334518172" lon="10.057566679230183">
    <ele>1029.0000000000002</ele>
   </trkpt>
   <trkpt lat="47.131750000000004" lon="10.0564">
    <ele>1024.19</ele>
   </trkpt>
   <trkpt lat="47.131995002123844" lon="10.055680003704298">
    <ele>1022.07</ele>
   </trkpt>
   <trkpt lat="47.13224" lon="10.054960000000001">
    <ele>1019.5400000000001</ele>
   </trkpt>
   <trkpt lat="47.13244" lon="10.054250000000001">
    <ele>1017.9100000000001</ele>
   </trkpt>
   <trkpt lat="47.13253" lon="10.053780000000001">
    <ele>1018.0600000000002</ele>
   </trkpt>
   <trkpt lat="47.13255" lon="10.05353">
    <ele>1018.34</ele>
   </trkpt>
   <trkpt lat="47.13257" lon="10.052660000000001">
    <ele>1018.8400000000001</ele>
   </trkpt>
   <trkpt lat="47.132560000000005" lon="10.052470000000001">
    <ele>1019.09</ele>
   </trkpt>
   <trkpt lat="47.132540000000006" lon="10.05236">
    <ele>1019.09</ele>
   </trkpt>
   <trkpt lat="47.132450000000006" lon="10.05213">
    <ele>1019.29</ele>
   </trkpt>
   <trkpt lat="47.131900009633775" lon="10.051269973286159">
    <ele>1017.0000000000001</ele>
   </trkpt>
   <trkpt lat="47.131350012830914" lon="10.050409964360083">
    <ele>1013.5800000000002</ele>
   </trkpt>
   <trkpt lat="47.1308000095917" lon="10.049549973221268">
    <ele>1011.9600000000002</ele>
   </trkpt>
   <trkpt lat="47.130250000000004" lon="10.04869">
    <ele>1008.08</ele>
   </trkpt>
   <trkpt lat="47.129930000863546" lon="10.04820999690357">
    <ele>1007.1400000000001</ele>
   </trkpt>
   <trkpt lat="47.12961000000001" lon="10.047730000000001">
    <ele>1003.9100000000001</ele>
   </trkpt>
   <trkpt lat="47.12942" lon="10.04742">
    <ele>1000.8700000000001</ele>
   </trkpt>
   <trkpt lat="47.12928" lon="10.04714">
    <ele>999.8100000000001</ele>
   </trkpt>
   <trkpt lat="47.12912" lon="10.046650000000001">
    <ele>996.8100000000001</ele>
   </trkpt>
   <trkpt lat="47.12888000443642" lon="10.04563499522393">
    <ele>991.1200000000001</ele>
   </trkpt>
   <trkpt lat="47.128640000000004" lon="10.04462">
    <ele>985.86</ele>
   </trkpt>
   <trkpt lat="47.12854" lon="10.0441">
    <ele>982.94</ele>
   </trkpt>
   <trkpt lat="47.1285" lon="10.043750000000001">
    <ele>981.83</ele>
   </trkpt>
   <trkpt lat="47.12848" lon="10.043420000000001">
    <ele>981.3100000000001</ele>
   </trkpt>
   <trkpt lat="47.12848" lon="10.04265">
    <ele>980.7800000000001</ele>
   </trkpt>
   <trkpt lat="47.12843" lon="10.042000000000002">
    <ele>980.74</ele>
   </trkpt>
   <trkpt lat="47.12823" lon="10.04081">
    <ele>979.0000000000001</ele>
   </trkpt>
   <trkpt lat="47.12820000000001" lon="10.04029">
    <ele>977.13</ele>
   </trkpt>
   <trkpt lat="47.12821" lon="10.039950000000001">
    <ele>975.13</ele>
   </trkpt>
   <trkpt lat="47.128260000000004" lon="10.03922">
    <ele>973.57</ele>
   </trkpt>
   <trkpt lat="47.128370000000004" lon="10.038310000000001">
    <ele>966.46</ele>
   </trkpt>
   <trkpt lat="47.12856500553224" lon="10.0371800042813">
    <ele>961.0500000000001</ele>
   </trkpt>
   <trkpt lat="47.12876000000001" lon="10.036050000000001">
    <ele>957.35</ele>
   </trkpt>
   <trkpt lat="47.12883" lon="10.035390000000001">
    <ele>954.3000000000001</ele>
   </trkpt>
   <trkpt lat="47.12883" lon="10.03499">
    <ele>954.3000000000001</ele>
   </trkpt>
   <trkpt lat="47.128755003635476" lon="10.034074998618063">
    <ele>948.47</ele>
   </trkpt>
   <trkpt lat="47.12868" lon="10.03316">
    <ele>944.7700000000001</ele>
   </trkpt>
   <trkpt lat="47.128600000000006" lon="10.03259">
    <ele>944.4200000000001</ele>
   </trkpt>
   <trkpt lat="47.12845500186549" lon="10.031939998349376">
    <ele>944.1600000000001</ele>
   </trkpt>
   <trkpt lat="47.128310000000006" lon="10.03129">
    <ele>943.9000000000001</ele>
   </trkpt>
   <trkpt lat="47.128036676551496" lon="10.03022332230506">
    <ele>943.82</ele>
   </trkpt>
   <trkpt lat="47.12776334320127" lon="10.029156655572713">
    <ele>943.7</ele>
   </trkpt>
   <trkpt lat="47.12749" lon="10.02809">
    <ele>942.3500000000001</ele>
   </trkpt>
   <trkpt lat="47.12731000174192" lon="10.027449997690686">
    <ele>939.2800000000001</ele>
   </trkpt>
   <trkpt lat="47.12713" lon="10.026810000000001">
    <ele>937.39</ele>
   </trkpt>
   <trkpt lat="47.12697000000001" lon="10.02637">
    <ele>934.12</ele>
   </trkpt>
   <trkpt lat="47.12668" lon="10.02569">
    <ele>929.1400000000001</ele>
   </trkpt>
   <trkpt lat="47.126540000000006" lon="10.02528">
    <ele>926.8700000000001</ele>
   </trkpt>
   <trkpt lat="47.12642" lon="10.02468">
    <ele>924.5300000000001</ele>
   </trkpt>
   <trkpt lat="47.126400000000004" lon="10.024180000000001">
    <ele>923.22</ele>
   </trkpt>
   <trkpt lat="47.12648" lon="10.023560000000002">
    <ele>921.72</ele>
   </trkpt>
   <trkpt lat="47.126540000000006" lon="10.02298">
    <ele>915.83</ele>
   </trkpt>
   <trkpt lat="47.126542517869474" lon="10.021810000189785">
    <ele>910.05</ele>
   </trkpt>
   <trkpt lat="47.12654502382591" lon="10.020640000269067">
    <ele>907.83</ele>
   </trkpt>
   <trkpt lat="47.12654751786936" lon="10.019470000238373">
    <ele>900.5000000000001</ele>
   </trkpt>
   <trkpt lat="47.12655" lon="10.0183">
    <ele>895.51</ele>
   </trkpt>
   <trkpt lat="47.126520000000006" lon="10.01754">
    <ele>891.59</ele>
   </trkpt>
   <trkpt lat="47.12644" lon="10.01702">
    <ele>886.6100000000001</ele>
   </trkpt>
   <trkpt lat="47.12633" lon="10.0167">
    <ele>884.9500000000002</ele>
   </trkpt>
   <trkpt lat="47.126250000000006" lon="10.01656">
    <ele>884.62</ele>
   </trkpt>
   <trkpt lat="47.12613" lon="10.016430000000001">
    <ele>884.4900000000001</ele>
   </trkpt>
   <trkpt lat="47.1257" lon="10.01612">
    <ele>882.4300000000001</ele>
   </trkpt>
   <trkpt lat="47.12532" lon="10.01589">
    <ele>881.75</ele>
   </trkpt>
   <trkpt lat="47.125020000000006" lon="10.015770000000002">
    <ele>880.35</ele>
   </trkpt>
   <trkpt lat="47.12485" lon="10.015630000000002">
    <ele>879.9000000000001</ele>
   </trkpt>
   <trkpt lat="47.12462000000001" lon="10.015260000000001">
    <ele>878.83</ele>
   </trkpt>
   <trkpt lat="47.124500000000005" lon="10.015">
    <ele>876.77</ele>
   </trkpt>
   <trkpt lat="47.12445" lon="10.014800000000001">
    <ele>876.77</ele>
   </trkpt>
   <trkpt lat="47.12428001418169" lon="10.013523325154274">
    <ele>871.87</ele>
   </trkpt>
   <trkpt lat="47.124110014179024" lon="10.012246658467795">
    <ele>866.9100000000001</ele>
   </trkpt>
   <trkpt lat="47.123940000000005" lon="10.01097">
    <ele>864.6600000000001</ele>
   </trkpt>
   <trkpt lat="47.123790035478855" lon="10.009804265998529">
    <ele>863.07</ele>
   </trkpt>
   <trkpt lat="47.123640059131375" lon="10.008638538569656">
    <ele>858.84</ele>
   </trkpt>
   <trkpt lat="47.123490070957715" lon="10.007472817713822">
    <ele>855.2400000000001</ele>
   </trkpt>
   <trkpt lat="47.12334007095801" lon="10.006307103431478">
    <ele>852.9200000000001</ele>
   </trkpt>
   <trkpt lat="47.12319005913239" lon="10.00514139572307">
    <ele>850.71</ele>
   </trkpt>
   <trkpt lat="47.12304003548094" lon="10.003975694589043">
    <ele>848.5400000000001</ele>
   </trkpt>
   <trkpt lat="47.122890000000005" lon="10.00281">
    <ele>846.96</ele>
   </trkpt>
   <trkpt lat="47.122820000000004" lon="10.00187">
    <ele>845.1700000000001</ele>
   </trkpt>
   <trkpt lat="47.122820000000004" lon="10.00134">
    <ele>844.0000000000001</ele>
   </trkpt>
   <trkpt lat="47.123000000000005" lon="10.00012">
    <ele>841.64</ele>
   </trkpt>
   <trkpt lat="47.122980000000005" lon="9.999690000000001">
    <ele>840.4300000000001</ele>
   </trkpt>
   <trkpt lat="47.122870000000006" lon="9.99882">
    <ele>838.34</ele>
   </trkpt>
   <trkpt lat="47.12277" lon="9.998380000000001">
    <ele>837.9000000000001</ele>
   </trkpt>
   <trkpt lat="47.12274000000001" lon="9.997720000000001">
    <ele>836.84</ele>
   </trkpt>
   <trkpt lat="47.12267000000001" lon="9.99722">
    <ele>836.1800000000001</ele>
   </trkpt>
   <trkpt lat="47.12253500216203" lon="9.996524998546423">
    <ele>834.88</ele>
   </trkpt>
   <trkpt lat="47.122400000000006" lon="9.995830000000002">
    <ele>834.0600000000001</ele>
   </trkpt>
   <trkpt lat="47.122250002197795" lon="9.99511499785666">
    <ele>832.9200000000001</ele>
   </trkpt>
   <trkpt lat="47.1221" lon="9.9944">
    <ele>831.83</ele>
   </trkpt>
   <trkpt lat="47.12207" lon="9.994190000000001">
    <ele>831.83</ele>
   </trkpt>
   <trkpt lat="47.12207" lon="9.993860000000002">
    <ele>831.5600000000001</ele>
   </trkpt>
   <trkpt lat="47.12210500456625" lon="9.992835000832276">
    <ele>830.1200000000001</ele>
   </trkpt>
   <trkpt lat="47.12214" lon="9.991810000000001">
    <ele>829.13</ele>
   </trkpt>
   <trkpt lat="47.122130000000006" lon="9.99127">
    <ele>828.6600000000001</ele>
   </trkpt>
   <trkpt lat="47.122130000000006" lon="9.99023">
    <ele>828.19</ele>
   </trkpt>
   <trkpt lat="47.122150000000005" lon="9.98976">
    <ele>828.34</ele>
   </trkpt>
   <trkpt lat="47.12218000000001" lon="9.98947">
    <ele>828.34</ele>
   </trkpt>
   <trkpt lat="47.12231000197081" lon="9.988795001710546">
    <ele>827.4300000000001</ele>
   </trkpt>
   <trkpt lat="47.122440000000005" lon="9.98812">
    <ele>825.91</ele>
   </trkpt>
   <trkpt lat="47.12265000000001" lon="9.98746">
    <ele>823.47</ele>
   </trkpt>
   <trkpt lat="47.1227" lon="9.98723">
    <ele>823.47</ele>
   </trkpt>
   <trkpt lat="47.12290000472658" lon="9.986190003804898">
    <ele>820.7700000000001</ele>
   </trkpt>
   <trkpt lat="47.1231" lon="9.98515">
    <ele>820.21</ele>
   </trkpt>
   <trkpt lat="47.123310000000004" lon="9.98445">
    <ele>820.83</ele>
   </trkpt>
   <trkpt lat="47.12342" lon="9.984210000000001">
    <ele>820.98</ele>
   </trkpt>
   <trkpt lat="47.123540000000006" lon="9.98404">
    <ele>820.98</ele>
   </trkpt>
   <trkpt lat="47.12377" lon="9.98385">
    <ele>821.4800000000001</ele>
   </trkpt>
   <trkpt lat="47.12429" lon="9.983590000000001">
    <ele>821.5000000000001</ele>
   </trkpt>
   <trkpt lat="47.124520000000004" lon="9.983400000000001">
    <ele>820.0200000000001</ele>
   </trkpt>
   <trkpt lat="47.124750000000006" lon="9.983120000000001">
    <ele>819.1600000000001</ele>
   </trkpt>
   <trkpt lat="47.12510000162172" lon="9.9825350036274">
    <ele>810.95</ele>
   </trkpt>
   <trkpt lat="47.12545" lon="9.981950000000001">
    <ele>806.5500000000001</ele>
   </trkpt>
   <trkpt lat="47.12586000480053" lon="9.980910007777123">
    <ele>800.47</ele>
   </trkpt>
   <trkpt lat="47.126270000000005" lon="9.97987">
    <ele>797.12</ele>
   </trkpt>
   <trkpt lat="47.126380000000005" lon="9.97963">
    <ele>796.1100000000001</ele>
   </trkpt>
   <trkpt lat="47.12648" lon="9.979470000000001">
    <ele>796.1100000000001</ele>
   </trkpt>
   <trkpt lat="47.126840000932816" lon="9.978995003279309">
    <ele>793.9600000000002</ele>
   </trkpt>
   <trkpt lat="47.1272" lon="9.978520000000001">
    <ele>793.27</ele>
   </trkpt>
   <trkpt lat="47.12756" lon="9.977910000000001">
    <ele>793.25</ele>
   </trkpt>
   <trkpt lat="47.127790000000005" lon="9.97747">
    <ele>793.3800000000001</ele>
   </trkpt>
   <trkpt lat="47.127840000000006" lon="9.97718">
    <ele>793.6800000000001</ele>
   </trkpt>
   <trkpt lat="47.12787" lon="9.97685">
    <ele>793.81</ele>
   </trkpt>
   <trkpt lat="47.12792" lon="9.97672">
    <ele>793.9900000000001</ele>
   </trkpt>
   <trkpt lat="47.128040000000006" lon="9.97658">
    <ele>793.9900000000001</ele>
   </trkpt>
   <trkpt lat="47.128260000000004" lon="9.976420000000001">
    <ele>793.86</ele>
   </trkpt>
   <trkpt lat="47.12834" lon="9.976320000000001">
    <ele>793.69</ele>
   </trkpt>
   <trkpt lat="47.12857" lon="9.97582">
    <ele>792.7700000000001</ele>
   </trkpt>
   <trkpt lat="47.128800000000005" lon="9.975200000000001">
    <ele>790.15</ele>
   </trkpt>
   <trkpt lat="47.128980000000006" lon="9.974590000000001">
    <ele>787.6500000000001</ele>
   </trkpt>
   <trkpt lat="47.12905000000001" lon="9.974290000000002">
    <ele>784.54</ele>
   </trkpt>
   <trkpt lat="47.12913" lon="9.973880000000001">
    <ele>782.8600000000001</ele>
   </trkpt>
   <trkpt lat="47.1292000019891" lon="9.973210000539037">
    <ele>777.8600000000001</ele>
   </trkpt>
   <trkpt lat="47.129270000000005" lon="9.97254">
    <ele>774.9</ele>
   </trkpt>
   <trkpt lat="47.12941000000001" lon="9.97146">
    <ele>772.5400000000001</ele>
   </trkpt>
   <trkpt lat="47.12948" lon="9.970540000000002">
    <ele>771.8100000000001</ele>
   </trkpt>
   <trkpt lat="47.12953" lon="9.969280000000001">
    <ele>770.35</ele>
   </trkpt>
   <trkpt lat="47.12953" lon="9.968480000000001">
    <ele>769.3700000000001</ele>
   </trkpt>
   <trkpt lat="47.12950000281453" lon="9.967674999406194">
    <ele>768.38</ele>
   </trkpt>
   <trkpt lat="47.129470000000005" lon="9.96687">
    <ele>767.63</ele>
   </trkpt>
   <trkpt lat="47.129400000000004" lon="9.96556">
    <ele>766.4200000000001</ele>
   </trkpt>
   <trkpt lat="47.1293" lon="9.965280000000002">
    <ele>765.8000000000001</ele>
   </trkpt>
   <trkpt lat="47.12906" lon="9.964860000000002">
    <ele>763.9200000000001</ele>
   </trkpt>
   <trkpt lat="47.12901" lon="9.964680000000001">
    <ele>763.0</ele>
   </trkpt>
   <trkpt lat="47.128960000000006" lon="9.964360000000001">
    <ele>762.08</ele>
   </trkpt>
   <trkpt lat="47.12899" lon="9.96399">
    <ele>761.47</ele>
   </trkpt>
   <trkpt lat="47.129200000000004" lon="9.96312">
    <ele>759.3700000000001</ele>
   </trkpt>
   <trkpt lat="47.129220000000004" lon="9.962940000000001">
    <ele>759.3700000000001</ele>
   </trkpt>
   <trkpt lat="47.12926" lon="9.961630000000001">
    <ele>755.72</ele>
   </trkpt>
   <trkpt lat="47.1293" lon="9.96141">
    <ele>754.56</ele>
   </trkpt>
   <trkpt lat="47.129450000000006" lon="9.960830000000001">
    <ele>754.21</ele>
   </trkpt>
   <trkpt lat="47.12946" lon="9.960560000000001">
    <ele>751.73</ele>
   </trkpt>
   <trkpt lat="47.129400000000004" lon="9.960080000000001">
    <ele>751.73</ele>
   </trkpt>
   <trkpt lat="47.12933" lon="9.95972">
    <ele>748.9100000000001</ele>
   </trkpt>
   <trkpt lat="47.12921" lon="9.959380000000001">
    <ele>748.47</ele>
   </trkpt>
   <trkpt lat="47.129180000000005" lon="9.95912">
    <ele>747.4000000000001</ele>
   </trkpt>
   <trkpt lat="47.12921" lon="9.95889">
    <ele>747.4000000000001</ele>
   </trkpt>
   <trkpt lat="47.129270000000005" lon="9.95874">
    <ele>747.4000000000001</ele>
   </trkpt>
   <trkpt lat="47.1296" lon="9.9581">
    <ele>745.57</ele>
   </trkpt>
   <trkpt lat="47.129830000000005" lon="9.95734">
    <ele>745.08</ele>
   </trkpt>
   <trkpt lat="47.130140000000004" lon="9.956700000000001">
    <ele>745.21</ele>
   </trkpt>
   <trkpt lat="47.130210000000005" lon="9.956510000000002">
    <ele>745.2500000000001</ele>
   </trkpt>
   <trkpt lat="47.13045" lon="9.95569">
    <ele>744.32</ele>
   </trkpt>
   <trkpt lat="47.130660000000006" lon="9.95512">
    <ele>742.96</ele>
   </trkpt>
   <trkpt lat="47.13112500468483" lon="9.954085008996522">
    <ele>740.9000000000001</ele>
   </trkpt>
   <trkpt lat="47.13159" lon="9.953050000000001">
    <ele>739.57</ele>
   </trkpt>
   <trkpt lat="47.13204" lon="9.952160000000001">
    <ele>738.4300000000001</ele>
   </trkpt>
   <trkpt lat="47.1322850015716" lon="9.951560002751458">
    <ele>736.9000000000001</ele>
   </trkpt>
   <trkpt lat="47.13253" lon="9.95096">
    <ele>736.59</ele>
   </trkpt>
   <trkpt lat="47.13284000324386" lon="9.9500900052105">
    <ele>734.9000000000001</ele>
   </trkpt>
   <trkpt lat="47.13315" lon="9.94922">
    <ele>733.97</ele>
   </trkpt>
   <trkpt lat="47.13334500181789" lon="9.948580002229745">
    <ele>732.07</ele>
   </trkpt>
   <trkpt lat="47.13354" lon="9.947940000000001">
    <ele>731.5200000000001</ele>
   </trkpt>
   <trkpt lat="47.13377500330783" lon="9.947065003954412">
    <ele>730.4300000000001</ele>
   </trkpt>
   <trkpt lat="47.13401" lon="9.946190000000001">
    <ele>728.25</ele>
   </trkpt>
   <trkpt lat="47.1343" lon="9.9451">
    <ele>726.8000000000001</ele>
   </trkpt>
   <trkpt lat="47.134370000000004" lon="9.94458">
    <ele>727.98</ele>
   </trkpt>
   <trkpt lat="47.13443" lon="9.944270000000001">
    <ele>728.2700000000001</ele>
   </trkpt>
   <trkpt lat="47.134646673163765" lon="9.943406673658746">
    <ele>728.6300000000001</ele>
   </trkpt>
   <trkpt lat="47.134863339841274" lon="9.942543340282343">
    <ele>729.35</ele>
   </trkpt>
   <trkpt lat="47.13508" lon="9.941680000000002">
    <ele>728.92</ele>
   </trkpt>
   <trkpt lat="47.1351" lon="9.941550000000001">
    <ele>728.8500000000001</ele>
   </trkpt>
   <trkpt lat="47.135090000000005" lon="9.94129">
    <ele>728.5500000000001</ele>
   </trkpt>
   <trkpt lat="47.13514000000001" lon="9.94101">
    <ele>728.21</ele>
   </trkpt>
   <trkpt lat="47.135485013109424" lon="9.940007519539844">
    <ele>727.0500000000001</ele>
   </trkpt>
   <trkpt lat="47.13583001747307" lon="9.939005026071413">
    <ele>725.25</ele>
   </trkpt>
   <trkpt lat="47.13617501309074" lon="9.938002519594715">
    <ele>722.6300000000001</ele>
   </trkpt>
   <trkpt lat="47.136520000000004" lon="9.937000000000001">
    <ele>722.1500000000001</ele>
   </trkpt>
   <trkpt lat="47.136660000000006" lon="9.936470000000002">
    <ele>720.2700000000001</ele>
   </trkpt>
   <trkpt lat="47.136700000000005" lon="9.93613">
    <ele>717.9000000000001</ele>
   </trkpt>
   <trkpt lat="47.13673000000001" lon="9.935580000000002">
    <ele>713.01</ele>
   </trkpt>
   <trkpt lat="47.136825002373534" lon="9.93484000139356">
    <ele>707.8000000000001</ele>
   </trkpt>
   <trkpt lat="47.13692" lon="9.9341">
    <ele>706.47</ele>
   </trkpt>
   <trkpt lat="47.137150000000005" lon="9.933420000000002">
    <ele>710.19</ele>
   </trkpt>
   <trkpt lat="47.13718" lon="9.93313">
    <ele>711.72</ele>
   </trkpt>
   <trkpt lat="47.13721" lon="9.933060000000001">
    <ele>711.72</ele>
   </trkpt>
   <trkpt lat="47.13725" lon="9.933050000000001">
    <ele>712.1</ele>
   </trkpt>
   <trkpt lat="47.13731000000001" lon="9.93308">
    <ele>712.1</ele>
   </trkpt>
   <trkpt lat="47.137570000000004" lon="9.93332">
    <ele>711.5</ele>
   </trkpt>
   <trkpt lat="47.137600000000006" lon="9.93327">
    <ele>710.3100000000001</ele>
   </trkpt>
   <trkpt lat="47.137710000000006" lon="9.933190000000002">
    <ele>710.3100000000001</ele>
   </trkpt>
   <trkpt lat="47.13777" lon="9.93318">
    <ele>709.8100000000001</ele>
   </trkpt>
   <trkpt lat="47.13796000000001" lon="9.93323">
    <ele>709.0000000000001</ele>
   </trkpt>
   <trkpt lat="47.138040000000004" lon="9.93322">
    <ele>709.0000000000001</ele>
   </trkpt>
   <trkpt lat="47.138070000000006" lon="9.933190000000002">
    <ele>707.61</ele>
   </trkpt>
   <trkpt lat="47.138090000000005" lon="9.933150000000001">
    <ele>707.61</ele>
   </trkpt>
   <trkpt lat="47.138220000000004" lon="9.932300000000001">
    <ele>703.9000000000001</ele>
   </trkpt>
   <trkpt lat="47.138360000000006" lon="9.93176">
    <ele>703.07</ele>
   </trkpt>
   <trkpt lat="47.13853" lon="9.93129">
    <ele>702.59</ele>
   </trkpt>
   <trkpt lat="47.13868" lon="9.93096">
    <ele>702.52</ele>
   </trkpt>
   <trkpt lat="47.13890000000001" lon="9.930560000000002">
    <ele>702.49</ele>
   </trkpt>
   <trkpt lat="47.13922" lon="9.930050000000001">
    <ele>702.09</ele>
   </trkpt>
   <trkpt lat="47.13971" lon="9.92941">
    <ele>700.73</ele>
   </trkpt>
   <trkpt lat="47.13985" lon="9.92918">
    <ele>700.62</ele>
   </trkpt>
   <trkpt lat="47.14034" lon="9.92814">
    <ele>698.34</ele>
   </trkpt>
   <trkpt lat="47.14054" lon="9.927790000000002">
    <ele>698.0500000000001</ele>
   </trkpt>
   <trkpt lat="47.14094" lon="9.927330000000001">
    <ele>697.2400000000001</ele>
   </trkpt>
   <trkpt lat="47.141070000000006" lon="9.927140000000001">
    <ele>696.95</ele>
   </trkpt>
   <trkpt lat="47.141220000000004" lon="9.92688">
    <ele>696.95</ele>
   </trkpt>
   <trkpt lat="47.14148000151926" lon="9.92629500279295">
    <ele>695.86</ele>
   </trkpt>
   <trkpt lat="47.141740000000006" lon="9.92571">
    <ele>695.1600000000001</ele>
   </trkpt>
   <trkpt lat="47.14202" lon="9.924840000000001">
    <ele>694.83</ele>
   </trkpt>
   <trkpt lat="47.14235" lon="9.92398">
    <ele>694.45</ele>
   </trkpt>
   <trkpt lat="47.14249" lon="9.923670000000001">
    <ele>694.59</ele>
   </trkpt>
   <trkpt lat="47.14265" lon="9.923390000000001">
    <ele>694.64</ele>
   </trkpt>
   <trkpt lat="47.14291" lon="9.92299">
    <ele>695.34</ele>
   </trkpt>
   <trkpt lat="47.14309" lon="9.92266">
    <ele>695.34</ele>
   </trkpt>
   <trkpt lat="47.143190000000004" lon="9.92243">
    <ele>696.64</ele>
   </trkpt>
   <trkpt lat="47.143510000000006" lon="9.92121">
    <ele>699.5600000000001</ele>
   </trkpt>
   <trkpt lat="47.14372" lon="9.92061">
    <ele>701.6500000000001</ele>
   </trkpt>
   <trkpt lat="47.1440150018792" lon="9.919950003698622">
    <ele>704.8000000000001</ele>
   </trkpt>
   <trkpt lat="47.144310000000004" lon="9.91929">
    <ele>706.33</ele>
   </trkpt>
   <trkpt lat="47.144560000000006" lon="9.91867">
    <ele>707.2700000000001</ele>
   </trkpt>
   <trkpt lat="47.14462" lon="9.918470000000001">
    <ele>707.6500000000001</ele>
   </trkpt>
   <trkpt lat="47.14472000000001" lon="9.91793">
    <ele>708.11</ele>
   </trkpt>
   <trkpt lat="47.14481000000001" lon="9.917110000000001">
    <ele>707.3900000000001</ele>
   </trkpt>
   <trkpt lat="47.144870000000004" lon="9.91685">
    <ele>706.23</ele>
   </trkpt>
   <trkpt lat="47.14506" lon="9.916400000000001">
    <ele>702.9300000000001</ele>
   </trkpt>
   <trkpt lat="47.145230000000005" lon="9.91587">
    <ele>701.25</ele>
   </trkpt>
   <trkpt lat="47.145480000000006" lon="9.914620000000001">
    <ele>699.2600000000001</ele>
   </trkpt>
   <trkpt lat="47.145480000000006" lon="9.914340000000001">
    <ele>697.73</ele>
   </trkpt>
   <trkpt lat="47.145430000000005" lon="9.91404">
    <ele>696.9000000000001</ele>
   </trkpt>
   <trkpt lat="47.14529" lon="9.9136">
    <ele>696.55</ele>
   </trkpt>
   <trkpt lat="47.14511" lon="9.91324">
    <ele>696.3100000000001</ele>
   </trkpt>
   <trkpt lat="47.14502" lon="9.91289">
    <ele>696.3000000000001</ele>
   </trkpt>
   <trkpt lat="47.145" lon="9.91266">
    <ele>696.37</ele>
   </trkpt>
   <trkpt lat="47.145120000000006" lon="9.9122">
    <ele>696.6300000000001</ele>
   </trkpt>
   <trkpt lat="47.14524" lon="9.911890000000001">
    <ele>696.95</ele>
   </trkpt>
   <trkpt lat="47.14533" lon="9.91146">
    <ele>697.83</ele>
   </trkpt>
   <trkpt lat="47.14544" lon="9.910490000000001">
    <ele>697.7800000000001</ele>
   </trkpt>
   <trkpt lat="47.14551500381638" lon="9.909555001162717">
    <ele>696.4</ele>
   </trkpt>
   <trkpt lat="47.145590000000006" lon="9.90862">
    <ele>693.97</ele>
   </trkpt>
   <trkpt lat="47.1456" lon="9.90825">
    <ele>693.0400000000001</ele>
   </trkpt>
   <trkpt lat="47.14556500237865" lon="9.907509999428003">
    <ele>690.01</ele>
   </trkpt>
   <trkpt lat="47.14553" lon="9.906770000000002">
    <ele>688.85</ele>
   </trkpt>
   <trkpt lat="47.14558" lon="9.906160000000002">
    <ele>688.46</ele>
   </trkpt>
   <trkpt lat="47.14569000196167" lon="9.905490001334991">
    <ele>688.3</ele>
   </trkpt>
   <trkpt lat="47.1458" lon="9.90482">
    <ele>688.36</ele>
   </trkpt>
   <trkpt lat="47.145930001794326" lon="9.90418000150548">
    <ele>688.94</ele>
   </trkpt>
   <trkpt lat="47.146060000000006" lon="9.903540000000001">
    <ele>688.2600000000001</ele>
   </trkpt>
   <trkpt lat="47.1462" lon="9.902800000000001">
    <ele>688.3</ele>
   </trkpt>
   <trkpt lat="47.146240000000006" lon="9.90245">
    <ele>688.64</ele>
   </trkpt>
   <trkpt lat="47.146260000000005" lon="9.90224">
    <ele>688.64</ele>
   </trkpt>
   <trkpt lat="47.146240000000006" lon="9.901660000000001">
    <ele>688.71</ele>
   </trkpt>
   <trkpt lat="47.14627" lon="9.90069">
    <ele>689.13</ele>
   </trkpt>
   <trkpt lat="47.14632" lon="9.90004">
    <ele>689.49</ele>
   </trkpt>
   <trkpt lat="47.14645667663047" lon="9.89897000549648">
    <ele>690.7</ele>
   </trkpt>
   <trkpt lat="47.1465933432979" lon="9.897900005490731">
    <ele>693.09</ele>
   </trkpt>
   <trkpt lat="47.146730000000005" lon="9.896830000000001">
    <ele>695.64</ele>
   </trkpt>
   <trkpt lat="47.14681" lon="9.896030000000001">
    <ele>696.6000000000001</ele>
   </trkpt>
   <trkpt lat="47.146890000000006" lon="9.894730000000001">
    <ele>697.35</ele>
   </trkpt>
   <trkpt lat="47.14693000322262" lon="9.893870000548965">
    <ele>697.12</ele>
   </trkpt>
   <trkpt lat="47.14697" lon="9.89301">
    <ele>696.21</ele>
   </trkpt>
   <trkpt lat="47.14697" lon="9.89262">
    <ele>694.9200000000001</ele>
   </trkpt>
   <trkpt lat="47.14692" lon="9.89212">
    <ele>691.9000000000001</ele>
   </trkpt>
   <trkpt lat="47.146890000000006" lon="9.89147">
    <ele>691.32</ele>
   </trkpt>
   <trkpt lat="47.146833368146595" lon="9.89020499325042">
    <ele>687.34</ele>
   </trkpt>
   <trkpt lat="47.14677672236768" lon="9.888939989196652">
    <ele>686.3</ele>
   </trkpt>
   <trkpt lat="47.146720062663285" lon="9.88767498783935">
    <ele>685.5000000000001</ele>
   </trkpt>
   <trkpt lat="47.14666338903347" lon="9.886409989179164">
    <ele>683.84</ele>
   </trkpt>
   <trkpt lat="47.146606701478326" lon="9.885144993216748">
    <ele>681.88</ele>
   </trkpt>
   <trkpt lat="47.146550000000005" lon="9.883880000000001">
    <ele>681.27</ele>
   </trkpt>
   <trkpt lat="47.14647" lon="9.882850000000001">
    <ele>681.5000000000001</ele>
   </trkpt>
   <trkpt lat="47.14656" lon="9.882340000000001">
    <ele>681.5000000000001</ele>
   </trkpt>
   <trkpt lat="47.14658000000001" lon="9.88216">
    <ele>681.5600000000001</ele>
   </trkpt>
   <trkpt lat="47.146570000000004" lon="9.8818">
    <ele>681.6800000000001</ele>
   </trkpt>
   <trkpt lat="47.14640000000001" lon="9.88114">
    <ele>681.76</ele>
   </trkpt>
   <trkpt lat="47.14612667415024" lon="9.880213323840392">
    <ele>682.2600000000001</ele>
   </trkpt>
   <trkpt lat="47.14585334082774" lon="9.87928665721061">
    <ele>681.2600000000001</ele>
   </trkpt>
   <trkpt lat="47.14558" lon="9.87836">
    <ele>680.6700000000001</ele>
   </trkpt>
   <trkpt lat="47.145360000000004" lon="9.87753">
    <ele>679.8900000000001</ele>
   </trkpt>
   <trkpt lat="47.14523500201251" lon="9.87684499822963">
    <ele>680.12</ele>
   </trkpt>
   <trkpt lat="47.14511" lon="9.87616">
    <ele>680.0200000000001</ele>
   </trkpt>
   <trkpt lat="47.144980000000004" lon="9.87499">
    <ele>678.69</ele>
   </trkpt>
   <trkpt lat="47.144910003327865" lon="9.874114998804703">
    <ele>677.2800000000001</ele>
   </trkpt>
   <trkpt lat="47.14484" lon="9.873240000000001">
    <ele>672.72</ele>
   </trkpt>
   <trkpt lat="47.144740000000006" lon="9.87274">
    <ele>672.72</ele>
   </trkpt>
   <trkpt lat="47.14455" lon="9.87204">
    <ele>665.09</ele>
   </trkpt>
   <trkpt lat="47.144420000000004" lon="9.871450000000001">
    <ele>661.47</ele>
   </trkpt>
   <trkpt lat="47.144310000000004" lon="9.870840000000001">
    <ele>657.36</ele>
   </trkpt>
   <trkpt lat="47.14421" lon="9.869760000000001">
    <ele>649.23</ele>
   </trkpt>
   <trkpt lat="47.14419" lon="9.86937">
    <ele>648.02</ele>
   </trkpt>
   <trkpt lat="47.144200000000005" lon="9.869000000000002">
    <ele>645.75</ele>
   </trkpt>
   <trkpt lat="47.14428" lon="9.86801">
    <ele>640.4200000000001</ele>
   </trkpt>
   <trkpt lat="47.14439" lon="9.86754">
    <ele>638.48</ele>
   </trkpt>
   <trkpt lat="47.144470000000005" lon="9.86729">
    <ele>636.7400000000001</ele>
   </trkpt>
   <trkpt lat="47.14488" lon="9.86635">
    <ele>629.62</ele>
   </trkpt>
   <trkpt lat="47.14491" lon="9.86621">
    <ele>629.62</ele>
   </trkpt>
   <trkpt lat="47.144890000000004" lon="9.865950000000002">
    <ele>627.68</ele>
   </trkpt>
   <trkpt lat="47.14463000000001" lon="9.86495">
    <ele>621.72</ele>
   </trkpt>
   <trkpt lat="47.1445" lon="9.86429">
    <ele>617.97</ele>
   </trkpt>
   <trkpt lat="47.14448" lon="9.864040000000001">
    <ele>617.97</ele>
   </trkpt>
   <trkpt lat="47.144450000000006" lon="9.863320000000002">
    <ele>612.99</ele>
   </trkpt>
   <trkpt lat="47.14453667693744" lon="9.862233336941483">
    <ele>611.13</ele>
   </trkpt>
   <trkpt lat="47.144623343598944" lon="9.861146670339549">
    <ele>609.33</ele>
   </trkpt>
   <trkpt lat="47.14471" lon="9.86006">
    <ele>608.5400000000001</ele>
   </trkpt>
   <trkpt lat="47.14471" lon="9.85955">
    <ele>607.89</ele>
   </trkpt>
   <trkpt lat="47.144693341133255" lon="9.85860333280831">
    <ele>607.22</ele>
   </trkpt>
   <trkpt lat="47.1446766744678" lon="9.857656666210081">
    <ele>606.11</ele>
   </trkpt>
   <trkpt lat="47.14466" lon="9.856710000000001">
    <ele>604.41</ele>
   </trkpt>
   <trkpt lat="47.14424" lon="9.85651">
    <ele>603.5400000000001</ele>
   </trkpt>
   <trkpt lat="47.143655000161736" lon="9.856254997141086">
    <ele>602.6100000000001</ele>
   </trkpt>
   <trkpt lat="47.14307" lon="9.856000000000002">
    <ele>601.65</ele>
   </trkpt>
   <trkpt lat="47.14285" lon="9.85589">
    <ele>601.1</ele>
   </trkpt>
   <trkpt lat="47.142430000187666" lon="9.855629997880053">
    <ele>601.1800000000001</ele>
   </trkpt>
   <trkpt lat="47.142010000000006" lon="9.85537">
    <ele>600.75</ele>
   </trkpt>
   <trkpt lat="47.14179" lon="9.85529">
    <ele>600.1899999999999</ele>
   </trkpt>
   <trkpt lat="47.14168" lon="9.85528">
    <ele>599.94</ele>
   </trkpt>
   <trkpt lat="47.14153" lon="9.85529">
    <ele>599.94</ele>
   </trkpt>
   <trkpt lat="47.141510000000004" lon="9.855110000000002">
    <ele>599.94</ele>
   </trkpt>
   <trkpt lat="47.14124001215368" lon="9.854144985290572">
    <ele>596.92</ele>
   </trkpt>
   <trkpt lat="47.14097001620339" lon="9.853179980382375">
    <ele>595.9300000000001</ele>
   </trkpt>
   <trkpt lat="47.140700012149324" lon="9.852214985275513">
    <ele>594.8800000000001</ele>
   </trkpt>
   <trkpt lat="47.14043" lon="9.85125">
    <ele>594.35</ele>
   </trkpt>
   <trkpt lat="47.140440000000005" lon="9.851270000000001">
    <ele>592.5</ele>
   </trkpt>
   <trkpt lat="47.1401180191883" lon="9.850219974562311">
    <ele>592.5</ele>
   </trkpt>
   <trkpt lat="47.13979602878196" lon="9.849169961842502">
    <ele>592.5</ele>
   </trkpt>
   <trkpt lat="47.13947402878119" lon="9.848119961840661">
    <ele>592.5</ele>
   </trkpt>
   <trkpt lat="47.13915201918624" lon="9.847069974556867">
    <ele>592.5</ele>
   </trkpt>
   <trkpt lat="47.138830000000006" lon="9.846020000000001">
    <ele>584.22</ele>
   </trkpt>
   <trkpt lat="47.13875" lon="9.845690000000001">
    <ele>584.22</ele>
   </trkpt>
   <trkpt lat="47.138720000000006" lon="9.845460000000001">
    <ele>584.22</ele>
   </trkpt>
   <trkpt lat="47.13873" lon="9.84519">
    <ele>584.22</ele>
   </trkpt>
   <trkpt lat="47.138780006943804" lon="9.844296668365507">
    <ele>584.22</ele>
   </trkpt>
   <trkpt lat="47.138830006942754" lon="9.84340333505076">
    <ele>584.22</ele>
   </trkpt>
   <trkpt lat="47.13888" lon="9.84251">
    <ele>584.22</ele>
   </trkpt>
   <trkpt lat="47.138850000000005" lon="9.842160000000002">
    <ele>584.22</ele>
   </trkpt>
   <trkpt lat="47.138780000000004" lon="9.84185">
    <ele>584.22</ele>
   </trkpt>
   <trkpt lat="47.138495002064445" lon="9.84115999628424">
    <ele>584.22</ele>
   </trkpt>
   <trkpt lat="47.13821" lon="9.840470000000002">
    <ele>581.0600000000001</ele>
   </trkpt>
   <trkpt lat="47.1379" lon="9.839550000000001">
    <ele>581.0600000000001</ele>
   </trkpt>
   <trkpt lat="47.137620000000005" lon="9.83859">
    <ele>581.0600000000001</ele>
   </trkpt>
   <trkpt lat="47.13738000000001" lon="9.83873">
    <ele>579.46</ele>
   </trkpt>
   <trkpt lat="47.13655000000001" lon="9.8392">
    <ele>579.45</ele>
   </trkpt>
   <trkpt lat="47.13631" lon="9.839310000000001">
    <ele>579.59</ele>
   </trkpt>
   <trkpt lat="47.136230000000005" lon="9.83928">
    <ele>579.59</ele>
   </trkpt>
   <trkpt lat="47.13615" lon="9.83914">
    <ele>579.48</ele>
   </trkpt>
   <trkpt lat="47.13608000000001" lon="9.839210000000001">
    <ele>579.48</ele>
   </trkpt>
   <trkpt lat="47.136070000000004" lon="9.83913">
    <ele>579.48</ele>
   </trkpt>
   <trkpt lat="47.1358" lon="9.83858">
    <ele>578.16</ele>
   </trkpt>
   <trkpt lat="47.13568" lon="9.838500000000002">
    <ele>578.16</ele>
   </trkpt>
   <trkpt lat="47.135650000000005" lon="9.83843">
    <ele>578.16</ele>
   </trkpt>
   <trkpt lat="47.135650000000005" lon="9.83829">
    <ele>578.16</ele>
   </trkpt>
   <trkpt lat="47.135770002008236" lon="9.837610001555905">
    <ele>576.74</ele>
   </trkpt>
   <trkpt lat="47.13589" lon="9.83693">
    <ele>576.84</ele>
   </trkpt>
   <trkpt lat="47.135870000000004" lon="9.836820000000001">
    <ele>576.84</ele>
   </trkpt>
   <trkpt lat="47.13584" lon="9.83676">
    <ele>576.84</ele>
   </trkpt>
   <trkpt lat="47.135630000000006" lon="9.836580000000001">
    <ele>576.84</ele>
   </trkpt>
   <trkpt lat="47.135450000000006" lon="9.83636">
    <ele>576.57</ele>
   </trkpt>
   <trkpt lat="47.13535" lon="9.8366">
    <ele>576.57</ele>
   </trkpt>
   <trkpt lat="47.135070000000006" lon="9.837060000000001">
    <ele>576.1</ele>
   </trkpt>
   <trkpt lat="47.13474500123569" lon="9.83759500328572">
    <ele>576.13</ele>
   </trkpt>
   <trkpt lat="47.134420000000006" lon="9.838130000000001">
    <ele>576.32</ele>
   </trkpt>
   <trkpt lat="47.13407" lon="9.83887">
    <ele>576.32</ele>
   </trkpt>
   <trkpt lat="47.13373000000001" lon="9.839730000000001">
    <ele>576.32</ele>
   </trkpt>
   <trkpt lat="47.133660000000006" lon="9.84002">
    <ele>576.32</ele>
   </trkpt>
   <trkpt lat="47.133530002561365" lon="9.840790001991726">
    <ele>576.32</ele>
   </trkpt>
   <trkpt lat="47.1334" lon="9.841560000000001">
    <ele>580.8100000000001</ele>
   </trkpt>
   <trkpt lat="47.133345001981546" lon="9.842235000710168">
    <ele>580.8100000000001</ele>
   </trkpt>
   <trkpt lat="47.13329" lon="9.842910000000002">
    <ele>580.8100000000001</ele>
   </trkpt>
   <trkpt lat="47.13329" lon="9.84312">
    <ele>580.8100000000001</ele>
   </trkpt>
   <trkpt lat="47.133390000000006" lon="9.8435">
    <ele>580.8100000000001</ele>
   </trkpt>
   <trkpt lat="47.13344000000001" lon="9.843620000000001">
    <ele>580.8100000000001</ele>
   </trkpt>
   <trkpt lat="47.13362" lon="9.84388">
    <ele>580.8100000000001</ele>
   </trkpt>
   <trkpt lat="47.13364000000001" lon="9.84401">
    <ele>580.8100000000001</ele>
   </trkpt>
   <trkpt lat="47.133590000000005" lon="9.844140000000001">
    <ele>580.96</ele>
   </trkpt>
   <trkpt lat="47.13315" lon="9.84491">
    <ele>580.34</ele>
   </trkpt>
   <trkpt lat="47.132960000000004" lon="9.845400000000001">
    <ele>582.4200000000001</ele>
   </trkpt>
   <trkpt lat="47.13289" lon="9.845740000000001">
    <ele>582.4200000000001</ele>
   </trkpt>
   <trkpt lat="47.132740000000005" lon="9.846">
    <ele>582.4200000000001</ele>
   </trkpt>
   <trkpt lat="47.13259" lon="9.846150000000002">
    <ele>582.35</ele>
   </trkpt>
   <trkpt lat="47.131890000000006" lon="9.84661">
    <ele>582.32</ele>
   </trkpt>
   <trkpt lat="47.13183" lon="9.84673">
    <ele>582.6</ele>
   </trkpt>
   <trkpt lat="47.131600000000006" lon="9.846910000000001">
    <ele>582.6</ele>
   </trkpt>
   <trkpt lat="47.131530000000005" lon="9.84698">
    <ele>582.6</ele>
   </trkpt>
   <trkpt lat="47.13143" lon="9.84708">
    <ele>582.6</ele>
   </trkpt>
   <trkpt lat="47.13109" lon="9.84731">
    <ele>582.46</ele>
   </trkpt>
   <trkpt lat="47.13105" lon="9.847370000000002">
    <ele>582.46</ele>
   </trkpt>
   <trkpt lat="47.130930000000006" lon="9.84795">
    <ele>582.6800000000001</ele>
   </trkpt>
   <trkpt lat="47.13071000399953" lon="9.848915004221839">
    <ele>583.1500000000001</ele>
   </trkpt>
   <trkpt lat="47.13049" lon="9.84988">
    <ele>583.5600000000001</ele>
   </trkpt>
   <trkpt lat="47.13016000435454" lon="9.850885006358514">
    <ele>584.49</ele>
   </trkpt>
   <trkpt lat="47.129830000000005" lon="9.851890000000001">
    <ele>584.6800000000001</ele>
   </trkpt>
   <trkpt lat="47.12952000000001" lon="9.85252">
    <ele>585.7800000000001</ele>
   </trkpt>
   <trkpt lat="47.129430000000006" lon="9.85276">
    <ele>585.89</ele>
   </trkpt>
   <trkpt lat="47.12933" lon="9.85354">
    <ele>585.99</ele>
   </trkpt>
   <trkpt lat="47.12923000000001" lon="9.85396">
    <ele>585.44</ele>
   </trkpt>
   <trkpt lat="47.129090000000005" lon="9.85425">
    <ele>585.1200000000001</ele>
   </trkpt>
   <trkpt lat="47.128870000000006" lon="9.854640000000002">
    <ele>596.1700000000001</ele>
   </trkpt>
   <trkpt lat="47.128640000000004" lon="9.854880000000001">
    <ele>596.1700000000001</ele>
   </trkpt>
   <trkpt lat="47.12858000000001" lon="9.85506">
    <ele>596.1700000000001</ele>
   </trkpt>
   <trkpt lat="47.12845" lon="9.855720000000002">
    <ele>598.41</ele>
   </trkpt>
   <trkpt lat="47.1283" lon="9.856200000000001">
    <ele>590.21</ele>
   </trkpt>
   <trkpt lat="47.12816" lon="9.85649">
    <ele>590.21</ele>
   </trkpt>
   <trkpt lat="47.128150000000005" lon="9.856530000000001">
    <ele>590.21</ele>
   </trkpt>
   <trkpt lat="47.127990000000004" lon="9.856710000000001">
    <ele>590.21</ele>
   </trkpt>
   <trkpt lat="47.12791000000001" lon="9.856770000000001">
    <ele>590.21</ele>
   </trkpt>
   <trkpt lat="47.127300000000005" lon="9.857000000000001">
    <ele>590.21</ele>
   </trkpt>
   <trkpt lat="47.1266" lon="9.85721">
    <ele>599.25</ele>
   </trkpt>
   <trkpt lat="47.12644" lon="9.857320000000001">
    <ele>599.25</ele>
   </trkpt>
   <trkpt lat="47.12644" lon="9.857360000000002">
    <ele>599.25</ele>
   </trkpt>
   <trkpt lat="47.126270000000005" lon="9.857370000000001">
    <ele>599.25</ele>
   </trkpt>
   <trkpt lat="47.12559" lon="9.85688">
    <ele>594.9300000000001</ele>
   </trkpt>
   <trkpt lat="47.12532" lon="9.856770000000001">
    <ele>594.9300000000001</ele>
   </trkpt>
   <trkpt lat="47.124790000000004" lon="9.85637">
    <ele>591.4200000000001</ele>
   </trkpt>
   <trkpt lat="47.124320000000004" lon="9.85595">
    <ele>591.4200000000001</ele>
   </trkpt>
   <trkpt lat="47.12393" lon="9.8557">
    <ele>591.4200000000001</ele>
   </trkpt>
   <trkpt lat="47.12379000000001" lon="9.85557">
    <ele>591.4200000000001</ele>
   </trkpt>
   <trkpt lat="47.12364" lon="9.85546">
    <ele>591.4200000000001</ele>
   </trkpt>
   <trkpt lat="47.12315" lon="9.85548">
    <ele>591.4200000000001</ele>
   </trkpt>
   <trkpt lat="47.12234" lon="9.855410000000001">
    <ele>591.4200000000001</ele>
   </trkpt>
   <trkpt lat="47.121930000000006" lon="9.855410000000001">
    <ele>591.4200000000001</ele>
   </trkpt>
   <trkpt lat="47.12178" lon="9.855390000000002">
    <ele>591.4200000000001</ele>
   </trkpt>
   <trkpt lat="47.121640000000006" lon="9.855300000000002">
    <ele>591.4200000000001</ele>
   </trkpt>
   <trkpt lat="47.121500000000005" lon="9.85515">
    <ele>591.4200000000001</ele>
   </trkpt>
   <trkpt lat="47.12136" lon="9.855070000000001">
    <ele>591.4200000000001</ele>
   </trkpt>
   <trkpt lat="47.12095" lon="9.85499">
    <ele>627.12</ele>
   </trkpt>
   <trkpt lat="47.12073" lon="9.854920000000002">
    <ele>627.12</ele>
   </trkpt>
   <trkpt lat="47.120540000000005" lon="9.85481">
    <ele>627.12</ele>
   </trkpt>
   <trkpt lat="47.120020000000004" lon="9.85439">
    <ele>627.12</ele>
   </trkpt>
   <trkpt lat="47.11938000000001" lon="9.85407">
    <ele>627.12</ele>
   </trkpt>
   <trkpt lat="47.11891000000001" lon="9.85405">
    <ele>627.12</ele>
   </trkpt>
   <trkpt lat="47.11851" lon="9.8542">
    <ele>627.12</ele>
   </trkpt>
   <trkpt lat="47.11806000004962" lon="9.854330001106353">
    <ele>627.12</ele>
   </trkpt>
   <trkpt lat="47.117610000000006" lon="9.854460000000001">
    <ele>627.12</ele>
   </trkpt>
   <trkpt lat="47.11684" lon="9.854800000000001">
    <ele>615.2700000000001</ele>
   </trkpt>
   <trkpt lat="47.116690000000006" lon="9.85486">
    <ele>615.2700000000001</ele>
   </trkpt>
   <trkpt lat="47.116350000000004" lon="9.8552">
    <ele>615.2700000000001</ele>
   </trkpt>
   <trkpt lat="47.11598" lon="9.855730000000001">
    <ele>624.8100000000001</ele>
   </trkpt>
   <trkpt lat="47.115770000000005" lon="9.85598">
    <ele>624.8100000000001</ele>
   </trkpt>
   <trkpt lat="47.11565" lon="9.856100000000001">
    <ele>624.8100000000001</ele>
   </trkpt>
   <trkpt lat="47.115550000000006" lon="9.85628">
    <ele>630.99</ele>
   </trkpt>
   <trkpt lat="47.115500000000004" lon="9.856810000000001">
    <ele>630.87</ele>
   </trkpt>
   <trkpt lat="47.11513" lon="9.857890000000001">
    <ele>630.17</ele>
   </trkpt>
   <trkpt lat="47.114920000000005" lon="9.858120000000001">
    <ele>630.17</ele>
   </trkpt>
   <trkpt lat="47.11466" lon="9.858300000000002">
    <ele>630.17</ele>
   </trkpt>
   <trkpt lat="47.11422" lon="9.859">
    <ele>632.94</ele>
   </trkpt>
   <trkpt lat="47.113980000000005" lon="9.85914">
    <ele>632.94</ele>
   </trkpt>
   <trkpt lat="47.113440000000004" lon="9.85936">
    <ele>632.94</ele>
   </trkpt>
   <trkpt lat="47.11301" lon="9.8596">
    <ele>630.35</ele>
   </trkpt>
   <trkpt lat="47.11301" lon="9.85968">
    <ele>630.35</ele>
   </trkpt>
   <trkpt lat="47.11283" lon="9.860100000000001">
    <ele>630.35</ele>
   </trkpt>
   <trkpt lat="47.11247" lon="9.860320000000002">
    <ele>630.35</ele>
   </trkpt>
   <trkpt lat="47.1122" lon="9.860380000000001">
    <ele>630.35</ele>
   </trkpt>
   <trkpt lat="47.11211" lon="9.860420000000001">
    <ele>630.35</ele>
   </trkpt>
   <trkpt lat="47.11193" lon="9.860600000000002">
    <ele>630.35</ele>
   </trkpt>
   <trkpt lat="47.11184" lon="9.86073">
    <ele>630.35</ele>
   </trkpt>
   <trkpt lat="47.11153" lon="9.861030000000001">
    <ele>630.35</ele>
   </trkpt>
   <trkpt lat="47.11112000000001" lon="9.86139">
    <ele>619.38</ele>
   </trkpt>
   <trkpt lat="47.11072" lon="9.86157">
    <ele>619.38</ele>
   </trkpt>
   <trkpt lat="47.11037" lon="9.86175">
    <ele>619.38</ele>
   </trkpt>
   <trkpt lat="47.109680000000004" lon="9.862240000000002">
    <ele>619.38</ele>
   </trkpt>
   <trkpt lat="47.109010000481774" lon="9.862565004080324">
    <ele>619.38</ele>
   </trkpt>
   <trkpt lat="47.108340000000005" lon="9.86289">
    <ele>619.38</ele>
   </trkpt>
   <trkpt lat="47.107980000000005" lon="9.86313">
    <ele>619.38</ele>
   </trkpt>
   <trkpt lat="47.107580000000006" lon="9.863470000000001">
    <ele>619.38</ele>
   </trkpt>
   <trkpt lat="47.107040000000005" lon="9.863840000000001">
    <ele>626.41</ele>
   </trkpt>
   <trkpt lat="47.10658" lon="9.864120000000002">
    <ele>626.41</ele>
   </trkpt>
   <trkpt lat="47.10611" lon="9.86433">
    <ele>626.41</ele>
   </trkpt>
   <trkpt lat="47.106010000000005" lon="9.864360000000001">
    <ele>626.41</ele>
   </trkpt>
   <trkpt lat="47.10575" lon="9.864360000000001">
    <ele>626.41</ele>
   </trkpt>
   <trkpt lat="47.10551" lon="9.864500000000001">
    <ele>626.41</ele>
   </trkpt>
   <trkpt lat="47.10539000000001" lon="9.86452">
    <ele>626.41</ele>
   </trkpt>
   <trkpt lat="47.1049" lon="9.864460000000001">
    <ele>626.4300000000001</ele>
   </trkpt>
   <trkpt lat="47.10484" lon="9.86442">
    <ele>626.4300000000001</ele>
   </trkpt>
   <trkpt lat="47.104580000000006" lon="9.86433">
    <ele>629.5400000000001</ele>
   </trkpt>
   <trkpt lat="47.104330000000004" lon="9.864310000000001">
    <ele>629.5400000000001</ele>
   </trkpt>
   <trkpt lat="47.10401" lon="9.86444">
    <ele>629.5400000000001</ele>
   </trkpt>
   <trkpt lat="47.10334" lon="9.86443">
    <ele>629.5400000000001</ele>
   </trkpt>
   <trkpt lat="47.102920000000005" lon="9.86461">
    <ele>629.5400000000001</ele>
   </trkpt>
   <trkpt lat="47.10239000000001" lon="9.86475">
    <ele>629.5400000000001</ele>
   </trkpt>
   <trkpt lat="47.101884999995" lon="9.864825000715792">
    <ele>629.5400000000001</ele>
   </trkpt>
   <trkpt lat="47.101380000000006" lon="9.8649">
    <ele>625.85</ele>
   </trkpt>
   <trkpt lat="47.10077000025571" lon="9.865125002564834">
    <ele>625.85</ele>
   </trkpt>
   <trkpt lat="47.10016" lon="9.865350000000001">
    <ele>625.85</ele>
   </trkpt>
   <trkpt lat="47.09989" lon="9.86536">
    <ele>625.85</ele>
   </trkpt>
   <trkpt lat="47.09982" lon="9.86538">
    <ele>625.85</ele>
   </trkpt>
   <trkpt lat="47.09964" lon="9.86552">
    <ele>625.85</ele>
   </trkpt>
   <trkpt lat="47.099470000000004" lon="9.8656">
    <ele>625.85</ele>
   </trkpt>
   <trkpt lat="47.099250000000005" lon="9.86561">
    <ele>625.85</ele>
   </trkpt>
   <trkpt lat="47.09911" lon="9.86556">
    <ele>625.85</ele>
   </trkpt>
   <trkpt lat="47.09866" lon="9.86574">
    <ele>625.85</ele>
   </trkpt>
   <trkpt lat="47.098490000000005" lon="9.865760000000002">
    <ele>625.85</ele>
   </trkpt>
   <trkpt lat="47.098310000000005" lon="9.86588">
    <ele>629.7600000000001</ele>
   </trkpt>
   <trkpt lat="47.098090000000006" lon="9.866060000000001">
    <ele>629.7600000000001</ele>
   </trkpt>
   <trkpt lat="47.09769000000001" lon="9.86646">
    <ele>630.33</ele>
   </trkpt>
   <trkpt lat="47.097620000000006" lon="9.866750000000001">
    <ele>630.33</ele>
   </trkpt>
   <trkpt lat="47.09745" lon="9.867140000000001">
    <ele>630.33</ele>
   </trkpt>
   <trkpt lat="47.0972" lon="9.86753">
    <ele>630.33</ele>
   </trkpt>
   <trkpt lat="47.09704000000001" lon="9.86771">
    <ele>632.0400000000001</ele>
   </trkpt>
   <trkpt lat="47.09696" lon="9.86777">
    <ele>632.0400000000001</ele>
   </trkpt>
   <trkpt lat="47.09673" lon="9.86808">
    <ele>632.0400000000001</ele>
   </trkpt>
   <trkpt lat="47.09648000000001" lon="9.868480000000002">
    <ele>632.0400000000001</ele>
   </trkpt>
   <trkpt lat="47.096230000000006" lon="9.8688">
    <ele>632.0400000000001</ele>
   </trkpt>
   <trkpt lat="47.096000000000004" lon="9.869050000000001">
    <ele>632.0400000000001</ele>
   </trkpt>
   <trkpt lat="47.09554000164608" lon="9.86966000523383">
    <ele>633.7700000000001</ele>
   </trkpt>
   <trkpt lat="47.09508" lon="9.870270000000001">
    <ele>633.7700000000001</ele>
   </trkpt>
   <trkpt lat="47.09447" lon="9.87114">
    <ele>634.51</ele>
   </trkpt>
   <trkpt lat="47.09387" lon="9.872110000000001">
    <ele>633.84</ele>
   </trkpt>
   <trkpt lat="47.093630000000005" lon="9.872670000000001">
    <ele>632.85</ele>
   </trkpt>
   <trkpt lat="47.093070000000004" lon="9.87359">
    <ele>634.4300000000001</ele>
   </trkpt>
   <trkpt lat="47.09304" lon="9.873790000000001">
    <ele>634.4300000000001</ele>
   </trkpt>
   <trkpt lat="47.093590000000006" lon="9.8739">
    <ele>635.49</ele>
   </trkpt>
   <trkpt lat="47.093430000000005" lon="9.874160000000002">
    <ele>635.49</ele>
   </trkpt>
   <trkpt lat="47.09304" lon="9.87489">
    <ele>635.49</ele>
   </trkpt>
   <trkpt lat="47.092850000000006" lon="9.87518">
    <ele>635.49</ele>
   </trkpt>
   <trkpt lat="47.092270000000006" lon="9.87593">
    <ele>636.39</ele>
   </trkpt>
   <trkpt lat="47.091860000000004" lon="9.876510000000001">
    <ele>636.39</ele>
   </trkpt>
   <trkpt lat="47.09154" lon="9.876990000000001">
    <ele>636.39</ele>
   </trkpt>
   <trkpt lat="47.090990000000005" lon="9.87799">
    <ele>636.39</ele>
   </trkpt>
   <trkpt lat="47.090650000000004" lon="9.878540000000001">
    <ele>636.39</ele>
   </trkpt>
   <trkpt lat="47.090230001618444" lon="9.87915000481151">
    <ele>636.39</ele>
   </trkpt>
   <trkpt lat="47.08981000000001" lon="9.879760000000001">
    <ele>636.39</ele>
   </trkpt>
   <trkpt lat="47.089600000000004" lon="9.880180000000001">
    <ele>636.39</ele>
   </trkpt>
   <trkpt lat="47.08946" lon="9.88039">
    <ele>643.5000000000001</ele>
   </trkpt>
   <trkpt lat="47.08925000000001" lon="9.88076">
    <ele>643.5000000000001</ele>
   </trkpt>
   <trkpt lat="47.088803340134284" lon="9.881643348129153">
    <ele>643.5000000000001</ele>
   </trkpt>
   <trkpt lat="47.08835667347734" lon="9.882526681443034">
    <ele>643.5000000000001</ele>
   </trkpt>
   <trkpt lat="47.08791" lon="9.883410000000001">
    <ele>643.5000000000001</ele>
   </trkpt>
   <trkpt lat="47.0873900041" lon="9.884380009459296">
    <ele>643.5000000000001</ele>
   </trkpt>
   <trkpt lat="47.086870000000005" lon="9.88535">
    <ele>646.7400000000001</ele>
   </trkpt>
   <trkpt lat="47.086575001225604" lon="9.885865002727455">
    <ele>646.7400000000001</ele>
   </trkpt>
   <trkpt lat="47.08628" lon="9.88638">
    <ele>646.7400000000001</ele>
   </trkpt>
   <trkpt lat="47.08619" lon="9.88653">
    <ele>646.7400000000001</ele>
   </trkpt>
   <trkpt lat="47.08605000000001" lon="9.886660000000001">
    <ele>646.7400000000001</ele>
   </trkpt>
   <trkpt lat="47.08596000000001" lon="9.886880000000001">
    <ele>646.7400000000001</ele>
   </trkpt>
   <trkpt lat="47.08560000000001" lon="9.88746">
    <ele>649.5600000000001</ele>
   </trkpt>
   <trkpt lat="47.0855" lon="9.887580000000002">
    <ele>649.5600000000001</ele>
   </trkpt>
   <trkpt lat="47.08538" lon="9.88779">
    <ele>649.5600000000001</ele>
   </trkpt>
   <trkpt lat="47.085390000000004" lon="9.88794">
    <ele>649.5600000000001</ele>
   </trkpt>
   <trkpt lat="47.0852" lon="9.888340000000001">
    <ele>647.44</ele>
   </trkpt>
   <trkpt lat="47.085080000000005" lon="9.88854">
    <ele>646.1</ele>
   </trkpt>
   <trkpt lat="47.085040000000006" lon="9.88859">
    <ele>646.1</ele>
   </trkpt>
   <trkpt lat="47.08496" lon="9.888950000000001">
    <ele>646.1</ele>
   </trkpt>
   <trkpt lat="47.08478" lon="9.88953">
    <ele>646.1</ele>
   </trkpt>
   <trkpt lat="47.084610000000005" lon="9.89025">
    <ele>650.15</ele>
   </trkpt>
   <trkpt lat="47.084410000000005" lon="9.890870000000001">
    <ele>650.15</ele>
   </trkpt>
   <trkpt lat="47.08408000000001" lon="9.891340000000001">
    <ele>651.27</ele>
   </trkpt>
   <trkpt lat="47.08391" lon="9.89155">
    <ele>651.27</ele>
   </trkpt>
   <trkpt lat="47.08381000000001" lon="9.89164">
    <ele>651.27</ele>
   </trkpt>
   <trkpt lat="47.08346" lon="9.89187">
    <ele>651.5500000000001</ele>
   </trkpt>
   <trkpt lat="47.083380000000005" lon="9.891950000000001">
    <ele>651.5500000000001</ele>
   </trkpt>
   <trkpt lat="47.083330000000004" lon="9.89208">
    <ele>651.5500000000001</ele>
   </trkpt>
   <trkpt lat="47.08324" lon="9.89239">
    <ele>651.5500000000001</ele>
   </trkpt>
   <trkpt lat="47.08303" lon="9.89337">
    <ele>651.5500000000001</ele>
   </trkpt>
   <trkpt lat="47.082930000000005" lon="9.89372">
    <ele>651.5500000000001</ele>
   </trkpt>
   <trkpt lat="47.08283" lon="9.89398">
    <ele>651.5500000000001</ele>
   </trkpt>
   <trkpt lat="47.08256" lon="9.894540000000001">
    <ele>651.5500000000001</ele>
   </trkpt>
   <trkpt lat="47.08243" lon="9.894900000000002">
    <ele>651.5500000000001</ele>
   </trkpt>
   <trkpt lat="47.08229" lon="9.895230000000002">
    <ele>651.5500000000001</ele>
   </trkpt>
   <trkpt lat="47.08201500156011" lon="9.895815002869027">
    <ele>651.5500000000001</ele>
   </trkpt>
   <trkpt lat="47.08174" lon="9.896400000000002">
    <ele>651.5500000000001</ele>
   </trkpt>
   <trkpt lat="47.081450002021114" lon="9.89707500358498">
    <ele>651.5500000000001</ele>
   </trkpt>
   <trkpt lat="47.081160000000004" lon="9.89775">
    <ele>660.37</ele>
   </trkpt>
   <trkpt lat="47.081070000000004" lon="9.89793">
    <ele>660.37</ele>
   </trkpt>
   <trkpt lat="47.08071" lon="9.89845">
    <ele>660.37</ele>
   </trkpt>
   <trkpt lat="47.080650000000006" lon="9.898570000000001">
    <ele>660.37</ele>
   </trkpt>
   <trkpt lat="47.08037" lon="9.89938">
    <ele>660.37</ele>
   </trkpt>
   <trkpt lat="47.080110000000005" lon="9.90004">
    <ele>660.37</ele>
   </trkpt>
   <trkpt lat="47.07981" lon="9.90118">
    <ele>660.37</ele>
   </trkpt>
   <trkpt lat="47.079710000000006" lon="9.90149">
    <ele>660.37</ele>
   </trkpt>
   <trkpt lat="47.079480000000004" lon="9.902600000000001">
    <ele>660.37</ele>
   </trkpt>
   <trkpt lat="47.079420000000006" lon="9.90277">
    <ele>660.37</ele>
   </trkpt>
   <trkpt lat="47.07932" lon="9.90296">
    <ele>660.37</ele>
   </trkpt>
   <trkpt lat="47.079260000000005" lon="9.903250000000002">
    <ele>660.37</ele>
   </trkpt>
   <trkpt lat="47.07886500087328" lon="9.903740003845444">
    <ele>660.82</ele>
   </trkpt>
   <trkpt lat="47.07847" lon="9.90423">
    <ele>662.42</ele>
   </trkpt>
   <trkpt lat="47.07835" lon="9.90431">
    <ele>662.5200000000001</ele>
   </trkpt>
   <trkpt lat="47.078230000000005" lon="9.90445">
    <ele>662.5200000000001</ele>
   </trkpt>
   <trkpt lat="47.077960000000004" lon="9.90483">
    <ele>663.3500000000001</ele>
   </trkpt>
   <trkpt lat="47.077760000000005" lon="9.90521">
    <ele>663.3500000000001</ele>
   </trkpt>
   <trkpt lat="47.07773" lon="9.90526">
    <ele>663.3</ele>
   </trkpt>
   <trkpt lat="47.07764" lon="9.905270000000002">
    <ele>663.3</ele>
   </trkpt>
   <trkpt lat="47.0775" lon="9.905240000000001">
    <ele>662.36</ele>
   </trkpt>
   <trkpt lat="47.077310000000004" lon="9.90517">
    <ele>661.47</ele>
   </trkpt>
   <trkpt lat="47.077200000000005" lon="9.905190000000001">
    <ele>661.47</ele>
   </trkpt>
   <trkpt lat="47.07719" lon="9.90526">
    <ele>661.47</ele>
   </trkpt>
   <trkpt lat="47.07694" lon="9.90577">
    <ele>661.47</ele>
   </trkpt>
   <trkpt lat="47.07672" lon="9.906320000000001">
    <ele>663.37</ele>
   </trkpt>
   <trkpt lat="47.07654" lon="9.90665">
    <ele>663.37</ele>
   </trkpt>
   <trkpt lat="47.07605" lon="9.90742">
    <ele>664.0400000000001</ele>
   </trkpt>
   <trkpt lat="47.07594" lon="9.90765">
    <ele>665.37</ele>
   </trkpt>
   <trkpt lat="47.07589" lon="9.908000000000001">
    <ele>665.37</ele>
   </trkpt>
   <trkpt lat="47.07584000000001" lon="9.908140000000001">
    <ele>665.37</ele>
   </trkpt>
   <trkpt lat="47.075500000000005" lon="9.908750000000001">
    <ele>666.1700000000001</ele>
   </trkpt>
   <trkpt lat="47.07536" lon="9.90892">
    <ele>666.1700000000001</ele>
   </trkpt>
   <trkpt lat="47.07527" lon="9.908990000000001">
    <ele>666.1700000000001</ele>
   </trkpt>
   <trkpt lat="47.075160000000004" lon="9.909030000000001">
    <ele>666.1700000000001</ele>
   </trkpt>
   <trkpt lat="47.07504" lon="9.909040000000001">
    <ele>666.57</ele>
   </trkpt>
   <trkpt lat="47.07490000000001" lon="9.90938">
    <ele>665.82</ele>
   </trkpt>
   <trkpt lat="47.07484" lon="9.909740000000001">
    <ele>665.49</ele>
   </trkpt>
   <trkpt lat="47.07475" lon="9.909920000000001">
    <ele>665.49</ele>
   </trkpt>
   <trkpt lat="47.07462" lon="9.910120000000001">
    <ele>665.49</ele>
   </trkpt>
   <trkpt lat="47.07455" lon="9.910200000000001">
    <ele>665.49</ele>
   </trkpt>
   <trkpt lat="47.074450000000006" lon="9.910250000000001">
    <ele>665.49</ele>
   </trkpt>
   <trkpt lat="47.074400000000004" lon="9.91031">
    <ele>665.49</ele>
   </trkpt>
   <trkpt lat="47.07401" lon="9.910870000000001">
    <ele>668.8900000000001</ele>
   </trkpt>
   <trkpt lat="47.07376000000001" lon="9.91126">
    <ele>668.8900000000001</ele>
   </trkpt>
   <trkpt lat="47.073640000000005" lon="9.91159">
    <ele>668.8900000000001</ele>
   </trkpt>
   <trkpt lat="47.07327000179161" lon="9.912200003951137">
    <ele>668.8900000000001</ele>
   </trkpt>
   <trkpt lat="47.072900000000004" lon="9.91281">
    <ele>668.8900000000001</ele>
   </trkpt>
   <trkpt lat="47.072520000000004" lon="9.91327">
    <ele>673.6800000000001</ele>
   </trkpt>
   <trkpt lat="47.07222000153951" lon="9.913860003272797">
    <ele>673.6800000000001</ele>
   </trkpt>
   <trkpt lat="47.071920000000006" lon="9.91445">
    <ele>673.6800000000001</ele>
   </trkpt>
   <trkpt lat="47.071760000000005" lon="9.91463">
    <ele>674.64</ele>
   </trkpt>
   <trkpt lat="47.071670000000005" lon="9.914570000000001">
    <ele>674.64</ele>
   </trkpt>
   <trkpt lat="47.071310000000004" lon="9.91568">
    <ele>674.5600000000001</ele>
   </trkpt>
   <trkpt lat="47.071270000000005" lon="9.915740000000001">
    <ele>675.3</ele>
   </trkpt>
   <trkpt lat="47.071180000000005" lon="9.915790000000001">
    <ele>675.3</ele>
   </trkpt>
   <trkpt lat="47.071070000000006" lon="9.91582">
    <ele>675.3</ele>
   </trkpt>
   <trkpt lat="47.070780000000006" lon="9.916440000000001">
    <ele>675.8700000000001</ele>
   </trkpt>
   <trkpt lat="47.070640000000004" lon="9.91656">
    <ele>676.58</ele>
   </trkpt>
   <trkpt lat="47.070600000000006" lon="9.916630000000001">
    <ele>676.74</ele>
   </trkpt>
   <trkpt lat="47.070570000000004" lon="9.91674">
    <ele>676.74</ele>
   </trkpt>
   <trkpt lat="47.07043" lon="9.917000000000002">
    <ele>677.21</ele>
   </trkpt>
   <trkpt lat="47.07034" lon="9.91732">
    <ele>677.21</ele>
   </trkpt>
   <trkpt lat="47.069880000000005" lon="9.91834">
    <ele>679.3</ele>
   </trkpt>
   <trkpt lat="47.069770000000005" lon="9.918690000000002">
    <ele>679.3</ele>
   </trkpt>
   <trkpt lat="47.06935000000001" lon="9.9197">
    <ele>680.5000000000001</ele>
   </trkpt>
   <trkpt lat="47.069160000000004" lon="9.920100000000001">
    <ele>680.5000000000001</ele>
   </trkpt>
   <trkpt lat="47.069" lon="9.920580000000001">
    <ele>680.5000000000001</ele>
   </trkpt>
   <trkpt lat="47.06871000243867" lon="9.921335004217296">
    <ele>680.5000000000001</ele>
   </trkpt>
   <trkpt lat="47.06842" lon="9.92209">
    <ele>684.44</ele>
   </trkpt>
   <trkpt lat="47.068360000000006" lon="9.922400000000001">
    <ele>684.44</ele>
   </trkpt>
   <trkpt lat="47.0680500033804" lon="9.923285005227509">
    <ele>684.44</ele>
   </trkpt>
   <trkpt lat="47.06774" lon="9.92417">
    <ele>685.2600000000001</ele>
   </trkpt>
   <trkpt lat="47.067600000000006" lon="9.92467">
    <ele>684.94</ele>
   </trkpt>
   <trkpt lat="47.0673" lon="9.92519">
    <ele>685.74</ele>
   </trkpt>
   <trkpt lat="47.06702000189703" lon="9.925850003463843">
    <ele>685.74</ele>
   </trkpt>
   <trkpt lat="47.06674" lon="9.92651">
    <ele>685.74</ele>
   </trkpt>
   <trkpt lat="47.06663" lon="9.926860000000001">
    <ele>685.74</ele>
   </trkpt>
   <trkpt lat="47.06653000000001" lon="9.92731">
    <ele>690.91</ele>
   </trkpt>
   <trkpt lat="47.066340000000004" lon="9.92788">
    <ele>690.91</ele>
   </trkpt>
   <trkpt lat="47.06601500164482" lon="9.92848000351394">
    <ele>690.91</ele>
   </trkpt>
   <trkpt lat="47.065690000000004" lon="9.92908">
    <ele>690.91</ele>
   </trkpt>
   <trkpt lat="47.065580000000004" lon="9.92927">
    <ele>690.91</ele>
   </trkpt>
   <trkpt lat="47.065180000000005" lon="9.929760000000002">
    <ele>690.91</ele>
   </trkpt>
   <trkpt lat="47.064870000000006" lon="9.930380000000001">
    <ele>690.91</ele>
   </trkpt>
   <trkpt lat="47.0645" lon="9.930890000000002">
    <ele>696.86</ele>
   </trkpt>
   <trkpt lat="47.06392" lon="9.931640000000002">
    <ele>696.86</ele>
   </trkpt>
   <trkpt lat="47.06349" lon="9.932020000000001">
    <ele>696.86</ele>
   </trkpt>
   <trkpt lat="47.06345" lon="9.932070000000001">
    <ele>696.82</ele>
   </trkpt>
   <trkpt lat="47.0634" lon="9.9321">
    <ele>696.82</ele>
   </trkpt>
   <trkpt lat="47.06336" lon="9.932080000000001">
    <ele>696.82</ele>
   </trkpt>
   <trkpt lat="47.06315000000001" lon="9.931880000000001">
    <ele>697.28</ele>
   </trkpt>
   <trkpt lat="47.06316" lon="9.93196">
    <ele>697.28</ele>
   </trkpt>
   <trkpt lat="47.063050000000004" lon="9.932160000000001">
    <ele>697.28</ele>
   </trkpt>
   <trkpt lat="47.06291" lon="9.932350000000001">
    <ele>697.28</ele>
   </trkpt>
   <trkpt lat="47.06248000080906" lon="9.932805003767147">
    <ele>697.28</ele>
   </trkpt>
   <trkpt lat="47.062050000000006" lon="9.93326">
    <ele>697.28</ele>
   </trkpt>
   <trkpt lat="47.061730000000004" lon="9.93349">
    <ele>697.28</ele>
   </trkpt>
   <trkpt lat="47.06154" lon="9.93359">
    <ele>697.28</ele>
   </trkpt>
   <trkpt lat="47.06123" lon="9.93384">
    <ele>705.9200000000001</ele>
   </trkpt>
   <trkpt lat="47.061110000000006" lon="9.933900000000001">
    <ele>705.9200000000001</ele>
   </trkpt>
   <trkpt lat="47.060900000000004" lon="9.933950000000001">
    <ele>705.9200000000001</ele>
   </trkpt>
   <trkpt lat="47.06047" lon="9.933900000000001">
    <ele>705.9200000000001</ele>
   </trkpt>
   <trkpt lat="47.060210000000005" lon="9.93379">
    <ele>705.9200000000001</ele>
   </trkpt>
   <trkpt lat="47.060140000000004" lon="9.93378">
    <ele>705.9200000000001</ele>
   </trkpt>
   <trkpt lat="47.059740000000005" lon="9.93393">
    <ele>705.9200000000001</ele>
   </trkpt>
   <trkpt lat="47.05962" lon="9.93402">
    <ele>705.9200000000001</ele>
   </trkpt>
   <trkpt lat="47.059540000000005" lon="9.93411">
    <ele>705.9200000000001</ele>
   </trkpt>
   <trkpt lat="47.05903000000001" lon="9.93485">
    <ele>705.9200000000001</ele>
   </trkpt>
   <trkpt lat="47.05901" lon="9.93514">
    <ele>705.9200000000001</ele>
   </trkpt>
   <trkpt lat="47.058980000000005" lon="9.935250000000002">
    <ele>705.9200000000001</ele>
   </trkpt>
   <trkpt lat="47.05883" lon="9.935580000000002">
    <ele>708.6500000000001</ele>
   </trkpt>
   <trkpt lat="47.05874000000001" lon="9.9357">
    <ele>708.6500000000001</ele>
   </trkpt>
   <trkpt lat="47.05863" lon="9.935730000000001">
    <ele>708.6500000000001</ele>
   </trkpt>
   <trkpt lat="47.05859" lon="9.93576">
    <ele>708.6500000000001</ele>
   </trkpt>
   <trkpt lat="47.05856000000001" lon="9.935870000000001">
    <ele>708.6500000000001</ele>
   </trkpt>
   <trkpt lat="47.058580000000006" lon="9.93593">
    <ele>708.6500000000001</ele>
   </trkpt>
   <trkpt lat="47.058960000000006" lon="9.93627">
    <ele>707.9700000000001</ele>
   </trkpt>
   <trkpt lat="47.058870000000006" lon="9.93641">
    <ele>707.9700000000001</ele>
   </trkpt>
   <trkpt lat="47.05876000000001" lon="9.93668">
    <ele>711.64</ele>
   </trkpt>
   <trkpt lat="47.05863" lon="9.936910000000001">
    <ele>711.64</ele>
   </trkpt>
   <trkpt lat="47.058440000000004" lon="9.93715">
    <ele>711.64</ele>
   </trkpt>
   <trkpt lat="47.058040000000005" lon="9.938030000000001">
    <ele>711.64</ele>
   </trkpt>
   <trkpt lat="47.05785" lon="9.938350000000002">
    <ele>711.64</ele>
   </trkpt>
   <trkpt lat="47.05751" lon="9.93885">
    <ele>711.64</ele>
   </trkpt>
   <trkpt lat="47.05684" lon="9.93928">
    <ele>711.64</ele>
   </trkpt>
   <trkpt lat="47.05612000000001" lon="9.93997">
    <ele>711.64</ele>
   </trkpt>
   <trkpt lat="47.0559" lon="9.94022">
    <ele>711.64</ele>
   </trkpt>
   <trkpt lat="47.05581" lon="9.940370000000001">
    <ele>711.64</ele>
   </trkpt>
   <trkpt lat="47.055690000000006" lon="9.940470000000001">
    <ele>711.64</ele>
   </trkpt>
   <trkpt lat="47.0553" lon="9.940740000000002">
    <ele>711.64</ele>
   </trkpt>
   <trkpt lat="47.0551" lon="9.94081">
    <ele>731.37</ele>
   </trkpt>
   <trkpt lat="47.05483" lon="9.94081">
    <ele>731.37</ele>
   </trkpt>
   <trkpt lat="47.05458" lon="9.94088">
    <ele>731.37</ele>
   </trkpt>
   <trkpt lat="47.05415000000001" lon="9.940800000000001">
    <ele>731.37</ele>
   </trkpt>
   <trkpt lat="47.053920000000005" lon="9.94082">
    <ele>731.37</ele>
   </trkpt>
   <trkpt lat="47.0532950003711" lon="9.940985001867038">
    <ele>731.37</ele>
   </trkpt>
   <trkpt lat="47.052670000000006" lon="9.94115">
    <ele>731.37</ele>
   </trkpt>
   <trkpt lat="47.052150000000005" lon="9.941320000000001">
    <ele>731.37</ele>
   </trkpt>
   <trkpt lat="47.05149" lon="9.941650000000001">
    <ele>731.37</ele>
   </trkpt>
   <trkpt lat="47.05111" lon="9.941790000000001">
    <ele>731.37</ele>
   </trkpt>
   <trkpt lat="47.050740000000005" lon="9.941960000000002">
    <ele>731.37</ele>
   </trkpt>
   <trkpt lat="47.05048" lon="9.94214">
    <ele>731.37</ele>
   </trkpt>
   <trkpt lat="47.05033" lon="9.942200000000001">
    <ele>731.37</ele>
   </trkpt>
   <trkpt lat="47.049600000000005" lon="9.942350000000001">
    <ele>730.5200000000001</ele>
   </trkpt>
   <trkpt lat="47.04923" lon="9.94241">
    <ele>730.5200000000001</ele>
   </trkpt>
   <trkpt lat="47.049020000000006" lon="9.942480000000002">
    <ele>730.5200000000001</ele>
   </trkpt>
   <trkpt lat="47.0486" lon="9.94269">
    <ele>730.5200000000001</ele>
   </trkpt>
   <trkpt lat="47.048010000000005" lon="9.94303">
    <ele>733.6</ele>
   </trkpt>
   <trkpt lat="47.047850000000004" lon="9.94307">
    <ele>733.5100000000001</ele>
   </trkpt>
   <trkpt lat="47.047760000000004" lon="9.943040000000002">
    <ele>733.5100000000001</ele>
   </trkpt>
   <trkpt lat="47.047610000000006" lon="9.94269">
    <ele>733.14</ele>
   </trkpt>
   <trkpt lat="47.04750000000001" lon="9.9427">
    <ele>736.6400000000001</ele>
   </trkpt>
   <trkpt lat="47.04746" lon="9.942670000000001">
    <ele>736.6400000000001</ele>
   </trkpt>
   <trkpt lat="47.04742" lon="9.94247">
    <ele>736.6400000000001</ele>
   </trkpt>
   <trkpt lat="47.04739000000001" lon="9.94242">
    <ele>736.6400000000001</ele>
   </trkpt>
   <trkpt lat="47.04735" lon="9.94242">
    <ele>736.6400000000001</ele>
   </trkpt>
   <trkpt lat="47.04686" lon="9.94256">
    <ele>737.5400000000001</ele>
   </trkpt>
   <trkpt lat="47.046730000000004" lon="9.942630000000001">
    <ele>738.1200000000001</ele>
   </trkpt>
   <trkpt lat="47.046420000000005" lon="9.94264">
    <ele>738.1200000000001</ele>
   </trkpt>
   <trkpt lat="47.046220000000005" lon="9.942720000000001">
    <ele>738.1200000000001</ele>
   </trkpt>
   <trkpt lat="47.04576000018101" lon="9.942720000000001">
    <ele>738.1200000000001</ele>
   </trkpt>
   <trkpt lat="47.045300000000005" lon="9.942720000000001">
    <ele>753.21</ele>
   </trkpt>
   <trkpt lat="47.044760000000004" lon="9.942810000000001">
    <ele>753.21</ele>
   </trkpt>
   <trkpt lat="47.04406" lon="9.943150000000001">
    <ele>753.21</ele>
   </trkpt>
   <trkpt lat="47.043470000000006" lon="9.94349">
    <ele>762.09</ele>
   </trkpt>
   <trkpt lat="47.0429" lon="9.94388">
    <ele>762.09</ele>
   </trkpt>
   <trkpt lat="47.042500000000004" lon="9.94425">
    <ele>765.4399999999999</ele>
   </trkpt>
   <trkpt lat="47.04213000000001" lon="9.944700000000001">
    <ele>759.46</ele>
   </trkpt>
   <trkpt lat="47.04191" lon="9.944780000000002">
    <ele>759.73</ele>
   </trkpt>
   <trkpt lat="47.04182" lon="9.94475">
    <ele>759.73</ele>
   </trkpt>
   <trkpt lat="47.04171" lon="9.944650000000001">
    <ele>759.73</ele>
   </trkpt>
   <trkpt lat="47.041430000000005" lon="9.944270000000001">
    <ele>759.73</ele>
   </trkpt>
   <trkpt lat="47.04121000000001" lon="9.944130000000001">
    <ele>759.73</ele>
   </trkpt>
   <trkpt lat="47.04095" lon="9.94406">
    <ele>759.73</ele>
   </trkpt>
   <trkpt lat="47.04043" lon="9.94396">
    <ele>772.7600000000001</ele>
   </trkpt>
   <trkpt lat="47.03985" lon="9.943890000000001">
    <ele>772.7600000000001</ele>
   </trkpt>
   <trkpt lat="47.039460000000005" lon="9.94396">
    <ele>772.7600000000001</ele>
   </trkpt>
   <trkpt lat="47.039210000000004" lon="9.94405">
    <ele>772.7600000000001</ele>
   </trkpt>
   <trkpt lat="47.039100000000005" lon="9.944120000000002">
    <ele>772.7600000000001</ele>
   </trkpt>
   <trkpt lat="47.03896" lon="9.94425">
    <ele>772.7600000000001</ele>
   </trkpt>
   <trkpt lat="47.03864" lon="9.944780000000002">
    <ele>772.7600000000001</ele>
   </trkpt>
   <trkpt lat="47.03831" lon="9.94569">
    <ele>771.8900000000001</ele>
   </trkpt>
   <trkpt lat="47.03811" lon="9.94627">
    <ele>771.8900000000001</ele>
   </trkpt>
   <trkpt lat="47.03799" lon="9.946530000000001">
    <ele>764.0100000000001</ele>
   </trkpt>
   <trkpt lat="47.03773" lon="9.94697">
    <ele>764.0100000000001</ele>
   </trkpt>
   <trkpt lat="47.03731500202725" lon="9.947655005352225">
    <ele>764.0100000000001</ele>
   </trkpt>
   <trkpt lat="47.0369" lon="9.94834">
    <ele>764.0100000000001</ele>
   </trkpt>
   <trkpt lat="47.036465002487816" lon="9.949090006045664">
    <ele>764.0100000000001</ele>
   </trkpt>
   <trkpt lat="47.036030000000004" lon="9.94984">
    <ele>771.9200000000001</ele>
   </trkpt>
   <trkpt lat="47.035695001099924" lon="9.950330002995779">
    <ele>771.9200000000001</ele>
   </trkpt>
   <trkpt lat="47.035360000000004" lon="9.95082">
    <ele>771.9200000000001</ele>
   </trkpt>
   <trkpt lat="47.03506" lon="9.9512">
    <ele>771.9200000000001</ele>
   </trkpt>
   <trkpt lat="47.03499" lon="9.95124">
    <ele>771.9200000000001</ele>
   </trkpt>
   <trkpt lat="47.0349" lon="9.95125">
    <ele>771.9200000000001</ele>
   </trkpt>
   <trkpt lat="47.034600000000005" lon="9.951210000000001">
    <ele>771.9200000000001</ele>
   </trkpt>
   <trkpt lat="47.034380000000006" lon="9.95123">
    <ele>771.9200000000001</ele>
   </trkpt>
   <trkpt lat="47.03414" lon="9.95137">
    <ele>775.14</ele>
   </trkpt>
   <trkpt lat="47.0339" lon="9.95146">
    <ele>775.14</ele>
   </trkpt>
   <trkpt lat="47.03332" lon="9.951730000000001">
    <ele>775.12</ele>
   </trkpt>
   <trkpt lat="47.033170000000005" lon="9.95184">
    <ele>775.12</ele>
   </trkpt>
   <trkpt lat="47.03291" lon="9.95218">
    <ele>774.7400000000001</ele>
   </trkpt>
   <trkpt lat="47.032430000000005" lon="9.95289">
    <ele>774.7400000000001</ele>
   </trkpt>
   <trkpt lat="47.032270000000004" lon="9.95306">
    <ele>774.7400000000001</ele>
   </trkpt>
   <trkpt lat="47.03184" lon="9.953380000000001">
    <ele>780.5500000000001</ele>
   </trkpt>
   <trkpt lat="47.03146" lon="9.953990000000001">
    <ele>780.5500000000001</ele>
   </trkpt>
   <trkpt lat="47.03107000000001" lon="9.9547">
    <ele>783.5000000000001</ele>
   </trkpt>
   <trkpt lat="47.03107000000001" lon="9.95509">
    <ele>783.5000000000001</ele>
   </trkpt>
   <trkpt lat="47.03069000000001" lon="9.95583">
    <ele>783.5000000000001</ele>
   </trkpt>
   <trkpt lat="47.030330000000006" lon="9.95683">
    <ele>788.27</ele>
   </trkpt>
   <trkpt lat="47.03004000000001" lon="9.957460000000001">
    <ele>788.27</ele>
   </trkpt>
   <trkpt lat="47.02995000000001" lon="9.957780000000001">
    <ele>788.27</ele>
   </trkpt>
   <trkpt lat="47.0296" lon="9.95875">
    <ele>797.5200000000001</ele>
   </trkpt>
   <trkpt lat="47.02915" lon="9.95987">
    <ele>797.5200000000001</ele>
   </trkpt>
   <trkpt lat="47.028940000000006" lon="9.960260000000002">
    <ele>797.5200000000001</ele>
   </trkpt>
   <trkpt lat="47.02886" lon="9.960370000000001">
    <ele>797.5200000000001</ele>
   </trkpt>
   <trkpt lat="47.028740000000006" lon="9.960450000000002">
    <ele>797.5200000000001</ele>
   </trkpt>
   <trkpt lat="47.028710000000004" lon="9.96049">
    <ele>797.5200000000001</ele>
   </trkpt>
   <trkpt lat="47.028600000000004" lon="9.960460000000001">
    <ele>797.5200000000001</ele>
   </trkpt>
   <trkpt lat="47.02846" lon="9.960560000000001">
    <ele>797.5200000000001</ele>
   </trkpt>
   <trkpt lat="47.02825000000001" lon="9.960780000000002">
    <ele>797.5200000000001</ele>
   </trkpt>
   <trkpt lat="47.02797" lon="9.961010000000002">
    <ele>797.66</ele>
   </trkpt>
   <trkpt lat="47.02758500064606" lon="9.961380002620468">
    <ele>797.66</ele>
   </trkpt>
   <trkpt lat="47.0272" lon="9.96175">
    <ele>797.66</ele>
   </trkpt>
   <trkpt lat="47.02704000000001" lon="9.96183">
    <ele>797.66</ele>
   </trkpt>
   <trkpt lat="47.02685" lon="9.96202">
    <ele>797.66</ele>
   </trkpt>
   <trkpt lat="47.02619000000001" lon="9.96255">
    <ele>812.71</ele>
   </trkpt>
   <trkpt lat="47.026050000000005" lon="9.96274">
    <ele>812.71</ele>
   </trkpt>
   <trkpt lat="47.02590000000001" lon="9.963220000000002">
    <ele>812.71</ele>
   </trkpt>
   <trkpt lat="47.02590000000001" lon="9.96335">
    <ele>812.71</ele>
   </trkpt>
   <trkpt lat="47.025780000000005" lon="9.963750000000001">
    <ele>812.71</ele>
   </trkpt>
   <trkpt lat="47.025710000000004" lon="9.96414">
    <ele>812.71</ele>
   </trkpt>
   <trkpt lat="47.025580000000005" lon="9.964590000000001">
    <ele>812.71</ele>
   </trkpt>
   <trkpt lat="47.02524500158818" lon="9.965185003649903">
    <ele>812.71</ele>
   </trkpt>
   <trkpt lat="47.024910000000006" lon="9.96578">
    <ele>812.71</ele>
   </trkpt>
   <trkpt lat="47.02461" lon="9.96612">
    <ele>812.71</ele>
   </trkpt>
   <trkpt lat="47.02422000000001" lon="9.966320000000001">
    <ele>825.79</ele>
   </trkpt>
   <trkpt lat="47.023860000000006" lon="9.966410000000002">
    <ele>825.79</ele>
   </trkpt>
   <trkpt lat="47.02342" lon="9.966420000000001">
    <ele>825.79</ele>
   </trkpt>
   <trkpt lat="47.022969999890435" lon="9.96640499986988">
    <ele>825.79</ele>
   </trkpt>
   <trkpt lat="47.02252000000001" lon="9.96639">
    <ele>825.79</ele>
   </trkpt>
   <trkpt lat="47.02197" lon="9.966230000000001">
    <ele>825.79</ele>
   </trkpt>
   <trkpt lat="47.02179" lon="9.96625">
    <ele>825.79</ele>
   </trkpt>
   <trkpt lat="47.02163" lon="9.96631">
    <ele>825.79</ele>
   </trkpt>
   <trkpt lat="47.02149000000001" lon="9.9664">
    <ele>825.79</ele>
   </trkpt>
   <trkpt lat="47.021240000000006" lon="9.966600000000001">
    <ele>825.79</ele>
   </trkpt>
   <trkpt lat="47.02114" lon="9.966750000000001">
    <ele>825.5000000000001</ele>
   </trkpt>
   <trkpt lat="47.020700000000005" lon="9.96757">
    <ele>825.5000000000001</ele>
   </trkpt>
   <trkpt lat="47.02041500165874" lon="9.968190003340757">
    <ele>825.5000000000001</ele>
   </trkpt>
   <trkpt lat="47.02013" lon="9.968810000000001">
    <ele>825.5000000000001</ele>
   </trkpt>
   <trkpt lat="47.019890000000004" lon="9.96911">
    <ele>842.9700000000001</ele>
   </trkpt>
   <trkpt lat="47.01970000000001" lon="9.96926">
    <ele>842.9700000000001</ele>
   </trkpt>
   <trkpt lat="47.01941" lon="9.96945">
    <ele>842.9700000000001</ele>
   </trkpt>
   <trkpt lat="47.01916000000001" lon="9.969740000000002">
    <ele>842.9700000000001</ele>
   </trkpt>
   <trkpt lat="47.01903" lon="9.97006">
    <ele>842.9700000000001</ele>
   </trkpt>
   <trkpt lat="47.01896000000001" lon="9.97029">
    <ele>842.9700000000001</ele>
   </trkpt>
   <trkpt lat="47.018930000000005" lon="9.97058">
    <ele>842.9700000000001</ele>
   </trkpt>
   <trkpt lat="47.01906" lon="9.97142">
    <ele>842.9700000000001</ele>
   </trkpt>
   <trkpt lat="47.01908" lon="9.971760000000002">
    <ele>848.13</ele>
   </trkpt>
   <trkpt lat="47.01897000272136" lon="9.972545001337203">
    <ele>848.13</ele>
   </trkpt>
   <trkpt lat="47.018860000000004" lon="9.97333">
    <ele>848.13</ele>
   </trkpt>
   <trkpt lat="47.018800000000006" lon="9.974120000000001">
    <ele>850.13</ele>
   </trkpt>
   <trkpt lat="47.01861500430831" lon="9.975120003703584">
    <ele>852.34</ele>
   </trkpt>
   <trkpt lat="47.01843" lon="9.976120000000002">
    <ele>852.34</ele>
   </trkpt>
   <trkpt lat="47.01843000210235" lon="9.976815000281594">
    <ele>852.34</ele>
   </trkpt>
   <trkpt lat="47.01843" lon="9.97751">
    <ele>851.58</ele>
   </trkpt>
   <trkpt lat="47.018305002072225" lon="9.978200001615265">
    <ele>851.58</ele>
   </trkpt>
   <trkpt lat="47.01818" lon="9.978890000000002">
    <ele>851.58</ele>
   </trkpt>
   <trkpt lat="47.01799000320713" lon="9.979755003303364">
    <ele>850.28</ele>
   </trkpt>
   <trkpt lat="47.0178" lon="9.98062">
    <ele>850.5</ele>
   </trkpt>
   <trkpt lat="47.01762500377728" lon="9.981560003449214">
    <ele>854.45</ele>
   </trkpt>
   <trkpt lat="47.017450000000004" lon="9.9825">
    <ele>854.45</ele>
   </trkpt>
   <trkpt lat="47.017260008466415" lon="9.98348667372997">
    <ele>854.45</ele>
   </trkpt>
   <trkpt lat="47.01707000845834" lon="9.984473340438443">
    <ele>860.95</ele>
   </trkpt>
   <trkpt lat="47.01688" lon="9.985460000000002">
    <ele>860.95</ele>
   </trkpt>
   <trkpt lat="47.01673" lon="9.9859">
    <ele>860.95</ele>
   </trkpt>
   <trkpt lat="47.01661000000001" lon="9.986170000000001">
    <ele>860.95</ele>
   </trkpt>
   <trkpt lat="47.016290000000005" lon="9.986650000000001">
    <ele>860.95</ele>
   </trkpt>
   <trkpt lat="47.01587000000001" lon="9.98719">
    <ele>869.1200000000001</ele>
   </trkpt>
   <trkpt lat="47.01554" lon="9.987440000000001">
    <ele>869.1200000000001</ele>
   </trkpt>
   <trkpt lat="47.01527" lon="9.98759">
    <ele>869.1200000000001</ele>
   </trkpt>
   <trkpt lat="47.015060000000005" lon="9.98773">
    <ele>869.1200000000001</ele>
   </trkpt>
   <trkpt lat="47.01494" lon="9.98788">
    <ele>869.1200000000001</ele>
   </trkpt>
   <trkpt lat="47.014770000000006" lon="9.988180000000002">
    <ele>869.1200000000001</ele>
   </trkpt>
   <trkpt lat="47.01453" lon="9.988980000000002">
    <ele>865.98</ele>
   </trkpt>
   <trkpt lat="47.0144" lon="9.989310000000001">
    <ele>865.98</ele>
   </trkpt>
   <trkpt lat="47.01429" lon="9.98952">
    <ele>865.98</ele>
   </trkpt>
   <trkpt lat="47.01402" lon="9.990440000000001">
    <ele>869.13</ele>
   </trkpt>
   <trkpt lat="47.014" lon="9.99066">
    <ele>869.13</ele>
   </trkpt>
   <trkpt lat="47.01390000000001" lon="9.99083">
    <ele>869.13</ele>
   </trkpt>
   <trkpt lat="47.01370000000001" lon="9.99099">
    <ele>875.5100000000001</ele>
   </trkpt>
   <trkpt lat="47.013020000000004" lon="9.991380000000001">
    <ele>878.46</ele>
   </trkpt>
   <trkpt lat="47.01256" lon="9.99174">
    <ele>878.46</ele>
   </trkpt>
   <trkpt lat="47.012085001329375" lon="9.992310005171339">
    <ele>878.46</ele>
   </trkpt>
   <trkpt lat="47.011610000000005" lon="9.992880000000001">
    <ele>884.07</ele>
   </trkpt>
   <trkpt lat="47.01111" lon="9.99327">
    <ele>884.07</ele>
   </trkpt>
   <trkpt lat="47.01044" lon="9.9937">
    <ele>884.07</ele>
   </trkpt>
   <trkpt lat="47.010360000000006" lon="9.99379">
    <ele>884.07</ele>
   </trkpt>
   <trkpt lat="47.01017" lon="9.994090000000002">
    <ele>884.07</ele>
   </trkpt>
   <trkpt lat="47.010000000000005" lon="9.994420000000002">
    <ele>884.07</ele>
   </trkpt>
   <trkpt lat="47.009910000000005" lon="9.994800000000001">
    <ele>884.07</ele>
   </trkpt>
   <trkpt lat="47.00980000251339" lon="9.995565001811002">
    <ele>891.62</ele>
   </trkpt>
   <trkpt lat="47.009690000000006" lon="9.99633">
    <ele>891.62</ele>
   </trkpt>
   <trkpt lat="47.00958000000001" lon="9.996770000000001">
    <ele>891.62</ele>
   </trkpt>
   <trkpt lat="47.00945" lon="9.99717">
    <ele>891.62</ele>
   </trkpt>
   <trkpt lat="47.009135002752025" lon="9.997965004685824">
    <ele>892.3900000000001</ele>
   </trkpt>
   <trkpt lat="47.00882000000001" lon="9.99876">
    <ele>892.3900000000001</ele>
   </trkpt>
   <trkpt lat="47.008660000000006" lon="9.9991">
    <ele>892.3900000000001</ele>
   </trkpt>
   <trkpt lat="47.00846000000001" lon="9.999450000000001">
    <ele>892.3900000000001</ele>
   </trkpt>
   <trkpt lat="47.00794000235346" lon="9.999966676696925">
    <ele>892.6</ele>
   </trkpt>
   <trkpt lat="47.007420002383036" lon="10.000483343334055">
    <ele>892.6</ele>
   </trkpt>
   <trkpt lat="47.0069" lon="10.001000000000001">
    <ele>892.6</ele>
   </trkpt>
   <trkpt lat="47.00641" lon="10.001520000000001">
    <ele>893.41</ele>
   </trkpt>
   <trkpt lat="47.00579000352281" lon="10.002153348003167">
    <ele>895.5400000000001</ele>
   </trkpt>
   <trkpt lat="47.00517000355376" lon="10.002786681304643">
    <ele>895.5400000000001</ele>
   </trkpt>
   <trkpt lat="47.00455" lon="10.00342">
    <ele>900.75</ele>
   </trkpt>
   <trkpt lat="47.004270000000005" lon="10.0038">
    <ele>900.75</ele>
   </trkpt>
   <trkpt lat="47.004020000000004" lon="10.00421">
    <ele>900.75</ele>
   </trkpt>
   <trkpt lat="47.00388" lon="10.00453">
    <ele>901.5600000000001</ele>
   </trkpt>
   <trkpt lat="47.00352500392516" lon="10.005475006178152">
    <ele>901.5600000000001</ele>
   </trkpt>
   <trkpt lat="47.003170000000004" lon="10.00642">
    <ele>905.6800000000001</ele>
   </trkpt>
   <trkpt lat="47.00271" lon="10.00712">
    <ele>907.5600000000001</ele>
   </trkpt>
   <trkpt lat="47.00227" lon="10.00769">
    <ele>911.8100000000001</ele>
   </trkpt>
   <trkpt lat="47.00171250535135" lon="10.008330020031941">
    <ele>911.8100000000001</ele>
   </trkpt>
   <trkpt lat="47.00115500713682" lon="10.00897002670689">
    <ele>911.8100000000001</ele>
   </trkpt>
   <trkpt lat="47.00059750535658" lon="10.009610020025304">
    <ele>918.57</ele>
   </trkpt>
   <trkpt lat="47.000040000000006" lon="10.010250000000001">
    <ele>918.57</ele>
   </trkpt>
   <trkpt lat="46.99963" lon="10.01078">
    <ele>918.57</ele>
   </trkpt>
   <trkpt lat="46.999480000000005" lon="10.010890000000002">
    <ele>918.57</ele>
   </trkpt>
   <trkpt lat="46.9994" lon="10.011000000000001">
    <ele>918.57</ele>
   </trkpt>
   <trkpt lat="46.99871" lon="10.011840000000001">
    <ele>923.2900000000001</ele>
   </trkpt>
   <trkpt lat="46.99801" lon="10.012640000000001">
    <ele>923.2900000000001</ele>
   </trkpt>
   <trkpt lat="46.99794000000001" lon="10.01267">
    <ele>923.2900000000001</ele>
   </trkpt>
   <trkpt lat="46.997640000000004" lon="10.01308">
    <ele>923.2900000000001</ele>
   </trkpt>
   <trkpt lat="46.99704000426503" lon="10.01378001572084">
    <ele>929.24</ele>
   </trkpt>
   <trkpt lat="46.99644000426428" lon="10.01448001572144">
    <ele>929.24</ele>
   </trkpt>
   <trkpt lat="46.99584" lon="10.01518">
    <ele>931.9000000000001</ele>
   </trkpt>
   <trkpt lat="46.99519500207535" lon="10.015870008325106">
    <ele>932.94</ele>
   </trkpt>
   <trkpt lat="46.994550000000004" lon="10.01656">
    <ele>936.49</ele>
   </trkpt>
   <trkpt lat="46.994170000000004" lon="10.01702">
    <ele>943.86</ele>
   </trkpt>
   <trkpt lat="46.99362000000001" lon="10.018030000000001">
    <ele>946.82</ele>
   </trkpt>
   <trkpt lat="46.99349" lon="10.018360000000001">
    <ele>946.82</ele>
   </trkpt>
   <trkpt lat="46.99344000000001" lon="10.01847">
    <ele>946.82</ele>
   </trkpt>
   <trkpt lat="46.99336" lon="10.01856">
    <ele>944.15</ele>
   </trkpt>
   <trkpt lat="46.993120000000005" lon="10.01866">
    <ele>944.15</ele>
   </trkpt>
   <trkpt lat="46.992920000000005" lon="10.018880000000001">
    <ele>944.7700000000001</ele>
   </trkpt>
   <trkpt lat="46.992700000000006" lon="10.019350000000001">
    <ele>944.7700000000001</ele>
   </trkpt>
   <trkpt lat="46.992450000000005" lon="10.01975">
    <ele>945.96</ele>
   </trkpt>
   <trkpt lat="46.99230000000001" lon="10.020090000000001">
    <ele>945.91</ele>
   </trkpt>
   <trkpt lat="46.99206" lon="10.020460000000002">
    <ele>945.91</ele>
   </trkpt>
   <trkpt lat="46.991730000000004" lon="10.02119">
    <ele>945.91</ele>
   </trkpt>
   <trkpt lat="46.99134" lon="10.02181">
    <ele>953.0</ele>
   </trkpt>
   <trkpt lat="46.990990000000004" lon="10.022260000000001">
    <ele>953.0</ele>
   </trkpt>
   <trkpt lat="46.990460000000006" lon="10.02275">
    <ele>953.0</ele>
   </trkpt>
   <trkpt lat="46.99002" lon="10.02312">
    <ele>953.0</ele>
   </trkpt>
   <trkpt lat="46.98948" lon="10.023390000000001">
    <ele>953.0</ele>
   </trkpt>
   <trkpt lat="46.98926" lon="10.02355">
    <ele>953.0</ele>
   </trkpt>
   <trkpt lat="46.988820000947406" lon="10.023990003517369">
    <ele>959.5300000000001</ele>
   </trkpt>
   <trkpt lat="46.98838000000001" lon="10.02443">
    <ele>959.5300000000001</ele>
   </trkpt>
   <trkpt lat="46.98756" lon="10.02486">
    <ele>959.5300000000001</ele>
   </trkpt>
   <trkpt lat="46.98727" lon="10.025160000000001">
    <ele>959.5500000000001</ele>
   </trkpt>
   <trkpt lat="46.987080000000006" lon="10.025310000000001">
    <ele>959.5500000000001</ele>
   </trkpt>
   <trkpt lat="46.986900000000006" lon="10.02546">
    <ele>959.9300000000001</ele>
   </trkpt>
   <trkpt lat="46.986540000000005" lon="10.025670000000002">
    <ele>964.69</ele>
   </trkpt>
   <trkpt lat="46.98650000000001" lon="10.02576">
    <ele>964.69</ele>
   </trkpt>
   <trkpt lat="46.98646" lon="10.025810000000002">
    <ele>964.69</ele>
   </trkpt>
   <trkpt lat="46.986340000000006" lon="10.0258">
    <ele>964.69</ele>
   </trkpt>
   <trkpt lat="46.98622" lon="10.02574">
    <ele>964.69</ele>
   </trkpt>
   <trkpt lat="46.986050000000006" lon="10.02571">
    <ele>963.9700000000001</ele>
   </trkpt>
   <trkpt lat="46.9859" lon="10.02576">
    <ele>963.9700000000001</ele>
   </trkpt>
   <trkpt lat="46.985760000000006" lon="10.02588">
    <ele>963.9700000000001</ele>
   </trkpt>
   <trkpt lat="46.985510000000005" lon="10.02602">
    <ele>961.7</ele>
   </trkpt>
   <trkpt lat="46.985380000000006" lon="10.025860000000002">
    <ele>961.7</ele>
   </trkpt>
   <trkpt lat="46.98518000000001" lon="10.02524">
    <ele>963.59</ele>
   </trkpt>
   <trkpt lat="46.98494" lon="10.025490000000001">
    <ele>963.59</ele>
   </trkpt>
   <trkpt lat="46.98469" lon="10.02589">
    <ele>964.6600000000001</ele>
   </trkpt>
   <trkpt lat="46.98424000000001" lon="10.026890000000002">
    <ele>965.9300000000001</ele>
   </trkpt>
   <trkpt lat="46.984010000000005" lon="10.027460000000001">
    <ele>966.11</ele>
   </trkpt>
   <trkpt lat="46.98377500193586" lon="10.028120002789617">
    <ele>967.1200000000001</ele>
   </trkpt>
   <trkpt lat="46.983540000000005" lon="10.028780000000001">
    <ele>967.2100000000002</ele>
   </trkpt>
   <trkpt lat="46.983380000000004" lon="10.02912">
    <ele>967.2100000000002</ele>
   </trkpt>
   <trkpt lat="46.98315" lon="10.029490000000001">
    <ele>972.1700000000001</ele>
   </trkpt>
   <trkpt lat="46.982780000833436" lon="10.029910002832326">
    <ele>972.1700000000001</ele>
   </trkpt>
   <trkpt lat="46.98241" lon="10.030330000000001">
    <ele>974.1</ele>
   </trkpt>
   <trkpt lat="46.982220000000005" lon="10.030690000000002">
    <ele>974.22</ele>
   </trkpt>
   <trkpt lat="46.98212" lon="10.030930000000001">
    <ele>974.22</ele>
   </trkpt>
   <trkpt lat="46.98205" lon="10.03125">
    <ele>975.0000000000001</ele>
   </trkpt>
   <trkpt lat="46.981875001875856" lon="10.031900001991144">
    <ele>977.52</ele>
   </trkpt>
   <trkpt lat="46.981700000000004" lon="10.03255">
    <ele>976.45</ele>
   </trkpt>
   <trkpt lat="46.98161" lon="10.032760000000001">
    <ele>976.45</ele>
   </trkpt>
   <trkpt lat="46.98147" lon="10.032960000000001">
    <ele>978.71</ele>
   </trkpt>
   <trkpt lat="46.98138" lon="10.03306">
    <ele>978.2</ele>
   </trkpt>
   <trkpt lat="46.98133000000001" lon="10.03303">
    <ele>978.0900000000001</ele>
   </trkpt>
   <trkpt lat="46.981170000000006" lon="10.03316">
    <ele>978.0900000000001</ele>
   </trkpt>
   <trkpt lat="46.980900000000005" lon="10.03331">
    <ele>978.0900000000001</ele>
   </trkpt>
   <trkpt lat="46.98068000000001" lon="10.0334">
    <ele>978.0900000000001</ele>
   </trkpt>
   <trkpt lat="46.980380000000004" lon="10.033570000000001">
    <ele>978.0900000000001</ele>
   </trkpt>
   <trkpt lat="46.97996500011174" lon="10.033840002229452">
    <ele>984.7900000000001</ele>
   </trkpt>
   <trkpt lat="46.97955" lon="10.03411">
    <ele>984.7900000000001</ele>
   </trkpt>
   <trkpt lat="46.97894" lon="10.034550000000001">
    <ele>984.7900000000001</ele>
   </trkpt>
   <trkpt lat="46.9787" lon="10.034780000000001">
    <ele>984.7900000000001</ele>
   </trkpt>
   <trkpt lat="46.978480000000005" lon="10.035120000000001">
    <ele>984.57</ele>
   </trkpt>
   <trkpt lat="46.97827" lon="10.034970000000001">
    <ele>985.2600000000001</ele>
   </trkpt>
   <trkpt lat="46.97824000000001" lon="10.035">
    <ele>985.2600000000001</ele>
   </trkpt>
   <trkpt lat="46.97811" lon="10.035250000000001">
    <ele>985.2600000000001</ele>
   </trkpt>
   <trkpt lat="46.978030000000004" lon="10.03537">
    <ele>985.2600000000001</ele>
   </trkpt>
   <trkpt lat="46.977470000000004" lon="10.035720000000001">
    <ele>985.2600000000001</ele>
   </trkpt>
   <trkpt lat="46.97715" lon="10.03589">
    <ele>997.99</ele>
   </trkpt>
   <trkpt lat="46.977000000000004" lon="10.03593">
    <ele>997.99</ele>
   </trkpt>
   <trkpt lat="46.976910000000004" lon="10.03592">
    <ele>997.99</ele>
   </trkpt>
   <trkpt lat="46.9767" lon="10.035860000000001">
    <ele>997.99</ele>
   </trkpt>
   <trkpt lat="46.97646" lon="10.03584">
    <ele>997.99</ele>
   </trkpt>
   <trkpt lat="46.97637" lon="10.035820000000001">
    <ele>998.01</ele>
   </trkpt>
   <trkpt lat="46.976060000000004" lon="10.03561">
    <ele>1014.1500000000001</ele>
   </trkpt>
   <trkpt lat="46.975970000000004" lon="10.035580000000001">
    <ele>1014.1500000000001</ele>
   </trkpt>
   <trkpt lat="46.975840000000005" lon="10.03561">
    <ele>1014.1500000000001</ele>
   </trkpt>
   <trkpt lat="46.975730000000006" lon="10.035730000000001">
    <ele>1014.1500000000001</ele>
   </trkpt>
   <trkpt lat="46.975660000000005" lon="10.036000000000001">
    <ele>1011.6800000000001</ele>
   </trkpt>
   <trkpt lat="46.97556" lon="10.03612">
    <ele>1011.6800000000001</ele>
   </trkpt>
   <trkpt lat="46.97534" lon="10.036470000000001">
    <ele>1011.6800000000001</ele>
   </trkpt>
   <trkpt lat="46.97498500313032" lon="10.037315005556676">
    <ele>1011.6800000000001</ele>
   </trkpt>
   <trkpt lat="46.974630000000005" lon="10.038160000000001">
    <ele>1011.6800000000001</ele>
   </trkpt>
   <trkpt lat="46.9744" lon="10.03874">
    <ele>1011.6800000000001</ele>
   </trkpt>
   <trkpt lat="46.97430000000001" lon="10.03917">
    <ele>1005.0300000000001</ele>
   </trkpt>
   <trkpt lat="46.97413" lon="10.039520000000001">
    <ele>1005.0300000000001</ele>
   </trkpt>
   <trkpt lat="46.973850000000006" lon="10.04062">
    <ele>1005.0300000000001</ele>
   </trkpt>
   <trkpt lat="46.97379" lon="10.041060000000002">
    <ele>1005.0300000000001</ele>
   </trkpt>
   <trkpt lat="46.97382" lon="10.04216">
    <ele>1005.0300000000001</ele>
   </trkpt>
   <trkpt lat="46.97386" lon="10.04227">
    <ele>1005.0300000000001</ele>
   </trkpt>
   <trkpt lat="46.97397" lon="10.042480000000001">
    <ele>1005.0300000000001</ele>
   </trkpt>
   <trkpt lat="46.97402" lon="10.042580000000001">
    <ele>1005.0300000000001</ele>
   </trkpt>
   <trkpt lat="46.9739" lon="10.043610000000001">
    <ele>1002.99</ele>
   </trkpt>
   <trkpt lat="46.97393" lon="10.04377">
    <ele>1001.3800000000001</ele>
   </trkpt>
   <trkpt lat="46.97399" lon="10.0439">
    <ele>1001.02</ele>
   </trkpt>
   <trkpt lat="46.974380000000004" lon="10.04451">
    <ele>999.4000000000001</ele>
   </trkpt>
   <trkpt lat="46.974230000000006" lon="10.04476">
    <ele>999.4000000000001</ele>
   </trkpt>
   <trkpt lat="46.97397" lon="10.045520000000002">
    <ele>999.4000000000001</ele>
   </trkpt>
   <trkpt lat="46.973870000000005" lon="10.045940000000002">
    <ele>999.4000000000001</ele>
   </trkpt>
   <trkpt lat="46.973780000000005" lon="10.046550000000002">
    <ele>999.4000000000001</ele>
   </trkpt>
   <trkpt lat="46.97355" lon="10.047770000000002">
    <ele>1013.7700000000001</ele>
   </trkpt>
   <trkpt lat="46.973440000000004" lon="10.048070000000001">
    <ele>1013.7700000000001</ele>
   </trkpt>
   <trkpt lat="46.973240000000004" lon="10.048340000000001">
    <ele>1013.7700000000001</ele>
   </trkpt>
   <trkpt lat="46.97272" lon="10.04878">
    <ele>1013.7700000000001</ele>
   </trkpt>
   <trkpt lat="46.97247" lon="10.049050000000001">
    <ele>1013.7700000000001</ele>
   </trkpt>
   <trkpt lat="46.97209" lon="10.049750000000001">
    <ele>1016.41</ele>
   </trkpt>
   <trkpt lat="46.97195000000001" lon="10.04991">
    <ele>1016.41</ele>
   </trkpt>
   <trkpt lat="46.97166000000001" lon="10.050320000000001">
    <ele>1016.41</ele>
   </trkpt>
   <trkpt lat="46.971630000000005" lon="10.050410000000001">
    <ele>1016.41</ele>
   </trkpt>
   <trkpt lat="46.97164" lon="10.05047">
    <ele>1016.41</ele>
   </trkpt>
   <trkpt lat="46.97169" lon="10.05056">
    <ele>1016.41</ele>
   </trkpt>
   <trkpt lat="46.97146" lon="10.050960000000002">
    <ele>1016.78</ele>
   </trkpt>
   <trkpt lat="46.97112000229808" lon="10.051680004489292">
    <ele>1016.78</ele>
   </trkpt>
   <trkpt lat="46.970780000000005" lon="10.0524">
    <ele>1022.1</ele>
   </trkpt>
   <trkpt lat="46.97054000000001" lon="10.05302">
    <ele>1022.1</ele>
   </trkpt>
   <trkpt lat="46.97035" lon="10.05381">
    <ele>1022.1</ele>
   </trkpt>
   <trkpt lat="46.970470000000006" lon="10.05394">
    <ele>1026.44</ele>
   </trkpt>
   <trkpt lat="46.970510000000004" lon="10.054030000000001">
    <ele>1026.44</ele>
   </trkpt>
   <trkpt lat="46.97054000000001" lon="10.054200000000002">
    <ele>1026.44</ele>
   </trkpt>
   <trkpt lat="46.97055" lon="10.054640000000001">
    <ele>1026.5900000000001</ele>
   </trkpt>
   <trkpt lat="46.97054000000001" lon="10.055050000000001">
    <ele>1026.5900000000001</ele>
   </trkpt>
   <trkpt lat="46.970510000000004" lon="10.055390000000001">
    <ele>1026.5900000000001</ele>
   </trkpt>
   <trkpt lat="46.97035500371924" lon="10.056315002712374">
    <ele>1030.1</ele>
   </trkpt>
   <trkpt lat="46.970200000000006" lon="10.05724">
    <ele>1030.49</ele>
   </trkpt>
   <trkpt lat="46.96998001291639" lon="10.058235012334311">
    <ele>1035.8500000000001</ele>
   </trkpt>
   <trkpt lat="46.969760017213446" lon="10.059230016483454">
    <ele>1036.25</ele>
   </trkpt>
   <trkpt lat="46.96954001289133" lon="10.060225012447237">
    <ele>1039.0300000000002</ele>
   </trkpt>
   <trkpt lat="46.96932" lon="10.06122">
    <ele>1042.17</ele>
   </trkpt>
   <trkpt lat="46.969145001711134" lon="10.061860002356818">
    <ele>1045.64</ele>
   </trkpt>
   <trkpt lat="46.968970000000006" lon="10.0625">
    <ele>1047.16</ele>
   </trkpt>
   <trkpt lat="46.968880000000006" lon="10.06268">
    <ele>1047.16</ele>
   </trkpt>
   <trkpt lat="46.968700000000005" lon="10.06291">
    <ele>1049.0600000000002</ele>
   </trkpt>
   <trkpt lat="46.968590000000006" lon="10.06338">
    <ele>1049.98</ele>
   </trkpt>
   <trkpt lat="46.968540000000004" lon="10.063680000000002">
    <ele>1050.8200000000002</ele>
   </trkpt>
   <trkpt lat="46.968540000000004" lon="10.063870000000001">
    <ele>1050.8200000000002</ele>
   </trkpt>
   <trkpt lat="46.968560000000004" lon="10.064060000000001">
    <ele>1053.72</ele>
   </trkpt>
   <trkpt lat="46.96853" lon="10.06422">
    <ele>1053.72</ele>
   </trkpt>
   <trkpt lat="46.968250000000005" lon="10.064680000000001">
    <ele>1055.92</ele>
   </trkpt>
   <trkpt lat="46.9682" lon="10.0648">
    <ele>1055.92</ele>
   </trkpt>
   <trkpt lat="46.967980000000004" lon="10.065570000000001">
    <ele>1059.21</ele>
   </trkpt>
   <trkpt lat="46.96788000193325" lon="10.066230000989304">
    <ele>1059.9</ele>
   </trkpt>
   <trkpt lat="46.967780000000005" lon="10.06689">
    <ele>1061.2400000000002</ele>
   </trkpt>
   <trkpt lat="46.96768" lon="10.067250000000001">
    <ele>1062.96</ele>
   </trkpt>
   <trkpt lat="46.967490000000005" lon="10.067720000000001">
    <ele>1066.5200000000002</ele>
   </trkpt>
   <trkpt lat="46.967090000000006" lon="10.06849">
    <ele>1069.71</ele>
   </trkpt>
   <trkpt lat="46.96697" lon="10.06893">
    <ele>1069.71</ele>
   </trkpt>
   <trkpt lat="46.96687000000001" lon="10.069">
    <ele>1069.71</ele>
   </trkpt>
   <trkpt lat="46.96685" lon="10.069460000000001">
    <ele>1072.8600000000001</ele>
   </trkpt>
   <trkpt lat="46.966800000000006" lon="10.06981">
    <ele>1072.8600000000001</ele>
   </trkpt>
   <trkpt lat="46.96664000192616" lon="10.070470001850511">
    <ele>1079.9</ele>
   </trkpt>
   <trkpt lat="46.966480000000004" lon="10.07113">
    <ele>1079.9</ele>
   </trkpt>
   <trkpt lat="46.966190000000005" lon="10.07191">
    <ele>1079.9</ele>
   </trkpt>
   <trkpt lat="46.9658" lon="10.0728">
    <ele>1083.55</ele>
   </trkpt>
   <trkpt lat="46.96538" lon="10.07357">
    <ele>1089.21</ele>
   </trkpt>
   <trkpt lat="46.96511" lon="10.073960000000001">
    <ele>1089.21</ele>
   </trkpt>
   <trkpt lat="46.96493" lon="10.074150000000001">
    <ele>1092.78</ele>
   </trkpt>
   <trkpt lat="46.9647" lon="10.074280000000002">
    <ele>1092.27</ele>
   </trkpt>
   <trkpt lat="46.96416000018455" lon="10.074435001541648">
    <ele>1093.6100000000001</ele>
   </trkpt>
   <trkpt lat="46.963620000000006" lon="10.07459">
    <ele>1096.8999999999999</ele>
   </trkpt>
   <trkpt lat="46.962810000000005" lon="10.074850000000001">
    <ele>1106.46</ele>
   </trkpt>
   <trkpt lat="46.962200000140896" lon="10.075075002594744">
    <ele>1111.67</ele>
   </trkpt>
   <trkpt lat="46.96159" lon="10.0753">
    <ele>1119.2300000000002</ele>
   </trkpt>
   <trkpt lat="46.96139" lon="10.07534">
    <ele>1119.2300000000002</ele>
   </trkpt>
   <trkpt lat="46.961270000000006" lon="10.07535">
    <ele>1119.28</ele>
   </trkpt>
   <trkpt lat="46.961020000000005" lon="10.075320000000001">
    <ele>1124.2500000000002</ele>
   </trkpt>
   <trkpt lat="46.960210000000004" lon="10.07507">
    <ele>1134.8600000000001</ele>
   </trkpt>
   <trkpt lat="46.960040000000006" lon="10.07498">
    <ele>1134.8600000000001</ele>
   </trkpt>
   <trkpt lat="46.95994" lon="10.074890000000002">
    <ele>1134.8600000000001</ele>
   </trkpt>
   <trkpt lat="46.95965" lon="10.07451">
    <ele>1134.8600000000001</ele>
   </trkpt>
   <trkpt lat="46.95949" lon="10.07437">
    <ele>1134.8600000000001</ele>
   </trkpt>
   <trkpt lat="46.959360000000004" lon="10.074300000000001">
    <ele>1134.8600000000001</ele>
   </trkpt>
   <trkpt lat="46.959" lon="10.07422">
    <ele>1153.37</ele>
   </trkpt>
   <trkpt lat="46.95888" lon="10.07417">
    <ele>1153.37</ele>
   </trkpt>
   <trkpt lat="46.95871" lon="10.074060000000001">
    <ele>1153.37</ele>
   </trkpt>
   <trkpt lat="46.95828" lon="10.073580000000002">
    <ele>1153.37</ele>
   </trkpt>
   <trkpt lat="46.958000000000006" lon="10.073350000000001">
    <ele>1162.3000000000002</ele>
   </trkpt>
   <trkpt lat="46.9579" lon="10.073310000000001">
    <ele>1162.3000000000002</ele>
   </trkpt>
   <trkpt lat="46.957860000000004" lon="10.07332">
    <ele>1162.3000000000002</ele>
   </trkpt>
   <trkpt lat="46.95779" lon="10.073440000000002">
    <ele>1162.3000000000002</ele>
   </trkpt>
   <trkpt lat="46.957800000000006" lon="10.073540000000001">
    <ele>1162.3000000000002</ele>
   </trkpt>
   <trkpt lat="46.95808" lon="10.07449">
    <ele>1167.1100000000001</ele>
   </trkpt>
   <trkpt lat="46.958070000000006" lon="10.074580000000001">
    <ele>1167.1100000000001</ele>
   </trkpt>
   <trkpt lat="46.95803" lon="10.07463">
    <ele>1174.2700000000002</ele>
   </trkpt>
   <trkpt lat="46.95796000000001" lon="10.07463">
    <ele>1174.2700000000002</ele>
   </trkpt>
   <trkpt lat="46.957910000000005" lon="10.07459">
    <ele>1174.2700000000002</ele>
   </trkpt>
   <trkpt lat="46.9575" lon="10.07389">
    <ele>1174.2700000000002</ele>
   </trkpt>
   <trkpt lat="46.95732" lon="10.07371">
    <ele>1185.67</ele>
   </trkpt>
   <trkpt lat="46.95723" lon="10.07366">
    <ele>1185.67</ele>
   </trkpt>
   <trkpt lat="46.9566" lon="10.07357">
    <ele>1185.67</ele>
   </trkpt>
   <trkpt lat="46.956520000000005" lon="10.07351">
    <ele>1185.94</ele>
   </trkpt>
   <trkpt lat="46.95644" lon="10.07338">
    <ele>1185.94</ele>
   </trkpt>
   <trkpt lat="46.956430000000005" lon="10.073250000000002">
    <ele>1185.67</ele>
   </trkpt>
   <trkpt lat="46.956500000000005" lon="10.073">
    <ele>1185.67</ele>
   </trkpt>
   <trkpt lat="46.956570000000006" lon="10.072830000000002">
    <ele>1185.67</ele>
   </trkpt>
   <trkpt lat="46.95678" lon="10.072510000000001">
    <ele>1185.67</ele>
   </trkpt>
   <trkpt lat="46.956790000000005" lon="10.0724">
    <ele>1185.67</ele>
   </trkpt>
   <trkpt lat="46.956770000000006" lon="10.07234">
    <ele>1185.67</ele>
   </trkpt>
   <trkpt lat="46.95673" lon="10.0723">
    <ele>1185.67</ele>
   </trkpt>
   <trkpt lat="46.95669" lon="10.0723">
    <ele>1185.67</ele>
   </trkpt>
   <trkpt lat="46.95665" lon="10.072330000000001">
    <ele>1185.67</ele>
   </trkpt>
   <trkpt lat="46.956450000000004" lon="10.072560000000001">
    <ele>1185.67</ele>
   </trkpt>
   <trkpt lat="46.95624" lon="10.072750000000001">
    <ele>1185.67</ele>
   </trkpt>
   <trkpt lat="46.95609" lon="10.07281">
    <ele>1185.67</ele>
   </trkpt>
   <trkpt lat="46.95590000000001" lon="10.072840000000001">
    <ele>1185.67</ele>
   </trkpt>
   <trkpt lat="46.955580000000005" lon="10.07285">
    <ele>1185.67</ele>
   </trkpt>
   <trkpt lat="46.955380000000005" lon="10.072880000000001">
    <ele>1185.67</ele>
   </trkpt>
   <trkpt lat="46.955310000000004" lon="10.07286">
    <ele>1185.67</ele>
   </trkpt>
   <trkpt lat="46.955270000000006" lon="10.0728">
    <ele>1185.67</ele>
   </trkpt>
   <trkpt lat="46.95528" lon="10.072690000000001">
    <ele>1185.67</ele>
   </trkpt>
   <trkpt lat="46.95532" lon="10.072640000000002">
    <ele>1185.67</ele>
   </trkpt>
   <trkpt lat="46.955360000000006" lon="10.07262">
    <ele>1185.67</ele>
   </trkpt>
   <trkpt lat="46.95559" lon="10.072590000000002">
    <ele>1185.67</ele>
   </trkpt>
   <trkpt lat="46.955740000000006" lon="10.07252">
    <ele>1185.67</ele>
   </trkpt>
   <trkpt lat="46.95597" lon="10.072270000000001">
    <ele>1185.67</ele>
   </trkpt>
   <trkpt lat="46.95617000000001" lon="10.07212">
    <ele>1185.67</ele>
   </trkpt>
   <trkpt lat="46.956210000000006" lon="10.07206">
    <ele>1185.67</ele>
   </trkpt>
   <trkpt lat="46.95622" lon="10.072000000000001">
    <ele>1185.67</ele>
   </trkpt>
   <trkpt lat="46.95619000000001" lon="10.07191">
    <ele>1185.67</ele>
   </trkpt>
   <trkpt lat="46.956160000000004" lon="10.07188">
    <ele>1185.67</ele>
   </trkpt>
   <trkpt lat="46.95613" lon="10.07187">
    <ele>1275.5800000000002</ele>
   </trkpt>
   <trkpt lat="46.95608000000001" lon="10.071900000000001">
    <ele>1275.5800000000002</ele>
   </trkpt>
   <trkpt lat="46.95593" lon="10.07207">
    <ele>1275.5800000000002</ele>
   </trkpt>
   <trkpt lat="46.955870000000004" lon="10.07211">
    <ele>1275.5800000000002</ele>
   </trkpt>
   <trkpt lat="46.95572000000001" lon="10.07216">
    <ele>1275.5800000000002</ele>
   </trkpt>
   <trkpt lat="46.95553" lon="10.07216">
    <ele>1275.5800000000002</ele>
   </trkpt>
   <trkpt lat="46.955270000000006" lon="10.072080000000001">
    <ele>1275.5800000000002</ele>
   </trkpt>
   <trkpt lat="46.955130000000004" lon="10.07206">
    <ele>1275.5800000000002</ele>
   </trkpt>
   <trkpt lat="46.954950000000004" lon="10.07207">
    <ele>1275.5800000000002</ele>
   </trkpt>
   <trkpt lat="46.95478000000001" lon="10.0721">
    <ele>1275.5800000000002</ele>
   </trkpt>
   <trkpt lat="46.954570000000004" lon="10.072090000000001">
    <ele>1275.5800000000002</ele>
   </trkpt>
   <trkpt lat="46.954350000000005" lon="10.07197">
    <ele>1275.5800000000002</ele>
   </trkpt>
   <trkpt lat="46.953990000000005" lon="10.07173">
    <ele>1275.5800000000002</ele>
   </trkpt>
   <trkpt lat="46.95382" lon="10.07158">
    <ele>1275.5800000000002</ele>
   </trkpt>
   <trkpt lat="46.953480000000006" lon="10.071230000000002">
    <ele>1275.5800000000002</ele>
   </trkpt>
   <trkpt lat="46.95324" lon="10.07107">
    <ele>1275.5800000000002</ele>
   </trkpt>
   <trkpt lat="46.95302" lon="10.07098">
    <ele>1275.5800000000002</ele>
   </trkpt>
   <trkpt lat="46.952940000000005" lon="10.07097">
    <ele>1275.5800000000002</ele>
   </trkpt>
   <trkpt lat="46.95279000000001" lon="10.071000000000002">
    <ele>1275.5800000000002</ele>
   </trkpt>
   <trkpt lat="46.95270000000001" lon="10.071060000000001">
    <ele>1275.5800000000002</ele>
   </trkpt>
   <trkpt lat="46.95259" lon="10.071200000000001">
    <ele>1271.46</ele>
   </trkpt>
   <trkpt lat="46.952510000000004" lon="10.071370000000002">
    <ele>1272.1100000000001</ele>
   </trkpt>
   <trkpt lat="46.95248" lon="10.07151">
    <ele>1272.1100000000001</ele>
   </trkpt>
   <trkpt lat="46.952470000000005" lon="10.071710000000001">
    <ele>1272.1100000000001</ele>
   </trkpt>
   <trkpt lat="46.952510000000004" lon="10.0721">
    <ele>1272.1100000000001</ele>
   </trkpt>
   <trkpt lat="46.952510000000004" lon="10.072560000000001">
    <ele>1272.1100000000001</ele>
   </trkpt>
   <trkpt lat="46.952560000000005" lon="10.072750000000001">
    <ele>1272.1100000000001</ele>
   </trkpt>
   <trkpt lat="46.95262" lon="10.072830000000002">
    <ele>1272.1100000000001</ele>
   </trkpt>
   <trkpt lat="46.95271" lon="10.072890000000001">
    <ele>1272.1100000000001</ele>
   </trkpt>
   <trkpt lat="46.95299000000001" lon="10.072980000000001">
    <ele>1272.1100000000001</ele>
   </trkpt>
   <trkpt lat="46.953070000000004" lon="10.073020000000001">
    <ele>1272.1100000000001</ele>
   </trkpt>
   <trkpt lat="46.953390000000006" lon="10.07324">
    <ele>1300.9</ele>
   </trkpt>
   <trkpt lat="46.95349" lon="10.07334">
    <ele>1300.9</ele>
   </trkpt>
   <trkpt lat="46.95351" lon="10.07346">
    <ele>1300.9</ele>
   </trkpt>
   <trkpt lat="46.95347" lon="10.073530000000002">
    <ele>1300.9</ele>
   </trkpt>
   <trkpt lat="46.953390000000006" lon="10.073530000000002">
    <ele>1300.9</ele>
   </trkpt>
   <trkpt lat="46.9532" lon="10.07334">
    <ele>1300.9</ele>
   </trkpt>
   <trkpt lat="46.95308000000001" lon="10.073260000000001">
    <ele>1300.9</ele>
   </trkpt>
   <trkpt lat="46.952540000000006" lon="10.07329">
    <ele>1300.9</ele>
   </trkpt>
   <trkpt lat="46.952400000000004" lon="10.073250000000002">
    <ele>1300.9</ele>
   </trkpt>
   <trkpt lat="46.95228" lon="10.07318">
    <ele>1300.9</ele>
   </trkpt>
   <trkpt lat="46.95217" lon="10.07309">
    <ele>1300.9</ele>
   </trkpt>
   <trkpt lat="46.95203" lon="10.072940000000001">
    <ele>1300.9</ele>
   </trkpt>
   <trkpt lat="46.95167000000001" lon="10.07229">
    <ele>1300.9</ele>
   </trkpt>
   <trkpt lat="46.951370000000004" lon="10.071800000000001">
    <ele>1300.9</ele>
   </trkpt>
   <trkpt lat="46.95131000000001" lon="10.07164">
    <ele>1300.9</ele>
   </trkpt>
   <trkpt lat="46.95121" lon="10.07122">
    <ele>1300.9</ele>
   </trkpt>
   <trkpt lat="46.95118" lon="10.07116">
    <ele>1300.9</ele>
   </trkpt>
   <trkpt lat="46.951130000000006" lon="10.071140000000002">
    <ele>1300.9</ele>
   </trkpt>
   <trkpt lat="46.95109" lon="10.07116">
    <ele>1300.9</ele>
   </trkpt>
   <trkpt lat="46.95107" lon="10.071190000000001">
    <ele>1300.9</ele>
   </trkpt>
   <trkpt lat="46.951060000000005" lon="10.07131">
    <ele>1300.9</ele>
   </trkpt>
   <trkpt lat="46.95118" lon="10.071720000000001">
    <ele>1300.9</ele>
   </trkpt>
   <trkpt lat="46.951240000000006" lon="10.072090000000001">
    <ele>1300.9</ele>
   </trkpt>
   <trkpt lat="46.95140000000001" lon="10.07253">
    <ele>1300.9</ele>
   </trkpt>
   <trkpt lat="46.95140000000001" lon="10.07262">
    <ele>1300.9</ele>
   </trkpt>
   <trkpt lat="46.95136" lon="10.07267">
    <ele>1300.9</ele>
   </trkpt>
   <trkpt lat="46.95132" lon="10.07268">
    <ele>1300.9</ele>
   </trkpt>
   <trkpt lat="46.951260000000005" lon="10.072640000000002">
    <ele>1300.9</ele>
   </trkpt>
   <trkpt lat="46.951220000000006" lon="10.07257">
    <ele>1300.9</ele>
   </trkpt>
   <trkpt lat="46.951060000000005" lon="10.072030000000002">
    <ele>1300.9</ele>
   </trkpt>
   <trkpt lat="46.950900000000004" lon="10.07168">
    <ele>1300.9</ele>
   </trkpt>
   <trkpt lat="46.950480000000006" lon="10.07093">
    <ele>1383.1000000000001</ele>
   </trkpt>
   <trkpt lat="46.95011" lon="10.070390000000002">
    <ele>1383.1000000000001</ele>
   </trkpt>
   <trkpt lat="46.94990000000001" lon="10.069730000000002">
    <ele>1383.1000000000001</ele>
   </trkpt>
   <trkpt lat="46.949830000000006" lon="10.06961">
    <ele>1383.1000000000001</ele>
   </trkpt>
   <trkpt lat="46.949780000000004" lon="10.069600000000001">
    <ele>1383.1000000000001</ele>
   </trkpt>
   <trkpt lat="46.949740000000006" lon="10.069640000000001">
    <ele>1383.1000000000001</ele>
   </trkpt>
   <trkpt lat="46.94971" lon="10.06971">
    <ele>1383.1000000000001</ele>
   </trkpt>
   <trkpt lat="46.94973" lon="10.0698">
    <ele>1383.1000000000001</ele>
   </trkpt>
   <trkpt lat="46.94990000000001" lon="10.070200000000002">
    <ele>1383.1000000000001</ele>
   </trkpt>
   <trkpt lat="46.94995" lon="10.07042">
    <ele>1383.1000000000001</ele>
   </trkpt>
   <trkpt lat="46.94997" lon="10.07066">
    <ele>1383.1000000000001</ele>
   </trkpt>
   <trkpt lat="46.949940000000005" lon="10.07074">
    <ele>1383.1000000000001</ele>
   </trkpt>
   <trkpt lat="46.94989" lon="10.070760000000002">
    <ele>1383.1000000000001</ele>
   </trkpt>
   <trkpt lat="46.949850000000005" lon="10.07074">
    <ele>1383.1000000000001</ele>
   </trkpt>
   <trkpt lat="46.94982" lon="10.070670000000002">
    <ele>1383.1000000000001</ele>
   </trkpt>
   <trkpt lat="46.94977" lon="10.07036">
    <ele>1383.1000000000001</ele>
   </trkpt>
   <trkpt lat="46.94971" lon="10.07018">
    <ele>1383.1000000000001</ele>
   </trkpt>
   <trkpt lat="46.9495" lon="10.06977">
    <ele>1383.1000000000001</ele>
   </trkpt>
   <trkpt lat="46.948930000000004" lon="10.069120000000002">
    <ele>1383.1000000000001</ele>
   </trkpt>
   <trkpt lat="46.948710000000005" lon="10.06869">
    <ele>1383.1000000000001</ele>
   </trkpt>
   <trkpt lat="46.94867000000001" lon="10.068660000000001">
    <ele>1383.1000000000001</ele>
   </trkpt>
   <trkpt lat="46.948620000000005" lon="10.068670000000001">
    <ele>1383.1000000000001</ele>
   </trkpt>
   <trkpt lat="46.94858000000001" lon="10.068710000000001">
    <ele>1383.1000000000001</ele>
   </trkpt>
   <trkpt lat="46.948570000000004" lon="10.068750000000001">
    <ele>1383.1000000000001</ele>
   </trkpt>
   <trkpt lat="46.94861" lon="10.068940000000001">
    <ele>1383.1000000000001</ele>
   </trkpt>
   <trkpt lat="46.948800000000006" lon="10.06933">
    <ele>1383.1000000000001</ele>
   </trkpt>
   <trkpt lat="46.94912" lon="10.069840000000001">
    <ele>1383.1000000000001</ele>
   </trkpt>
   <trkpt lat="46.94914000000001" lon="10.06996">
    <ele>1383.1000000000001</ele>
   </trkpt>
   <trkpt lat="46.9491" lon="10.07004">
    <ele>1401.44</ele>
   </trkpt>
   <trkpt lat="46.949040000000004" lon="10.07005">
    <ele>1401.44</ele>
   </trkpt>
   <trkpt lat="46.94897" lon="10.070010000000002">
    <ele>1401.44</ele>
   </trkpt>
   <trkpt lat="46.94840000000001" lon="10.06934">
    <ele>1401.44</ele>
   </trkpt>
   <trkpt lat="46.948280000000004" lon="10.06924">
    <ele>1401.44</ele>
   </trkpt>
   <trkpt lat="46.948100000000004" lon="10.06915">
    <ele>1401.44</ele>
   </trkpt>
   <trkpt lat="46.947700000000005" lon="10.06911">
    <ele>1401.44</ele>
   </trkpt>
   <trkpt lat="46.947500000000005" lon="10.06907">
    <ele>1401.44</ele>
   </trkpt>
   <trkpt lat="46.94729" lon="10.068990000000001">
    <ele>1401.44</ele>
   </trkpt>
   <trkpt lat="46.947030000000005" lon="10.068850000000001">
    <ele>1430.3400000000001</ele>
   </trkpt>
   <trkpt lat="46.94679000000001" lon="10.068650000000002">
    <ele>1430.3400000000001</ele>
   </trkpt>
   <trkpt lat="46.946630000000006" lon="10.068470000000001">
    <ele>1430.3400000000001</ele>
   </trkpt>
   <trkpt lat="46.94655" lon="10.06832">
    <ele>1430.3400000000001</ele>
   </trkpt>
   <trkpt lat="46.94644" lon="10.067730000000001">
    <ele>1430.3400000000001</ele>
   </trkpt>
   <trkpt lat="46.94621" lon="10.067">
    <ele>1441.65</ele>
   </trkpt>
   <trkpt lat="46.946180000000005" lon="10.066790000000001">
    <ele>1441.65</ele>
   </trkpt>
   <trkpt lat="46.946220000000004" lon="10.066070000000002">
    <ele>1441.65</ele>
   </trkpt>
   <trkpt lat="46.94617" lon="10.065930000000002">
    <ele>1443.81</ele>
   </trkpt>
   <trkpt lat="46.946070000000006" lon="10.06578">
    <ele>1443.81</ele>
   </trkpt>
   <trkpt lat="46.945730000000005" lon="10.06558">
    <ele>1443.81</ele>
   </trkpt>
   <trkpt lat="46.94561" lon="10.065430000000001">
    <ele>1443.7000000000003</ele>
   </trkpt>
   <trkpt lat="46.94556" lon="10.065280000000001">
    <ele>1443.7000000000003</ele>
   </trkpt>
   <trkpt lat="46.945570000000004" lon="10.06508">
    <ele>1448.3300000000002</ele>
   </trkpt>
   <trkpt lat="46.945640000000004" lon="10.064860000000001">
    <ele>1448.3300000000002</ele>
   </trkpt>
   <trkpt lat="46.94577" lon="10.064710000000002">
    <ele>1448.3300000000002</ele>
   </trkpt>
   <trkpt lat="46.94595" lon="10.06461">
    <ele>1448.3300000000002</ele>
   </trkpt>
   <trkpt lat="46.946070000000006" lon="10.064570000000002">
    <ele>1448.3300000000002</ele>
   </trkpt>
   <trkpt lat="46.946270000000005" lon="10.06456">
    <ele>1448.3300000000002</ele>
   </trkpt>
   <trkpt lat="46.94646" lon="10.06461">
    <ele>1448.3300000000002</ele>
   </trkpt>
   <trkpt lat="46.946830000000006" lon="10.064760000000001">
    <ele>1448.3300000000002</ele>
   </trkpt>
   <trkpt lat="46.94689" lon="10.06475">
    <ele>1448.3300000000002</ele>
   </trkpt>
   <trkpt lat="46.946920000000006" lon="10.064710000000002">
    <ele>1448.3300000000002</ele>
   </trkpt>
   <trkpt lat="46.946920000000006" lon="10.06459">
    <ele>1448.3300000000002</ele>
   </trkpt>
   <trkpt lat="46.94686" lon="10.064530000000001">
    <ele>1448.3300000000002</ele>
   </trkpt>
   <trkpt lat="46.946670000000005" lon="10.06451">
    <ele>1448.3300000000002</ele>
   </trkpt>
   <trkpt lat="46.946600000000004" lon="10.064480000000001">
    <ele>1448.3300000000002</ele>
   </trkpt>
   <trkpt lat="46.946470000000005" lon="10.064350000000001">
    <ele>1448.3300000000002</ele>
   </trkpt>
   <trkpt lat="46.946400000000004" lon="10.06423">
    <ele>1448.3300000000002</ele>
   </trkpt>
   <trkpt lat="46.946250000000006" lon="10.06403">
    <ele>1448.3300000000002</ele>
   </trkpt>
   <trkpt lat="46.94615" lon="10.06395">
    <ele>1448.3300000000002</ele>
   </trkpt>
   <trkpt lat="46.94601" lon="10.063870000000001">
    <ele>1448.3300000000002</ele>
   </trkpt>
   <trkpt lat="46.945330000000006" lon="10.063770000000002">
    <ele>1508.6200000000001</ele>
   </trkpt>
   <trkpt lat="46.94474500000171" lon="10.063594998048242">
    <ele>1508.6200000000001</ele>
   </trkpt>
   <trkpt lat="46.944160000000004" lon="10.06342">
    <ele>1508.6200000000001</ele>
   </trkpt>
   <trkpt lat="46.944" lon="10.06342">
    <ele>1508.6200000000001</ele>
   </trkpt>
   <trkpt lat="46.94371" lon="10.06352">
    <ele>1508.6200000000001</ele>
   </trkpt>
   <trkpt lat="46.943650000000005" lon="10.06351">
    <ele>1508.6200000000001</ele>
   </trkpt>
   <trkpt lat="46.94362" lon="10.06347">
    <ele>1508.6200000000001</ele>
   </trkpt>
   <trkpt lat="46.94362" lon="10.06337">
    <ele>1508.6200000000001</ele>
   </trkpt>
   <trkpt lat="46.94368" lon="10.06329">
    <ele>1508.6200000000001</ele>
   </trkpt>
   <trkpt lat="46.94433" lon="10.06311">
    <ele>1508.6200000000001</ele>
   </trkpt>
   <trkpt lat="46.94492" lon="10.06282">
    <ele>1508.6200000000001</ele>
   </trkpt>
   <trkpt lat="46.9453" lon="10.062700000000001">
    <ele>1508.6200000000001</ele>
   </trkpt>
   <trkpt lat="46.94556" lon="10.062700000000001">
    <ele>1508.6200000000001</ele>
   </trkpt>
   <trkpt lat="46.946000000000005" lon="10.062750000000001">
    <ele>1508.6200000000001</ele>
   </trkpt>
   <trkpt lat="46.94604" lon="10.06273">
    <ele>1508.6200000000001</ele>
   </trkpt>
   <trkpt lat="46.94606" lon="10.062700000000001">
    <ele>1508.6200000000001</ele>
   </trkpt>
   <trkpt lat="46.94606" lon="10.06258">
    <ele>1508.6200000000001</ele>
   </trkpt>
   <trkpt lat="46.94604" lon="10.06254">
    <ele>1508.6200000000001</ele>
   </trkpt>
   <trkpt lat="46.946000000000005" lon="10.062510000000001">
    <ele>1508.6200000000001</ele>
   </trkpt>
   <trkpt lat="46.94565" lon="10.0625">
    <ele>1508.6200000000001</ele>
   </trkpt>
   <trkpt lat="46.945530000000005" lon="10.062470000000001">
    <ele>1508.6200000000001</ele>
   </trkpt>
   <trkpt lat="46.945440000000005" lon="10.062410000000002">
    <ele>1508.6200000000001</ele>
   </trkpt>
   <trkpt lat="46.94525" lon="10.062230000000001">
    <ele>1508.6200000000001</ele>
   </trkpt>
   <trkpt lat="46.945100000000004" lon="10.062140000000001">
    <ele>1508.6200000000001</ele>
   </trkpt>
   <trkpt lat="46.94502000000001" lon="10.062130000000002">
    <ele>1508.6200000000001</ele>
   </trkpt>
   <trkpt lat="46.94442" lon="10.06217">
    <ele>1508.6200000000001</ele>
   </trkpt>
   <trkpt lat="46.944050000000004" lon="10.06222">
    <ele>1508.6200000000001</ele>
   </trkpt>
   <trkpt lat="46.94399000000001" lon="10.0622">
    <ele>1508.6200000000001</ele>
   </trkpt>
   <trkpt lat="46.94395" lon="10.062140000000001">
    <ele>1508.6200000000001</ele>
   </trkpt>
   <trkpt lat="46.94395" lon="10.06207">
    <ele>1508.6200000000001</ele>
   </trkpt>
   <trkpt lat="46.944010000000006" lon="10.061990000000002">
    <ele>1508.6200000000001</ele>
   </trkpt>
   <trkpt lat="46.944370000000006" lon="10.06198">
    <ele>1594.93</ele>
   </trkpt>
   <trkpt lat="46.944520000000004" lon="10.06193">
    <ele>1594.93</ele>
   </trkpt>
   <trkpt lat="46.94487" lon="10.061710000000001">
    <ele>1594.93</ele>
   </trkpt>
   <trkpt lat="46.94511000000001" lon="10.061660000000002">
    <ele>1594.93</ele>
   </trkpt>
   <trkpt lat="46.945280000000004" lon="10.06168">
    <ele>1594.93</ele>
   </trkpt>
   <trkpt lat="46.94545" lon="10.06174">
    <ele>1594.93</ele>
   </trkpt>
   <trkpt lat="46.94563" lon="10.06183">
    <ele>1594.93</ele>
   </trkpt>
   <trkpt lat="46.94577" lon="10.06187">
    <ele>1594.93</ele>
   </trkpt>
   <trkpt lat="46.94583" lon="10.06184">
    <ele>1594.93</ele>
   </trkpt>
   <trkpt lat="46.94585000000001" lon="10.06174">
    <ele>1594.93</ele>
   </trkpt>
   <trkpt lat="46.945820000000005" lon="10.06168">
    <ele>1594.93</ele>
   </trkpt>
   <trkpt lat="46.945780000000006" lon="10.06165">
    <ele>1594.93</ele>
   </trkpt>
   <trkpt lat="46.94556" lon="10.061630000000001">
    <ele>1594.93</ele>
   </trkpt>
   <trkpt lat="46.945510000000006" lon="10.06161">
    <ele>1594.93</ele>
   </trkpt>
   <trkpt lat="46.94512" lon="10.06137">
    <ele>1594.93</ele>
   </trkpt>
   <trkpt lat="46.94485" lon="10.06126">
    <ele>1594.93</ele>
   </trkpt>
   <trkpt lat="46.944720000000004" lon="10.06123">
    <ele>1594.93</ele>
   </trkpt>
   <trkpt lat="46.944" lon="10.061200000000001">
    <ele>1594.93</ele>
   </trkpt>
   <trkpt lat="46.94393" lon="10.06121">
    <ele>1594.93</ele>
   </trkpt>
   <trkpt lat="46.94371" lon="10.06131">
    <ele>1594.93</ele>
   </trkpt>
   <trkpt lat="46.94362" lon="10.061300000000001">
    <ele>1594.93</ele>
   </trkpt>
   <trkpt lat="46.94359" lon="10.06126">
    <ele>1594.93</ele>
   </trkpt>
   <trkpt lat="46.943580000000004" lon="10.06118">
    <ele>1594.93</ele>
   </trkpt>
   <trkpt lat="46.94362" lon="10.061100000000001">
    <ele>1594.93</ele>
   </trkpt>
   <trkpt lat="46.943690000000004" lon="10.06107">
    <ele>1594.93</ele>
   </trkpt>
   <trkpt lat="46.943850000000005" lon="10.06104">
    <ele>1594.93</ele>
   </trkpt>
   <trkpt lat="46.94407" lon="10.06099">
    <ele>1594.93</ele>
   </trkpt>
   <trkpt lat="46.94445" lon="10.0608">
    <ele>1594.93</ele>
   </trkpt>
   <trkpt lat="46.944680000000005" lon="10.06075">
    <ele>1594.93</ele>
   </trkpt>
   <trkpt lat="46.94474" lon="10.060680000000001">
    <ele>1594.93</ele>
   </trkpt>
   <trkpt lat="46.944720000000004" lon="10.06056">
    <ele>1594.93</ele>
   </trkpt>
   <trkpt lat="46.94469" lon="10.06053">
    <ele>1594.93</ele>
   </trkpt>
   <trkpt lat="46.94465" lon="10.06053">
    <ele>1594.93</ele>
   </trkpt>
   <trkpt lat="46.944190000000006" lon="10.060720000000002">
    <ele>1594.93</ele>
   </trkpt>
   <trkpt lat="46.943870000000004" lon="10.06071">
    <ele>1594.93</ele>
   </trkpt>
   <trkpt lat="46.943310000000004" lon="10.06056">
    <ele>1594.93</ele>
   </trkpt>
   <trkpt lat="46.94295" lon="10.06039">
    <ele>1594.93</ele>
   </trkpt>
   <trkpt lat="46.94288" lon="10.06038">
    <ele>1594.93</ele>
   </trkpt>
   <trkpt lat="46.942820000000005" lon="10.060400000000001">
    <ele>1594.93</ele>
   </trkpt>
   <trkpt lat="46.942750000000004" lon="10.06046">
    <ele>1594.93</ele>
   </trkpt>
   <trkpt lat="46.9427" lon="10.060590000000001">
    <ele>1594.93</ele>
   </trkpt>
   <trkpt lat="46.942710000000005" lon="10.0608">
    <ele>1594.93</ele>
   </trkpt>
   <trkpt lat="46.94283" lon="10.061100000000001">
    <ele>1594.93</ele>
   </trkpt>
   <trkpt lat="46.942840000000004" lon="10.06126">
    <ele>1594.93</ele>
   </trkpt>
   <trkpt lat="46.94281" lon="10.061340000000001">
    <ele>1594.93</ele>
   </trkpt>
   <trkpt lat="46.9427" lon="10.0614">
    <ele>1594.93</ele>
   </trkpt>
   <trkpt lat="46.942640000000004" lon="10.06137">
    <ele>1594.93</ele>
   </trkpt>
   <trkpt lat="46.94258000000001" lon="10.06126">
    <ele>1594.93</ele>
   </trkpt>
   <trkpt lat="46.94248" lon="10.060880000000001">
    <ele>1594.93</ele>
   </trkpt>
   <trkpt lat="46.94238000000001" lon="10.0606">
    <ele>1594.93</ele>
   </trkpt>
   <trkpt lat="46.942350000000005" lon="10.060410000000001">
    <ele>1685.31</ele>
   </trkpt>
   <trkpt lat="46.942350000000005" lon="10.060310000000001">
    <ele>1685.31</ele>
   </trkpt>
   <trkpt lat="46.942400000000006" lon="10.06014">
    <ele>1685.31</ele>
   </trkpt>
   <trkpt lat="46.9425" lon="10.05999">
    <ele>1685.31</ele>
   </trkpt>
   <trkpt lat="46.94267000000001" lon="10.059890000000001">
    <ele>1685.31</ele>
   </trkpt>
   <trkpt lat="46.94296000000001" lon="10.059750000000001">
    <ele>1685.31</ele>
   </trkpt>
   <trkpt lat="46.943180000000005" lon="10.059550000000002">
    <ele>1685.31</ele>
   </trkpt>
   <trkpt lat="46.94326" lon="10.059500000000002">
    <ele>1685.31</ele>
   </trkpt>
   <trkpt lat="46.943400000000004" lon="10.05949">
    <ele>1685.31</ele>
   </trkpt>
   <trkpt lat="46.943490000000004" lon="10.059520000000001">
    <ele>1685.31</ele>
   </trkpt>
   <trkpt lat="46.943690000000004" lon="10.059650000000001">
    <ele>1685.31</ele>
   </trkpt>
   <trkpt lat="46.94377" lon="10.059650000000001">
    <ele>1685.31</ele>
   </trkpt>
   <trkpt lat="46.9438" lon="10.05962">
    <ele>1685.31</ele>
   </trkpt>
   <trkpt lat="46.94382" lon="10.05954">
    <ele>1685.31</ele>
   </trkpt>
   <trkpt lat="46.9438" lon="10.059460000000001">
    <ele>1685.31</ele>
   </trkpt>
   <trkpt lat="46.94377" lon="10.059410000000002">
    <ele>1685.31</ele>
   </trkpt>
   <trkpt lat="46.94355" lon="10.0593">
    <ele>1685.31</ele>
   </trkpt>
   <trkpt lat="46.943200000000004" lon="10.05901">
    <ele>1685.31</ele>
   </trkpt>
   <trkpt lat="46.94314000000001" lon="10.059000000000001">
    <ele>1685.31</ele>
   </trkpt>
   <trkpt lat="46.94303000000001" lon="10.059040000000001">
    <ele>1685.31</ele>
   </trkpt>
   <trkpt lat="46.942870000000006" lon="10.059220000000002">
    <ele>1685.31</ele>
   </trkpt>
   <trkpt lat="46.94276000000001" lon="10.059280000000001">
    <ele>1685.31</ele>
   </trkpt>
   <trkpt lat="46.94247000000001" lon="10.059220000000002">
    <ele>1685.31</ele>
   </trkpt>
   <trkpt lat="46.94239" lon="10.059230000000001">
    <ele>1685.31</ele>
   </trkpt>
   <trkpt lat="46.942220000000006" lon="10.0593">
    <ele>1685.31</ele>
   </trkpt>
   <trkpt lat="46.94207" lon="10.05931">
    <ele>1685.31</ele>
   </trkpt>
   <trkpt lat="46.941660000000006" lon="10.0592">
    <ele>1685.31</ele>
   </trkpt>
   <trkpt lat="46.94149" lon="10.059220000000002">
    <ele>1685.31</ele>
   </trkpt>
   <trkpt lat="46.94109" lon="10.05935">
    <ele>1685.37</ele>
   </trkpt>
   <trkpt lat="46.94088000000001" lon="10.05934">
    <ele>1685.37</ele>
   </trkpt>
   <trkpt lat="46.94070000000001" lon="10.05926">
    <ele>1685.37</ele>
   </trkpt>
   <trkpt lat="46.94003000000001" lon="10.05874">
    <ele>1692.3400000000001</ele>
   </trkpt>
   <trkpt lat="46.9399" lon="10.058660000000001">
    <ele>1692.3400000000001</ele>
   </trkpt>
   <trkpt lat="46.9397" lon="10.05864">
    <ele>1692.3400000000001</ele>
   </trkpt>
   <trkpt lat="46.93961" lon="10.058670000000001">
    <ele>1692.3400000000001</ele>
   </trkpt>
   <trkpt lat="46.93952" lon="10.05873">
    <ele>1692.3400000000001</ele>
   </trkpt>
   <trkpt lat="46.939440000000005" lon="10.05882">
    <ele>1692.3400000000001</ele>
   </trkpt>
   <trkpt lat="46.93939" lon="10.05892">
    <ele>1692.3400000000001</ele>
   </trkpt>
   <trkpt lat="46.939370000000004" lon="10.05902">
    <ele>1692.3400000000001</ele>
   </trkpt>
   <trkpt lat="46.93938000000001" lon="10.059130000000001">
    <ele>1692.3400000000001</ele>
   </trkpt>
   <trkpt lat="46.93941" lon="10.05921">
    <ele>1692.3400000000001</ele>
   </trkpt>
   <trkpt lat="46.93947000000001" lon="10.05929">
    <ele>1692.3400000000001</ele>
   </trkpt>
   <trkpt lat="46.93959" lon="10.059360000000002">
    <ele>1692.43</ele>
   </trkpt>
   <trkpt lat="46.94004" lon="10.059470000000001">
    <ele>1692.43</ele>
   </trkpt>
   <trkpt lat="46.940160000000006" lon="10.05954">
    <ele>1713.88</ele>
   </trkpt>
   <trkpt lat="46.94023000000001" lon="10.059610000000001">
    <ele>1713.88</ele>
   </trkpt>
   <trkpt lat="46.94028" lon="10.05971">
    <ele>1713.88</ele>
   </trkpt>
   <trkpt lat="46.94026" lon="10.059940000000001">
    <ele>1713.88</ele>
   </trkpt>
   <trkpt lat="46.94017" lon="10.06006">
    <ele>1713.88</ele>
   </trkpt>
   <trkpt lat="46.94006" lon="10.0601">
    <ele>1713.88</ele>
   </trkpt>
   <trkpt lat="46.93979" lon="10.06006">
    <ele>1713.88</ele>
   </trkpt>
   <trkpt lat="46.93943" lon="10.060070000000001">
    <ele>1726.02</ele>
   </trkpt>
   <trkpt lat="46.93925" lon="10.060130000000001">
    <ele>1726.02</ele>
   </trkpt>
   <trkpt lat="46.939130000000006" lon="10.060220000000001">
    <ele>1726.02</ele>
   </trkpt>
   <trkpt lat="46.938880000000005" lon="10.060580000000002">
    <ele>1734.28</ele>
   </trkpt>
   <trkpt lat="46.93874" lon="10.06071">
    <ele>1734.28</ele>
   </trkpt>
   <trkpt lat="46.93862000000001" lon="10.060780000000001">
    <ele>1734.28</ele>
   </trkpt>
   <trkpt lat="46.93838" lon="10.060830000000001">
    <ele>1734.28</ele>
   </trkpt>
   <trkpt lat="46.93811" lon="10.060870000000001">
    <ele>1736.3400000000001</ele>
   </trkpt>
   <trkpt lat="46.937870000000004" lon="10.060860000000002">
    <ele>1736.3400000000001</ele>
   </trkpt>
   <trkpt lat="46.937720000000006" lon="10.06081">
    <ele>1736.3400000000001</ele>
   </trkpt>
   <trkpt lat="46.937470000000005" lon="10.06067">
    <ele>1743.7000000000003</ele>
   </trkpt>
   <trkpt lat="46.937290000000004" lon="10.06065">
    <ele>1743.7000000000003</ele>
   </trkpt>
   <trkpt lat="46.936930000000004" lon="10.060720000000002">
    <ele>1743.66</ele>
   </trkpt>
   <trkpt lat="46.93685000000001" lon="10.060720000000002">
    <ele>1743.66</ele>
   </trkpt>
   <trkpt lat="46.9363" lon="10.060550000000001">
    <ele>1743.4600000000003</ele>
   </trkpt>
   <trkpt lat="46.93618000000001" lon="10.060450000000001">
    <ele>1743.4600000000003</ele>
   </trkpt>
   <trkpt lat="46.93598" lon="10.060120000000001">
    <ele>1743.4600000000003</ele>
   </trkpt>
   <trkpt lat="46.935880000000004" lon="10.06004">
    <ele>1743.4600000000003</ele>
   </trkpt>
   <trkpt lat="46.93547" lon="10.059840000000001">
    <ele>1749.69</ele>
   </trkpt>
   <trkpt lat="46.935120000000005" lon="10.05954">
    <ele>1749.69</ele>
   </trkpt>
   <trkpt lat="46.93446" lon="10.059140000000001">
    <ele>1750.2600000000002</ele>
   </trkpt>
   <trkpt lat="46.93383" lon="10.059230000000001">
    <ele>1750.2600000000002</ele>
   </trkpt>
   <trkpt lat="46.93363" lon="10.059220000000002">
    <ele>1750.2600000000002</ele>
   </trkpt>
   <trkpt lat="46.93357" lon="10.05921">
    <ele>1750.1000000000001</ele>
   </trkpt>
   <trkpt lat="46.933330000000005" lon="10.05912">
    <ele>1750.21</ele>
   </trkpt>
   <trkpt lat="46.933060000000005" lon="10.058800000000002">
    <ele>1750.1700000000003</ele>
   </trkpt>
   <trkpt lat="46.93278" lon="10.0585">
    <ele>1750.3000000000002</ele>
   </trkpt>
   <trkpt lat="46.932480000000005" lon="10.05827">
    <ele>1750.43</ele>
   </trkpt>
   <trkpt lat="46.93231" lon="10.05818">
    <ele>1750.43</ele>
   </trkpt>
   <trkpt lat="46.93207" lon="10.05802">
    <ele>1750.5100000000002</ele>
   </trkpt>
   <trkpt lat="46.93189" lon="10.05785">
    <ele>1750.6200000000001</ele>
   </trkpt>
   <trkpt lat="46.93146" lon="10.056970000000002">
    <ele>1750.94</ele>
   </trkpt>
   <trkpt lat="46.93130000000001" lon="10.05676">
    <ele>1751.1900000000003</ele>
   </trkpt>
   <trkpt lat="46.93081500079408" lon="10.05632999609649">
    <ele>1751.2500000000002</ele>
   </trkpt>
   <trkpt lat="46.930330000000005" lon="10.055900000000001">
    <ele>1751.4600000000003</ele>
   </trkpt>
   <trkpt lat="46.929840000457" lon="10.055589997188394">
    <ele>1751.5800000000002</ele>
   </trkpt>
   <trkpt lat="46.92935000000001" lon="10.055280000000002">
    <ele>1751.75</ele>
   </trkpt>
   <trkpt lat="46.928830000000005" lon="10.0547">
    <ele>1752.2400000000002</ele>
   </trkpt>
   <trkpt lat="46.928560000000004" lon="10.054490000000001">
    <ele>1752.2300000000002</ele>
   </trkpt>
   <trkpt lat="46.928270000000005" lon="10.05436">
    <ele>1752.0300000000002</ele>
   </trkpt>
   <trkpt lat="46.927760000000006" lon="10.054200000000002">
    <ele>1751.98</ele>
   </trkpt>
   <trkpt lat="46.927550000000004" lon="10.054150000000002">
    <ele>1752.0200000000002</ele>
   </trkpt>
   <trkpt lat="46.927170000000004" lon="10.05414">
    <ele>1752.3600000000001</ele>
   </trkpt>
   <trkpt lat="46.92709000000001" lon="10.054120000000001">
    <ele>1752.3600000000001</ele>
   </trkpt>
   <trkpt lat="46.9269" lon="10.053970000000001">
    <ele>1752.49</ele>
   </trkpt>
   <trkpt lat="46.92683" lon="10.05389">
    <ele>1752.25</ele>
   </trkpt>
   <trkpt lat="46.926680000000005" lon="10.053560000000001">
    <ele>1753.89</ele>
   </trkpt>
   <trkpt lat="46.926570000000005" lon="10.053410000000001">
    <ele>1755.5200000000002</ele>
   </trkpt>
   <trkpt lat="46.92644000000001" lon="10.0533">
    <ele>1757.95</ele>
   </trkpt>
   <trkpt lat="46.926300000000005" lon="10.053260000000002">
    <ele>1758.8700000000001</ele>
   </trkpt>
   <trkpt lat="46.92569" lon="10.05315">
    <ele>1764.42</ele>
   </trkpt>
   <trkpt lat="46.92544" lon="10.053120000000002">
    <ele>1767.53</ele>
   </trkpt>
   <trkpt lat="46.92512000000001" lon="10.053180000000001">
    <ele>1771.27</ele>
   </trkpt>
   <trkpt lat="46.92465000000001" lon="10.053170000000001">
    <ele>1773.8700000000001</ele>
   </trkpt>
   <trkpt lat="46.92447000000001" lon="10.05319">
    <ele>1777.7200000000003</ele>
   </trkpt>
   <trkpt lat="46.923730000000006" lon="10.05343">
    <ele>1782.3700000000001</ele>
   </trkpt>
   <trkpt lat="46.923570000000005" lon="10.05343">
    <ele>1782.96</ele>
   </trkpt>
   <trkpt lat="46.923480000000005" lon="10.053370000000001">
    <ele>1784.3700000000001</ele>
   </trkpt>
   <trkpt lat="46.923410000000004" lon="10.053270000000001">
    <ele>1784.3700000000001</ele>
   </trkpt>
   <trkpt lat="46.92327" lon="10.05296">
    <ele>1786.3500000000001</ele>
   </trkpt>
   <trkpt lat="46.923190000000005" lon="10.052930000000002">
    <ele>1786.95</ele>
   </trkpt>
   <trkpt lat="46.92313" lon="10.052990000000001">
    <ele>1787.1000000000001</ele>
   </trkpt>
   <trkpt lat="46.923120000000004" lon="10.053040000000001">
    <ele>1787.1000000000001</ele>
   </trkpt>
   <trkpt lat="46.923140000000004" lon="10.05315">
    <ele>1787.56</ele>
   </trkpt>
   <trkpt lat="46.923260000000006" lon="10.05338">
    <ele>1787.9300000000003</ele>
   </trkpt>
   <trkpt lat="46.923410000000004" lon="10.05362">
    <ele>1788.6000000000001</ele>
   </trkpt>
   <trkpt lat="46.92354" lon="10.053740000000001">
    <ele>1789.5500000000002</ele>
   </trkpt>
   <trkpt lat="46.923700000000004" lon="10.0538">
    <ele>1790.48</ele>
   </trkpt>
   <trkpt lat="46.92403" lon="10.05382">
    <ele>1793.6100000000001</ele>
   </trkpt>
   <trkpt lat="46.924350000000004" lon="10.0539">
    <ele>1796.0900000000001</ele>
   </trkpt>
   <trkpt lat="46.924690000000005" lon="10.05391">
    <ele>1801.47</ele>
   </trkpt>
   <trkpt lat="46.924890000000005" lon="10.05395">
    <ele>1803.02</ele>
   </trkpt>
   <trkpt lat="46.925050000000006" lon="10.05404">
    <ele>1808.1100000000001</ele>
   </trkpt>
   <trkpt lat="46.92524" lon="10.05419">
    <ele>1808.1100000000001</ele>
   </trkpt>
   <trkpt lat="46.925360000000005" lon="10.05436">
    <ele>1809.8700000000001</ele>
   </trkpt>
   <trkpt lat="46.925380000000004" lon="10.054490000000001">
    <ele>1810.5900000000001</ele>
   </trkpt>
   <trkpt lat="46.925340000000006" lon="10.054580000000001">
    <ele>1810.5900000000001</ele>
   </trkpt>
   <trkpt lat="46.925270000000005" lon="10.0546">
    <ele>1811.7200000000003</ele>
   </trkpt>
   <trkpt lat="46.92521000000001" lon="10.054590000000001">
    <ele>1811.7200000000003</ele>
   </trkpt>
   <trkpt lat="46.92497" lon="10.054480000000002">
    <ele>1813.0900000000001</ele>
   </trkpt>
   <trkpt lat="46.92479" lon="10.054450000000001">
    <ele>1814.65</ele>
   </trkpt>
   <trkpt lat="46.92457" lon="10.05447">
    <ele>1815.73</ele>
   </trkpt>
   <trkpt lat="46.92437" lon="10.05457">
    <ele>1820.63</ele>
   </trkpt>
   <trkpt lat="46.92387" lon="10.055090000000002">
    <ele>1823.8700000000001</ele>
   </trkpt>
   <trkpt lat="46.92365" lon="10.05526">
    <ele>1825.39</ele>
   </trkpt>
   <trkpt lat="46.92343" lon="10.0554">
    <ele>1828.5800000000002</ele>
   </trkpt>
   <trkpt lat="46.922850000000004" lon="10.05564">
    <ele>1835.32</ele>
   </trkpt>
   <trkpt lat="46.922700000000006" lon="10.055760000000001">
    <ele>1835.32</ele>
   </trkpt>
   <trkpt lat="46.922230000000006" lon="10.0563">
    <ele>1842.0600000000002</ele>
   </trkpt>
   <trkpt lat="46.921890000000005" lon="10.056610000000001">
    <ele>1848.3</ele>
   </trkpt>
   <trkpt lat="46.921420000000005" lon="10.05719">
    <ele>1855.6500000000003</ele>
   </trkpt>
   <trkpt lat="46.921170000000004" lon="10.05738">
    <ele>1859.64</ele>
   </trkpt>
   <trkpt lat="46.921130000000005" lon="10.057450000000001">
    <ele>1860.15</ele>
   </trkpt>
   <trkpt lat="46.92112" lon="10.05756">
    <ele>1861.02</ele>
   </trkpt>
   <trkpt lat="46.921150000000004" lon="10.057630000000001">
    <ele>1861.3700000000001</ele>
   </trkpt>
   <trkpt lat="46.921220000000005" lon="10.05766">
    <ele>1861.8500000000001</ele>
   </trkpt>
   <trkpt lat="46.9213" lon="10.05762">
    <ele>1862.0100000000002</ele>
   </trkpt>
   <trkpt lat="46.92155" lon="10.057390000000002">
    <ele>1862.63</ele>
   </trkpt>
   <trkpt lat="46.92166" lon="10.05733">
    <ele>1862.89</ele>
   </trkpt>
   <trkpt lat="46.92184" lon="10.057300000000001">
    <ele>1863.3000000000002</ele>
   </trkpt>
   <trkpt lat="46.92221000000001" lon="10.05729">
    <ele>1864.21</ele>
   </trkpt>
   <trkpt lat="46.92230000000001" lon="10.057260000000001">
    <ele>1864.8200000000002</ele>
   </trkpt>
   <trkpt lat="46.922430000000006" lon="10.057170000000001">
    <ele>1865.0900000000001</ele>
   </trkpt>
   <trkpt lat="46.92259000000001" lon="10.05695">
    <ele>1865.7100000000003</ele>
   </trkpt>
   <trkpt lat="46.922650000000004" lon="10.0569">
    <ele>1865.7100000000003</ele>
   </trkpt>
   <trkpt lat="46.92271" lon="10.05691">
    <ele>1866.65</ele>
   </trkpt>
   <trkpt lat="46.922760000000004" lon="10.057">
    <ele>1866.65</ele>
   </trkpt>
   <trkpt lat="46.922760000000004" lon="10.05709">
    <ele>1866.65</ele>
   </trkpt>
   <trkpt lat="46.92271" lon="10.057170000000001">
    <ele>1867.3300000000002</ele>
   </trkpt>
   <trkpt lat="46.922290000000004" lon="10.057540000000001">
    <ele>1869.8100000000002</ele>
   </trkpt>
   <trkpt lat="46.922090000000004" lon="10.057770000000001">
    <ele>1873.7</ele>
   </trkpt>
   <trkpt lat="46.921890000000005" lon="10.058060000000001">
    <ele>1875.0000000000002</ele>
   </trkpt>
   <trkpt lat="46.9217" lon="10.058420000000002">
    <ele>1877.8400000000001</ele>
   </trkpt>
   <trkpt lat="46.92137" lon="10.05926">
    <ele>1880.0500000000002</ele>
   </trkpt>
   <trkpt lat="46.921170000000004" lon="10.059930000000001">
    <ele>1881.3000000000002</ele>
   </trkpt>
   <trkpt lat="46.92105" lon="10.060410000000001">
    <ele>1882.47</ele>
   </trkpt>
   <trkpt lat="46.920910000000006" lon="10.06081">
    <ele>1884.4600000000003</ele>
   </trkpt>
   <trkpt lat="46.920680000000004" lon="10.061300000000001">
    <ele>1887.39</ele>
   </trkpt>
   <trkpt lat="46.920570000000005" lon="10.061490000000001">
    <ele>1889.15</ele>
   </trkpt>
   <trkpt lat="46.920190000000005" lon="10.06202">
    <ele>1895.64</ele>
   </trkpt>
   <trkpt lat="46.920080000000006" lon="10.062270000000002">
    <ele>1898.1100000000001</ele>
   </trkpt>
   <trkpt lat="46.91982" lon="10.06338">
    <ele>1903.4</ele>
   </trkpt>
   <trkpt lat="46.9198" lon="10.06351">
    <ele>1903.4</ele>
   </trkpt>
   <trkpt lat="46.91978" lon="10.06433">
    <ele>1912.3200000000002</ele>
   </trkpt>
   <trkpt lat="46.91975" lon="10.064480000000001">
    <ele>1912.3200000000002</ele>
   </trkpt>
   <trkpt lat="46.919650000000004" lon="10.0648">
    <ele>1916.43</ele>
   </trkpt>
   <trkpt lat="46.91946" lon="10.065140000000001">
    <ele>1920.16</ele>
   </trkpt>
   <trkpt lat="46.91899" lon="10.065660000000001">
    <ele>1927.8300000000002</ele>
   </trkpt>
   <trkpt lat="46.9189" lon="10.065790000000002">
    <ele>1927.8300000000002</ele>
   </trkpt>
   <trkpt lat="46.918800000000005" lon="10.06605">
    <ele>1931.3500000000001</ele>
   </trkpt>
   <trkpt lat="46.91874000000001" lon="10.066350000000002">
    <ele>1932.7900000000002</ele>
   </trkpt>
   <trkpt lat="46.918710000000004" lon="10.067200000000001">
    <ele>1939.0600000000002</ele>
   </trkpt>
   <trkpt lat="46.918730000000004" lon="10.06769">
    <ele>1942.23</ele>
   </trkpt>
   <trkpt lat="46.9189" lon="10.06849">
    <ele>1950.0800000000002</ele>
   </trkpt>
   <trkpt lat="46.91895" lon="10.069">
    <ele>1952.9900000000002</ele>
   </trkpt>
   <trkpt lat="46.91906" lon="10.06924">
    <ele>1954.59</ele>
   </trkpt>
   <trkpt lat="46.91911" lon="10.069260000000002">
    <ele>1954.91</ele>
   </trkpt>
   <trkpt lat="46.919180000000004" lon="10.06925">
    <ele>1955.4300000000003</ele>
   </trkpt>
   <trkpt lat="46.919250000000005" lon="10.06921">
    <ele>1955.6400000000003</ele>
   </trkpt>
   <trkpt lat="46.91951" lon="10.06882">
    <ele>1956.5700000000002</ele>
   </trkpt>
   <trkpt lat="46.91964" lon="10.06869">
    <ele>1957.1200000000001</ele>
   </trkpt>
   <trkpt lat="46.91971" lon="10.068650000000002">
    <ele>1957.1200000000001</ele>
   </trkpt>
   <trkpt lat="46.91991" lon="10.06858">
    <ele>1957.92</ele>
   </trkpt>
   <trkpt lat="46.919990000000006" lon="10.06858">
    <ele>1957.92</ele>
   </trkpt>
   <trkpt lat="46.92013" lon="10.068610000000001">
    <ele>1958.41</ele>
   </trkpt>
   <trkpt lat="46.92024000000001" lon="10.068660000000001">
    <ele>1958.41</ele>
   </trkpt>
   <trkpt lat="46.92036" lon="10.068750000000001">
    <ele>1959.0800000000002</ele>
   </trkpt>
   <trkpt lat="46.9206" lon="10.06897">
    <ele>1960.15</ele>
   </trkpt>
   <trkpt lat="46.92071000000001" lon="10.06916">
    <ele>1961.1100000000001</ele>
   </trkpt>
   <trkpt lat="46.92078" lon="10.06939">
    <ele>1962.3000000000002</ele>
   </trkpt>
   <trkpt lat="46.92080000000001" lon="10.069690000000001">
    <ele>1963.63</ele>
   </trkpt>
   <trkpt lat="46.92071000000001" lon="10.070500000000001">
    <ele>1968.3600000000001</ele>
   </trkpt>
   <trkpt lat="46.920660000000005" lon="10.071330000000001">
    <ele>1972.41</ele>
   </trkpt>
   <trkpt lat="46.92058" lon="10.071610000000002">
    <ele>1973.1000000000001</ele>
   </trkpt>
   <trkpt lat="46.920280000000005" lon="10.07243">
    <ele>1973.5800000000002</ele>
   </trkpt>
   <trkpt lat="46.91989" lon="10.07323">
    <ele>1974.0700000000002</ele>
   </trkpt>
   <trkpt lat="46.91978" lon="10.07357">
    <ele>1974.17</ele>
   </trkpt>
   <trkpt lat="46.91971" lon="10.073910000000001">
    <ele>1974.15</ele>
   </trkpt>
   <trkpt lat="46.91966000246489" lon="10.074665000957173">
    <ele>1974.5500000000002</ele>
   </trkpt>
   <trkpt lat="46.919610000000006" lon="10.075420000000001">
    <ele>1975.3100000000002</ele>
   </trkpt>
   <trkpt lat="46.919610000000006" lon="10.076580000000002">
    <ele>1975.7000000000003</ele>
   </trkpt>
   <trkpt lat="46.919655006578424" lon="10.077809998747341">
    <ele>1976.7200000000003</ele>
   </trkpt>
   <trkpt lat="46.919700000000006" lon="10.07904">
    <ele>1977.1100000000001</ele>
   </trkpt>
   <trkpt lat="46.91977500422969" lon="10.080024998697224">
    <ele>1976.9600000000003</ele>
   </trkpt>
   <trkpt lat="46.919850000000004" lon="10.081010000000001">
    <ele>1976.2700000000002</ele>
   </trkpt>
   <trkpt lat="46.91982" lon="10.082040000000001">
    <ele>1975.8400000000001</ele>
   </trkpt>
   <trkpt lat="46.9196950029975" lon="10.082870001947272">
    <ele>1976.08</ele>
   </trkpt>
   <trkpt lat="46.91957000000001" lon="10.0837">
    <ele>1977.95</ele>
   </trkpt>
   <trkpt lat="46.919500000000006" lon="10.08436">
    <ele>1981.8500000000001</ele>
   </trkpt>
   <trkpt lat="46.91942" lon="10.085510000000001">
    <ele>1991.0500000000002</ele>
   </trkpt>
   <trkpt lat="46.91935" lon="10.08623">
    <ele>1995.9400000000003</ele>
   </trkpt>
   <trkpt lat="46.91916500492799" lon="10.087295003734242">
    <ele>2009.8899999999999</ele>
   </trkpt>
   <trkpt lat="46.918980000000005" lon="10.088360000000002">
    <ele>2015.0</ele>
   </trkpt>
   <trkpt lat="46.91883000000001" lon="10.08873">
    <ele>2019.1700000000003</ele>
   </trkpt>
   <trkpt lat="46.918690000000005" lon="10.088920000000002">
    <ele>2021.1200000000001</ele>
   </trkpt>
   <trkpt lat="46.91852" lon="10.08914">
    <ele>2023.0900000000001</ele>
   </trkpt>
   <trkpt lat="46.918350000000004" lon="10.089490000000001">
    <ele>2024.8799999999999</ele>
   </trkpt>
   <trkpt lat="46.918050002279124" lon="10.090195003676227">
    <ele>2026.94</ele>
   </trkpt>
   <trkpt lat="46.917750000000005" lon="10.090900000000001">
    <ele>2029.6100000000004</ele>
   </trkpt>
   <trkpt lat="46.91761" lon="10.09139">
    <ele>2031.2</ele>
   </trkpt>
   <trkpt lat="46.91760500289307" lon="10.092204999858183">
    <ele>2032.2500000000002</ele>
   </trkpt>
   <trkpt lat="46.91760000000001" lon="10.093020000000001">
    <ele>2033.08</ele>
   </trkpt>
   <trkpt lat="46.91762000000001" lon="10.09369">
    <ele>2033.63</ele>
   </trkpt>
   <trkpt lat="46.917680000000004" lon="10.093940000000002">
    <ele>2033.9300000000003</ele>
   </trkpt>
   <trkpt lat="46.917860000000005" lon="10.09448">
    <ele>2033.6000000000004</ele>
   </trkpt>
   <trkpt lat="46.917950000000005" lon="10.094840000000001">
    <ele>2033.65</ele>
   </trkpt>
   <trkpt lat="46.91809500669584" lon="10.09607999665996">
    <ele>2033.8100000000004</ele>
   </trkpt>
   <trkpt lat="46.918240000000004" lon="10.097320000000002">
    <ele>2032.97</ele>
   </trkpt>
   <trkpt lat="46.91827000000001" lon="10.09745">
    <ele>2031.32</ele>
   </trkpt>
   <trkpt lat="46.91857" lon="10.09816">
    <ele>2023.94</ele>
   </trkpt>
   <trkpt lat="46.91892000000001" lon="10.098730000000002">
    <ele>2019.6</ele>
   </trkpt>
   <trkpt lat="46.919180000000004" lon="10.099350000000001">
    <ele>2012.7800000000002</ele>
   </trkpt>
   <trkpt lat="46.919430000000006" lon="10.0998">
    <ele>2010.99</ele>
   </trkpt>
   <trkpt lat="46.91946" lon="10.099910000000001">
    <ele>2010.1400000000003</ele>
   </trkpt>
   <trkpt lat="46.919450000000005" lon="10.09997">
    <ele>2009.9</ele>
   </trkpt>
   <trkpt lat="46.91939000000001" lon="10.100040000000002">
    <ele>2009.62</ele>
   </trkpt>
   <trkpt lat="46.919340000000005" lon="10.10002">
    <ele>2008.9399999999998</ele>
   </trkpt>
   <trkpt lat="46.91908" lon="10.099680000000001">
    <ele>2007.68</ele>
   </trkpt>
   <trkpt lat="46.91899" lon="10.09961">
    <ele>2002.72</ele>
   </trkpt>
   <trkpt lat="46.9189" lon="10.099590000000001">
    <ele>2002.72</ele>
   </trkpt>
   <trkpt lat="46.918800000000005" lon="10.099630000000001">
    <ele>2002.72</ele>
   </trkpt>
   <trkpt lat="46.918730000000004" lon="10.0997">
    <ele>2002.72</ele>
   </trkpt>
   <trkpt lat="46.91868" lon="10.099810000000002">
    <ele>1999.7300000000002</ele>
   </trkpt>
   <trkpt lat="46.91866" lon="10.09999">
    <ele>1999.7300000000002</ele>
   </trkpt>
   <trkpt lat="46.918690000000005" lon="10.10016">
    <ele>1997.8500000000001</ele>
   </trkpt>
   <trkpt lat="46.91877" lon="10.100290000000001">
    <ele>1997.8500000000001</ele>
   </trkpt>
   <trkpt lat="46.91884" lon="10.100340000000001">
    <ele>1995.3700000000001</ele>
   </trkpt>
   <trkpt lat="46.91913" lon="10.10046">
    <ele>1992.43</ele>
   </trkpt>
   <trkpt lat="46.919290000000004" lon="10.100620000000001">
    <ele>1990.9200000000003</ele>
   </trkpt>
   <trkpt lat="46.91937" lon="10.100760000000001">
    <ele>1989.3500000000001</ele>
   </trkpt>
   <trkpt lat="46.919430000000006" lon="10.10097">
    <ele>1987.18</ele>
   </trkpt>
   <trkpt lat="46.919500000000006" lon="10.10158">
    <ele>1983.1900000000003</ele>
   </trkpt>
   <trkpt lat="46.91953" lon="10.10246">
    <ele>1974.5800000000002</ele>
   </trkpt>
   <trkpt lat="46.91964" lon="10.10327">
    <ele>1969.95</ele>
   </trkpt>
   <trkpt lat="46.91969" lon="10.104030000000002">
    <ele>1965.6000000000001</ele>
   </trkpt>
   <trkpt lat="46.91968000000001" lon="10.104600000000001">
    <ele>1961.15</ele>
   </trkpt>
   <trkpt lat="46.91958" lon="10.1051">
    <ele>1955.5000000000002</ele>
   </trkpt>
   <trkpt lat="46.919540000000005" lon="10.10543">
    <ele>1951.78</ele>
   </trkpt>
   <trkpt lat="46.91953" lon="10.10576">
    <ele>1950.5900000000001</ele>
   </trkpt>
   <trkpt lat="46.91955" lon="10.106050000000002">
    <ele>1947.17</ele>
   </trkpt>
   <trkpt lat="46.91966" lon="10.1065">
    <ele>1943.5600000000002</ele>
   </trkpt>
   <trkpt lat="46.91996" lon="10.107460000000001">
    <ele>1935.3600000000001</ele>
   </trkpt>
   <trkpt lat="46.92004000000001" lon="10.107610000000001">
    <ele>1935.3600000000001</ele>
   </trkpt>
   <trkpt lat="46.92033000000001" lon="10.10786">
    <ele>1931.8400000000001</ele>
   </trkpt>
   <trkpt lat="46.92036" lon="10.107940000000001">
    <ele>1931.31</ele>
   </trkpt>
   <trkpt lat="46.92034" lon="10.10804">
    <ele>1931.01</ele>
   </trkpt>
   <trkpt lat="46.92029" lon="10.1081">
    <ele>1930.6600000000003</ele>
   </trkpt>
   <trkpt lat="46.920230000000004" lon="10.108110000000002">
    <ele>1929.8400000000001</ele>
   </trkpt>
   <trkpt lat="46.91965499992244" lon="10.107984998626888">
    <ele>1923.1700000000003</ele>
   </trkpt>
   <trkpt lat="46.91908" lon="10.10786">
    <ele>1916.8100000000002</ele>
   </trkpt>
   <trkpt lat="46.918980000000005" lon="10.107830000000002">
    <ele>1915.5700000000002</ele>
   </trkpt>
   <trkpt lat="46.91879" lon="10.107740000000002">
    <ele>1914.0800000000002</ele>
   </trkpt>
   <trkpt lat="46.918710000000004" lon="10.10768">
    <ele>1913.41</ele>
   </trkpt>
   <trkpt lat="46.918470000000006" lon="10.107410000000002">
    <ele>1911.6000000000001</ele>
   </trkpt>
   <trkpt lat="46.918420000000005" lon="10.107380000000001">
    <ele>1910.94</ele>
   </trkpt>
   <trkpt lat="46.91837" lon="10.107380000000001">
    <ele>1910.94</ele>
   </trkpt>
   <trkpt lat="46.9183" lon="10.10744">
    <ele>1910.21</ele>
   </trkpt>
   <trkpt lat="46.9183" lon="10.107600000000001">
    <ele>1908.3100000000002</ele>
   </trkpt>
   <trkpt lat="46.91834" lon="10.10771">
    <ele>1908.3100000000002</ele>
   </trkpt>
   <trkpt lat="46.91855" lon="10.108120000000001">
    <ele>1904.43</ele>
   </trkpt>
   <trkpt lat="46.91864" lon="10.10834">
    <ele>1902.9600000000003</ele>
   </trkpt>
   <trkpt lat="46.91895" lon="10.109440000000001">
    <ele>1893.93</ele>
   </trkpt>
   <trkpt lat="46.91911" lon="10.10978">
    <ele>1889.0000000000002</ele>
   </trkpt>
   <trkpt lat="46.919430000000006" lon="10.11026">
    <ele>1881.8400000000001</ele>
   </trkpt>
   <trkpt lat="46.919520000000006" lon="10.11044">
    <ele>1879.42</ele>
   </trkpt>
   <trkpt lat="46.91981667246012" lon="10.111256657585322">
    <ele>1871.6500000000003</ele>
   </trkpt>
   <trkpt lat="46.92011333911318" lon="10.11207332421439">
    <ele>1867.19</ele>
   </trkpt>
   <trkpt lat="46.920410000000004" lon="10.11289">
    <ele>1862.2800000000002</ele>
   </trkpt>
   <trkpt lat="46.920570000000005" lon="10.113230000000001">
    <ele>1861.45</ele>
   </trkpt>
   <trkpt lat="46.920790000000004" lon="10.11349">
    <ele>1860.5900000000001</ele>
   </trkpt>
   <trkpt lat="46.921220000000005" lon="10.113850000000001">
    <ele>1859.63</ele>
   </trkpt>
   <trkpt lat="46.92145000000001" lon="10.114120000000002">
    <ele>1858.88</ele>
   </trkpt>
   <trkpt lat="46.921640000000004" lon="10.114450000000001">
    <ele>1858.4900000000002</ele>
   </trkpt>
   <trkpt lat="46.922070000000005" lon="10.115350000000001">
    <ele>1857.32</ele>
   </trkpt>
   <trkpt lat="46.922230000000006" lon="10.11561">
    <ele>1856.8000000000002</ele>
   </trkpt>
   <trkpt lat="46.92251" lon="10.11599">
    <ele>1855.69</ele>
   </trkpt>
   <trkpt lat="46.922900000000006" lon="10.116470000000001">
    <ele>1853.97</ele>
   </trkpt>
   <trkpt lat="46.92325" lon="10.116980000000002">
    <ele>1851.7400000000002</ele>
   </trkpt>
   <trkpt lat="46.923460000000006" lon="10.11735">
    <ele>1850.03</ele>
   </trkpt>
   <trkpt lat="46.923970000000004" lon="10.118390000000002">
    <ele>1845.5</ele>
   </trkpt>
   <trkpt lat="46.924150000000004" lon="10.1187">
    <ele>1843.22</ele>
   </trkpt>
   <trkpt lat="46.92437" lon="10.119010000000001">
    <ele>1841.91</ele>
   </trkpt>
   <trkpt lat="46.924780000000005" lon="10.119470000000002">
    <ele>1837.41</ele>
   </trkpt>
   <trkpt lat="46.92512000000001" lon="10.119760000000001">
    <ele>1831.71</ele>
   </trkpt>
   <trkpt lat="46.92569" lon="10.120190000000001">
    <ele>1827.3600000000001</ele>
   </trkpt>
   <trkpt lat="46.92589" lon="10.12035">
    <ele>1827.3600000000001</ele>
   </trkpt>
   <trkpt lat="46.92625" lon="10.12071">
    <ele>1827.47</ele>
   </trkpt>
   <trkpt lat="46.926500000000004" lon="10.121030000000001">
    <ele>1828.7300000000002</ele>
   </trkpt>
   <trkpt lat="46.926860000000005" lon="10.1216">
    <ele>1831.43</ele>
   </trkpt>
   <trkpt lat="46.927130000000005" lon="10.122160000000001">
    <ele>1832.15</ele>
   </trkpt>
   <trkpt lat="46.927360001716494" lon="10.122784997359641">
    <ele>1831.25</ele>
   </trkpt>
   <trkpt lat="46.92759" lon="10.123410000000002">
    <ele>1829.2400000000002</ele>
   </trkpt>
   <trkpt lat="46.92788" lon="10.12401">
    <ele>1826.1</ele>
   </trkpt>
   <trkpt lat="46.92835" lon="10.124880000000001">
    <ele>1821.39</ele>
   </trkpt>
   <trkpt lat="46.928470000000004" lon="10.12503">
    <ele>1820.3700000000001</ele>
   </trkpt>
   <trkpt lat="46.928900000000006" lon="10.12545">
    <ele>1815.2500000000002</ele>
   </trkpt>
   <trkpt lat="46.929170000000006" lon="10.12587">
    <ele>1813.29</ele>
   </trkpt>
   <trkpt lat="46.929280000000006" lon="10.12601">
    <ele>1809.6100000000001</ele>
   </trkpt>
   <trkpt lat="46.92967" lon="10.12635">
    <ele>1805.3400000000001</ele>
   </trkpt>
   <trkpt lat="46.92985" lon="10.126570000000001">
    <ele>1804.1200000000001</ele>
   </trkpt>
   <trkpt lat="46.93036" lon="10.127500000000001">
    <ele>1797.46</ele>
   </trkpt>
   <trkpt lat="46.93088" lon="10.128240000000002">
    <ele>1792.4400000000003</ele>
   </trkpt>
   <trkpt lat="46.93137" lon="10.129190000000001">
    <ele>1789.0800000000002</ele>
   </trkpt>
   <trkpt lat="46.93150000000001" lon="10.12939">
    <ele>1788.01</ele>
   </trkpt>
   <trkpt lat="46.931670000000004" lon="10.129600000000002">
    <ele>1787.3000000000002</ele>
   </trkpt>
   <trkpt lat="46.932010000000005" lon="10.12991">
    <ele>1784.42</ele>
   </trkpt>
   <trkpt lat="46.932430000000004" lon="10.130220000000001">
    <ele>1781.8100000000002</ele>
   </trkpt>
   <trkpt lat="46.932880000000004" lon="10.13047">
    <ele>1779.74</ele>
   </trkpt>
   <trkpt lat="46.93347000000001" lon="10.130740000000001">
    <ele>1776.9</ele>
   </trkpt>
   <trkpt lat="46.93385000000001" lon="10.130980000000001">
    <ele>1773.1100000000001</ele>
   </trkpt>
   <trkpt lat="46.934270000000005" lon="10.131300000000001">
    <ele>1769.6600000000003</ele>
   </trkpt>
   <trkpt lat="46.93453" lon="10.13155">
    <ele>1765.9900000000002</ele>
   </trkpt>
   <trkpt lat="46.93479000000001" lon="10.131860000000001">
    <ele>1763.8200000000002</ele>
   </trkpt>
   <trkpt lat="46.935030000000005" lon="10.132230000000002">
    <ele>1762.0500000000002</ele>
   </trkpt>
   <trkpt lat="46.935280000000006" lon="10.13274">
    <ele>1760.5400000000002</ele>
   </trkpt>
   <trkpt lat="46.93559000264392" lon="10.133509995698455">
    <ele>1757.43</ele>
   </trkpt>
   <trkpt lat="46.935900000000004" lon="10.13428">
    <ele>1754.2600000000002</ele>
   </trkpt>
   <trkpt lat="46.93600000000001" lon="10.13447">
    <ele>1753.0</ele>
   </trkpt>
   <trkpt lat="46.93621" lon="10.13476">
    <ele>1751.98</ele>
   </trkpt>
   <trkpt lat="46.9365" lon="10.13508">
    <ele>1751.23</ele>
   </trkpt>
   <trkpt lat="46.93696000079026" lon="10.135494996471465">
    <ele>1751.0500000000002</ele>
   </trkpt>
   <trkpt lat="46.93742" lon="10.13591">
    <ele>1751.7</ele>
   </trkpt>
   <trkpt lat="46.93768" lon="10.13621">
    <ele>1751.7900000000002</ele>
   </trkpt>
   <trkpt lat="46.93789" lon="10.13653">
    <ele>1751.7600000000002</ele>
   </trkpt>
   <trkpt lat="46.938250002540094" lon="10.137294994840492">
    <ele>1751.09</ele>
   </trkpt>
   <trkpt lat="46.938610000000004" lon="10.138060000000001">
    <ele>1750.8400000000001</ele>
   </trkpt>
   <trkpt lat="46.93889" lon="10.138490000000001">
    <ele>1751.0</ele>
   </trkpt>
   <trkpt lat="46.93923" lon="10.13882">
    <ele>1751.27</ele>
   </trkpt>
   <trkpt lat="46.939510000000006" lon="10.13902">
    <ele>1751.41</ele>
   </trkpt>
   <trkpt lat="46.93968" lon="10.139100000000001">
    <ele>1751.44</ele>
   </trkpt>
   <trkpt lat="46.939910000000005" lon="10.13917">
    <ele>1751.51</ele>
   </trkpt>
   <trkpt lat="46.940070000000006" lon="10.1392">
    <ele>1751.4900000000002</ele>
   </trkpt>
   <trkpt lat="46.94046" lon="10.1392">
    <ele>1751.27</ele>
   </trkpt>
   <trkpt lat="46.94107" lon="10.13915">
    <ele>1750.65</ele>
   </trkpt>
   <trkpt lat="46.9414" lon="10.13917">
    <ele>1750.28</ele>
   </trkpt>
   <trkpt lat="46.941720000000004" lon="10.139280000000001">
    <ele>1749.71</ele>
   </trkpt>
   <trkpt lat="46.941900000000004" lon="10.139370000000001">
    <ele>1749.41</ele>
   </trkpt>
   <trkpt lat="46.942080000000004" lon="10.139510000000001">
    <ele>1749.41</ele>
   </trkpt>
   <trkpt lat="46.94243" lon="10.139880000000002">
    <ele>1748.8000000000002</ele>
   </trkpt>
   <trkpt lat="46.94263" lon="10.140160000000002">
    <ele>1748.52</ele>
   </trkpt>
   <trkpt lat="46.943205013919574" lon="10.140959957022348">
    <ele>1748.28</ele>
   </trkpt>
   <trkpt lat="46.9437800222674" lon="10.14175993122916">
    <ele>1748.89</ele>
   </trkpt>
   <trkpt lat="46.944355025043265" lon="10.142559922620986">
    <ele>1750.4100000000003</ele>
   </trkpt>
   <trkpt lat="46.944930022246936" lon="10.143359931198374">
    <ele>1751.15</ele>
   </trkpt>
   <trkpt lat="46.94550501387818" lon="10.144159956961872">
    <ele>1752.0000000000002</ele>
   </trkpt>
   <trkpt lat="46.94608" lon="10.144960000000001">
    <ele>1752.7700000000002</ele>
   </trkpt>
   <trkpt lat="46.94642" lon="10.145290000000001">
    <ele>1752.55</ele>
   </trkpt>
   <trkpt lat="46.9465" lon="10.14535">
    <ele>1752.3500000000001</ele>
   </trkpt>
   <trkpt lat="46.9468" lon="10.145510000000002">
    <ele>1751.99</ele>
   </trkpt>
   <trkpt lat="46.94722" lon="10.14568">
    <ele>1750.7</ele>
   </trkpt>
   <trkpt lat="46.94742" lon="10.145800000000001">
    <ele>1749.14</ele>
   </trkpt>
   <trkpt lat="46.94764000000001" lon="10.14605">
    <ele>1747.66</ele>
   </trkpt>
   <trkpt lat="46.94771" lon="10.146180000000001">
    <ele>1747.66</ele>
   </trkpt>
   <trkpt lat="46.94782000000001" lon="10.146460000000001">
    <ele>1745.8000000000002</ele>
   </trkpt>
   <trkpt lat="46.94796" lon="10.14718">
    <ele>1743.8000000000002</ele>
   </trkpt>
   <trkpt lat="46.948010000000004" lon="10.14736">
    <ele>1741.1000000000001</ele>
   </trkpt>
   <trkpt lat="46.948150000000005" lon="10.14771">
    <ele>1739.99</ele>
   </trkpt>
   <trkpt lat="46.948260000000005" lon="10.147870000000001">
    <ele>1739.2</ele>
   </trkpt>
   <trkpt lat="46.94838000000001" lon="10.148000000000001">
    <ele>1738.45</ele>
   </trkpt>
   <trkpt lat="46.94867000000001" lon="10.148190000000001">
    <ele>1735.7600000000002</ele>
   </trkpt>
   <trkpt lat="46.949220000000004" lon="10.148420000000002">
    <ele>1734.13</ele>
   </trkpt>
   <trkpt lat="46.949510000000004" lon="10.14859">
    <ele>1731.7300000000002</ele>
   </trkpt>
   <trkpt lat="46.94975" lon="10.148760000000001">
    <ele>1729.48</ele>
   </trkpt>
   <trkpt lat="46.950320000000005" lon="10.14925">
    <ele>1727.5900000000001</ele>
   </trkpt>
   <trkpt lat="46.95055000000001" lon="10.149410000000001">
    <ele>1726.2700000000002</ele>
   </trkpt>
   <trkpt lat="46.951190000000004" lon="10.14976">
    <ele>1724.88</ele>
   </trkpt>
   <trkpt lat="46.95129000000001" lon="10.14986">
    <ele>1724.7500000000002</ele>
   </trkpt>
   <trkpt lat="46.95149000000001" lon="10.14999">
    <ele>1724.45</ele>
   </trkpt>
   <trkpt lat="46.95178000000001" lon="10.150110000000002">
    <ele>1723.7600000000002</ele>
   </trkpt>
   <trkpt lat="46.95246" lon="10.150500000000001">
    <ele>1721.3500000000001</ele>
   </trkpt>
   <trkpt lat="46.95273" lon="10.15076">
    <ele>1720.93</ele>
   </trkpt>
   <trkpt lat="46.95284" lon="10.15089">
    <ele>1720.4800000000002</ele>
   </trkpt>
   <trkpt lat="46.952940000000005" lon="10.151050000000001">
    <ele>1720.13</ele>
   </trkpt>
   <trkpt lat="46.953210000000006" lon="10.15165">
    <ele>1719.45</ele>
   </trkpt>
   <trkpt lat="46.9534" lon="10.152000000000001">
    <ele>1718.9500000000003</ele>
   </trkpt>
   <trkpt lat="46.95347" lon="10.1521">
    <ele>1718.64</ele>
   </trkpt>
   <trkpt lat="46.95356" lon="10.152190000000001">
    <ele>1718.41</ele>
   </trkpt>
   <trkpt lat="46.95367" lon="10.152270000000001">
    <ele>1717.99</ele>
   </trkpt>
   <trkpt lat="46.953790000000005" lon="10.152330000000001">
    <ele>1717.66</ele>
   </trkpt>
   <trkpt lat="46.95459" lon="10.152610000000001">
    <ele>1712.2800000000002</ele>
   </trkpt>
   <trkpt lat="46.95525000000001" lon="10.15291">
    <ele>1708.2700000000002</ele>
   </trkpt>
   <trkpt lat="46.955600000000004" lon="10.153030000000001">
    <ele>1705.7600000000002</ele>
   </trkpt>
   <trkpt lat="46.95624000018651" lon="10.153059999649757">
    <ele>1699.7300000000002</ele>
   </trkpt>
   <trkpt lat="46.956880000000005" lon="10.15309">
    <ele>1692.49</ele>
   </trkpt>
   <trkpt lat="46.957170000000005" lon="10.15314">
    <ele>1685.9</ele>
   </trkpt>
   <trkpt lat="46.95752" lon="10.153270000000001">
    <ele>1683.45</ele>
   </trkpt>
   <trkpt lat="46.95797" lon="10.153540000000001">
    <ele>1678.98</ele>
   </trkpt>
   <trkpt lat="46.95834000000001" lon="10.153820000000001">
    <ele>1675.65</ele>
   </trkpt>
   <trkpt lat="46.958650000000006" lon="10.15393">
    <ele>1674.9900000000002</ele>
   </trkpt>
   <trkpt lat="46.95877" lon="10.15393">
    <ele>1674.9900000000002</ele>
   </trkpt>
   <trkpt lat="46.95886" lon="10.153910000000002">
    <ele>1669.8000000000002</ele>
   </trkpt>
   <trkpt lat="46.959140000000005" lon="10.1538">
    <ele>1669.8000000000002</ele>
   </trkpt>
   <trkpt lat="46.95953" lon="10.15361">
    <ele>1668.92</ele>
   </trkpt>
   <trkpt lat="46.95966000000001" lon="10.15357">
    <ele>1665.5700000000002</ele>
   </trkpt>
   <trkpt lat="46.95975000000001" lon="10.15357">
    <ele>1665.5700000000002</ele>
   </trkpt>
   <trkpt lat="46.959990000000005" lon="10.15361">
    <ele>1664.7600000000002</ele>
   </trkpt>
   <trkpt lat="46.960570000000004" lon="10.15379">
    <ele>1663.0200000000002</ele>
   </trkpt>
   <trkpt lat="46.960930000000005" lon="10.153960000000001">
    <ele>1658.03</ele>
   </trkpt>
   <trkpt lat="46.96106" lon="10.15404">
    <ele>1658.03</ele>
   </trkpt>
   <trkpt lat="46.961490000828036" lon="10.154499996203311">
    <ele>1656.1100000000001</ele>
   </trkpt>
   <trkpt lat="46.961920000000006" lon="10.15496">
    <ele>1654.0100000000002</ele>
   </trkpt>
   <trkpt lat="46.96204" lon="10.155130000000002">
    <ele>1653.2900000000002</ele>
   </trkpt>
   <trkpt lat="46.962120000000006" lon="10.155270000000002">
    <ele>1652.8400000000001</ele>
   </trkpt>
   <trkpt lat="46.962390000000006" lon="10.15609">
    <ele>1650.2</ele>
   </trkpt>
   <trkpt lat="46.96287" lon="10.157110000000001">
    <ele>1647.46</ele>
   </trkpt>
   <trkpt lat="46.96294" lon="10.15736">
    <ele>1644.2800000000002</ele>
   </trkpt>
   <trkpt lat="46.96313000000001" lon="10.158410000000002">
    <ele>1642.7600000000002</ele>
   </trkpt>
   <trkpt lat="46.963315002883" lon="10.159224997144584">
    <ele>1640.17</ele>
   </trkpt>
   <trkpt lat="46.9635" lon="10.16004">
    <ele>1637.82</ele>
   </trkpt>
   <trkpt lat="46.96356" lon="10.160160000000001">
    <ele>1637.82</ele>
   </trkpt>
   <trkpt lat="46.96367" lon="10.16032">
    <ele>1636.51</ele>
   </trkpt>
   <trkpt lat="46.96405" lon="10.160590000000001">
    <ele>1634.3700000000001</ele>
   </trkpt>
   <trkpt lat="46.964200000000005" lon="10.16075">
    <ele>1633.49</ele>
   </trkpt>
   <trkpt lat="46.9643" lon="10.16089">
    <ele>1633.0000000000002</ele>
   </trkpt>
   <trkpt lat="46.96463000000001" lon="10.16144">
    <ele>1630.42</ele>
   </trkpt>
   <trkpt lat="46.964830000000006" lon="10.161890000000001">
    <ele>1630.0</ele>
   </trkpt>
   <trkpt lat="46.965" lon="10.16238">
    <ele>1629.7700000000002</ele>
   </trkpt>
   <trkpt lat="46.96511" lon="10.16266">
    <ele>1628.8</ele>
   </trkpt>
   <trkpt lat="46.965250000000005" lon="10.16291">
    <ele>1628.5500000000002</ele>
   </trkpt>
   <trkpt lat="46.965500000000006" lon="10.163290000000002">
    <ele>1626.13</ele>
   </trkpt>
   <trkpt lat="46.965630000000004" lon="10.16361">
    <ele>1625.49</ele>
   </trkpt>
   <trkpt lat="46.96571" lon="10.163920000000001">
    <ele>1625.31</ele>
   </trkpt>
   <trkpt lat="46.965880000000006" lon="10.16472">
    <ele>1622.57</ele>
   </trkpt>
   <trkpt lat="46.965900000000005" lon="10.1652">
    <ele>1622.03</ele>
   </trkpt>
   <trkpt lat="46.96589" lon="10.1659">
    <ele>1621.6800000000003</ele>
   </trkpt>
   <trkpt lat="46.966080000000005" lon="10.16712">
    <ele>1618.15</ele>
   </trkpt>
   <trkpt lat="46.966150000000006" lon="10.167470000000002">
    <ele>1618.15</ele>
   </trkpt>
   <trkpt lat="46.96636" lon="10.168050000000001">
    <ele>1615.49</ele>
   </trkpt>
   <trkpt lat="46.966390000000004" lon="10.168170000000002">
    <ele>1615.49</ele>
   </trkpt>
   <trkpt lat="46.96642000000001" lon="10.168470000000001">
    <ele>1613.8500000000001</ele>
   </trkpt>
   <trkpt lat="46.96642000000001" lon="10.16892">
    <ele>1612.41</ele>
   </trkpt>
   <trkpt lat="46.96645" lon="10.16947">
    <ele>1611.2900000000002</ele>
   </trkpt>
   <trkpt lat="46.96654" lon="10.17014">
    <ele>1609.66</ele>
   </trkpt>
   <trkpt lat="46.966680001917695" lon="10.17079499852021">
    <ele>1607.93</ele>
   </trkpt>
   <trkpt lat="46.966820000000006" lon="10.17145">
    <ele>1606.4</ele>
   </trkpt>
   <trkpt lat="46.9669" lon="10.1721">
    <ele>1604.96</ele>
   </trkpt>
   <trkpt lat="46.96708" lon="10.17323">
    <ele>1602.7600000000002</ele>
   </trkpt>
   <trkpt lat="46.96705" lon="10.173620000000001">
    <ele>1602.0100000000002</ele>
   </trkpt>
   <trkpt lat="46.96689000000001" lon="10.174190000000001">
    <ele>1600.78</ele>
   </trkpt>
   <trkpt lat="46.966840000000005" lon="10.174420000000001">
    <ele>1600.1200000000001</ele>
   </trkpt>
   <trkpt lat="46.966840000000005" lon="10.17472">
    <ele>1599.76</ele>
   </trkpt>
   <trkpt lat="46.96698000000001" lon="10.175490000000002">
    <ele>1598.13</ele>
   </trkpt>
   <trkpt lat="46.967060000000004" lon="10.175820000000002">
    <ele>1597.41</ele>
   </trkpt>
   <trkpt lat="46.967310000000005" lon="10.176480000000002">
    <ele>1596.2600000000002</ele>
   </trkpt>
   <trkpt lat="46.96735" lon="10.17664">
    <ele>1595.5100000000002</ele>
   </trkpt>
   <trkpt lat="46.96737" lon="10.177430000000001">
    <ele>1594.54</ele>
   </trkpt>
   <trkpt lat="46.96735" lon="10.17867">
    <ele>1593.0300000000002</ele>
   </trkpt>
   <trkpt lat="46.9673" lon="10.179480000000002">
    <ele>1591.5800000000002</ele>
   </trkpt>
   <trkpt lat="46.967310000000005" lon="10.18004">
    <ele>1591.18</ele>
   </trkpt>
   <trkpt lat="46.96745000000001" lon="10.181230000000001">
    <ele>1588.9</ele>
   </trkpt>
   <trkpt lat="46.96759000377222" lon="10.182164997330318">
    <ele>1587.25</ele>
   </trkpt>
   <trkpt lat="46.96773" lon="10.183100000000001">
    <ele>1585.6000000000001</ele>
   </trkpt>
   <trkpt lat="46.967830000000006" lon="10.18356">
    <ele>1584.8000000000002</ele>
   </trkpt>
   <trkpt lat="46.96819000000001" lon="10.18457">
    <ele>1583.67</ele>
   </trkpt>
   <trkpt lat="46.96828000000001" lon="10.18485">
    <ele>1583.62</ele>
   </trkpt>
   <trkpt lat="46.96848000000001" lon="10.185740000000001">
    <ele>1582.8600000000001</ele>
   </trkpt>
   <trkpt lat="46.968630000000005" lon="10.18608">
    <ele>1582.4900000000002</ele>
   </trkpt>
   <trkpt lat="46.968790000000006" lon="10.186340000000001">
    <ele>1581.5100000000002</ele>
   </trkpt>
   <trkpt lat="46.968830000000004" lon="10.186440000000001">
    <ele>1580.8700000000001</ele>
   </trkpt>
   <trkpt lat="46.968830000000004" lon="10.186610000000002">
    <ele>1579.3700000000001</ele>
   </trkpt>
   <trkpt lat="46.968790000000006" lon="10.186710000000001">
    <ele>1579.3700000000001</ele>
   </trkpt>
   <trkpt lat="46.96858" lon="10.18689">
    <ele>1575.5400000000002</ele>
   </trkpt>
   <trkpt lat="46.968520000000005" lon="10.186990000000002">
    <ele>1574.78</ele>
   </trkpt>
   <trkpt lat="46.968500000000006" lon="10.187130000000002">
    <ele>1575.8700000000001</ele>
   </trkpt>
   <trkpt lat="46.96851" lon="10.187370000000001">
    <ele>1573.5800000000002</ele>
   </trkpt>
   <trkpt lat="46.96855" lon="10.187840000000001">
    <ele>1572.0</ele>
   </trkpt>
   <trkpt lat="46.96869" lon="10.188180000000001">
    <ele>1571.3300000000002</ele>
   </trkpt>
   <trkpt lat="46.96875000000001" lon="10.18828">
    <ele>1571.19</ele>
   </trkpt>
   <trkpt lat="46.968990000000005" lon="10.18857">
    <ele>1571.02</ele>
   </trkpt>
   <trkpt lat="46.96918" lon="10.18885">
    <ele>1570.47</ele>
   </trkpt>
   <trkpt lat="46.96929" lon="10.18903">
    <ele>1569.17</ele>
   </trkpt>
   <trkpt lat="46.969460000000005" lon="10.189380000000002">
    <ele>1567.98</ele>
   </trkpt>
   <trkpt lat="46.969680000000004" lon="10.190130000000002">
    <ele>1566.57</ele>
   </trkpt>
   <trkpt lat="46.969910000000006" lon="10.19111">
    <ele>1564.54</ele>
   </trkpt>
   <trkpt lat="46.97005" lon="10.191510000000001">
    <ele>1563.63</ele>
   </trkpt>
   <trkpt lat="46.97027000159145" lon="10.192094997864277">
    <ele>1562.48</ele>
   </trkpt>
   <trkpt lat="46.970490000000005" lon="10.192680000000001">
    <ele>1562.19</ele>
   </trkpt>
   <trkpt lat="46.970580000000005" lon="10.193010000000001">
    <ele>1560.3300000000002</ele>
   </trkpt>
   <trkpt lat="46.97072000000001" lon="10.193840000000002">
    <ele>1558.41</ele>
   </trkpt>
   <trkpt lat="46.97082500281374" lon="10.194644998364955">
    <ele>1556.7400000000002</ele>
   </trkpt>
   <trkpt lat="46.97093" lon="10.195450000000001">
    <ele>1555.74</ele>
   </trkpt>
   <trkpt lat="46.97101000000001" lon="10.195910000000001">
    <ele>1553.6900000000003</ele>
   </trkpt>
   <trkpt lat="46.97115" lon="10.19649">
    <ele>1553.3000000000002</ele>
   </trkpt>
   <trkpt lat="46.971270000000004" lon="10.196850000000001">
    <ele>1552.21</ele>
   </trkpt>
   <trkpt lat="46.971602511058876" lon="10.197769982857034">
    <ele>1551.05</ele>
   </trkpt>
   <trkpt lat="46.97193501474918" lon="10.198689977153478">
    <ele>1548.1200000000001</ele>
   </trkpt>
   <trkpt lat="46.97226751107074" lon="10.199609982889353">
    <ele>1547.32</ele>
   </trkpt>
   <trkpt lat="46.97260000000001" lon="10.20053">
    <ele>1545.97</ele>
   </trkpt>
   <trkpt lat="46.97280000000001" lon="10.201110000000002">
    <ele>1545.7900000000002</ele>
   </trkpt>
   <trkpt lat="46.973020000000005" lon="10.20184">
    <ele>1544.55</ele>
   </trkpt>
   <trkpt lat="46.97321000214816" lon="10.202554997169273">
    <ele>1543.5400000000002</ele>
   </trkpt>
   <trkpt lat="46.973400000000005" lon="10.203270000000002">
    <ele>1543.1200000000001</ele>
   </trkpt>
   <trkpt lat="46.97361" lon="10.20397">
    <ele>1542.52</ele>
   </trkpt>
   <trkpt lat="46.97379" lon="10.204360000000001">
    <ele>1541.0100000000002</ele>
   </trkpt>
   <trkpt lat="46.974000000000004" lon="10.20472">
    <ele>1540.52</ele>
   </trkpt>
   <trkpt lat="46.97438500107295" lon="10.205209996507694">
    <ele>1538.39</ele>
   </trkpt>
   <trkpt lat="46.97477000000001" lon="10.2057">
    <ele>1537.3400000000001</ele>
   </trkpt>
   <trkpt lat="46.97505" lon="10.20612">
    <ele>1536.5000000000002</ele>
   </trkpt>
   <trkpt lat="46.97522000000001" lon="10.206460000000002">
    <ele>1534.85</ele>
   </trkpt>
   <trkpt lat="46.975440000000006" lon="10.20697">
    <ele>1533.32</ele>
   </trkpt>
   <trkpt lat="46.975845004555545" lon="10.20799499219195">
    <ele>1532.1</ele>
   </trkpt>
   <trkpt lat="46.97625000000001" lon="10.20902">
    <ele>1536.07</ele>
   </trkpt>
   <trkpt lat="46.97666" lon="10.209950000000001">
    <ele>1541.29</ele>
   </trkpt>
   <trkpt lat="46.97706" lon="10.210640000000001">
    <ele>1543.46</ele>
   </trkpt>
   <trkpt lat="46.977560000000004" lon="10.21122">
    <ele>1544.0800000000002</ele>
   </trkpt>
   <trkpt lat="46.977720000000005" lon="10.21146">
    <ele>1544.17</ele>
   </trkpt>
   <trkpt lat="46.97796" lon="10.21183">
    <ele>1544.1</ele>
   </trkpt>
   <trkpt lat="46.978300001474025" lon="10.212424996099266">
    <ele>1544.16</ele>
   </trkpt>
   <trkpt lat="46.978640000000006" lon="10.21302">
    <ele>1543.9</ele>
   </trkpt>
   <trkpt lat="46.97907000177921" lon="10.21366499476527">
    <ele>1543.32</ele>
   </trkpt>
   <trkpt lat="46.9795" lon="10.214310000000001">
    <ele>1542.99</ele>
   </trkpt>
   <trkpt lat="46.97968" lon="10.21465">
    <ele>1542.66</ele>
   </trkpt>
   <trkpt lat="46.97983000000001" lon="10.21502">
    <ele>1542.43</ele>
   </trkpt>
   <trkpt lat="46.97995" lon="10.215420000000002">
    <ele>1542.34</ele>
   </trkpt>
   <trkpt lat="46.98021000000001" lon="10.216650000000001">
    <ele>1541.8100000000002</ele>
   </trkpt>
   <trkpt lat="46.98031" lon="10.217020000000002">
    <ele>1540.8000000000002</ele>
   </trkpt>
   <trkpt lat="46.980410000000006" lon="10.217310000000001">
    <ele>1540.0</ele>
   </trkpt>
   <trkpt lat="46.98053" lon="10.217580000000002">
    <ele>1538.68</ele>
   </trkpt>
   <trkpt lat="46.98069" lon="10.217860000000002">
    <ele>1537.8100000000002</ele>
   </trkpt>
   <trkpt lat="46.98086000000001" lon="10.218100000000002">
    <ele>1536.3000000000002</ele>
   </trkpt>
   <trkpt lat="46.98133000000001" lon="10.21859">
    <ele>1532.67</ele>
   </trkpt>
   <trkpt lat="46.981640000000006" lon="10.218950000000001">
    <ele>1531.03</ele>
   </trkpt>
   <trkpt lat="46.981820000000006" lon="10.219230000000001">
    <ele>1529.7</ele>
   </trkpt>
   <trkpt lat="46.981970000000004" lon="10.219570000000001">
    <ele>1526.99</ele>
   </trkpt>
   <trkpt lat="46.982040000000005" lon="10.21977">
    <ele>1526.99</ele>
   </trkpt>
   <trkpt lat="46.98214" lon="10.22023">
    <ele>1525.63</ele>
   </trkpt>
   <trkpt lat="46.98228" lon="10.221260000000001">
    <ele>1522.7100000000003</ele>
   </trkpt>
   <trkpt lat="46.98245500257412" lon="10.222029997450022">
    <ele>1521.27</ele>
   </trkpt>
   <trkpt lat="46.98263" lon="10.222800000000001">
    <ele>1518.76</ele>
   </trkpt>
   <trkpt lat="46.982690000000005" lon="10.22344">
    <ele>1516.72</ele>
   </trkpt>
   <trkpt lat="46.98275" lon="10.224620000000002">
    <ele>1511.7900000000002</ele>
   </trkpt>
   <trkpt lat="46.98283000000001" lon="10.225190000000001">
    <ele>1507.18</ele>
   </trkpt>
   <trkpt lat="46.982980000000005" lon="10.22572">
    <ele>1504.16</ele>
   </trkpt>
   <trkpt lat="46.983290000000004" lon="10.226420000000001">
    <ele>1499.47</ele>
   </trkpt>
   <trkpt lat="46.98359000151351" lon="10.227024996444142">
    <ele>1494.66</ele>
   </trkpt>
   <trkpt lat="46.98389" lon="10.227630000000001">
    <ele>1490.9800000000002</ele>
   </trkpt>
   <trkpt lat="46.984030000000004" lon="10.22799">
    <ele>1488.8000000000002</ele>
   </trkpt>
   <trkpt lat="46.98422" lon="10.228570000000001">
    <ele>1484.04</ele>
   </trkpt>
   <trkpt lat="46.98429" lon="10.22888">
    <ele>1482.3500000000001</ele>
   </trkpt>
   <trkpt lat="46.98434" lon="10.229190000000001">
    <ele>1480.2700000000002</ele>
   </trkpt>
   <trkpt lat="46.984390000000005" lon="10.22963">
    <ele>1478.65</ele>
   </trkpt>
   <trkpt lat="46.984415004521495" lon="10.230649999228463">
    <ele>1473.09</ele>
   </trkpt>
   <trkpt lat="46.984440000000006" lon="10.231670000000001">
    <ele>1470.79</ele>
   </trkpt>
   <trkpt lat="46.98451000000001" lon="10.23225">
    <ele>1469.96</ele>
   </trkpt>
   <trkpt lat="46.9846" lon="10.23281">
    <ele>1469.6200000000001</ele>
   </trkpt>
   <trkpt lat="46.98483667346276" lon="10.233693325524005">
    <ele>1469.6200000000001</ele>
   </trkpt>
   <trkpt lat="46.9850733401327" lon="10.234576658869459">
    <ele>1469.33</ele>
   </trkpt>
   <trkpt lat="46.985310000000005" lon="10.235460000000002">
    <ele>1468.22</ele>
   </trkpt>
   <trkpt lat="46.985600000000005" lon="10.236640000000001">
    <ele>1464.8600000000001</ele>
   </trkpt>
   <trkpt lat="46.98579" lon="10.237760000000002">
    <ele>1461.84</ele>
   </trkpt>
   <trkpt lat="46.98586000184673" lon="10.238414998948171">
    <ele>1461.5</ele>
   </trkpt>
   <trkpt lat="46.98593" lon="10.239070000000002">
    <ele>1460.77</ele>
   </trkpt>
   <trkpt lat="46.98608" lon="10.240070000000001">
    <ele>1460.3799999999999</ele>
   </trkpt>
   <trkpt lat="46.986250000000005" lon="10.2408">
    <ele>1459.2900000000002</ele>
   </trkpt>
   <trkpt lat="46.98637" lon="10.24116">
    <ele>1459.2900000000002</ele>
   </trkpt>
   <trkpt lat="46.986540000000005" lon="10.241570000000001">
    <ele>1458.49</ele>
   </trkpt>
   <trkpt lat="46.986760000000004" lon="10.242040000000001">
    <ele>1458.25</ele>
   </trkpt>
   <trkpt lat="46.98702" lon="10.24249">
    <ele>1458.18</ele>
   </trkpt>
   <trkpt lat="46.98746000169126" lon="10.243119994761999">
    <ele>1456.65</ele>
   </trkpt>
   <trkpt lat="46.9879" lon="10.24375">
    <ele>1455.9700000000003</ele>
   </trkpt>
   <trkpt lat="46.988040000000005" lon="10.244000000000002">
    <ele>1455.9700000000003</ele>
   </trkpt>
   <trkpt lat="46.988310000000006" lon="10.24464">
    <ele>1454.95</ele>
   </trkpt>
   <trkpt lat="46.988500001716694" lon="10.245264997832214">
    <ele>1454.02</ele>
   </trkpt>
   <trkpt lat="46.988690000000005" lon="10.245890000000001">
    <ele>1452.17</ele>
   </trkpt>
   <trkpt lat="46.989020000000004" lon="10.246820000000001">
    <ele>1448.3700000000001</ele>
   </trkpt>
   <trkpt lat="46.98933500178157" lon="10.247449996395007">
    <ele>1446.3100000000002</ele>
   </trkpt>
   <trkpt lat="46.989650000000005" lon="10.248080000000002">
    <ele>1445.0</ele>
   </trkpt>
   <trkpt lat="46.990000001984676" lon="10.248754995582546">
    <ele>1441.3700000000001</ele>
   </trkpt>
   <trkpt lat="46.99035000000001" lon="10.24943">
    <ele>1439.17</ele>
   </trkpt>
   <trkpt lat="46.9906" lon="10.24999">
    <ele>1435.25</ele>
   </trkpt>
   <trkpt lat="46.99071000000001" lon="10.25028">
    <ele>1432.8400000000001</ele>
   </trkpt>
   <trkpt lat="46.991020000000006" lon="10.251420000000001">
    <ele>1426.98</ele>
   </trkpt>
   <trkpt lat="46.991170000000004" lon="10.25191">
    <ele>1424.7200000000003</ele>
   </trkpt>
   <trkpt lat="46.991310000000006" lon="10.252270000000001">
    <ele>1422.9</ele>
   </trkpt>
   <trkpt lat="46.99179500344385" lon="10.253164991798966">
    <ele>1416.8500000000001</ele>
   </trkpt>
   <trkpt lat="46.99228" lon="10.25406">
    <ele>1413.7700000000002</ele>
   </trkpt>
   <trkpt lat="46.99259000000001" lon="10.25468">
    <ele>1414.8700000000001</ele>
   </trkpt>
   <trkpt lat="46.99277000000001" lon="10.255270000000001">
    <ele>1414.6200000000001</ele>
   </trkpt>
   <trkpt lat="46.9929166763779" lon="10.256326660802882">
    <ele>1408.92</ele>
   </trkpt>
   <trkpt lat="46.993063343035736" lon="10.25738332740574">
    <ele>1409.81</ele>
   </trkpt>
   <trkpt lat="46.993210000000005" lon="10.25844">
    <ele>1411.0500000000002</ele>
   </trkpt>
   <trkpt lat="46.99335000000001" lon="10.258890000000001">
    <ele>1411.81</ele>
   </trkpt>
   <trkpt lat="46.99362000000001" lon="10.25956">
    <ele>1412.19</ele>
   </trkpt>
   <trkpt lat="46.994050006621144" lon="10.260433319241157">
    <ele>1414.0400000000002</ele>
   </trkpt>
   <trkpt lat="46.994480006602615" lon="10.26130665253662">
    <ele>1407.7700000000002</ele>
   </trkpt>
   <trkpt lat="46.994910000000004" lon="10.26218">
    <ele>1407.31</ele>
   </trkpt>
   <trkpt lat="46.99520000125481" lon="10.262724996970821">
    <ele>1404.26</ele>
   </trkpt>
   <trkpt lat="46.995490000000004" lon="10.26327">
    <ele>1401.1200000000001</ele>
   </trkpt>
   <trkpt lat="46.995900000000006" lon="10.264100000000001">
    <ele>1398.7900000000002</ele>
   </trkpt>
   <trkpt lat="46.99595" lon="10.26411">
    <ele>1398.7900000000002</ele>
   </trkpt>
   <trkpt lat="46.99616" lon="10.26457">
    <ele>1397.65</ele>
   </trkpt>
   <trkpt lat="46.996430000000004" lon="10.265500000000001">
    <ele>1395.5300000000002</ele>
   </trkpt>
   <trkpt lat="46.996570000000006" lon="10.26589">
    <ele>1394.9900000000002</ele>
   </trkpt>
   <trkpt lat="46.99697500815743" lon="10.266679982052217">
    <ele>1394.38</ele>
   </trkpt>
   <trkpt lat="46.9973800108819" lon="10.26746997607975">
    <ele>1394.14</ele>
   </trkpt>
   <trkpt lat="46.997785008173345" lon="10.268259982082787">
    <ele>1394.13</ele>
   </trkpt>
   <trkpt lat="46.99819" lon="10.26905">
    <ele>1393.8600000000001</ele>
   </trkpt>
   <trkpt lat="46.99852333843083" lon="10.269816657056486">
    <ele>1393.67</ele>
   </trkpt>
   <trkpt lat="46.99885667174486" lon="10.270583323678634">
    <ele>1393.07</ele>
   </trkpt>
   <trkpt lat="46.999190000000006" lon="10.27135">
    <ele>1392.71</ele>
   </trkpt>
   <trkpt lat="46.999550000000006" lon="10.27204">
    <ele>1391.49</ele>
   </trkpt>
   <trkpt lat="46.999950000000005" lon="10.27264">
    <ele>1388.98</ele>
   </trkpt>
   <trkpt lat="47.00048" lon="10.27331">
    <ele>1386.3</ele>
   </trkpt>
   <trkpt lat="47.001070000000006" lon="10.27392">
    <ele>1381.38</ele>
   </trkpt>
   <trkpt lat="47.001110000000004" lon="10.27402">
    <ele>1381.38</ele>
   </trkpt>
   <trkpt lat="47.00166" lon="10.27453">
    <ele>1377.2600000000002</ele>
   </trkpt>
   <trkpt lat="47.002010000000006" lon="10.274880000000001">
    <ele>1375.6000000000001</ele>
   </trkpt>
   <trkpt lat="47.00250333551262" lon="10.275379990768757">
    <ele>1373.38</ele>
   </trkpt>
   <trkpt lat="47.002996668848944" lon="10.275879990771664">
    <ele>1371.8400000000001</ele>
   </trkpt>
   <trkpt lat="47.003490000000006" lon="10.276380000000001">
    <ele>1371.16</ele>
   </trkpt>
   <trkpt lat="47.003800000000005" lon="10.27684">
    <ele>1370.1000000000001</ele>
   </trkpt>
   <trkpt lat="47.00408" lon="10.277460000000001">
    <ele>1369.45</ele>
   </trkpt>
   <trkpt lat="47.00451" lon="10.27856">
    <ele>1368.19</ele>
   </trkpt>
   <trkpt lat="47.004780000000004" lon="10.279340000000001">
    <ele>1367.24</ele>
   </trkpt>
   <trkpt lat="47.005" lon="10.27982">
    <ele>1366.33</ele>
   </trkpt>
   <trkpt lat="47.005280000000006" lon="10.28021">
    <ele>1366.0100000000002</ele>
   </trkpt>
   <trkpt lat="47.005980002518235" lon="10.28096499014637">
    <ele>1364.1000000000001</ele>
   </trkpt>
   <trkpt lat="47.00668" lon="10.28172">
    <ele>1362.13</ele>
   </trkpt>
   <trkpt lat="47.00705000000001" lon="10.28223">
    <ele>1361.5100000000002</ele>
   </trkpt>
   <trkpt lat="47.00735" lon="10.28273">
    <ele>1361.16</ele>
   </trkpt>
   <trkpt lat="47.007830000000006" lon="10.283700000000001">
    <ele>1360.43</ele>
   </trkpt>
   <trkpt lat="47.008190000000006" lon="10.284320000000001">
    <ele>1359.65</ele>
   </trkpt>
   <trkpt lat="47.0087533398773" lon="10.285186648393838">
    <ele>1358.2200000000003</ele>
   </trkpt>
   <trkpt lat="47.009316673216134" lon="10.286053315068674">
    <ele>1355.79</ele>
   </trkpt>
   <trkpt lat="47.00988" lon="10.28692">
    <ele>1354.43</ele>
   </trkpt>
   <trkpt lat="47.010310000000004" lon="10.28747">
    <ele>1354.45</ele>
   </trkpt>
   <trkpt lat="47.01039" lon="10.287640000000001">
    <ele>1354.36</ele>
   </trkpt>
   <trkpt lat="47.010400000000004" lon="10.28772">
    <ele>1354.36</ele>
   </trkpt>
   <trkpt lat="47.01043000000001" lon="10.28776">
    <ele>1353.7</ele>
   </trkpt>
   <trkpt lat="47.010470000000005" lon="10.287780000000001">
    <ele>1353.7</ele>
   </trkpt>
   <trkpt lat="47.01053" lon="10.28777">
    <ele>1353.66</ele>
   </trkpt>
   <trkpt lat="47.01066" lon="10.28782">
    <ele>1353.58</ele>
   </trkpt>
   <trkpt lat="47.01109" lon="10.28814">
    <ele>1353.17</ele>
   </trkpt>
   <trkpt lat="47.011605000376804" lon="10.288429997209624">
    <ele>1353.0300000000002</ele>
   </trkpt>
   <trkpt lat="47.01212" lon="10.288720000000001">
    <ele>1353.0000000000002</ele>
   </trkpt>
   <trkpt lat="47.012420000000006" lon="10.28893">
    <ele>1352.7</ele>
   </trkpt>
   <trkpt lat="47.012710000000006" lon="10.28917">
    <ele>1352.5200000000002</ele>
   </trkpt>
   <trkpt lat="47.012910000000005" lon="10.289380000000001">
    <ele>1352.42</ele>
   </trkpt>
   <trkpt lat="47.013200000000005" lon="10.28974">
    <ele>1352.17</ele>
   </trkpt>
   <trkpt lat="47.013470000000005" lon="10.29016">
    <ele>1351.3400000000001</ele>
   </trkpt>
   <trkpt lat="47.013650000000005" lon="10.29049">
    <ele>1350.0800000000002</ele>
   </trkpt>
   <trkpt lat="47.01393000155762" lon="10.29107499707497">
    <ele>1349.4</ele>
   </trkpt>
   <trkpt lat="47.014210000000006" lon="10.29166">
    <ele>1348.13</ele>
   </trkpt>
   <trkpt lat="47.014410000000005" lon="10.29198">
    <ele>1348.26</ele>
   </trkpt>
   <trkpt lat="47.014480000000006" lon="10.29222">
    <ele>1347.6800000000003</ele>
   </trkpt>
   <trkpt lat="47.01447" lon="10.29235">
    <ele>1347.75</ele>
   </trkpt>
   <trkpt lat="47.014500000000005" lon="10.292430000000001">
    <ele>1347.75</ele>
   </trkpt>
   <trkpt lat="47.01455000000001" lon="10.292480000000001">
    <ele>1344.88</ele>
   </trkpt>
   <trkpt lat="47.014610000000005" lon="10.292480000000001">
    <ele>1344.88</ele>
   </trkpt>
   <trkpt lat="47.014700000000005" lon="10.29254">
    <ele>1344.68</ele>
   </trkpt>
   <trkpt lat="47.014810000000004" lon="10.29265">
    <ele>1344.51</ele>
   </trkpt>
   <trkpt lat="47.015170000000005" lon="10.29345">
    <ele>1342.7300000000002</ele>
   </trkpt>
   <trkpt lat="47.01529000000001" lon="10.293740000000001">
    <ele>1342.3700000000001</ele>
   </trkpt>
   <trkpt lat="47.01540000000001" lon="10.29414">
    <ele>1341.7500000000002</ele>
   </trkpt>
   <trkpt lat="47.01556" lon="10.2949">
    <ele>1341.3000000000002</ele>
   </trkpt>
   <trkpt lat="47.015620000000006" lon="10.295390000000001">
    <ele>1341.3000000000002</ele>
   </trkpt>
   <trkpt lat="47.015750000000004" lon="10.296100000000001">
    <ele>1340.39</ele>
   </trkpt>
   <trkpt lat="47.01585" lon="10.296470000000001">
    <ele>1339.7</ele>
   </trkpt>
   <trkpt lat="47.015980000000006" lon="10.296830000000002">
    <ele>1339.7</ele>
   </trkpt>
   <trkpt lat="47.01615" lon="10.29723">
    <ele>1338.71</ele>
   </trkpt>
   <trkpt lat="47.016740000000006" lon="10.29817">
    <ele>1335.32</ele>
   </trkpt>
   <trkpt lat="47.016980000000004" lon="10.29865">
    <ele>1335.44</ele>
   </trkpt>
   <trkpt lat="47.0172900029394" lon="10.29946999527319">
    <ele>1335.35</ele>
   </trkpt>
   <trkpt lat="47.0176" lon="10.30029">
    <ele>1332.92</ele>
   </trkpt>
   <trkpt lat="47.01787" lon="10.3008">
    <ele>1331.72</ele>
   </trkpt>
   <trkpt lat="47.018320000779205" lon="10.301269995848571">
    <ele>1330.77</ele>
   </trkpt>
   <trkpt lat="47.01877" lon="10.30174">
    <ele>1329.9</ele>
   </trkpt>
   <trkpt lat="47.01899" lon="10.30199">
    <ele>1329.3700000000001</ele>
   </trkpt>
   <trkpt lat="47.019270000000006" lon="10.30241">
    <ele>1328.8600000000001</ele>
   </trkpt>
   <trkpt lat="47.01955000183729" lon="10.303059996587471">
    <ele>1327.8400000000001</ele>
   </trkpt>
   <trkpt lat="47.019830000000006" lon="10.30371">
    <ele>1327.14</ele>
   </trkpt>
   <trkpt lat="47.020100000000006" lon="10.30424">
    <ele>1325.53</ele>
   </trkpt>
   <trkpt lat="47.02056" lon="10.304900000000002">
    <ele>1324.4600000000003</ele>
   </trkpt>
   <trkpt lat="47.02103" lon="10.305280000000002">
    <ele>1323.29</ele>
   </trkpt>
   <trkpt lat="47.02163" lon="10.30611">
    <ele>1320.8300000000002</ele>
   </trkpt>
   <trkpt lat="47.021980000000006" lon="10.306550000000001">
    <ele>1318.3500000000001</ele>
   </trkpt>
   <trkpt lat="47.02232" lon="10.3069">
    <ele>1316.65</ele>
   </trkpt>
   <trkpt lat="47.022780000000004" lon="10.30733">
    <ele>1315.14</ele>
   </trkpt>
   <trkpt lat="47.023205000601514" lon="10.307679997269954">
    <ele>1313.8700000000001</ele>
   </trkpt>
   <trkpt lat="47.023630000000004" lon="10.30803">
    <ele>1312.95</ele>
   </trkpt>
   <trkpt lat="47.02387" lon="10.30818">
    <ele>1312.5900000000001</ele>
   </trkpt>
   <trkpt lat="47.024360000043714" lon="10.308349998411124">
    <ele>1312.18</ele>
   </trkpt>
   <trkpt lat="47.02485" lon="10.308520000000001">
    <ele>1311.76</ele>
   </trkpt>
   <trkpt lat="47.025150000000004" lon="10.30868">
    <ele>1310.93</ele>
   </trkpt>
   <trkpt lat="47.02535" lon="10.308860000000001">
    <ele>1310.93</ele>
   </trkpt>
   <trkpt lat="47.02554000000001" lon="10.30907">
    <ele>1310.3700000000001</ele>
   </trkpt>
   <trkpt lat="47.02573" lon="10.30934">
    <ele>1309.5800000000002</ele>
   </trkpt>
   <trkpt lat="47.02588" lon="10.309640000000002">
    <ele>1308.84</ele>
   </trkpt>
   <trkpt lat="47.02602" lon="10.30999">
    <ele>1308.23</ele>
   </trkpt>
   <trkpt lat="47.02624" lon="10.31095">
    <ele>1307.14</ele>
   </trkpt>
   <trkpt lat="47.02631" lon="10.311760000000001">
    <ele>1305.32</ele>
   </trkpt>
   <trkpt lat="47.026450000000004" lon="10.312690000000002">
    <ele>1303.13</ele>
   </trkpt>
   <trkpt lat="47.02655" lon="10.313070000000002">
    <ele>1302.16</ele>
   </trkpt>
   <trkpt lat="47.026740000000004" lon="10.31351">
    <ele>1301.4800000000002</ele>
   </trkpt>
   <trkpt lat="47.02705" lon="10.31394">
    <ele>1300.93</ele>
   </trkpt>
   <trkpt lat="47.02783" lon="10.314480000000001">
    <ele>1299.1000000000001</ele>
   </trkpt>
   <trkpt lat="47.02831000084434" lon="10.314889996409244">
    <ele>1297.5800000000002</ele>
   </trkpt>
   <trkpt lat="47.02879" lon="10.3153">
    <ele>1297.05</ele>
   </trkpt>
   <trkpt lat="47.02933" lon="10.315560000000001">
    <ele>1295.98</ele>
   </trkpt>
   <trkpt lat="47.029500000000006" lon="10.31572">
    <ele>1294.9</ele>
   </trkpt>
   <trkpt lat="47.02962" lon="10.315890000000001">
    <ele>1294.6200000000001</ele>
   </trkpt>
   <trkpt lat="47.03007" lon="10.316780000000001">
    <ele>1292.93</ele>
   </trkpt>
   <trkpt lat="47.03045" lon="10.31746">
    <ele>1291.6200000000001</ele>
   </trkpt>
   <trkpt lat="47.03085" lon="10.31811">
    <ele>1290.0600000000002</ele>
   </trkpt>
   <trkpt lat="47.031490000000005" lon="10.318950000000001">
    <ele>1287.98</ele>
   </trkpt>
   <trkpt lat="47.03191500076331" lon="10.319364996708616">
    <ele>1286.6000000000001</ele>
   </trkpt>
   <trkpt lat="47.032340000000005" lon="10.319780000000002">
    <ele>1285.39</ele>
   </trkpt>
   <trkpt lat="47.032590000000006" lon="10.320120000000001">
    <ele>1284.01</ele>
   </trkpt>
   <trkpt lat="47.03276" lon="10.320450000000001">
    <ele>1283.5700000000002</ele>
   </trkpt>
   <trkpt lat="47.032920000000004" lon="10.3209">
    <ele>1281.71</ele>
   </trkpt>
   <trkpt lat="47.033030000000004" lon="10.321380000000001">
    <ele>1279.5800000000002</ele>
   </trkpt>
   <trkpt lat="47.0332" lon="10.322470000000001">
    <ele>1274.71</ele>
   </trkpt>
   <trkpt lat="47.03331000000001" lon="10.322930000000001">
    <ele>1273.95</ele>
   </trkpt>
   <trkpt lat="47.033570000000005" lon="10.323730000000001">
    <ele>1272.48</ele>
   </trkpt>
   <trkpt lat="47.033770000000004" lon="10.324150000000001">
    <ele>1272.92</ele>
   </trkpt>
   <trkpt lat="47.034110000000005" lon="10.32474">
    <ele>1274.7</ele>
   </trkpt>
   <trkpt lat="47.03447500107959" lon="10.325204996995987">
    <ele>1276.41</ele>
   </trkpt>
   <trkpt lat="47.03484" lon="10.32567">
    <ele>1279.5800000000002</ele>
   </trkpt>
   <trkpt lat="47.03552000175384" lon="10.326304991907177">
    <ele>1283.9</ele>
   </trkpt>
   <trkpt lat="47.0362" lon="10.32694">
    <ele>1287.15</ele>
   </trkpt>
   <trkpt lat="47.036530000000006" lon="10.32728">
    <ele>1288.28</ele>
   </trkpt>
   <trkpt lat="47.03676" lon="10.32764">
    <ele>1289.59</ele>
   </trkpt>
   <trkpt lat="47.03703000149662" lon="10.328229996974386">
    <ele>1290.41</ele>
   </trkpt>
   <trkpt lat="47.0373" lon="10.32882">
    <ele>1290.81</ele>
   </trkpt>
   <trkpt lat="47.03761" lon="10.32943">
    <ele>1293.0700000000002</ele>
   </trkpt>
   <trkpt lat="47.03797500178296" lon="10.330049995945606">
    <ele>1294.69</ele>
   </trkpt>
   <trkpt lat="47.038340000000005" lon="10.330670000000001">
    <ele>1292.17</ele>
   </trkpt>
   <trkpt lat="47.038740000000004" lon="10.331650000000002">
    <ele>1289.47</ele>
   </trkpt>
   <trkpt lat="47.03904000000001" lon="10.33247">
    <ele>1287.2400000000002</ele>
   </trkpt>
   <trkpt lat="47.0392" lon="10.332830000000001">
    <ele>1281.98</ele>
   </trkpt>
   <trkpt lat="47.03938" lon="10.33313">
    <ele>1281.98</ele>
   </trkpt>
   <trkpt lat="47.03981" lon="10.333670000000001">
    <ele>1278.61</ele>
   </trkpt>
   <trkpt lat="47.040240000000004" lon="10.334340000000001">
    <ele>1273.7800000000002</ele>
   </trkpt>
   <trkpt lat="47.040350000000004" lon="10.334480000000001">
    <ele>1273.7800000000002</ele>
   </trkpt>
   <trkpt lat="47.040580000000006" lon="10.334670000000001">
    <ele>1269.02</ele>
   </trkpt>
   <trkpt lat="47.04084" lon="10.334800000000001">
    <ele>1269.02</ele>
   </trkpt>
   <trkpt lat="47.04097" lon="10.334840000000002">
    <ele>1263.38</ele>
   </trkpt>
   <trkpt lat="47.041560000000004" lon="10.33492">
    <ele>1259.14</ele>
   </trkpt>
   <trkpt lat="47.041790000000006" lon="10.334980000000002">
    <ele>1259.14</ele>
   </trkpt>
   <trkpt lat="47.042" lon="10.335090000000001">
    <ele>1256.91</ele>
   </trkpt>
   <trkpt lat="47.042170000000006" lon="10.335220000000001">
    <ele>1254.2300000000002</ele>
   </trkpt>
   <trkpt lat="47.042280000000005" lon="10.33534">
    <ele>1254.2300000000002</ele>
   </trkpt>
   <trkpt lat="47.042550000000006" lon="10.33576">
    <ele>1251.2800000000002</ele>
   </trkpt>
   <trkpt lat="47.042660000000005" lon="10.336030000000001">
    <ele>1249.19</ele>
   </trkpt>
   <trkpt lat="47.04294" lon="10.33698">
    <ele>1244.88</ele>
   </trkpt>
   <trkpt lat="47.04303" lon="10.337190000000001">
    <ele>1243.97</ele>
   </trkpt>
   <trkpt lat="47.043260000000004" lon="10.33758">
    <ele>1242.7700000000002</ele>
   </trkpt>
   <trkpt lat="47.04381000362134" lon="10.338223320089972">
    <ele>1239.98</ele>
   </trkpt>
   <trkpt lat="47.04436000364016" lon="10.338866653445118">
    <ele>1238.79</ele>
   </trkpt>
   <trkpt lat="47.04491" lon="10.33951">
    <ele>1235.81</ele>
   </trkpt>
   <trkpt lat="47.04518" lon="10.33985">
    <ele>1233.97</ele>
   </trkpt>
   <trkpt lat="47.04547" lon="10.34031">
    <ele>1232.18</ele>
   </trkpt>
   <trkpt lat="47.0456" lon="10.34059">
    <ele>1230.7700000000002</ele>
   </trkpt>
   <trkpt lat="47.04574" lon="10.340910000000001">
    <ele>1229.77</ele>
   </trkpt>
   <trkpt lat="47.045935001797865" lon="10.341534998028665">
    <ele>1229.0500000000002</ele>
   </trkpt>
   <trkpt lat="47.046130000000005" lon="10.342160000000002">
    <ele>1226.7700000000002</ele>
   </trkpt>
   <trkpt lat="47.04641" lon="10.34285">
    <ele>1225.0700000000002</ele>
   </trkpt>
   <trkpt lat="47.046580000000006" lon="10.343190000000002">
    <ele>1224.43</ele>
   </trkpt>
   <trkpt lat="47.04675" lon="10.343470000000002">
    <ele>1223.96</ele>
   </trkpt>
   <trkpt lat="47.04695" lon="10.34373">
    <ele>1222.89</ele>
   </trkpt>
   <trkpt lat="47.047180000000004" lon="10.343960000000001">
    <ele>1221.97</ele>
   </trkpt>
   <trkpt lat="47.04759000000001" lon="10.344330000000001">
    <ele>1221.18</ele>
   </trkpt>
   <trkpt lat="47.04796" lon="10.34459">
    <ele>1220.5600000000002</ele>
   </trkpt>
   <trkpt lat="47.04843" lon="10.34486">
    <ele>1220.01</ele>
   </trkpt>
   <trkpt lat="47.048700000000004" lon="10.3451">
    <ele>1218.89</ele>
   </trkpt>
   <trkpt lat="47.04894" lon="10.34548">
    <ele>1217.95</ele>
   </trkpt>
   <trkpt lat="47.04907" lon="10.345790000000001">
    <ele>1217.47</ele>
   </trkpt>
   <trkpt lat="47.04918000000001" lon="10.34622">
    <ele>1216.7700000000002</ele>
   </trkpt>
   <trkpt lat="47.04930000503138" lon="10.347294997598393">
    <ele>1215.8</ele>
   </trkpt>
   <trkpt lat="47.049420000000005" lon="10.348370000000001">
    <ele>1214.73</ele>
   </trkpt>
   <trkpt lat="47.049510000000005" lon="10.348640000000001">
    <ele>1214.63</ele>
   </trkpt>
   <trkpt lat="47.04963" lon="10.34885">
    <ele>1214.5700000000002</ele>
   </trkpt>
   <trkpt lat="47.04993" lon="10.349300000000001">
    <ele>1214.52</ele>
   </trkpt>
   <trkpt lat="47.05017" lon="10.34974">
    <ele>1213.91</ele>
   </trkpt>
   <trkpt lat="47.05030000000001" lon="10.35013">
    <ele>1213.6</ele>
   </trkpt>
   <trkpt lat="47.050340000000006" lon="10.350340000000001">
    <ele>1212.52</ele>
   </trkpt>
   <trkpt lat="47.050380000000004" lon="10.350750000000001">
    <ele>1211.99</ele>
   </trkpt>
   <trkpt lat="47.05037500746846" lon="10.352060000195678">
    <ele>1210.1399999999999</ele>
   </trkpt>
   <trkpt lat="47.05037" lon="10.35337">
    <ele>1208.3600000000001</ele>
   </trkpt>
   <trkpt lat="47.0504" lon="10.35373">
    <ele>1207.89</ele>
   </trkpt>
   <trkpt lat="47.05044" lon="10.353890000000002">
    <ele>1207.89</ele>
   </trkpt>
   <trkpt lat="47.050560000000004" lon="10.354190000000001">
    <ele>1206.72</ele>
   </trkpt>
   <trkpt lat="47.05077000000001" lon="10.354450000000002">
    <ele>1206.32</ele>
   </trkpt>
   <trkpt lat="47.05089" lon="10.35454">
    <ele>1205.74</ele>
   </trkpt>
   <trkpt lat="47.05133000000001" lon="10.354780000000002">
    <ele>1204.93</ele>
   </trkpt>
   <trkpt lat="47.05153000000001" lon="10.354970000000002">
    <ele>1204.76</ele>
   </trkpt>
   <trkpt lat="47.05169" lon="10.35524">
    <ele>1204.44</ele>
   </trkpt>
   <trkpt lat="47.05180000000001" lon="10.35565">
    <ele>1203.64</ele>
   </trkpt>
   <trkpt lat="47.05201" lon="10.356800000000002">
    <ele>1199.71</ele>
   </trkpt>
   <trkpt lat="47.05218000000001" lon="10.35748">
    <ele>1198.32</ele>
   </trkpt>
   <trkpt lat="47.052400000000006" lon="10.35801">
    <ele>1197.68</ele>
   </trkpt>
   <trkpt lat="47.05259" lon="10.35837">
    <ele>1197.0700000000002</ele>
   </trkpt>
   <trkpt lat="47.053070000000005" lon="10.35914">
    <ele>1195.4</ele>
   </trkpt>
   <trkpt lat="47.05330000000001" lon="10.35956">
    <ele>1195.0500000000002</ele>
   </trkpt>
   <trkpt lat="47.05359500228168" lon="10.360269996283789">
    <ele>1193.9700000000003</ele>
   </trkpt>
   <trkpt lat="47.05389" lon="10.360980000000001">
    <ele>1193.38</ele>
   </trkpt>
   <trkpt lat="47.054260000000006" lon="10.36167">
    <ele>1192.0000000000002</ele>
   </trkpt>
   <trkpt lat="47.05474" lon="10.362710000000002">
    <ele>1191.17</ele>
   </trkpt>
   <trkpt lat="47.054970000000004" lon="10.363140000000001">
    <ele>1190.8899999999999</ele>
   </trkpt>
   <trkpt lat="47.05555500339027" lon="10.364024990263376">
    <ele>1188.8400000000001</ele>
   </trkpt>
   <trkpt lat="47.056140000000006" lon="10.36491">
    <ele>1187.5200000000002</ele>
   </trkpt>
   <trkpt lat="47.05633" lon="10.3651">
    <ele>1186.69</ele>
   </trkpt>
   <trkpt lat="47.05680000015912" lon="10.365414997040746">
    <ele>1186.22</ele>
   </trkpt>
   <trkpt lat="47.05727" lon="10.365730000000001">
    <ele>1185.04</ele>
   </trkpt>
   <trkpt lat="47.05747" lon="10.365910000000001">
    <ele>1184.6000000000001</ele>
   </trkpt>
   <trkpt lat="47.057590000000005" lon="10.366050000000001">
    <ele>1184.49</ele>
   </trkpt>
   <trkpt lat="47.05778" lon="10.366340000000001">
    <ele>1184.0000000000002</ele>
   </trkpt>
   <trkpt lat="47.057860000000005" lon="10.36649">
    <ele>1184.0000000000002</ele>
   </trkpt>
   <trkpt lat="47.05810000173241" lon="10.367114997271178">
    <ele>1183.3</ele>
   </trkpt>
   <trkpt lat="47.05834" lon="10.367740000000001">
    <ele>1182.7</ele>
   </trkpt>
   <trkpt lat="47.058550000000004" lon="10.368120000000001">
    <ele>1182.44</ele>
   </trkpt>
   <trkpt lat="47.05919" lon="10.36904">
    <ele>1180.8100000000002</ele>
   </trkpt>
   <trkpt lat="47.05931" lon="10.36935">
    <ele>1180.66</ele>
   </trkpt>
   <trkpt lat="47.05935" lon="10.3695">
    <ele>1180.1200000000001</ele>
   </trkpt>
   <trkpt lat="47.059400000000004" lon="10.36987">
    <ele>1179.89</ele>
   </trkpt>
   <trkpt lat="47.05940500210334" lon="10.370565000099917">
    <ele>1178.4800000000002</ele>
   </trkpt>
   <trkpt lat="47.05941000000001" lon="10.371260000000001">
    <ele>1178.15</ele>
   </trkpt>
   <trkpt lat="47.059470000000005" lon="10.372280000000002">
    <ele>1177.03</ele>
   </trkpt>
   <trkpt lat="47.05951" lon="10.37259">
    <ele>1176.41</ele>
   </trkpt>
   <trkpt lat="47.059650000000005" lon="10.373190000000001">
    <ele>1176.01</ele>
   </trkpt>
   <trkpt lat="47.059740000000005" lon="10.373470000000001">
    <ele>1175.7600000000002</ele>
   </trkpt>
   <trkpt lat="47.05988000000001" lon="10.373790000000001">
    <ele>1175.48</ele>
   </trkpt>
   <trkpt lat="47.06015000000001" lon="10.37434">
    <ele>1175.1200000000001</ele>
   </trkpt>
   <trkpt lat="47.060590000000005" lon="10.37513">
    <ele>1174.3700000000001</ele>
   </trkpt>
   <trkpt lat="47.060930000000006" lon="10.375950000000001">
    <ele>1172.97</ele>
   </trkpt>
   <trkpt lat="47.06115000152984" lon="10.376534997693636">
    <ele>1172.5700000000002</ele>
   </trkpt>
   <trkpt lat="47.061370000000004" lon="10.377120000000001">
    <ele>1173.04</ele>
   </trkpt>
   <trkpt lat="47.06176000000001" lon="10.377960000000002">
    <ele>1174.97</ele>
   </trkpt>
   <trkpt lat="47.0619" lon="10.378380000000002">
    <ele>1175.47</ele>
   </trkpt>
   <trkpt lat="47.062090000000005" lon="10.37913">
    <ele>1176.0900000000001</ele>
   </trkpt>
   <trkpt lat="47.06214000000001" lon="10.379280000000001">
    <ele>1176.02</ele>
   </trkpt>
   <trkpt lat="47.06247500178194" lon="10.379924995891958">
    <ele>1171.0500000000002</ele>
   </trkpt>
   <trkpt lat="47.062810000000006" lon="10.38057">
    <ele>1166.68</ele>
   </trkpt>
   <trkpt lat="47.062990000000006" lon="10.381">
    <ele>1164.97</ele>
   </trkpt>
   <trkpt lat="47.063120000000005" lon="10.381450000000001">
    <ele>1163.75</ele>
   </trkpt>
   <trkpt lat="47.063210000000005" lon="10.38227">
    <ele>1162.95</ele>
   </trkpt>
   <trkpt lat="47.063550000000006" lon="10.383420000000001">
    <ele>1162.3000000000002</ele>
   </trkpt>
   <trkpt lat="47.063660000000006" lon="10.384450000000001">
    <ele>1161.54</ele>
   </trkpt>
   <trkpt lat="47.063750000000006" lon="10.384810000000002">
    <ele>1160.88</ele>
   </trkpt>
   <trkpt lat="47.06391000000001" lon="10.385230000000002">
    <ele>1160.3300000000002</ele>
   </trkpt>
   <trkpt lat="47.06407" lon="10.385570000000001">
    <ele>1159.92</ele>
   </trkpt>
   <trkpt lat="47.06420000000001" lon="10.38579">
    <ele>1159.3</ele>
   </trkpt>
   <trkpt lat="47.06452" lon="10.38625">
    <ele>1158.8</ele>
   </trkpt>
   <trkpt lat="47.06463" lon="10.38644">
    <ele>1158.5700000000002</ele>
   </trkpt>
   <trkpt lat="47.064840000000004" lon="10.386920000000002">
    <ele>1157.27</ele>
   </trkpt>
   <trkpt lat="47.065070000000006" lon="10.387680000000001">
    <ele>1157.1200000000001</ele>
   </trkpt>
   <trkpt lat="47.065225003217456" lon="10.388544997268255">
    <ele>1155.94</ele>
   </trkpt>
   <trkpt lat="47.065380000000005" lon="10.389410000000002">
    <ele>1155.07</ele>
   </trkpt>
   <trkpt lat="47.06548" lon="10.39005">
    <ele>1154.0700000000002</ele>
   </trkpt>
   <trkpt lat="47.065580000000004" lon="10.390910000000002">
    <ele>1153.4</ele>
   </trkpt>
   <trkpt lat="47.065650000000005" lon="10.39127">
    <ele>1153.1</ele>
   </trkpt>
   <trkpt lat="47.065760000000004" lon="10.39161">
    <ele>1152.6000000000001</ele>
   </trkpt>
   <trkpt lat="47.06603500178054" lon="10.39225499660215">
    <ele>1152.1800000000003</ele>
   </trkpt>
   <trkpt lat="47.06631" lon="10.392900000000001">
    <ele>1151.5700000000002</ele>
   </trkpt>
   <trkpt lat="47.06667" lon="10.393590000000001">
    <ele>1150.3400000000001</ele>
   </trkpt>
   <trkpt lat="47.067125002056926" lon="10.394269994262148">
    <ele>1149.17</ele>
   </trkpt>
   <trkpt lat="47.06758000000001" lon="10.394950000000001">
    <ele>1148.8500000000001</ele>
   </trkpt>
   <trkpt lat="47.06779" lon="10.395290000000001">
    <ele>1148.67</ele>
   </trkpt>
   <trkpt lat="47.067890000000006" lon="10.39553">
    <ele>1148.6000000000001</ele>
   </trkpt>
   <trkpt lat="47.067980000000006" lon="10.395900000000001">
    <ele>1148.65</ele>
   </trkpt>
   <trkpt lat="47.06806" lon="10.3968">
    <ele>1148.23</ele>
   </trkpt>
   <trkpt lat="47.068130000000004" lon="10.39724">
    <ele>1147.9</ele>
   </trkpt>
   <trkpt lat="47.06821" lon="10.397440000000001">
    <ele>1147.7</ele>
   </trkpt>
   <trkpt lat="47.06832000000001" lon="10.397630000000001">
    <ele>1147.52</ele>
   </trkpt>
   <trkpt lat="47.06857" lon="10.397960000000001">
    <ele>1146.69</ele>
   </trkpt>
   <trkpt lat="47.068720000000006" lon="10.39826">
    <ele>1145.51</ele>
   </trkpt>
   <trkpt lat="47.06877" lon="10.398420000000002">
    <ele>1145.51</ele>
   </trkpt>
   <trkpt lat="47.06888000000001" lon="10.39911">
    <ele>1143.48</ele>
   </trkpt>
   <trkpt lat="47.06886" lon="10.399510000000001">
    <ele>1142.8100000000002</ele>
   </trkpt>
   <trkpt lat="47.068630000000006" lon="10.40041">
    <ele>1139.51</ele>
   </trkpt>
   <trkpt lat="47.06861000000001" lon="10.400780000000001">
    <ele>1138.41</ele>
   </trkpt>
   <trkpt lat="47.068650000000005" lon="10.40116">
    <ele>1135.7400000000002</ele>
   </trkpt>
   <trkpt lat="47.06887000269058" lon="10.401944996791325">
    <ele>1133.4</ele>
   </trkpt>
   <trkpt lat="47.06909" lon="10.40273">
    <ele>1131.81</ele>
   </trkpt>
   <trkpt lat="47.06926000000001" lon="10.403440000000002">
    <ele>1129.91</ele>
   </trkpt>
   <trkpt lat="47.069300000000005" lon="10.40394">
    <ele>1128.71</ele>
   </trkpt>
   <trkpt lat="47.06927" lon="10.40489">
    <ele>1125.89</ele>
   </trkpt>
   <trkpt lat="47.069230000000005" lon="10.40576">
    <ele>1124.0800000000002</ele>
   </trkpt>
   <trkpt lat="47.06926000000001" lon="10.406130000000001">
    <ele>1123.0200000000002</ele>
   </trkpt>
   <trkpt lat="47.06935000000001" lon="10.40648">
    <ele>1121.43</ele>
   </trkpt>
   <trkpt lat="47.06974" lon="10.407630000000001">
    <ele>1118.89</ele>
   </trkpt>
   <trkpt lat="47.06998" lon="10.408610000000001">
    <ele>1118.5900000000001</ele>
   </trkpt>
   <trkpt lat="47.07007" lon="10.40914">
    <ele>1118.42</ele>
   </trkpt>
   <trkpt lat="47.070170000000005" lon="10.41033">
    <ele>1116.83</ele>
   </trkpt>
   <trkpt lat="47.070210004575806" lon="10.411354999321867">
    <ele>1115.19</ele>
   </trkpt>
   <trkpt lat="47.07025" lon="10.41238">
    <ele>1113.58</ele>
   </trkpt>
   <trkpt lat="47.070310000000006" lon="10.41282">
    <ele>1112.6299999999999</ele>
   </trkpt>
   <trkpt lat="47.07056" lon="10.41402">
    <ele>1111.3600000000001</ele>
   </trkpt>
   <trkpt lat="47.0706800020996" lon="10.414724998040082">
    <ele>1109.94</ele>
   </trkpt>
   <trkpt lat="47.070800000000006" lon="10.41543">
    <ele>1106.54</ele>
   </trkpt>
   <trkpt lat="47.07102500264" lon="10.416214996540223">
    <ele>1105.69</ele>
   </trkpt>
   <trkpt lat="47.071250000000006" lon="10.417000000000002">
    <ele>1105.2300000000002</ele>
   </trkpt>
   <trkpt lat="47.071340000000006" lon="10.4175">
    <ele>1105.39</ele>
   </trkpt>
   <trkpt lat="47.07137" lon="10.417800000000002">
    <ele>1105.38</ele>
   </trkpt>
   <trkpt lat="47.07137" lon="10.41811">
    <ele>1105.2300000000002</ele>
   </trkpt>
   <trkpt lat="47.071355003925575" lon="10.419060000396318">
    <ele>1104.8</ele>
   </trkpt>
   <trkpt lat="47.071340000000006" lon="10.420010000000001">
    <ele>1103.76</ele>
   </trkpt>
   <trkpt lat="47.071360000000006" lon="10.4206">
    <ele>1103.13</ele>
   </trkpt>
   <trkpt lat="47.071400000000004" lon="10.42131">
    <ele>1102.17</ele>
   </trkpt>
   <trkpt lat="47.07151" lon="10.42219">
    <ele>1100.29</ele>
   </trkpt>
   <trkpt lat="47.071670000000005" lon="10.42308">
    <ele>1098.75</ele>
   </trkpt>
   <trkpt lat="47.07186" lon="10.42389">
    <ele>1098.13</ele>
   </trkpt>
   <trkpt lat="47.07213" lon="10.424880000000002">
    <ele>1096.3400000000001</ele>
   </trkpt>
   <trkpt lat="47.07222" lon="10.42534">
    <ele>1095.69</ele>
   </trkpt>
   <trkpt lat="47.07236" lon="10.426240000000002">
    <ele>1094.67</ele>
   </trkpt>
   <trkpt lat="47.07245" lon="10.426680000000001">
    <ele>1093.94</ele>
   </trkpt>
   <trkpt lat="47.07256" lon="10.42697">
    <ele>1093.32</ele>
   </trkpt>
   <trkpt lat="47.07305" lon="10.428030000000001">
    <ele>1091.17</ele>
   </trkpt>
   <trkpt lat="47.07314" lon="10.42828">
    <ele>1091.17</ele>
   </trkpt>
   <trkpt lat="47.073240000000006" lon="10.42876">
    <ele>1090.5600000000002</ele>
   </trkpt>
   <trkpt lat="47.07333667778108" lon="10.429889995906812">
    <ele>1090.17</ele>
   </trkpt>
   <trkpt lat="47.07343334444831" lon="10.431019995913264">
    <ele>1089.7800000000002</ele>
   </trkpt>
   <trkpt lat="47.073530000000005" lon="10.43215">
    <ele>1088.84</ele>
   </trkpt>
   <trkpt lat="47.07372" lon="10.43318">
    <ele>1087.91</ele>
   </trkpt>
   <trkpt lat="47.07376000000001" lon="10.4336">
    <ele>1087.26</ele>
   </trkpt>
   <trkpt lat="47.07376000000001" lon="10.43392">
    <ele>1086.78</ele>
   </trkpt>
   <trkpt lat="47.07372" lon="10.43492">
    <ele>1083.63</ele>
   </trkpt>
   <trkpt lat="47.0737250024169" lon="10.435665000152065">
    <ele>1082.77</ele>
   </trkpt>
   <trkpt lat="47.073730000000005" lon="10.43641">
    <ele>1082.81</ele>
   </trkpt>
   <trkpt lat="47.07376000000001" lon="10.437560000000001">
    <ele>1082.24</ele>
   </trkpt>
   <trkpt lat="47.07381" lon="10.43797">
    <ele>1081.91</ele>
   </trkpt>
   <trkpt lat="47.073910000000005" lon="10.43843">
    <ele>1081.73</ele>
   </trkpt>
   <trkpt lat="47.07405000000001" lon="10.4388">
    <ele>1081.04</ele>
   </trkpt>
   <trkpt lat="47.07421" lon="10.439100000000002">
    <ele>1080.03</ele>
   </trkpt>
   <trkpt lat="47.074760000000005" lon="10.43979">
    <ele>1078.68</ele>
   </trkpt>
   <trkpt lat="47.074870000000004" lon="10.439960000000001">
    <ele>1078.5200000000002</ele>
   </trkpt>
   <trkpt lat="47.07497" lon="10.440230000000001">
    <ele>1078.43</ele>
   </trkpt>
   <trkpt lat="47.075010000000006" lon="10.44041">
    <ele>1078.43</ele>
   </trkpt>
   <trkpt lat="47.07509" lon="10.441180000000001">
    <ele>1077.82</ele>
   </trkpt>
   <trkpt lat="47.07526000226164" lon="10.441904997576993">
    <ele>1077.2700000000002</ele>
   </trkpt>
   <trkpt lat="47.075430000000004" lon="10.442630000000001">
    <ele>1076.5200000000002</ele>
   </trkpt>
   <trkpt lat="47.075520000000004" lon="10.44294">
    <ele>1076.47</ele>
   </trkpt>
   <trkpt lat="47.075660000000006" lon="10.44326">
    <ele>1076.57</ele>
   </trkpt>
   <trkpt lat="47.07589" lon="10.44364">
    <ele>1076.77</ele>
   </trkpt>
   <trkpt lat="47.07631000000001" lon="10.444120000000002">
    <ele>1075.3799999999999</ele>
   </trkpt>
   <trkpt lat="47.07643" lon="10.4443">
    <ele>1074.8200000000002</ele>
   </trkpt>
   <trkpt lat="47.076510000000006" lon="10.44448">
    <ele>1073.3000000000002</ele>
   </trkpt>
   <trkpt lat="47.07656" lon="10.44477">
    <ele>1072.13</ele>
   </trkpt>
   <trkpt lat="47.076570000000004" lon="10.44505">
    <ele>1071.19</ele>
   </trkpt>
   <trkpt lat="47.07646000202807" lon="10.445730001306233">
    <ele>1069.82</ele>
   </trkpt>
   <trkpt lat="47.076350000000005" lon="10.44641">
    <ele>1069.2400000000002</ele>
   </trkpt>
   <trkpt lat="47.07636" lon="10.44673">
    <ele>1068.88</ele>
   </trkpt>
   <trkpt lat="47.076440000000005" lon="10.447140000000001">
    <ele>1068.5500000000002</ele>
   </trkpt>
   <trkpt lat="47.07676000000001" lon="10.44804">
    <ele>1067.8700000000001</ele>
   </trkpt>
   <trkpt lat="47.076840000000004" lon="10.44833">
    <ele>1067.77</ele>
   </trkpt>
   <trkpt lat="47.077066676024614" lon="10.449366657866573">
    <ele>1067.08</ele>
   </trkpt>
   <trkpt lat="47.077293342695626" lon="10.450403324552907">
    <ele>1066.03</ele>
   </trkpt>
   <trkpt lat="47.07752000000001" lon="10.451440000000002">
    <ele>1064.4900000000002</ele>
   </trkpt>
   <trkpt lat="47.0776450043507" lon="10.452439997644836">
    <ele>1063.74</ele>
   </trkpt>
   <trkpt lat="47.07777" lon="10.45344">
    <ele>1062.5800000000002</ele>
   </trkpt>
   <trkpt lat="47.077850000000005" lon="10.45391">
    <ele>1062.17</ele>
   </trkpt>
   <trkpt lat="47.07806" lon="10.454690000000001">
    <ele>1061.69</ele>
   </trkpt>
   <trkpt lat="47.078250000000004" lon="10.45522">
    <ele>1061.5</ele>
   </trkpt>
   <trkpt lat="47.07841000166984" lon="10.455849997882133">
    <ele>1061.04</ele>
   </trkpt>
   <trkpt lat="47.078570000000006" lon="10.45648">
    <ele>1060.71</ele>
   </trkpt>
   <trkpt lat="47.07867" lon="10.45681">
    <ele>1060.48</ele>
   </trkpt>
   <trkpt lat="47.078790000000005" lon="10.45709">
    <ele>1060.4900000000002</ele>
   </trkpt>
   <trkpt lat="47.07889" lon="10.4573">
    <ele>1060.5800000000002</ele>
   </trkpt>
   <trkpt lat="47.078990000000005" lon="10.457410000000001">
    <ele>1060.5600000000002</ele>
   </trkpt>
   <trkpt lat="47.07916" lon="10.457550000000001">
    <ele>1060.5800000000002</ele>
   </trkpt>
   <trkpt lat="47.07963" lon="10.457830000000001">
    <ele>1060.9700000000003</ele>
   </trkpt>
   <trkpt lat="47.079840000000004" lon="10.45808">
    <ele>1060.89</ele>
   </trkpt>
   <trkpt lat="47.07994" lon="10.458260000000001">
    <ele>1060.72</ele>
   </trkpt>
   <trkpt lat="47.080040000000004" lon="10.458490000000001">
    <ele>1059.86</ele>
   </trkpt>
   <trkpt lat="47.080360000000006" lon="10.459420000000001">
    <ele>1054.69</ele>
   </trkpt>
   <trkpt lat="47.08046" lon="10.459650000000002">
    <ele>1053.77</ele>
   </trkpt>
   <trkpt lat="47.08071" lon="10.46007">
    <ele>1052.67</ele>
   </trkpt>
   <trkpt lat="47.081150001703136" lon="10.460704994681262">
    <ele>1046.96</ele>
   </trkpt>
   <trkpt lat="47.081590000000006" lon="10.461340000000002">
    <ele>1042.6100000000001</ele>
   </trkpt>
   <trkpt lat="47.08174" lon="10.4616">
    <ele>1041.55</ele>
   </trkpt>
   <trkpt lat="47.082080000000005" lon="10.46232">
    <ele>1041.05</ele>
   </trkpt>
   <trkpt lat="47.08242000181328" lon="10.462964995889022">
    <ele>1038.8300000000002</ele>
   </trkpt>
   <trkpt lat="47.08276" lon="10.463610000000001">
    <ele>1037.5500000000002</ele>
   </trkpt>
   <trkpt lat="47.08325430593769" lon="10.46448995101672">
    <ele>1036.41</ele>
   </trkpt>
   <trkpt lat="47.083748605135945" lon="10.465369918362914">
    <ele>1034.66</ele>
   </trkpt>
   <trkpt lat="47.084242897594535" lon="10.466249902038944">
    <ele>1033.6100000000001</ele>
   </trkpt>
   <trkpt lat="47.084737183313216" lon="10.467129902045176">
    <ele>1032.2900000000002</ele>
   </trkpt>
   <trkpt lat="47.085231462291745" lon="10.468009918381972">
    <ele>1031.5</ele>
   </trkpt>
   <trkpt lat="47.085725734529866" lon="10.468889951049691">
    <ele>1030.42</ele>
   </trkpt>
   <trkpt lat="47.086220000000004" lon="10.46977">
    <ele>1030.1</ele>
   </trkpt>
   <trkpt lat="47.08655" lon="10.470170000000001">
    <ele>1030.24</ele>
   </trkpt>
   <trkpt lat="47.08675" lon="10.470360000000001">
    <ele>1029.97</ele>
   </trkpt>
   <trkpt lat="47.086980000000004" lon="10.47056">
    <ele>1029.6000000000001</ele>
   </trkpt>
   <trkpt lat="47.08737000000001" lon="10.470830000000001">
    <ele>1029.17</ele>
   </trkpt>
   <trkpt lat="47.08767" lon="10.47113">
    <ele>1028.49</ele>
   </trkpt>
   <trkpt lat="47.088080000000005" lon="10.4716">
    <ele>1027.56</ele>
   </trkpt>
   <trkpt lat="47.08849500129903" lon="10.472144995762163">
    <ele>1026.52</ele>
   </trkpt>
   <trkpt lat="47.088910000000006" lon="10.47269">
    <ele>1025.97</ele>
   </trkpt>
   <trkpt lat="47.089090000000006" lon="10.47283">
    <ele>1025.69</ele>
   </trkpt>
   <trkpt lat="47.08928" lon="10.472930000000002">
    <ele>1024.8600000000001</ele>
   </trkpt>
   <trkpt lat="47.08977500004341" lon="10.473054998832072">
    <ele>1024.28</ele>
   </trkpt>
   <trkpt lat="47.090270000000004" lon="10.473180000000001">
    <ele>1023.2</ele>
   </trkpt>
   <trkpt lat="47.09049" lon="10.473270000000001">
    <ele>1022.99</ele>
   </trkpt>
   <trkpt lat="47.09069" lon="10.473410000000001">
    <ele>1022.7300000000001</ele>
   </trkpt>
   <trkpt lat="47.09082" lon="10.473540000000002">
    <ele>1022.0100000000001</ele>
   </trkpt>
   <trkpt lat="47.09096" lon="10.473740000000001">
    <ele>1022.0100000000001</ele>
   </trkpt>
   <trkpt lat="47.09113000000001" lon="10.47409">
    <ele>1021.6700000000001</ele>
   </trkpt>
   <trkpt lat="47.09125" lon="10.47455">
    <ele>1020.9300000000001</ele>
   </trkpt>
   <trkpt lat="47.09136" lon="10.475420000000002">
    <ele>1019.52</ele>
   </trkpt>
   <trkpt lat="47.091440000000006" lon="10.47574">
    <ele>1019.52</ele>
   </trkpt>
   <trkpt lat="47.091590000000004" lon="10.476140000000001">
    <ele>1018.81</ele>
   </trkpt>
   <trkpt lat="47.09201000189645" lon="10.476789994963484">
    <ele>1017.73</ele>
   </trkpt>
   <trkpt lat="47.09243000000001" lon="10.477440000000001">
    <ele>1017.1700000000001</ele>
   </trkpt>
   <trkpt lat="47.09297500289259" lon="10.478249991766402">
    <ele>1015.56</ele>
   </trkpt>
   <trkpt lat="47.093520000000005" lon="10.47906">
    <ele>1014.5200000000001</ele>
   </trkpt>
   <trkpt lat="47.09416" lon="10.47982">
    <ele>1013.1600000000001</ele>
   </trkpt>
   <trkpt lat="47.094710000000006" lon="10.48032">
    <ele>1011.74</ele>
   </trkpt>
   <trkpt lat="47.095110000000005" lon="10.48065">
    <ele>1011.3100000000002</ele>
   </trkpt>
   <trkpt lat="47.0957" lon="10.481110000000001">
    <ele>1010.4300000000002</ele>
   </trkpt>
   <trkpt lat="47.09644" lon="10.48156">
    <ele>1008.48</ele>
   </trkpt>
   <trkpt lat="47.096720000000005" lon="10.481860000000001">
    <ele>1007.7900000000002</ele>
   </trkpt>
   <trkpt lat="47.097090001271745" lon="10.482404996182341">
    <ele>1007.6400000000001</ele>
   </trkpt>
   <trkpt lat="47.097460000000005" lon="10.48295">
    <ele>1007.0799999999999</ele>
   </trkpt>
   <trkpt lat="47.098060000000004" lon="10.483580000000002">
    <ele>1005.84</ele>
   </trkpt>
   <trkpt lat="47.09855" lon="10.48398">
    <ele>1004.4399999999999</ele>
   </trkpt>
   <trkpt lat="47.09883000000001" lon="10.48436">
    <ele>1004.2500000000001</ele>
   </trkpt>
   <trkpt lat="47.099050000000005" lon="10.484760000000001">
    <ele>1004.0400000000001</ele>
   </trkpt>
   <trkpt lat="47.099270000000004" lon="10.48502">
    <ele>1003.8100000000001</ele>
   </trkpt>
   <trkpt lat="47.09951" lon="10.48516">
    <ele>1003.36</ele>
   </trkpt>
   <trkpt lat="47.09978" lon="10.48517">
    <ele>1001.71</ele>
   </trkpt>
   <trkpt lat="47.100170000000006" lon="10.485130000000002">
    <ele>1001.0800000000002</ele>
   </trkpt>
   <trkpt lat="47.100480000000005" lon="10.485270000000002">
    <ele>1000.0900000000001</ele>
   </trkpt>
   <trkpt lat="47.10096" lon="10.48576">
    <ele>997.62</ele>
   </trkpt>
   <trkpt lat="47.10107000000001" lon="10.485840000000001">
    <ele>995.74</ele>
   </trkpt>
   <trkpt lat="47.10118000000001" lon="10.485890000000001">
    <ele>995.09</ele>
   </trkpt>
   <trkpt lat="47.101380000000006" lon="10.48591">
    <ele>992.96</ele>
   </trkpt>
   <trkpt lat="47.101490000000005" lon="10.485890000000001">
    <ele>992.96</ele>
   </trkpt>
   <trkpt lat="47.10202" lon="10.485660000000001">
    <ele>988.28</ele>
   </trkpt>
   <trkpt lat="47.102140000000006" lon="10.485660000000001">
    <ele>987.5300000000001</ele>
   </trkpt>
   <trkpt lat="47.102590000000006" lon="10.485740000000002">
    <ele>984.74</ele>
   </trkpt>
   <trkpt lat="47.103415000447164" lon="10.486059995041568">
    <ele>977.7800000000001</ele>
   </trkpt>
   <trkpt lat="47.104240000000004" lon="10.48638">
    <ele>973.61</ele>
   </trkpt>
   <trkpt lat="47.104510000000005" lon="10.48651">
    <ele>970.46</ele>
   </trkpt>
   <trkpt lat="47.104760000000006" lon="10.48667">
    <ele>969.62</ele>
   </trkpt>
   <trkpt lat="47.10508" lon="10.486920000000001">
    <ele>967.9000000000001</ele>
   </trkpt>
   <trkpt lat="47.10526" lon="10.487010000000001">
    <ele>965.79</ele>
   </trkpt>
   <trkpt lat="47.1054" lon="10.487060000000001">
    <ele>964.98</ele>
   </trkpt>
   <trkpt lat="47.10557000000001" lon="10.487070000000001">
    <ele>964.9900000000001</ele>
   </trkpt>
   <trkpt lat="47.10586000000001" lon="10.48704">
    <ele>964.69</ele>
   </trkpt>
   <trkpt lat="47.10607" lon="10.487">
    <ele>964.1100000000001</ele>
   </trkpt>
   <trkpt lat="47.106280000000005" lon="10.48699">
    <ele>963.9700000000001</ele>
   </trkpt>
   <trkpt lat="47.10653000000001" lon="10.48703">
    <ele>963.7200000000001</ele>
   </trkpt>
   <trkpt lat="47.10672" lon="10.48708">
    <ele>963.45</ele>
   </trkpt>
   <trkpt lat="47.107130000000005" lon="10.48727">
    <ele>963.1500000000001</ele>
   </trkpt>
   <trkpt lat="47.107795000764824" lon="10.487674994971263">
    <ele>962.0500000000001</ele>
   </trkpt>
   <trkpt lat="47.10846" lon="10.48808">
    <ele>960.88</ele>
   </trkpt>
   <trkpt lat="47.109120000000004" lon="10.488290000000001">
    <ele>960.95</ele>
   </trkpt>
   <trkpt lat="47.109460000000006" lon="10.488460000000002">
    <ele>960.94</ele>
   </trkpt>
   <trkpt lat="47.1099" lon="10.488470000000001">
    <ele>957.73</ele>
   </trkpt>
   <trkpt lat="47.110640000000004" lon="10.488280000000001">
    <ele>945.4500000000002</ele>
   </trkpt>
   <trkpt lat="47.11115000014526" lon="10.488284999953512">
    <ele>935.7700000000001</ele>
   </trkpt>
   <trkpt lat="47.11166" lon="10.488290000000001">
    <ele>928.1100000000001</ele>
   </trkpt>
   <trkpt lat="47.112280000000005" lon="10.488470000000001">
    <ele>917.3500000000001</ele>
   </trkpt>
   <trkpt lat="47.11269" lon="10.48892">
    <ele>909.8900000000001</ele>
   </trkpt>
   <trkpt lat="47.112930000000006" lon="10.489460000000001">
    <ele>905.02</ele>
   </trkpt>
   <trkpt lat="47.11321500304695" lon="10.49028999569844">
    <ele>899.99</ele>
   </trkpt>
   <trkpt lat="47.1135" lon="10.49112">
    <ele>897.1500000000001</ele>
   </trkpt>
   <trkpt lat="47.113780000000006" lon="10.491570000000001">
    <ele>894.2700000000001</ele>
   </trkpt>
   <trkpt lat="47.113960000000006" lon="10.49174">
    <ele>893.48</ele>
   </trkpt>
   <trkpt lat="47.114200000000004" lon="10.49191">
    <ele>893.59</ele>
   </trkpt>
   <trkpt lat="47.114360000000005" lon="10.492">
    <ele>893.0600000000001</ele>
   </trkpt>
   <trkpt lat="47.114740000000005" lon="10.49211">
    <ele>889.7600000000001</ele>
   </trkpt>
   <trkpt lat="47.11491" lon="10.492130000000001">
    <ele>888.0400000000001</ele>
   </trkpt>
   <trkpt lat="47.115210000000005" lon="10.49211">
    <ele>886.24</ele>
   </trkpt>
   <trkpt lat="47.11547" lon="10.49206">
    <ele>885.68</ele>
   </trkpt>
   <trkpt lat="47.11563" lon="10.492">
    <ele>885.1300000000001</ele>
   </trkpt>
   <trkpt lat="47.11600000000001" lon="10.491750000000001">
    <ele>884.59</ele>
   </trkpt>
   <trkpt lat="47.116490000000006" lon="10.49127">
    <ele>884.3900000000001</ele>
   </trkpt>
   <trkpt lat="47.11661" lon="10.49117">
    <ele>884.21</ele>
   </trkpt>
   <trkpt lat="47.116780000000006" lon="10.491060000000001">
    <ele>884.21</ele>
   </trkpt>
   <trkpt lat="47.116960000000006" lon="10.491000000000001">
    <ele>884.21</ele>
   </trkpt>
   <trkpt lat="47.11704" lon="10.49099">
    <ele>883.57</ele>
   </trkpt>
   <trkpt lat="47.117140000000006" lon="10.491000000000001">
    <ele>883.2</ele>
   </trkpt>
   <trkpt lat="47.11733" lon="10.49107">
    <ele>882.8600000000001</ele>
   </trkpt>
   <trkpt lat="47.117450000000005" lon="10.49116">
    <ele>881.6700000000001</ele>
   </trkpt>
   <trkpt lat="47.117650000000005" lon="10.491480000000001">
    <ele>881.2700000000001</ele>
   </trkpt>
   <trkpt lat="47.11782" lon="10.491900000000001">
    <ele>880.5</ele>
   </trkpt>
   <trkpt lat="47.11803500159198" lon="10.492514997360978">
    <ele>879.48</ele>
   </trkpt>
   <trkpt lat="47.11825" lon="10.49313">
    <ele>878.65</ele>
   </trkpt>
   <trkpt lat="47.118410000000004" lon="10.49352">
    <ele>877.6700000000001</ele>
   </trkpt>
   <trkpt lat="47.11853000000001" lon="10.49376">
    <ele>877.6700000000001</ele>
   </trkpt>
   <trkpt lat="47.11880000000001" lon="10.494230000000002">
    <ele>876.72</ele>
   </trkpt>
   <trkpt lat="47.11907" lon="10.494620000000001">
    <ele>874.94</ele>
   </trkpt>
   <trkpt lat="47.11934" lon="10.494950000000001">
    <ele>873.9100000000001</ele>
   </trkpt>
   <trkpt lat="47.11963" lon="10.49526">
    <ele>873.07</ele>
   </trkpt>
   <trkpt lat="47.120000000000005" lon="10.495600000000001">
    <ele>871.83</ele>
   </trkpt>
   <trkpt lat="47.12017" lon="10.49573">
    <ele>871.1600000000001</ele>
   </trkpt>
   <trkpt lat="47.12084" lon="10.49614">
    <ele>869.19</ele>
   </trkpt>
   <trkpt lat="47.121430000000004" lon="10.496300000000002">
    <ele>868.1500000000001</ele>
   </trkpt>
   <trkpt lat="47.122240000000005" lon="10.49637">
    <ele>867.2700000000001</ele>
   </trkpt>
   <trkpt lat="47.122490000000006" lon="10.496410000000001">
    <ele>866.74</ele>
   </trkpt>
   <trkpt lat="47.122730000000004" lon="10.496490000000001">
    <ele>866.74</ele>
   </trkpt>
   <trkpt lat="47.122980000000005" lon="10.496630000000001">
    <ele>866.1800000000001</ele>
   </trkpt>
   <trkpt lat="47.12322" lon="10.496830000000001">
    <ele>866.1800000000001</ele>
   </trkpt>
   <trkpt lat="47.12370000000001" lon="10.497340000000001">
    <ele>865.22</ele>
   </trkpt>
   <trkpt lat="47.123830000000005" lon="10.49745">
    <ele>865.08</ele>
   </trkpt>
   <trkpt lat="47.12427000040564" lon="10.497714997868423">
    <ele>864.08</ele>
   </trkpt>
   <trkpt lat="47.12471" lon="10.49798">
    <ele>863.77</ele>
   </trkpt>
   <trkpt lat="47.12524000053426" lon="10.498344996332124">
    <ele>863.3900000000001</ele>
   </trkpt>
   <trkpt lat="47.12577" lon="10.49871">
    <ele>864.09</ele>
   </trkpt>
   <trkpt lat="47.1259" lon="10.49877">
    <ele>864.3700000000001</ele>
   </trkpt>
   <trkpt lat="47.12604" lon="10.498800000000001">
    <ele>864.3700000000001</ele>
   </trkpt>
   <trkpt lat="47.12617" lon="10.49878">
    <ele>864.96</ele>
   </trkpt>
   <trkpt lat="47.126290000000004" lon="10.49873">
    <ele>864.96</ele>
   </trkpt>
   <trkpt lat="47.12673" lon="10.49834">
    <ele>865.0600000000001</ele>
   </trkpt>
   <trkpt lat="47.126960000000004" lon="10.49817">
    <ele>865.3700000000001</ele>
   </trkpt>
   <trkpt lat="47.12717000000001" lon="10.498090000000001">
    <ele>866.07</ele>
   </trkpt>
   <trkpt lat="47.12733" lon="10.49807">
    <ele>867.23</ele>
   </trkpt>
   <trkpt lat="47.12749" lon="10.498080000000002">
    <ele>867.23</ele>
   </trkpt>
   <trkpt lat="47.12765" lon="10.49812">
    <ele>868.36</ele>
   </trkpt>
   <trkpt lat="47.127810000000004" lon="10.4982">
    <ele>869.62</ele>
   </trkpt>
   <trkpt lat="47.127970000000005" lon="10.498320000000001">
    <ele>869.62</ele>
   </trkpt>
   <trkpt lat="47.12811000000001" lon="10.498460000000001">
    <ele>870.3100000000001</ele>
   </trkpt>
   <trkpt lat="47.128330000000005" lon="10.498750000000001">
    <ele>873.0500000000001</ele>
   </trkpt>
   <trkpt lat="47.128490000000006" lon="10.49904">
    <ele>873.87</ele>
   </trkpt>
   <trkpt lat="47.12872500172517" lon="10.4996399977543">
    <ele>875.87</ele>
   </trkpt>
   <trkpt lat="47.128960000000006" lon="10.500240000000002">
    <ele>879.8</ele>
   </trkpt>
   <trkpt lat="47.12908" lon="10.50045">
    <ele>882.3900000000001</ele>
   </trkpt>
   <trkpt lat="47.12926" lon="10.500620000000001">
    <ele>882.3900000000001</ele>
   </trkpt>
   <trkpt lat="47.129560000000005" lon="10.500720000000001">
    <ele>884.26</ele>
   </trkpt>
   <trkpt lat="47.129830000000005" lon="10.50074">
    <ele>886.69</ele>
   </trkpt>
   <trkpt lat="47.12991" lon="10.500770000000001">
    <ele>887.7</ele>
   </trkpt>
   <trkpt lat="47.130100000000006" lon="10.50092">
    <ele>888.6800000000001</ele>
   </trkpt>
   <trkpt lat="47.130250000000004" lon="10.501130000000002">
    <ele>890.23</ele>
   </trkpt>
   <trkpt lat="47.130340000000004" lon="10.501290000000001">
    <ele>892.0500000000001</ele>
   </trkpt>
   <trkpt lat="47.13047" lon="10.50159">
    <ele>892.0500000000001</ele>
   </trkpt>
   <trkpt lat="47.1306" lon="10.501980000000001">
    <ele>895.1500000000001</ele>
   </trkpt>
   <trkpt lat="47.130750000000006" lon="10.50256">
    <ele>897.29</ele>
   </trkpt>
   <trkpt lat="47.130895002268296" lon="10.503279998099641">
    <ele>901.94</ele>
   </trkpt>
   <trkpt lat="47.131040000000006" lon="10.504000000000001">
    <ele>902.7</ele>
   </trkpt>
   <trkpt lat="47.13109" lon="10.504370000000002">
    <ele>902.2</ele>
   </trkpt>
   <trkpt lat="47.13109" lon="10.504600000000002">
    <ele>901.72</ele>
   </trkpt>
   <trkpt lat="47.131060000000005" lon="10.50483">
    <ele>901.2700000000001</ele>
   </trkpt>
   <trkpt lat="47.130970000000005" lon="10.505170000000001">
    <ele>900.7</ele>
   </trkpt>
   <trkpt lat="47.130970000000005" lon="10.5053">
    <ele>900.7</ele>
   </trkpt>
   <trkpt lat="47.13103" lon="10.50542">
    <ele>898.4000000000001</ele>
   </trkpt>
   <trkpt lat="47.1311" lon="10.505450000000002">
    <ele>898.4000000000001</ele>
   </trkpt>
   <trkpt lat="47.13116" lon="10.50543">
    <ele>898.4000000000001</ele>
   </trkpt>
   <trkpt lat="47.131420000000006" lon="10.50651">
    <ele>892.21</ele>
   </trkpt>
   <trkpt lat="47.13152" lon="10.506720000000001">
    <ele>892.21</ele>
   </trkpt>
   <trkpt lat="47.13168" lon="10.50697">
    <ele>892.21</ele>
   </trkpt>
   <trkpt lat="47.131840000000004" lon="10.507140000000001">
    <ele>880.9000000000001</ele>
   </trkpt>
   <trkpt lat="47.132290000000005" lon="10.507530000000001">
    <ele>880.9000000000001</ele>
   </trkpt>
   <trkpt lat="47.13268" lon="10.50797">
    <ele>876.69</ele>
   </trkpt>
   <trkpt lat="47.13302" lon="10.508420000000001">
    <ele>874.07</ele>
   </trkpt>
   <trkpt lat="47.133563338334994" lon="10.509179984435537">
    <ele>866.7</ele>
   </trkpt>
   <trkpt lat="47.134106671643536" lon="10.50993998440063">
    <ele>859.7300000000001</ele>
   </trkpt>
   <trkpt lat="47.13465" lon="10.510700000000002">
    <ele>855.5500000000001</ele>
   </trkpt>
   <trkpt lat="47.13485000000001" lon="10.51101">
    <ele>853.8000000000001</ele>
   </trkpt>
   <trkpt lat="47.13492" lon="10.51116">
    <ele>853.2</ele>
   </trkpt>
   <trkpt lat="47.13503" lon="10.511470000000001">
    <ele>853.44</ele>
   </trkpt>
   <trkpt lat="47.135130000000004" lon="10.511980000000001">
    <ele>852.6100000000001</ele>
   </trkpt>
   <trkpt lat="47.135160000000006" lon="10.51246">
    <ele>852.7900000000001</ele>
   </trkpt>
   <trkpt lat="47.135130000000004" lon="10.51295">
    <ele>853.23</ele>
   </trkpt>
   <trkpt lat="47.13503" lon="10.513430000000001">
    <ele>853.6700000000001</ele>
   </trkpt>
   <trkpt lat="47.13495" lon="10.51364">
    <ele>854.2900000000001</ele>
   </trkpt>
   <trkpt lat="47.13486" lon="10.51382">
    <ele>854.6300000000001</ele>
   </trkpt>
   <trkpt lat="47.13474" lon="10.514000000000001">
    <ele>854.9100000000001</ele>
   </trkpt>
   <trkpt lat="47.13459" lon="10.514130000000002">
    <ele>855.3900000000001</ele>
   </trkpt>
   <trkpt lat="47.134130000000006" lon="10.51445">
    <ele>855.2400000000001</ele>
   </trkpt>
   <trkpt lat="47.134" lon="10.51462">
    <ele>854.6700000000001</ele>
   </trkpt>
   <trkpt lat="47.133900000000004" lon="10.51482">
    <ele>854.01</ele>
   </trkpt>
   <trkpt lat="47.133860000000006" lon="10.51501">
    <ele>853.72</ele>
   </trkpt>
   <trkpt lat="47.133840000000006" lon="10.51539">
    <ele>853.26</ele>
   </trkpt>
   <trkpt lat="47.133860000000006" lon="10.515680000000001">
    <ele>851.8100000000001</ele>
   </trkpt>
   <trkpt lat="47.13391000000001" lon="10.515960000000002">
    <ele>851.3600000000001</ele>
   </trkpt>
   <trkpt lat="47.13402000000001" lon="10.516350000000001">
    <ele>850.7900000000001</ele>
   </trkpt>
   <trkpt lat="47.134100000000004" lon="10.51656">
    <ele>850.52</ele>
   </trkpt>
   <trkpt lat="47.13423" lon="10.516810000000001">
    <ele>850.2</ele>
   </trkpt>
   <trkpt lat="47.13439" lon="10.517050000000001">
    <ele>849.5600000000001</ele>
   </trkpt>
   <trkpt lat="47.13487500193775" lon="10.517714993953488">
    <ele>848.4200000000001</ele>
   </trkpt>
   <trkpt lat="47.135360000000006" lon="10.51838">
    <ele>847.34</ele>
   </trkpt>
   <trkpt lat="47.13564" lon="10.518790000000001">
    <ele>846.32</ele>
   </trkpt>
   <trkpt lat="47.135810000000006" lon="10.519070000000001">
    <ele>844.1700000000001</ele>
   </trkpt>
   <trkpt lat="47.13595" lon="10.51945">
    <ele>843.6800000000001</ele>
   </trkpt>
   <trkpt lat="47.136030000000005" lon="10.519860000000001">
    <ele>842.58</ele>
   </trkpt>
   <trkpt lat="47.13606" lon="10.52044">
    <ele>840.69</ele>
   </trkpt>
   <trkpt lat="47.13607001302317" lon="10.521663332829627">
    <ele>836.59</ele>
   </trkpt>
   <trkpt lat="47.13608001302282" lon="10.522886666119664">
    <ele>833.6000000000001</ele>
   </trkpt>
   <trkpt lat="47.13609" lon="10.52411">
    <ele>831.96</ele>
   </trkpt>
   <trkpt lat="47.136120000000005" lon="10.52447">
    <ele>830.84</ele>
   </trkpt>
   <trkpt lat="47.136190000000006" lon="10.52476">
    <ele>830.1500000000001</ele>
   </trkpt>
   <trkpt lat="47.136610000000005" lon="10.525860000000002">
    <ele>828.84</ele>
   </trkpt>
   <trkpt lat="47.13669" lon="10.526150000000001">
    <ele>828.1800000000001</ele>
   </trkpt>
   <trkpt lat="47.13678" lon="10.52674">
    <ele>827.1600000000001</ele>
   </trkpt>
   <trkpt lat="47.136790000000005" lon="10.5272">
    <ele>825.1800000000001</ele>
   </trkpt>
   <trkpt lat="47.13674000341777" lon="10.528085000658692">
    <ele>823.3300000000002</ele>
   </trkpt>
   <trkpt lat="47.13669" lon="10.528970000000001">
    <ele>819.6800000000001</ele>
   </trkpt>
   <trkpt lat="47.136700000000005" lon="10.529160000000001">
    <ele>819.6800000000001</ele>
   </trkpt>
   <trkpt lat="47.136770000000006" lon="10.529440000000001">
    <ele>817.9000000000001</ele>
   </trkpt>
   <trkpt lat="47.13692" lon="10.529720000000001">
    <ele>817.6700000000001</ele>
   </trkpt>
   <trkpt lat="47.137325001395325" lon="10.53024499625538">
    <ele>815.45</ele>
   </trkpt>
   <trkpt lat="47.137730000000005" lon="10.53077">
    <ele>813.08</ele>
   </trkpt>
   <trkpt lat="47.13837" lon="10.531410000000001">
    <ele>810.76</ele>
   </trkpt>
   <trkpt lat="47.138630000000006" lon="10.531780000000001">
    <ele>810.6000000000001</ele>
   </trkpt>
   <trkpt lat="47.138830000000006" lon="10.532210000000001">
    <ele>809.8900000000001</ele>
   </trkpt>
   <trkpt lat="47.138980000000004" lon="10.532710000000002">
    <ele>809.7200000000001</ele>
   </trkpt>
   <trkpt lat="47.13915000221113" lon="10.533409998087443">
    <ele>808.5300000000001</ele>
   </trkpt>
   <trkpt lat="47.139320000000005" lon="10.53411">
    <ele>808.21</ele>
   </trkpt>
   <trkpt lat="47.13962751718942" lon="10.535257480094979">
    <ele>806.39</ele>
   </trkpt>
   <trkpt lat="47.13993502292028" lon="10.53640497346337">
    <ele>805.0500000000001</ele>
   </trkpt>
   <trkpt lat="47.140242517192306" lon="10.537552480104983">
    <ele>803.7200000000001</ele>
   </trkpt>
   <trkpt lat="47.140550000000005" lon="10.5387">
    <ele>802.95</ele>
   </trkpt>
   <trkpt lat="47.14078500381745" lon="10.539629996103624">
    <ele>802.2800000000001</ele>
   </trkpt>
   <trkpt lat="47.141020000000005" lon="10.540560000000001">
    <ele>801.8900000000001</ele>
   </trkpt>
   <trkpt lat="47.141090000000005" lon="10.5409">
    <ele>801.7</ele>
   </trkpt>
   <trkpt lat="47.14115" lon="10.541530000000002">
    <ele>801.32</ele>
   </trkpt>
   <trkpt lat="47.141180000000006" lon="10.54279">
    <ele>799.6500000000001</ele>
   </trkpt>
   <trkpt lat="47.14117" lon="10.54316">
    <ele>799.49</ele>
   </trkpt>
   <trkpt lat="47.141066674309094" lon="10.544096670239467">
    <ele>799.3500000000001</ele>
   </trkpt>
   <trkpt lat="47.14096334098326" lon="10.54503333683806">
    <ele>799.2800000000001</ele>
   </trkpt>
   <trkpt lat="47.14086" lon="10.54597">
    <ele>798.57</ele>
   </trkpt>
   <trkpt lat="47.140840000000004" lon="10.546330000000001">
    <ele>798.2600000000001</ele>
   </trkpt>
   <trkpt lat="47.14086334112993" lon="10.5472766657458">
    <ele>796.5500000000001</ele>
   </trkpt>
   <trkpt lat="47.14088667446104" lon="10.548223332322667">
    <ele>795.58</ele>
   </trkpt>
   <trkpt lat="47.140910000000005" lon="10.54917">
    <ele>794.0200000000001</ele>
   </trkpt>
   <trkpt lat="47.140930000000004" lon="10.549510000000001">
    <ele>793.7</ele>
   </trkpt>
   <trkpt lat="47.14101" lon="10.54992">
    <ele>793.34</ele>
   </trkpt>
   <trkpt lat="47.14120500172005" lon="10.55053499797879">
    <ele>792.27</ele>
   </trkpt>
   <trkpt lat="47.141400000000004" lon="10.551150000000002">
    <ele>791.84</ele>
   </trkpt>
   <trkpt lat="47.14144" lon="10.551390000000001">
    <ele>791.72</ele>
   </trkpt>
   <trkpt lat="47.141420000000004" lon="10.55179">
    <ele>791.61</ele>
   </trkpt>
   <trkpt lat="47.14125000000001" lon="10.552610000000001">
    <ele>791.58</ele>
   </trkpt>
   <trkpt lat="47.141020000000005" lon="10.553360000000001">
    <ele>791.7400000000001</ele>
   </trkpt>
   <trkpt lat="47.140570000000004" lon="10.554310000000001">
    <ele>790.69</ele>
   </trkpt>
   <trkpt lat="47.14052" lon="10.554450000000001">
    <ele>790.69</ele>
   </trkpt>
   <trkpt lat="47.140510000000006" lon="10.5547">
    <ele>790.5300000000001</ele>
   </trkpt>
   <trkpt lat="47.14076334186117" lon="10.555689990560548">
    <ele>789.69</ele>
   </trkpt>
   <trkpt lat="47.1410166751933" lon="10.556679990555704">
    <ele>788.84</ele>
   </trkpt>
   <trkpt lat="47.141270000000006" lon="10.557670000000002">
    <ele>788.07</ele>
   </trkpt>
   <trkpt lat="47.141555004805284" lon="10.558714994595109">
    <ele>787.63</ele>
   </trkpt>
   <trkpt lat="47.14184" lon="10.55976">
    <ele>787.09</ele>
   </trkpt>
   <trkpt lat="47.14186" lon="10.559980000000001">
    <ele>786.84</ele>
   </trkpt>
   <trkpt lat="47.141830000000006" lon="10.56005">
    <ele>786.6800000000001</ele>
   </trkpt>
   <trkpt lat="47.14184" lon="10.560170000000001">
    <ele>786.6800000000001</ele>
   </trkpt>
   <trkpt lat="47.141890000000004" lon="10.56023">
    <ele>786.6800000000001</ele>
   </trkpt>
   <trkpt lat="47.141920000000006" lon="10.56024">
    <ele>786.6400000000001</ele>
   </trkpt>
   <trkpt lat="47.142010000000006" lon="10.56043">
    <ele>786.3000000000001</ele>
   </trkpt>
   <trkpt lat="47.142185001872704" lon="10.561089997742087">
    <ele>785.88</ele>
   </trkpt>
   <trkpt lat="47.142360000000004" lon="10.561750000000002">
    <ele>784.72</ele>
   </trkpt>
   <trkpt lat="47.14238" lon="10.561940000000002">
    <ele>784.76</ele>
   </trkpt>
   <trkpt lat="47.14295000019497" lon="10.561790001582732">
    <ele>786.9</ele>
   </trkpt>
   <trkpt lat="47.14352" lon="10.56164">
    <ele>790.36</ele>
   </trkpt>
   <trkpt lat="47.143570000000004" lon="10.561800000000002">
    <ele>790.6700000000001</ele>
   </trkpt>
   <trkpt lat="47.14369000000001" lon="10.562370000000001">
    <ele>791.96</ele>
   </trkpt>
   <trkpt lat="47.14376" lon="10.562840000000001">
    <ele>792.7400000000001</ele>
   </trkpt>
   <trkpt lat="47.14383" lon="10.563080000000001">
    <ele>793.2600000000001</ele>
   </trkpt>
   <trkpt lat="47.14406" lon="10.563310000000001">
    <ele>793.88</ele>
   </trkpt>
   <trkpt lat="47.14419" lon="10.56348">
    <ele>793.98</ele>
   </trkpt>
   <trkpt lat="47.14426" lon="10.56365">
    <ele>793.9200000000001</ele>
   </trkpt>
   <trkpt lat="47.14435" lon="10.56422">
    <ele>791.1400000000001</ele>
   </trkpt>
   <trkpt lat="47.14443000000001" lon="10.564390000000001">
    <ele>790.5200000000001</ele>
   </trkpt>
   <trkpt lat="47.14459" lon="10.564520000000002">
    <ele>789.5300000000001</ele>
   </trkpt>
   <trkpt lat="47.14477" lon="10.56493">
    <ele>788.34</ele>
   </trkpt>
   <trkpt lat="47.14526" lon="10.56549">
    <ele>788.27</ele>
   </trkpt>
   <trkpt lat="47.14573000035052" lon="10.565769997529923">
    <ele>788.54</ele>
   </trkpt>
   <trkpt lat="47.1462" lon="10.56605">
    <ele>787.97</ele>
   </trkpt>
   <trkpt lat="47.14685" lon="10.56671">
    <ele>785.5500000000001</ele>
   </trkpt>
   <trkpt lat="47.146930000000005" lon="10.566870000000002">
    <ele>785.2800000000001</ele>
   </trkpt>
   <trkpt lat="47.147020000000005" lon="10.567110000000001">
    <ele>784.85</ele>
   </trkpt>
   <trkpt lat="47.14726" lon="10.56752">
    <ele>784.7</ele>
   </trkpt>
   <trkpt lat="47.14753" lon="10.568620000000001">
    <ele>783.93</ele>
   </trkpt>
   <trkpt lat="47.147740000000006" lon="10.569170000000002">
    <ele>783.36</ele>
   </trkpt>
   <trkpt lat="47.14721" lon="10.569030000000001">
    <ele>782.98</ele>
   </trkpt>
   <trkpt lat="47.147510000000004" lon="10.570120000000001">
    <ele>782.49</ele>
   </trkpt>
  </trkseg>
 </trk>
</gpx>
