<?xml version="1.0" encoding="UTF-8"?>
<gpx creator="StravaGPX" version="1.1" xmlns="http://www.topografix.com/GPX/1/1" xmlns:xsi="http://www.w3.org/2001/XMLSchema-instance" xsi:schemaLocation="http://www.topografix.com/GPX/1/1 http://www.topografix.com/GPX/1/1/gpx.xsd">
 <metadata>
  <name>Austria 1</name>
  <author>
   <name>Xander Staal</name>
   <link href="https://www.strava.com/athletes/2830409"/>
  </author>
  <copyright author="OpenStreetMap contributors">
   <year>2020</year>
   <license>https://www.openstreetmap.org/copyright</license>
  </copyright>
  <link href="https://www.strava.com/routes/3476688849618122770"/>
 </metadata>
 <trk>
  <name>Austria 1</name>
  <link href="https://www.strava.com/routes/3476688849618122770"/>
  <type>cycling</type>
  <trkseg>
   <trkpt lat="47.26489" lon="11.380690000000001">
    <ele>575.6300000000001</ele>
   </trkpt>
   <trkpt lat="47.26519000165682" lon="11.381304996538512">
    <ele>575.5400000000001</ele>
   </trkpt>
   <trkpt lat="47.26549000000001" lon="11.381920000000001">
    <ele>575.6</ele>
   </trkpt>
   <trkpt lat="47.26513500080523" lon="11.382355002939086">
    <ele>575.59</ele>
   </trkpt>
   <trkpt lat="47.26478" lon="11.382790000000002">
    <ele>576.0300000000001</ele>
   </trkpt>
   <trkpt lat="47.26467" lon="11.382980000000002">
    <ele>576.1200000000001</ele>
   </trkpt>
   <trkpt lat="47.26502000000001" lon="11.383410000000001">
    <ele>575.9000000000001</ele>
   </trkpt>
   <trkpt lat="47.26514" lon="11.38358">
    <ele>575.99</ele>
   </trkpt>
   <trkpt lat="47.26516" lon="11.38371">
    <ele>575.99</ele>
   </trkpt>
   <trkpt lat="47.265480000000004" lon="11.384220000000001">
    <ele>578.04</ele>
   </trkpt>
   <trkpt lat="47.26494" lon="11.385000000000002">
    <ele>578.23</ele>
   </trkpt>
   <trkpt lat="47.26476" lon="11.38474">
    <ele>575.71</ele>
   </trkpt>
   <trkpt lat="47.264680000000006" lon="11.38474">
    <ele>575.49</ele>
   </trkpt>
   <trkpt lat="47.26453" lon="11.384630000000001">
    <ele>575.5</ele>
   </trkpt>
   <trkpt lat="47.26447" lon="11.38455">
    <ele>575.5400000000001</ele>
   </trkpt>
   <trkpt lat="47.26433" lon="11.38423">
    <ele>575.71</ele>
   </trkpt>
   <trkpt lat="47.26406" lon="11.3839">
    <ele>575.8100000000001</ele>
   </trkpt>
   <trkpt lat="47.263760000000005" lon="11.383600000000001">
    <ele>576.2900000000001</ele>
   </trkpt>
   <trkpt lat="47.26301" lon="11.382940000000001">
    <ele>576.55</ele>
   </trkpt>
   <trkpt lat="47.26229000000001" lon="11.38235">
    <ele>576.77</ele>
   </trkpt>
   <trkpt lat="47.262060000000005" lon="11.38226">
    <ele>577.32</ele>
   </trkpt>
   <trkpt lat="47.26176" lon="11.38203">
    <ele>577.5400000000001</ele>
   </trkpt>
   <trkpt lat="47.261660000000006" lon="11.382010000000001">
    <ele>577.55</ele>
   </trkpt>
   <trkpt lat="47.26155000000001" lon="11.38193">
    <ele>577.5</ele>
   </trkpt>
   <trkpt lat="47.261125001021796" lon="11.381469996417087">
    <ele>577.04</ele>
   </trkpt>
   <trkpt lat="47.26070000000001" lon="11.381010000000002">
    <ele>577.23</ele>
   </trkpt>
   <trkpt lat="47.26019500063982" lon="11.38060499607795">
    <ele>577.3600000000001</ele>
   </trkpt>
   <trkpt lat="47.259690000000006" lon="11.3802">
    <ele>577.2900000000001</ele>
   </trkpt>
   <trkpt lat="47.25943" lon="11.38001">
    <ele>576.96</ele>
   </trkpt>
   <trkpt lat="47.25938000000001" lon="11.379890000000001">
    <ele>576.96</ele>
   </trkpt>
   <trkpt lat="47.259190000000004" lon="11.37967">
    <ele>576.37</ele>
   </trkpt>
   <trkpt lat="47.258860000000006" lon="11.37939">
    <ele>576.91</ele>
   </trkpt>
   <trkpt lat="47.25878" lon="11.37936">
    <ele>577.32</ele>
   </trkpt>
   <trkpt lat="47.25871" lon="11.379290000000001">
    <ele>577.45</ele>
   </trkpt>
   <trkpt lat="47.258085001929565" lon="11.378614991975892">
    <ele>577.64</ele>
   </trkpt>
   <trkpt lat="47.25746" lon="11.37794">
    <ele>577.67</ele>
   </trkpt>
   <trkpt lat="47.25703000079716" lon="11.377494996319804">
    <ele>577.61</ele>
   </trkpt>
   <trkpt lat="47.256600000000006" lon="11.37705">
    <ele>577.9200000000001</ele>
   </trkpt>
   <trkpt lat="47.2565" lon="11.376930000000002">
    <ele>577.9200000000001</ele>
   </trkpt>
   <trkpt lat="47.256460000000004" lon="11.37682">
    <ele>577.98</ele>
   </trkpt>
   <trkpt lat="47.255930000000006" lon="11.376290000000001">
    <ele>578.04</ele>
   </trkpt>
   <trkpt lat="47.255365001617676" lon="11.37567999349052">
    <ele>578.26</ele>
   </trkpt>
   <trkpt lat="47.2548" lon="11.375070000000001">
    <ele>578.23</ele>
   </trkpt>
   <trkpt lat="47.254320001698495" lon="11.374464994650227">
    <ele>578.46</ele>
   </trkpt>
   <trkpt lat="47.253840000000004" lon="11.37386">
    <ele>578.23</ele>
   </trkpt>
   <trkpt lat="47.25356000000001" lon="11.373360000000002">
    <ele>578.26</ele>
   </trkpt>
   <trkpt lat="47.253280000000004" lon="11.372800000000002">
    <ele>578.62</ele>
   </trkpt>
   <trkpt lat="47.253060000000005" lon="11.37222">
    <ele>578.69</ele>
   </trkpt>
   <trkpt lat="47.25289" lon="11.371680000000001">
    <ele>578.69</ele>
   </trkpt>
   <trkpt lat="47.25275500185851" lon="11.371029998442712">
    <ele>578.6600000000001</ele>
   </trkpt>
   <trkpt lat="47.25262000000001" lon="11.37038">
    <ele>578.65</ele>
   </trkpt>
   <trkpt lat="47.25251" lon="11.36927">
    <ele>578.74</ele>
   </trkpt>
   <trkpt lat="47.25251" lon="11.368530000000002">
    <ele>578.88</ele>
   </trkpt>
   <trkpt lat="47.25258" lon="11.36767">
    <ele>578.87</ele>
   </trkpt>
   <trkpt lat="47.25258" lon="11.367690000000001">
    <ele>576.8199999999999</ele>
   </trkpt>
   <trkpt lat="47.2526" lon="11.367550000000001">
    <ele>576.8199999999999</ele>
   </trkpt>
   <trkpt lat="47.2528" lon="11.36649">
    <ele>577.74</ele>
   </trkpt>
   <trkpt lat="47.25307251809623" lon="11.365312518163526">
    <ele>577.74</ele>
   </trkpt>
   <trkpt lat="47.25334502413058" lon="11.364135024208773">
    <ele>577.74</ele>
   </trkpt>
   <trkpt lat="47.25361751810278" lon="11.362957518136046">
    <ele>577.74</ele>
   </trkpt>
   <trkpt lat="47.253890000000006" lon="11.361780000000001">
    <ele>577.74</ele>
   </trkpt>
   <trkpt lat="47.25411500592708" lon="11.360610005113573">
    <ele>577.74</ele>
   </trkpt>
   <trkpt lat="47.254340000000006" lon="11.359440000000001">
    <ele>577.74</ele>
   </trkpt>
   <trkpt lat="47.254490005775665" lon="11.358285003480436">
    <ele>578.0500000000001</ele>
   </trkpt>
   <trkpt lat="47.25464" lon="11.357130000000002">
    <ele>578.0500000000001</ele>
   </trkpt>
   <trkpt lat="47.25465000206851" lon="11.356440000299369">
    <ele>578.0500000000001</ele>
   </trkpt>
   <trkpt lat="47.25466" lon="11.35575">
    <ele>578.0500000000001</ele>
   </trkpt>
   <trkpt lat="47.25463500195982" lon="11.355079999876144">
    <ele>578.0500000000001</ele>
   </trkpt>
   <trkpt lat="47.25461000000001" lon="11.354410000000001">
    <ele>578.0500000000001</ele>
   </trkpt>
   <trkpt lat="47.25450000334476" lon="11.353529997982028">
    <ele>578.0500000000001</ele>
   </trkpt>
   <trkpt lat="47.25439" lon="11.35265">
    <ele>578.0500000000001</ele>
   </trkpt>
   <trkpt lat="47.25416000436148" lon="11.351644995495485">
    <ele>578.0500000000001</ele>
   </trkpt>
   <trkpt lat="47.253930000000004" lon="11.35064">
    <ele>578.0500000000001</ele>
   </trkpt>
   <trkpt lat="47.25365751191271" lon="11.349684985296843">
    <ele>578.1500000000001</ele>
   </trkpt>
   <trkpt lat="47.25338501589091" lon="11.348729980421776">
    <ele>578.1500000000001</ele>
   </trkpt>
   <trkpt lat="47.253112511934845" lon="11.347774985374894">
    <ele>578.1500000000001</ele>
   </trkpt>
   <trkpt lat="47.252840000000006" lon="11.346820000000001">
    <ele>578.1500000000001</ele>
   </trkpt>
   <trkpt lat="47.25268000188843" lon="11.34616499811208">
    <ele>578.1500000000001</ele>
   </trkpt>
   <trkpt lat="47.252520000000004" lon="11.34551">
    <ele>578.1500000000001</ele>
   </trkpt>
   <trkpt lat="47.252340000000004" lon="11.344560000000001">
    <ele>578.1500000000001</ele>
   </trkpt>
   <trkpt lat="47.25222" lon="11.34345">
    <ele>578.1500000000001</ele>
   </trkpt>
   <trkpt lat="47.25218" lon="11.342640000000001">
    <ele>578.1500000000001</ele>
   </trkpt>
   <trkpt lat="47.252210000000005" lon="11.34134">
    <ele>578.1500000000001</ele>
   </trkpt>
   <trkpt lat="47.25226000000001" lon="11.340700000000002">
    <ele>580.73</ele>
   </trkpt>
   <trkpt lat="47.25235000000001" lon="11.33999">
    <ele>580.73</ele>
   </trkpt>
   <trkpt lat="47.25254" lon="11.338940000000001">
    <ele>580.73</ele>
   </trkpt>
   <trkpt lat="47.252770000000005" lon="11.33805">
    <ele>580.73</ele>
   </trkpt>
   <trkpt lat="47.25312" lon="11.336960000000001">
    <ele>580.73</ele>
   </trkpt>
   <trkpt lat="47.25336000153507" lon="11.336355002885718">
    <ele>580.73</ele>
   </trkpt>
   <trkpt lat="47.253600000000006" lon="11.33575">
    <ele>580.73</ele>
   </trkpt>
   <trkpt lat="47.2538900015694" lon="11.335150003278565">
    <ele>580.73</ele>
   </trkpt>
   <trkpt lat="47.254180000000005" lon="11.33455">
    <ele>580.0200000000001</ele>
   </trkpt>
   <trkpt lat="47.254495001444006" lon="11.334005002978882">
    <ele>580.49</ele>
   </trkpt>
   <trkpt lat="47.254810000000006" lon="11.33346">
    <ele>580.49</ele>
   </trkpt>
   <trkpt lat="47.254810000000006" lon="11.33342">
    <ele>580.49</ele>
   </trkpt>
   <trkpt lat="47.25459" lon="11.333060000000001">
    <ele>580.49</ele>
   </trkpt>
   <trkpt lat="47.254580000000004" lon="11.332930000000001">
    <ele>580.49</ele>
   </trkpt>
   <trkpt lat="47.254960000000004" lon="11.33183">
    <ele>583.2900000000001</ele>
   </trkpt>
   <trkpt lat="47.25499000000001" lon="11.331660000000001">
    <ele>583.2900000000001</ele>
   </trkpt>
   <trkpt lat="47.25513" lon="11.331320000000002">
    <ele>583.19</ele>
   </trkpt>
   <trkpt lat="47.2553500016232" lon="11.330705002616558">
    <ele>583.43</ele>
   </trkpt>
   <trkpt lat="47.255570000000006" lon="11.33009">
    <ele>581.6600000000001</ele>
   </trkpt>
   <trkpt lat="47.255875002393964" lon="11.32935000423314">
    <ele>581.6600000000001</ele>
   </trkpt>
   <trkpt lat="47.25618" lon="11.328610000000001">
    <ele>581.55</ele>
   </trkpt>
   <trkpt lat="47.256630002942806" lon="11.327775007263078">
    <ele>581.55</ele>
   </trkpt>
   <trkpt lat="47.25708" lon="11.32694">
    <ele>581.55</ele>
   </trkpt>
   <trkpt lat="47.257760000000005" lon="11.32609">
    <ele>581.55</ele>
   </trkpt>
   <trkpt lat="47.25828500129359" lon="11.325525005704351">
    <ele>584.6300000000001</ele>
   </trkpt>
   <trkpt lat="47.258810000000004" lon="11.32496">
    <ele>584.6300000000001</ele>
   </trkpt>
   <trkpt lat="47.25925" lon="11.32451">
    <ele>584.6300000000001</ele>
   </trkpt>
   <trkpt lat="47.25932" lon="11.324470000000002">
    <ele>584.6300000000001</ele>
   </trkpt>
   <trkpt lat="47.259420000000006" lon="11.324470000000002">
    <ele>584.6300000000001</ele>
   </trkpt>
   <trkpt lat="47.26000000009965" lon="11.324679997666133">
    <ele>584.6300000000001</ele>
   </trkpt>
   <trkpt lat="47.260580000000004" lon="11.324890000000002">
    <ele>584.6300000000001</ele>
   </trkpt>
   <trkpt lat="47.26066" lon="11.324950000000001">
    <ele>584.6300000000001</ele>
   </trkpt>
   <trkpt lat="47.260740000000006" lon="11.325080000000002">
    <ele>584.6300000000001</ele>
   </trkpt>
   <trkpt lat="47.26090000000001" lon="11.325420000000001">
    <ele>583.6800000000001</ele>
   </trkpt>
   <trkpt lat="47.261190000000006" lon="11.32511">
    <ele>584.6300000000001</ele>
   </trkpt>
   <trkpt lat="47.26122" lon="11.324990000000001">
    <ele>584.6300000000001</ele>
   </trkpt>
   <trkpt lat="47.261140000000005" lon="11.324570000000001">
    <ele>584.6300000000001</ele>
   </trkpt>
   <trkpt lat="47.261160000000004" lon="11.32441">
    <ele>584.6300000000001</ele>
   </trkpt>
   <trkpt lat="47.261230000000005" lon="11.32426">
    <ele>584.6300000000001</ele>
   </trkpt>
   <trkpt lat="47.261390000000006" lon="11.324200000000001">
    <ele>584.6300000000001</ele>
   </trkpt>
   <trkpt lat="47.2616" lon="11.324050000000002">
    <ele>584.6999999999999</ele>
   </trkpt>
   <trkpt lat="47.26187" lon="11.32375">
    <ele>584.6999999999999</ele>
   </trkpt>
   <trkpt lat="47.26243" lon="11.32295">
    <ele>584.6999999999999</ele>
   </trkpt>
   <trkpt lat="47.262660000000004" lon="11.322730000000002">
    <ele>584.6999999999999</ele>
   </trkpt>
   <trkpt lat="47.26298000192891" lon="11.322065004008556">
    <ele>582.77</ele>
   </trkpt>
   <trkpt lat="47.2633" lon="11.3214">
    <ele>582.77</ele>
   </trkpt>
   <trkpt lat="47.26355" lon="11.320760000000002">
    <ele>582.84</ele>
   </trkpt>
   <trkpt lat="47.2638" lon="11.32">
    <ele>582.84</ele>
   </trkpt>
   <trkpt lat="47.264030000000005" lon="11.319210000000002">
    <ele>583.32</ele>
   </trkpt>
   <trkpt lat="47.26424" lon="11.31836">
    <ele>583.32</ele>
   </trkpt>
   <trkpt lat="47.264410000000005" lon="11.317390000000001">
    <ele>583.2</ele>
   </trkpt>
   <trkpt lat="47.264480000000006" lon="11.31689">
    <ele>583.2</ele>
   </trkpt>
   <trkpt lat="47.264570000000006" lon="11.31601">
    <ele>583.2</ele>
   </trkpt>
   <trkpt lat="47.26456" lon="11.314910000000001">
    <ele>583.2</ele>
   </trkpt>
   <trkpt lat="47.26465" lon="11.314060000000001">
    <ele>583.2</ele>
   </trkpt>
   <trkpt lat="47.26465" lon="11.31352">
    <ele>583.2</ele>
   </trkpt>
   <trkpt lat="47.264590000000005" lon="11.31268">
    <ele>583.2</ele>
   </trkpt>
   <trkpt lat="47.264460006175355" lon="11.311489997221688">
    <ele>583.2</ele>
   </trkpt>
   <trkpt lat="47.26433" lon="11.310300000000002">
    <ele>584.9700000000001</ele>
   </trkpt>
   <trkpt lat="47.264210000000006" lon="11.30906">
    <ele>584.9700000000001</ele>
   </trkpt>
   <trkpt lat="47.264118797766216" lon="11.307807484896266">
    <ele>584.9700000000001</ele>
   </trkpt>
   <trkpt lat="47.2640275818849" lon="11.306554974108586">
    <ele>584.9700000000001</ele>
   </trkpt>
   <trkpt lat="47.263936352356154" lon="11.305302467637578">
    <ele>584.9700000000001</ele>
   </trkpt>
   <trkpt lat="47.263845109180046" lon="11.304049965483856">
    <ele>584.9700000000001</ele>
   </trkpt>
   <trkpt lat="47.26375385235669" lon="11.302797467648038">
    <ele>584.9700000000001</ele>
   </trkpt>
   <trkpt lat="47.263662581886166" lon="11.301544974130742">
    <ele>584.9700000000001</ele>
   </trkpt>
   <trkpt lat="47.26357129776856" lon="11.300292484932584">
    <ele>584.9700000000001</ele>
   </trkpt>
   <trkpt lat="47.26348" lon="11.299040000000002">
    <ele>587.94</ele>
   </trkpt>
   <trkpt lat="47.263402518094495" lon="11.297862494855348">
    <ele>587.94</ele>
   </trkpt>
   <trkpt lat="47.26332502412712" lon="11.296684993157779">
    <ele>587.94</ele>
   </trkpt>
   <trkpt lat="47.26324751809791" lon="11.295507494907815">
    <ele>587.94</ele>
   </trkpt>
   <trkpt lat="47.26317" lon="11.29433">
    <ele>587.94</ele>
   </trkpt>
   <trkpt lat="47.26314500228699" lon="11.2936049996772">
    <ele>587.94</ele>
   </trkpt>
   <trkpt lat="47.26312" lon="11.29288">
    <ele>587.94</ele>
   </trkpt>
   <trkpt lat="47.26312" lon="11.29217">
    <ele>587.87</ele>
   </trkpt>
   <trkpt lat="47.263130000000004" lon="11.29179">
    <ele>587.87</ele>
   </trkpt>
   <trkpt lat="47.26317" lon="11.290930000000001">
    <ele>587.87</ele>
   </trkpt>
   <trkpt lat="47.26324000196944" lon="11.290255001012065">
    <ele>587.87</ele>
   </trkpt>
   <trkpt lat="47.263310000000004" lon="11.28958">
    <ele>587.87</ele>
   </trkpt>
   <trkpt lat="47.26346" lon="11.288680000000001">
    <ele>587.87</ele>
   </trkpt>
   <trkpt lat="47.26361000000001" lon="11.287970000000001">
    <ele>587.87</ele>
   </trkpt>
   <trkpt lat="47.263830000000006" lon="11.2871">
    <ele>587.0300000000001</ele>
   </trkpt>
   <trkpt lat="47.2642" lon="11.28597">
    <ele>587.0300000000001</ele>
   </trkpt>
   <trkpt lat="47.2646" lon="11.284870000000002">
    <ele>587.0300000000001</ele>
   </trkpt>
   <trkpt lat="47.26491500256606" lon="11.2841100043929">
    <ele>587.0300000000001</ele>
   </trkpt>
   <trkpt lat="47.26523" lon="11.28335">
    <ele>587.0300000000001</ele>
   </trkpt>
   <trkpt lat="47.265330000000006" lon="11.283050000000001">
    <ele>587.0300000000001</ele>
   </trkpt>
   <trkpt lat="47.265390000000004" lon="11.282850000000002">
    <ele>588.31</ele>
   </trkpt>
   <trkpt lat="47.265530000000005" lon="11.28251">
    <ele>588.31</ele>
   </trkpt>
   <trkpt lat="47.26556" lon="11.282350000000001">
    <ele>588.31</ele>
   </trkpt>
   <trkpt lat="47.265596677973" lon="11.281210001559579">
    <ele>587.58</ele>
   </trkpt>
   <trkpt lat="47.26563334464032" lon="11.280070001539608">
    <ele>587.58</ele>
   </trkpt>
   <trkpt lat="47.26567000000001" lon="11.27893">
    <ele>587.58</ele>
   </trkpt>
   <trkpt lat="47.26567000000001" lon="11.278360000000001">
    <ele>587.58</ele>
   </trkpt>
   <trkpt lat="47.26561000555443" lon="11.27722999872504">
    <ele>587.58</ele>
   </trkpt>
   <trkpt lat="47.265550000000005" lon="11.276100000000001">
    <ele>587.58</ele>
   </trkpt>
   <trkpt lat="47.26545334523522" lon="11.274929995645724">
    <ele>592.3900000000001</ele>
   </trkpt>
   <trkpt lat="47.26535667856181" lon="11.273759995564353">
    <ele>592.3900000000001</ele>
   </trkpt>
   <trkpt lat="47.265260000000005" lon="11.272590000000001">
    <ele>592.3900000000001</ele>
   </trkpt>
   <trkpt lat="47.26523334113005" lon="11.27164333239779">
    <ele>592.3900000000001</ele>
   </trkpt>
   <trkpt lat="47.2652066744639" lon="11.270696665749226">
    <ele>592.3900000000001</ele>
   </trkpt>
   <trkpt lat="47.26518" lon="11.26975">
    <ele>592.3900000000001</ele>
   </trkpt>
   <trkpt lat="47.26522000000001" lon="11.26881">
    <ele>592.3900000000001</ele>
   </trkpt>
   <trkpt lat="47.26540334011286" lon="11.267926672825801">
    <ele>592.3900000000001</ele>
   </trkpt>
   <trkpt lat="47.26558667343781" lon="11.267043339532911">
    <ele>592.3900000000001</ele>
   </trkpt>
   <trkpt lat="47.26577" lon="11.266160000000001">
    <ele>592.3900000000001</ele>
   </trkpt>
   <trkpt lat="47.26585" lon="11.26594">
    <ele>589.28</ele>
   </trkpt>
   <trkpt lat="47.26605000000001" lon="11.265600000000001">
    <ele>589.28</ele>
   </trkpt>
   <trkpt lat="47.266200003301" lon="11.26473000241474">
    <ele>589.28</ele>
   </trkpt>
   <trkpt lat="47.26635" lon="11.263860000000001">
    <ele>589.28</ele>
   </trkpt>
   <trkpt lat="47.26641" lon="11.2636">
    <ele>589.28</ele>
   </trkpt>
   <trkpt lat="47.26644" lon="11.262830000000001">
    <ele>589.7</ele>
   </trkpt>
   <trkpt lat="47.26644" lon="11.262070000000001">
    <ele>589.08</ele>
   </trkpt>
   <trkpt lat="47.266420000000004" lon="11.261920000000002">
    <ele>590.2900000000001</ele>
   </trkpt>
   <trkpt lat="47.266200000000005" lon="11.26125">
    <ele>592.82</ele>
   </trkpt>
   <trkpt lat="47.26597" lon="11.26065">
    <ele>592.82</ele>
   </trkpt>
   <trkpt lat="47.2659" lon="11.260560000000002">
    <ele>592.82</ele>
   </trkpt>
   <trkpt lat="47.26561" lon="11.260480000000001">
    <ele>592.82</ele>
   </trkpt>
   <trkpt lat="47.26545" lon="11.26036">
    <ele>592.82</ele>
   </trkpt>
   <trkpt lat="47.265280000000004" lon="11.25998">
    <ele>592.82</ele>
   </trkpt>
   <trkpt lat="47.2651550028906" lon="11.259169998325573">
    <ele>592.82</ele>
   </trkpt>
   <trkpt lat="47.26503" lon="11.258360000000001">
    <ele>591.8000000000001</ele>
   </trkpt>
   <trkpt lat="47.264920000000004" lon="11.25791">
    <ele>591.8000000000001</ele>
   </trkpt>
   <trkpt lat="47.2646" lon="11.25689">
    <ele>591.8000000000001</ele>
   </trkpt>
   <trkpt lat="47.26453" lon="11.256710000000002">
    <ele>591.8000000000001</ele>
   </trkpt>
   <trkpt lat="47.26431" lon="11.256310000000001">
    <ele>591.8000000000001</ele>
   </trkpt>
   <trkpt lat="47.2642" lon="11.256070000000001">
    <ele>591.8000000000001</ele>
   </trkpt>
   <trkpt lat="47.26409" lon="11.255780000000001">
    <ele>591.8000000000001</ele>
   </trkpt>
   <trkpt lat="47.264010000000006" lon="11.25547">
    <ele>593.69</ele>
   </trkpt>
   <trkpt lat="47.26397" lon="11.255410000000001">
    <ele>593.36</ele>
   </trkpt>
   <trkpt lat="47.26390000000001" lon="11.255400000000002">
    <ele>593.36</ele>
   </trkpt>
   <trkpt lat="47.263543340903794" lon="11.254466654070043">
    <ele>593.36</ele>
   </trkpt>
   <trkpt lat="47.2631866742293" lon="11.253533320716462">
    <ele>593.36</ele>
   </trkpt>
   <trkpt lat="47.26283" lon="11.252600000000001">
    <ele>593.36</ele>
   </trkpt>
   <trkpt lat="47.262550000000005" lon="11.251800000000001">
    <ele>593.36</ele>
   </trkpt>
   <trkpt lat="47.262460000000004" lon="11.25125">
    <ele>593.36</ele>
   </trkpt>
   <trkpt lat="47.26218" lon="11.250210000000001">
    <ele>593.36</ele>
   </trkpt>
   <trkpt lat="47.26203500240004" lon="11.249459997704399">
    <ele>593.36</ele>
   </trkpt>
   <trkpt lat="47.26189" lon="11.24871">
    <ele>593.36</ele>
   </trkpt>
   <trkpt lat="47.2618" lon="11.24792">
    <ele>593.36</ele>
   </trkpt>
   <trkpt lat="47.26174" lon="11.246970000000001">
    <ele>593.36</ele>
   </trkpt>
   <trkpt lat="47.26174" lon="11.24601">
    <ele>593.36</ele>
   </trkpt>
   <trkpt lat="47.26180500230274" lon="11.245285000707238">
    <ele>593.36</ele>
   </trkpt>
   <trkpt lat="47.26187" lon="11.244560000000002">
    <ele>593.36</ele>
   </trkpt>
   <trkpt lat="47.261965001973145" lon="11.243890001057338">
    <ele>593.36</ele>
   </trkpt>
   <trkpt lat="47.262060000000005" lon="11.24322">
    <ele>593.36</ele>
   </trkpt>
   <trkpt lat="47.26222000222509" lon="11.242510002002092">
    <ele>593.36</ele>
   </trkpt>
   <trkpt lat="47.26238000000001" lon="11.241800000000001">
    <ele>593.36</ele>
   </trkpt>
   <trkpt lat="47.262600000000006" lon="11.24098">
    <ele>593.36</ele>
   </trkpt>
   <trkpt lat="47.26286" lon="11.240290000000002">
    <ele>593.36</ele>
   </trkpt>
   <trkpt lat="47.263250000000006" lon="11.23939">
    <ele>595.62</ele>
   </trkpt>
   <trkpt lat="47.263490000000004" lon="11.23891">
    <ele>595.62</ele>
   </trkpt>
   <trkpt lat="47.26370000000001" lon="11.23854">
    <ele>595.62</ele>
   </trkpt>
   <trkpt lat="47.26418" lon="11.237810000000001">
    <ele>595.62</ele>
   </trkpt>
   <trkpt lat="47.264210000000006" lon="11.23773">
    <ele>595.62</ele>
   </trkpt>
   <trkpt lat="47.264190000000006" lon="11.23751">
    <ele>595.62</ele>
   </trkpt>
   <trkpt lat="47.264070000000004" lon="11.23723">
    <ele>595.62</ele>
   </trkpt>
   <trkpt lat="47.264050000000005" lon="11.23714">
    <ele>595.62</ele>
   </trkpt>
   <trkpt lat="47.26406" lon="11.237020000000001">
    <ele>595.62</ele>
   </trkpt>
   <trkpt lat="47.26426000000001" lon="11.236650000000001">
    <ele>595.62</ele>
   </trkpt>
   <trkpt lat="47.264480000000006" lon="11.236410000000001">
    <ele>595.62</ele>
   </trkpt>
   <trkpt lat="47.264790000000005" lon="11.236180000000001">
    <ele>595.62</ele>
   </trkpt>
   <trkpt lat="47.26527000019518" lon="11.235985001756097">
    <ele>595.62</ele>
   </trkpt>
   <trkpt lat="47.265750000000004" lon="11.235790000000001">
    <ele>595.62</ele>
   </trkpt>
   <trkpt lat="47.26632" lon="11.235610000000001">
    <ele>595.6400000000001</ele>
   </trkpt>
   <trkpt lat="47.26703000007372" lon="11.235430002431455">
    <ele>595.6400000000001</ele>
   </trkpt>
   <trkpt lat="47.26774" lon="11.23525">
    <ele>595.6400000000001</ele>
   </trkpt>
   <trkpt lat="47.26782" lon="11.235240000000001">
    <ele>595.6400000000001</ele>
   </trkpt>
   <trkpt lat="47.26794" lon="11.235230000000001">
    <ele>595.6400000000001</ele>
   </trkpt>
   <trkpt lat="47.26816" lon="11.235130000000002">
    <ele>595.62</ele>
   </trkpt>
   <trkpt lat="47.267920000000004" lon="11.234290000000001">
    <ele>595.71</ele>
   </trkpt>
   <trkpt lat="47.268260000000005" lon="11.234150000000001">
    <ele>594.65</ele>
   </trkpt>
   <trkpt lat="47.26847" lon="11.232980000000001">
    <ele>594.23</ele>
   </trkpt>
   <trkpt lat="47.26869000000001" lon="11.232270000000002">
    <ele>594.23</ele>
   </trkpt>
   <trkpt lat="47.26892" lon="11.231670000000001">
    <ele>594.07</ele>
   </trkpt>
   <trkpt lat="47.269420000000004" lon="11.232280000000001">
    <ele>594.2</ele>
   </trkpt>
   <trkpt lat="47.269740000000006" lon="11.23174">
    <ele>594.44</ele>
   </trkpt>
   <trkpt lat="47.269890000000004" lon="11.23192">
    <ele>594.44</ele>
   </trkpt>
   <trkpt lat="47.27004" lon="11.23169">
    <ele>594.44</ele>
   </trkpt>
   <trkpt lat="47.270320000000005" lon="11.2309">
    <ele>594.44</ele>
   </trkpt>
   <trkpt lat="47.270520000000005" lon="11.230390000000002">
    <ele>594.44</ele>
   </trkpt>
   <trkpt lat="47.270610000000005" lon="11.23024">
    <ele>594.44</ele>
   </trkpt>
   <trkpt lat="47.27109" lon="11.229590000000002">
    <ele>594.92</ele>
   </trkpt>
   <trkpt lat="47.27140000000001" lon="11.22893">
    <ele>594.92</ele>
   </trkpt>
   <trkpt lat="47.271640000000005" lon="11.228340000000001">
    <ele>594.92</ele>
   </trkpt>
   <trkpt lat="47.271935001482916" lon="11.227745003431492">
    <ele>594.92</ele>
   </trkpt>
   <trkpt lat="47.27223" lon="11.227150000000002">
    <ele>594.92</ele>
   </trkpt>
   <trkpt lat="47.272450000000006" lon="11.226560000000001">
    <ele>594.92</ele>
   </trkpt>
   <trkpt lat="47.27273" lon="11.22602">
    <ele>594.92</ele>
   </trkpt>
   <trkpt lat="47.27288" lon="11.225600000000002">
    <ele>594.92</ele>
   </trkpt>
   <trkpt lat="47.27306" lon="11.224760000000002">
    <ele>594.92</ele>
   </trkpt>
   <trkpt lat="47.273240001938724" lon="11.224095002205608">
    <ele>594.92</ele>
   </trkpt>
   <trkpt lat="47.27342" lon="11.22343">
    <ele>596.86</ele>
   </trkpt>
   <trkpt lat="47.27385500508004" lon="11.222350008861062">
    <ele>596.86</ele>
   </trkpt>
   <trkpt lat="47.27429" lon="11.22127">
    <ele>596.86</ele>
   </trkpt>
   <trkpt lat="47.274840000000005" lon="11.220260000000001">
    <ele>596.86</ele>
   </trkpt>
   <trkpt lat="47.2751" lon="11.219690000000002">
    <ele>596.86</ele>
   </trkpt>
   <trkpt lat="47.275090000000006" lon="11.21972">
    <ele>596.86</ele>
   </trkpt>
   <trkpt lat="47.27525000000001" lon="11.219330000000001">
    <ele>596.86</ele>
   </trkpt>
   <trkpt lat="47.275330000000004" lon="11.21893">
    <ele>596.86</ele>
   </trkpt>
   <trkpt lat="47.27535" lon="11.218140000000002">
    <ele>597.3900000000001</ele>
   </trkpt>
   <trkpt lat="47.275450000000006" lon="11.21761">
    <ele>597.3900000000001</ele>
   </trkpt>
   <trkpt lat="47.27561" lon="11.216990000000001">
    <ele>597.3900000000001</ele>
   </trkpt>
   <trkpt lat="47.27568" lon="11.216130000000001">
    <ele>597.3900000000001</ele>
   </trkpt>
   <trkpt lat="47.275800000000004" lon="11.215620000000001">
    <ele>597.3900000000001</ele>
   </trkpt>
   <trkpt lat="47.276210000000006" lon="11.21456">
    <ele>598.07</ele>
   </trkpt>
   <trkpt lat="47.27655333935659" lon="11.213726677523942">
    <ele>598.07</ele>
   </trkpt>
   <trkpt lat="47.2768966726722" lon="11.212893344233763">
    <ele>598.07</ele>
   </trkpt>
   <trkpt lat="47.277240000000006" lon="11.212060000000001">
    <ele>598.07</ele>
   </trkpt>
   <trkpt lat="47.27765000214378" lon="11.211355005493859">
    <ele>598.07</ele>
   </trkpt>
   <trkpt lat="47.27806" lon="11.210650000000001">
    <ele>598.07</ele>
   </trkpt>
   <trkpt lat="47.27837" lon="11.209890000000001">
    <ele>598.07</ele>
   </trkpt>
   <trkpt lat="47.27873" lon="11.208870000000001">
    <ele>599.4200000000001</ele>
   </trkpt>
   <trkpt lat="47.279070000000004" lon="11.207770000000002">
    <ele>599.4200000000001</ele>
   </trkpt>
   <trkpt lat="47.279270000000004" lon="11.20705">
    <ele>599.4200000000001</ele>
   </trkpt>
   <trkpt lat="47.27944" lon="11.206290000000001">
    <ele>599.4200000000001</ele>
   </trkpt>
   <trkpt lat="47.279540000000004" lon="11.205660000000002">
    <ele>599.4200000000001</ele>
   </trkpt>
   <trkpt lat="47.279630000000004" lon="11.204960000000002">
    <ele>599.4200000000001</ele>
   </trkpt>
   <trkpt lat="47.27968500275752" lon="11.204165000703258">
    <ele>599.4200000000001</ele>
   </trkpt>
   <trkpt lat="47.279740000000004" lon="11.203370000000001">
    <ele>599.4200000000001</ele>
   </trkpt>
   <trkpt lat="47.279780008931496" lon="11.202356668225201">
    <ele>599.4200000000001</ele>
   </trkpt>
   <trkpt lat="47.27982000893047" lon="11.201343334918027">
    <ele>599.6700000000001</ele>
   </trkpt>
   <trkpt lat="47.279860000000006" lon="11.200330000000001">
    <ele>599.6700000000001</ele>
   </trkpt>
   <trkpt lat="47.28002" lon="11.199770000000001">
    <ele>599.6700000000001</ele>
   </trkpt>
   <trkpt lat="47.28004000000001" lon="11.199520000000001">
    <ele>599.6700000000001</ele>
   </trkpt>
   <trkpt lat="47.27996" lon="11.19871">
    <ele>599.6700000000001</ele>
   </trkpt>
   <trkpt lat="47.279860000000006" lon="11.198300000000001">
    <ele>599.6700000000001</ele>
   </trkpt>
   <trkpt lat="47.27982" lon="11.19749">
    <ele>599.6700000000001</ele>
   </trkpt>
   <trkpt lat="47.27979001410406" lon="11.196216665207572">
    <ele>599.6700000000001</ele>
   </trkpt>
   <trkpt lat="47.279760014103694" lon="11.194943331858813">
    <ele>599.6700000000001</ele>
   </trkpt>
   <trkpt lat="47.27973" lon="11.193670000000001">
    <ele>601.41</ele>
   </trkpt>
   <trkpt lat="47.27975000000001" lon="11.19311">
    <ele>601.41</ele>
   </trkpt>
   <trkpt lat="47.279830000000004" lon="11.19266">
    <ele>601.41</ele>
   </trkpt>
   <trkpt lat="47.2802" lon="11.19157">
    <ele>601.02</ele>
   </trkpt>
   <trkpt lat="47.280590000000004" lon="11.190990000000001">
    <ele>601.1200000000001</ele>
   </trkpt>
   <trkpt lat="47.28103" lon="11.19045">
    <ele>601.1200000000001</ele>
   </trkpt>
   <trkpt lat="47.28143500042305" lon="11.190160002179008">
    <ele>601.94</ele>
   </trkpt>
   <trkpt lat="47.28184" lon="11.18987">
    <ele>601.94</ele>
   </trkpt>
   <trkpt lat="47.28217" lon="11.189520000000002">
    <ele>601.94</ele>
   </trkpt>
   <trkpt lat="47.28248000000001" lon="11.18914">
    <ele>601.94</ele>
   </trkpt>
   <trkpt lat="47.28278" lon="11.18867">
    <ele>602.36</ele>
   </trkpt>
   <trkpt lat="47.283260000000006" lon="11.187800000000001">
    <ele>602.36</ele>
   </trkpt>
   <trkpt lat="47.28345" lon="11.187420000000001">
    <ele>602.36</ele>
   </trkpt>
   <trkpt lat="47.28352" lon="11.187240000000001">
    <ele>602.36</ele>
   </trkpt>
   <trkpt lat="47.28352" lon="11.187230000000001">
    <ele>602.36</ele>
   </trkpt>
   <trkpt lat="47.28392" lon="11.18627">
    <ele>602.36</ele>
   </trkpt>
   <trkpt lat="47.284150000000004" lon="11.185590000000001">
    <ele>602.6800000000001</ele>
   </trkpt>
   <trkpt lat="47.284420000000004" lon="11.184600000000001">
    <ele>602.6800000000001</ele>
   </trkpt>
   <trkpt lat="47.28464" lon="11.1835">
    <ele>602.6800000000001</ele>
   </trkpt>
   <trkpt lat="47.284720001933344" lon="11.182840000678626">
    <ele>602.6800000000001</ele>
   </trkpt>
   <trkpt lat="47.284800000000004" lon="11.18218">
    <ele>602.6800000000001</ele>
   </trkpt>
   <trkpt lat="47.28486" lon="11.181000000000001">
    <ele>602.6800000000001</ele>
   </trkpt>
   <trkpt lat="47.28484" lon="11.17975">
    <ele>602.6800000000001</ele>
   </trkpt>
   <trkpt lat="47.284780002506295" lon="11.178989999062722">
    <ele>602.6800000000001</ele>
   </trkpt>
   <trkpt lat="47.28472000000001" lon="11.178230000000001">
    <ele>605.01</ele>
   </trkpt>
   <trkpt lat="47.28455334751411" lon="11.176953325308622">
    <ele>605.01</ele>
   </trkpt>
   <trkpt lat="47.284386680849956" lon="11.175676658661507">
    <ele>605.01</ele>
   </trkpt>
   <trkpt lat="47.284220000000005" lon="11.1744">
    <ele>605.01</ele>
   </trkpt>
   <trkpt lat="47.28395500499781" lon="11.173324994499154">
    <ele>605.01</ele>
   </trkpt>
   <trkpt lat="47.28369000000001" lon="11.172250000000002">
    <ele>605.01</ele>
   </trkpt>
   <trkpt lat="47.283640000000005" lon="11.172160000000002">
    <ele>605.09</ele>
   </trkpt>
   <trkpt lat="47.28358" lon="11.172130000000001">
    <ele>605.09</ele>
   </trkpt>
   <trkpt lat="47.28323" lon="11.17214">
    <ele>604.26</ele>
   </trkpt>
   <trkpt lat="47.283170000000005" lon="11.17172">
    <ele>603.6400000000001</ele>
   </trkpt>
   <trkpt lat="47.283100000000005" lon="11.171560000000001">
    <ele>603.6400000000001</ele>
   </trkpt>
   <trkpt lat="47.28287" lon="11.17121">
    <ele>603.6400000000001</ele>
   </trkpt>
   <trkpt lat="47.282500000000006" lon="11.170750000000002">
    <ele>603.7800000000001</ele>
   </trkpt>
   <trkpt lat="47.28204" lon="11.17037">
    <ele>603.75</ele>
   </trkpt>
   <trkpt lat="47.281870000000005" lon="11.17027">
    <ele>603.58</ele>
   </trkpt>
   <trkpt lat="47.28184" lon="11.170200000000001">
    <ele>603.58</ele>
   </trkpt>
   <trkpt lat="47.28186" lon="11.170010000000001">
    <ele>603.69</ele>
   </trkpt>
   <trkpt lat="47.28186" lon="11.169830000000001">
    <ele>603.69</ele>
   </trkpt>
   <trkpt lat="47.28183000000001" lon="11.169770000000002">
    <ele>603.69</ele>
   </trkpt>
   <trkpt lat="47.281800000000004" lon="11.16976">
    <ele>603.69</ele>
   </trkpt>
   <trkpt lat="47.281530000000004" lon="11.169770000000002">
    <ele>603.69</ele>
   </trkpt>
   <trkpt lat="47.28148" lon="11.169720000000002">
    <ele>603.69</ele>
   </trkpt>
   <trkpt lat="47.28145000000001" lon="11.16961">
    <ele>603.69</ele>
   </trkpt>
   <trkpt lat="47.28155252063443" lon="11.168352507298982">
    <ele>603.69</ele>
   </trkpt>
   <trkpt lat="47.28165502751319" lon="11.167095009724697">
    <ele>605.48</ele>
   </trkpt>
   <trkpt lat="47.281757520636205" lon="11.165837507277761">
    <ele>605.48</ele>
   </trkpt>
   <trkpt lat="47.28186" lon="11.16458">
    <ele>605.48</ele>
   </trkpt>
   <trkpt lat="47.281890000000004" lon="11.16444">
    <ele>605.48</ele>
   </trkpt>
   <trkpt lat="47.281960000000005" lon="11.164330000000001">
    <ele>605.48</ele>
   </trkpt>
   <trkpt lat="47.28217" lon="11.16431">
    <ele>605.48</ele>
   </trkpt>
   <trkpt lat="47.282210000000006" lon="11.16427">
    <ele>605.48</ele>
   </trkpt>
   <trkpt lat="47.282230000000006" lon="11.164200000000001">
    <ele>605.48</ele>
   </trkpt>
   <trkpt lat="47.28222" lon="11.163620000000002">
    <ele>605.6100000000001</ele>
   </trkpt>
   <trkpt lat="47.28217" lon="11.16342">
    <ele>605.6100000000001</ele>
   </trkpt>
   <trkpt lat="47.282050000000005" lon="11.163250000000001">
    <ele>605.6100000000001</ele>
   </trkpt>
   <trkpt lat="47.28201000000001" lon="11.163150000000002">
    <ele>605.4200000000001</ele>
   </trkpt>
   <trkpt lat="47.282000000000004" lon="11.16305">
    <ele>605.4200000000001</ele>
   </trkpt>
   <trkpt lat="47.28201000000001" lon="11.162790000000001">
    <ele>605.4200000000001</ele>
   </trkpt>
   <trkpt lat="47.28201000000001" lon="11.1628">
    <ele>605.4200000000001</ele>
   </trkpt>
   <trkpt lat="47.28216000274274" lon="11.162010002091263">
    <ele>605.32</ele>
   </trkpt>
   <trkpt lat="47.28231" lon="11.16122">
    <ele>605.32</ele>
   </trkpt>
   <trkpt lat="47.28248000000001" lon="11.160490000000001">
    <ele>605.32</ele>
   </trkpt>
   <trkpt lat="47.2828" lon="11.159400000000002">
    <ele>605.83</ele>
   </trkpt>
   <trkpt lat="47.28316000419165" lon="11.158415006780453">
    <ele>605.83</ele>
   </trkpt>
   <trkpt lat="47.28352" lon="11.157430000000002">
    <ele>605.83</ele>
   </trkpt>
   <trkpt lat="47.28392000460607" lon="11.156400007809513">
    <ele>606.1200000000001</ele>
   </trkpt>
   <trkpt lat="47.28432" lon="11.155370000000001">
    <ele>606.1200000000001</ele>
   </trkpt>
   <trkpt lat="47.28472000488285" lon="11.154315007867178">
    <ele>606.1200000000001</ele>
   </trkpt>
   <trkpt lat="47.285120000000006" lon="11.153260000000001">
    <ele>606.11</ele>
   </trkpt>
   <trkpt lat="47.2852" lon="11.153160000000002">
    <ele>606.11</ele>
   </trkpt>
   <trkpt lat="47.285270000000004" lon="11.15314">
    <ele>606.11</ele>
   </trkpt>
   <trkpt lat="47.28537" lon="11.153200000000002">
    <ele>606.11</ele>
   </trkpt>
   <trkpt lat="47.285470000000004" lon="11.153110000000002">
    <ele>606.11</ele>
   </trkpt>
   <trkpt lat="47.28549" lon="11.153020000000001">
    <ele>606.11</ele>
   </trkpt>
   <trkpt lat="47.28538" lon="11.15285">
    <ele>606.11</ele>
   </trkpt>
   <trkpt lat="47.285360000000004" lon="11.152790000000001">
    <ele>606.11</ele>
   </trkpt>
   <trkpt lat="47.28537" lon="11.15263">
    <ele>606.11</ele>
   </trkpt>
   <trkpt lat="47.28572500373512" lon="11.151700006311271">
    <ele>606.11</ele>
   </trkpt>
   <trkpt lat="47.286080000000005" lon="11.150770000000001">
    <ele>606.11</ele>
   </trkpt>
   <trkpt lat="47.28652334268833" lon="11.149733350695147">
    <ele>606.11</ele>
   </trkpt>
   <trkpt lat="47.286966676028335" lon="11.148696684013176">
    <ele>608.41</ele>
   </trkpt>
   <trkpt lat="47.28741" lon="11.14766">
    <ele>608.41</ele>
   </trkpt>
   <trkpt lat="47.2878120187493" lon="11.146622031544611">
    <ele>608.41</ele>
   </trkpt>
   <trkpt lat="47.288214028126504" lon="11.145584047311088">
    <ele>608.41</ele>
   </trkpt>
   <trkpt lat="47.288616028131365" lon="11.14454604729934">
    <ele>608.41</ele>
   </trkpt>
   <trkpt lat="47.28901801876359" lon="11.143508031509269">
    <ele>608.8100000000001</ele>
   </trkpt>
   <trkpt lat="47.28942000000001" lon="11.142470000000001">
    <ele>608.8100000000001</ele>
   </trkpt>
   <trkpt lat="47.28968000218314" lon="11.141775003196605">
    <ele>608.8100000000001</ele>
   </trkpt>
   <trkpt lat="47.28994" lon="11.14108">
    <ele>608.85</ele>
   </trkpt>
   <trkpt lat="47.29005" lon="11.14075">
    <ele>608.85</ele>
   </trkpt>
   <trkpt lat="47.29007000000001" lon="11.140640000000001">
    <ele>608.85</ele>
   </trkpt>
   <trkpt lat="47.29005" lon="11.14075">
    <ele>608.85</ele>
   </trkpt>
   <trkpt lat="47.29012" lon="11.140450000000001">
    <ele>608.85</ele>
   </trkpt>
   <trkpt lat="47.29056000578524" lon="11.139300009480545">
    <ele>608.85</ele>
   </trkpt>
   <trkpt lat="47.291000000000004" lon="11.138150000000001">
    <ele>608.92</ele>
   </trkpt>
   <trkpt lat="47.29135" lon="11.13732">
    <ele>608.92</ele>
   </trkpt>
   <trkpt lat="47.29144" lon="11.137160000000002">
    <ele>608.92</ele>
   </trkpt>
   <trkpt lat="47.291630000000005" lon="11.1371">
    <ele>608.92</ele>
   </trkpt>
   <trkpt lat="47.29166000000001" lon="11.137030000000001">
    <ele>608.92</ele>
   </trkpt>
   <trkpt lat="47.29169" lon="11.13695">
    <ele>608.92</ele>
   </trkpt>
   <trkpt lat="47.29167" lon="11.136660000000001">
    <ele>608.92</ele>
   </trkpt>
   <trkpt lat="47.29171" lon="11.13652">
    <ele>608.92</ele>
   </trkpt>
   <trkpt lat="47.29222" lon="11.135560000000002">
    <ele>608.92</ele>
   </trkpt>
   <trkpt lat="47.29277334024956" lon="11.134666685402243">
    <ele>610.85</ele>
   </trkpt>
   <trkpt lat="47.2933266735573" lon="11.133773352110543">
    <ele>610.85</ele>
   </trkpt>
   <trkpt lat="47.29388" lon="11.13288">
    <ele>610.85</ele>
   </trkpt>
   <trkpt lat="47.29437401032328" lon="11.132110028759266">
    <ele>610.85</ele>
   </trkpt>
   <trkpt lat="47.29486801548941" lon="11.131340043132564">
    <ele>613.36</ele>
   </trkpt>
   <trkpt lat="47.29536201549819" lon="11.130570043119532">
    <ele>613.36</ele>
   </trkpt>
   <trkpt lat="47.295856010349446" lon="11.129800028719796">
    <ele>613.36</ele>
   </trkpt>
   <trkpt lat="47.296350000000004" lon="11.12903">
    <ele>613.36</ele>
   </trkpt>
   <trkpt lat="47.29641" lon="11.128990000000002">
    <ele>613.36</ele>
   </trkpt>
   <trkpt lat="47.296490000000006" lon="11.129010000000001">
    <ele>613.36</ele>
   </trkpt>
   <trkpt lat="47.296910000000004" lon="11.12884">
    <ele>613.36</ele>
   </trkpt>
   <trkpt lat="47.29702" lon="11.1287">
    <ele>613.36</ele>
   </trkpt>
   <trkpt lat="47.29704" lon="11.1286">
    <ele>613.36</ele>
   </trkpt>
   <trkpt lat="47.29704" lon="11.128490000000001">
    <ele>613.36</ele>
   </trkpt>
   <trkpt lat="47.296960000000006" lon="11.12823">
    <ele>613.36</ele>
   </trkpt>
   <trkpt lat="47.29695" lon="11.128120000000001">
    <ele>613.36</ele>
   </trkpt>
   <trkpt lat="47.29697" lon="11.128060000000001">
    <ele>613.36</ele>
   </trkpt>
   <trkpt lat="47.297270000000005" lon="11.127540000000002">
    <ele>613.36</ele>
   </trkpt>
   <trkpt lat="47.29777000000001" lon="11.126600000000002">
    <ele>615.97</ele>
   </trkpt>
   <trkpt lat="47.298230000000004" lon="11.125570000000002">
    <ele>615.97</ele>
   </trkpt>
   <trkpt lat="47.29863" lon="11.124580000000002">
    <ele>615.97</ele>
   </trkpt>
   <trkpt lat="47.29867" lon="11.12453">
    <ele>615.97</ele>
   </trkpt>
   <trkpt lat="47.29883" lon="11.124640000000001">
    <ele>615.97</ele>
   </trkpt>
   <trkpt lat="47.29916" lon="11.12481">
    <ele>612.53</ele>
   </trkpt>
   <trkpt lat="47.29919" lon="11.12479">
    <ele>612.53</ele>
   </trkpt>
   <trkpt lat="47.29934" lon="11.124350000000002">
    <ele>612.53</ele>
   </trkpt>
   <trkpt lat="47.29947000000001" lon="11.123780000000002">
    <ele>612.48</ele>
   </trkpt>
   <trkpt lat="47.300050000000006" lon="11.12284">
    <ele>612.6700000000001</ele>
   </trkpt>
   <trkpt lat="47.300470000000004" lon="11.12237">
    <ele>612.6700000000001</ele>
   </trkpt>
   <trkpt lat="47.300740000000005" lon="11.12213">
    <ele>612.6700000000001</ele>
   </trkpt>
   <trkpt lat="47.301550000000006" lon="11.121640000000001">
    <ele>612.73</ele>
   </trkpt>
   <trkpt lat="47.302130000000005" lon="11.12147">
    <ele>612.73</ele>
   </trkpt>
   <trkpt lat="47.30219" lon="11.12133">
    <ele>612.73</ele>
   </trkpt>
   <trkpt lat="47.30237" lon="11.120190000000001">
    <ele>612.73</ele>
   </trkpt>
   <trkpt lat="47.302550000000004" lon="11.120180000000001">
    <ele>612.73</ele>
   </trkpt>
   <trkpt lat="47.30286" lon="11.120120000000002">
    <ele>612.73</ele>
   </trkpt>
   <trkpt lat="47.30321000000001" lon="11.120170000000002">
    <ele>612.73</ele>
   </trkpt>
   <trkpt lat="47.303630000000005" lon="11.11996">
    <ele>612.73</ele>
   </trkpt>
   <trkpt lat="47.30416" lon="11.11991">
    <ele>613.2200000000001</ele>
   </trkpt>
   <trkpt lat="47.304880000000004" lon="11.119700000000002">
    <ele>613.2200000000001</ele>
   </trkpt>
   <trkpt lat="47.3055" lon="11.11964">
    <ele>613.2200000000001</ele>
   </trkpt>
   <trkpt lat="47.30575" lon="11.11955">
    <ele>613.2200000000001</ele>
   </trkpt>
   <trkpt lat="47.306110000000004" lon="11.119390000000001">
    <ele>613.2200000000001</ele>
   </trkpt>
   <trkpt lat="47.30635" lon="11.11922">
    <ele>614.1700000000001</ele>
   </trkpt>
   <trkpt lat="47.306830000000005" lon="11.118760000000002">
    <ele>614.1700000000001</ele>
   </trkpt>
   <trkpt lat="47.307120000000005" lon="11.118450000000001">
    <ele>614.1700000000001</ele>
   </trkpt>
   <trkpt lat="47.307460000000006" lon="11.118210000000001">
    <ele>614.1700000000001</ele>
   </trkpt>
   <trkpt lat="47.30794500115328" lon="11.117710004519877">
    <ele>614.1700000000001</ele>
   </trkpt>
   <trkpt lat="47.30843" lon="11.11721">
    <ele>614.1700000000001</ele>
   </trkpt>
   <trkpt lat="47.308510000000005" lon="11.117080000000001">
    <ele>614.1700000000001</ele>
   </trkpt>
   <trkpt lat="47.308910000000004" lon="11.116060000000001">
    <ele>614.1700000000001</ele>
   </trkpt>
   <trkpt lat="47.309000000000005" lon="11.11575">
    <ele>614.1700000000001</ele>
   </trkpt>
   <trkpt lat="47.30913" lon="11.115160000000001">
    <ele>614.85</ele>
   </trkpt>
   <trkpt lat="47.309200000000004" lon="11.11494">
    <ele>614.85</ele>
   </trkpt>
   <trkpt lat="47.30931" lon="11.114690000000001">
    <ele>614.85</ele>
   </trkpt>
   <trkpt lat="47.309630000000006" lon="11.1142">
    <ele>614.85</ele>
   </trkpt>
   <trkpt lat="47.309830000000005" lon="11.113620000000001">
    <ele>614.85</ele>
   </trkpt>
   <trkpt lat="47.309900000000006" lon="11.11349">
    <ele>614.85</ele>
   </trkpt>
   <trkpt lat="47.31011" lon="11.1132">
    <ele>614.85</ele>
   </trkpt>
   <trkpt lat="47.31022" lon="11.112850000000002">
    <ele>614.85</ele>
   </trkpt>
   <trkpt lat="47.31025" lon="11.112620000000001">
    <ele>614.85</ele>
   </trkpt>
   <trkpt lat="47.31025" lon="11.11261">
    <ele>614.85</ele>
   </trkpt>
   <trkpt lat="47.31033" lon="11.112150000000002">
    <ele>614.85</ele>
   </trkpt>
   <trkpt lat="47.310370000000006" lon="11.11176">
    <ele>614.85</ele>
   </trkpt>
   <trkpt lat="47.31037000195233" lon="11.111090000098589">
    <ele>614.85</ele>
   </trkpt>
   <trkpt lat="47.310370000000006" lon="11.110420000000001">
    <ele>614.85</ele>
   </trkpt>
   <trkpt lat="47.310210000000005" lon="11.109390000000001">
    <ele>615.47</ele>
   </trkpt>
   <trkpt lat="47.30990334432306" lon="11.108266653680381">
    <ele>615.47</ele>
   </trkpt>
   <trkpt lat="47.30959667766981" lon="11.10714332039642">
    <ele>615.47</ele>
   </trkpt>
   <trkpt lat="47.309290000000004" lon="11.106020000000001">
    <ele>615.47</ele>
   </trkpt>
   <trkpt lat="47.30897" lon="11.10528">
    <ele>615.98</ele>
   </trkpt>
   <trkpt lat="47.308930000000004" lon="11.10514">
    <ele>615.98</ele>
   </trkpt>
   <trkpt lat="47.30892" lon="11.105110000000002">
    <ele>616.01</ele>
   </trkpt>
   <trkpt lat="47.308800000000005" lon="11.10463">
    <ele>616.01</ele>
   </trkpt>
   <trkpt lat="47.30868" lon="11.104360000000002">
    <ele>616.01</ele>
   </trkpt>
   <trkpt lat="47.30834500162857" lon="11.103734995907534">
    <ele>617.96</ele>
   </trkpt>
   <trkpt lat="47.30801" lon="11.103110000000001">
    <ele>617.96</ele>
   </trkpt>
   <trkpt lat="47.307900000000004" lon="11.10294">
    <ele>617.96</ele>
   </trkpt>
   <trkpt lat="47.307500000000005" lon="11.102210000000001">
    <ele>617.96</ele>
   </trkpt>
   <trkpt lat="47.30729" lon="11.10177">
    <ele>619.21</ele>
   </trkpt>
   <trkpt lat="47.307140000000004" lon="11.10135">
    <ele>619.21</ele>
   </trkpt>
   <trkpt lat="47.307080000000006" lon="11.101140000000001">
    <ele>619.21</ele>
   </trkpt>
   <trkpt lat="47.307100000000005" lon="11.100470000000001">
    <ele>616.89</ele>
   </trkpt>
   <trkpt lat="47.30706000000001" lon="11.100280000000001">
    <ele>616.89</ele>
   </trkpt>
   <trkpt lat="47.307" lon="11.100100000000001">
    <ele>616.89</ele>
   </trkpt>
   <trkpt lat="47.30662" lon="11.09914">
    <ele>617.0300000000001</ele>
   </trkpt>
   <trkpt lat="47.306430000000006" lon="11.098590000000002">
    <ele>617.78</ele>
   </trkpt>
   <trkpt lat="47.30624" lon="11.097900000000001">
    <ele>618.14</ele>
   </trkpt>
   <trkpt lat="47.305980000000005" lon="11.096870000000001">
    <ele>618.99</ele>
   </trkpt>
   <trkpt lat="47.305980000000005" lon="11.096570000000002">
    <ele>618.99</ele>
   </trkpt>
   <trkpt lat="47.305930000000004" lon="11.096390000000001">
    <ele>618.99</ele>
   </trkpt>
   <trkpt lat="47.305730000000004" lon="11.09539">
    <ele>618.02</ele>
   </trkpt>
   <trkpt lat="47.30572" lon="11.094930000000002">
    <ele>618.02</ele>
   </trkpt>
   <trkpt lat="47.305780000000006" lon="11.094550000000002">
    <ele>618.6400000000001</ele>
   </trkpt>
   <trkpt lat="47.30576000000001" lon="11.09431">
    <ele>618.6400000000001</ele>
   </trkpt>
   <trkpt lat="47.30566" lon="11.09401">
    <ele>618.6400000000001</ele>
   </trkpt>
   <trkpt lat="47.3054600022502" lon="11.093289997259925">
    <ele>619.0500000000001</ele>
   </trkpt>
   <trkpt lat="47.305260000000004" lon="11.09257">
    <ele>619.0500000000001</ele>
   </trkpt>
   <trkpt lat="47.305020000000006" lon="11.091840000000001">
    <ele>619.02</ele>
   </trkpt>
   <trkpt lat="47.30467" lon="11.090670000000001">
    <ele>618.11</ele>
   </trkpt>
   <trkpt lat="47.30442" lon="11.089960000000001">
    <ele>618.11</ele>
   </trkpt>
   <trkpt lat="47.304320000000004" lon="11.08961">
    <ele>618.34</ele>
   </trkpt>
   <trkpt lat="47.304190000000006" lon="11.089030000000001">
    <ele>618.34</ele>
   </trkpt>
   <trkpt lat="47.304010000000005" lon="11.08834">
    <ele>618.34</ele>
   </trkpt>
   <trkpt lat="47.30377000191239" lon="11.087689997251708">
    <ele>618.34</ele>
   </trkpt>
   <trkpt lat="47.30353" lon="11.087040000000002">
    <ele>618.34</ele>
   </trkpt>
   <trkpt lat="47.303250000000006" lon="11.086450000000001">
    <ele>618.34</ele>
   </trkpt>
   <trkpt lat="47.30289500183385" lon="11.08579499554239">
    <ele>620.21</ele>
   </trkpt>
   <trkpt lat="47.30254" lon="11.08514">
    <ele>620.21</ele>
   </trkpt>
   <trkpt lat="47.30214" lon="11.084140000000001">
    <ele>620.21</ele>
   </trkpt>
   <trkpt lat="47.30200000000001" lon="11.08388">
    <ele>620.21</ele>
   </trkpt>
   <trkpt lat="47.30172" lon="11.083440000000001">
    <ele>620.21</ele>
   </trkpt>
   <trkpt lat="47.3016" lon="11.083120000000001">
    <ele>620.92</ele>
   </trkpt>
   <trkpt lat="47.301480000000005" lon="11.082590000000001">
    <ele>621.51</ele>
   </trkpt>
   <trkpt lat="47.301190000000005" lon="11.081650000000002">
    <ele>622.32</ele>
   </trkpt>
   <trkpt lat="47.300920000000005" lon="11.08087">
    <ele>622.32</ele>
   </trkpt>
   <trkpt lat="47.30087" lon="11.08037">
    <ele>622.33</ele>
   </trkpt>
   <trkpt lat="47.300830000000005" lon="11.079300000000002">
    <ele>622.1000000000001</ele>
   </trkpt>
   <trkpt lat="47.30086000000001" lon="11.079180000000001">
    <ele>622.1000000000001</ele>
   </trkpt>
   <trkpt lat="47.300920000000005" lon="11.079110000000002">
    <ele>622.1000000000001</ele>
   </trkpt>
   <trkpt lat="47.300850000000004" lon="11.07872">
    <ele>622.69</ele>
   </trkpt>
   <trkpt lat="47.300816681746205" lon="11.077403331660678">
    <ele>622.69</ele>
   </trkpt>
   <trkpt lat="47.30078334841254" lon="11.076086664981254">
    <ele>622.24</ele>
   </trkpt>
   <trkpt lat="47.30075" lon="11.074770000000001">
    <ele>622.24</ele>
   </trkpt>
   <trkpt lat="47.30071" lon="11.073680000000001">
    <ele>622.51</ele>
   </trkpt>
   <trkpt lat="47.30066" lon="11.07309">
    <ele>622.0300000000001</ele>
   </trkpt>
   <trkpt lat="47.300580000000004" lon="11.07266">
    <ele>622.0300000000001</ele>
   </trkpt>
   <trkpt lat="47.300520002353515" lon="11.071924999214078">
    <ele>622.29</ele>
   </trkpt>
   <trkpt lat="47.30046" lon="11.071190000000001">
    <ele>622.29</ele>
   </trkpt>
   <trkpt lat="47.300285005517146" lon="11.070059996024511">
    <ele>622.29</ele>
   </trkpt>
   <trkpt lat="47.300110000000004" lon="11.068930000000002">
    <ele>622.29</ele>
   </trkpt>
   <trkpt lat="47.29997000251658" lon="11.068164997817336">
    <ele>622.29</ele>
   </trkpt>
   <trkpt lat="47.29983000000001" lon="11.067400000000001">
    <ele>622.29</ele>
   </trkpt>
   <trkpt lat="47.29965500237637" lon="11.066664997679725">
    <ele>622.29</ele>
   </trkpt>
   <trkpt lat="47.29948" lon="11.065930000000002">
    <ele>622.29</ele>
   </trkpt>
   <trkpt lat="47.299200000000006" lon="11.06492">
    <ele>624.72</ele>
   </trkpt>
   <trkpt lat="47.29883" lon="11.063790000000001">
    <ele>624.72</ele>
   </trkpt>
   <trkpt lat="47.29880000000001" lon="11.06325">
    <ele>624.72</ele>
   </trkpt>
   <trkpt lat="47.298590000000004" lon="11.062830000000002">
    <ele>624.72</ele>
   </trkpt>
   <trkpt lat="47.298100000000005" lon="11.061990000000002">
    <ele>624.72</ele>
   </trkpt>
   <trkpt lat="47.29778" lon="11.061300000000001">
    <ele>624.72</ele>
   </trkpt>
   <trkpt lat="47.297430000000006" lon="11.06061">
    <ele>624.72</ele>
   </trkpt>
   <trkpt lat="47.29711000144358" lon="11.06001999629958">
    <ele>624.72</ele>
   </trkpt>
   <trkpt lat="47.29679" lon="11.05943">
    <ele>624.5200000000001</ele>
   </trkpt>
   <trkpt lat="47.29656000000001" lon="11.058940000000002">
    <ele>624.38</ele>
   </trkpt>
   <trkpt lat="47.29637" lon="11.05845">
    <ele>624.38</ele>
   </trkpt>
   <trkpt lat="47.29619" lon="11.05808">
    <ele>624.38</ele>
   </trkpt>
   <trkpt lat="47.295790000000004" lon="11.057160000000001">
    <ele>624.0500000000001</ele>
   </trkpt>
   <trkpt lat="47.295480000000005" lon="11.056310000000002">
    <ele>624.0500000000001</ele>
   </trkpt>
   <trkpt lat="47.29518" lon="11.05544">
    <ele>624.0500000000001</ele>
   </trkpt>
   <trkpt lat="47.294880000000006" lon="11.05438">
    <ele>624.0500000000001</ele>
   </trkpt>
   <trkpt lat="47.294610000000006" lon="11.053310000000002">
    <ele>624.0500000000001</ele>
   </trkpt>
   <trkpt lat="47.294460002207906" lon="11.0525949978976">
    <ele>624.0500000000001</ele>
   </trkpt>
   <trkpt lat="47.29431" lon="11.05188">
    <ele>624.0500000000001</ele>
   </trkpt>
   <trkpt lat="47.294185001819926" lon="11.051229998371742">
    <ele>626.11</ele>
   </trkpt>
   <trkpt lat="47.29406" lon="11.05058">
    <ele>626.11</ele>
   </trkpt>
   <trkpt lat="47.293900007096155" lon="11.04967666118865">
    <ele>626.11</ele>
   </trkpt>
   <trkpt lat="47.29374000709402" lon="11.04877332784342">
    <ele>626.11</ele>
   </trkpt>
   <trkpt lat="47.293580000000006" lon="11.047870000000001">
    <ele>626.11</ele>
   </trkpt>
   <trkpt lat="47.29345500399921" lon="11.046909997660594">
    <ele>626.11</ele>
   </trkpt>
   <trkpt lat="47.293330000000005" lon="11.045950000000001">
    <ele>626.11</ele>
   </trkpt>
   <trkpt lat="47.293380000000006" lon="11.045800000000002">
    <ele>626.11</ele>
   </trkpt>
   <trkpt lat="47.293440000000004" lon="11.045760000000001">
    <ele>626.11</ele>
   </trkpt>
   <trkpt lat="47.29381" lon="11.04568">
    <ele>626.11</ele>
   </trkpt>
   <trkpt lat="47.293870000000005" lon="11.04565">
    <ele>626.11</ele>
   </trkpt>
   <trkpt lat="47.29379" lon="11.045300000000001">
    <ele>626.0</ele>
   </trkpt>
   <trkpt lat="47.29375" lon="11.045200000000001">
    <ele>626.0</ele>
   </trkpt>
   <trkpt lat="47.293710000000004" lon="11.04517">
    <ele>626.0</ele>
   </trkpt>
   <trkpt lat="47.293310000000005" lon="11.04527">
    <ele>626.0</ele>
   </trkpt>
   <trkpt lat="47.293240000000004" lon="11.04522">
    <ele>626.0</ele>
   </trkpt>
   <trkpt lat="47.29321" lon="11.045140000000002">
    <ele>626.0</ele>
   </trkpt>
   <trkpt lat="47.29308500474882" lon="11.044094997523457">
    <ele>626.0</ele>
   </trkpt>
   <trkpt lat="47.29296" lon="11.043050000000001">
    <ele>626.0</ele>
   </trkpt>
   <trkpt lat="47.2929" lon="11.042330000000002">
    <ele>627.62</ele>
   </trkpt>
   <trkpt lat="47.292860000000005" lon="11.04156">
    <ele>627.62</ele>
   </trkpt>
   <trkpt lat="47.29281500585447" lon="11.040399999063903">
    <ele>627.62</ele>
   </trkpt>
   <trkpt lat="47.292770000000004" lon="11.039240000000001">
    <ele>627.62</ele>
   </trkpt>
   <trkpt lat="47.29280000000001" lon="11.039050000000001">
    <ele>627.62</ele>
   </trkpt>
   <trkpt lat="47.292930000000005" lon="11.03885">
    <ele>627.62</ele>
   </trkpt>
   <trkpt lat="47.29296" lon="11.03871">
    <ele>627.62</ele>
   </trkpt>
   <trkpt lat="47.292910000000006" lon="11.038620000000002">
    <ele>627.62</ele>
   </trkpt>
   <trkpt lat="47.29276" lon="11.038480000000002">
    <ele>627.62</ele>
   </trkpt>
   <trkpt lat="47.292750000000005" lon="11.03836">
    <ele>627.62</ele>
   </trkpt>
   <trkpt lat="47.292714324283324" lon="11.037144280784586">
    <ele>627.62</ele>
   </trkpt>
   <trkpt lat="47.29267863571019" lon="11.035928563209707">
    <ele>627.62</ele>
   </trkpt>
   <trkpt lat="47.292642934280636" lon="11.034712847275951">
    <ele>627.62</ele>
   </trkpt>
   <trkpt lat="47.292607219994686" lon="11.033497132983904">
    <ele>627.62</ele>
   </trkpt>
   <trkpt lat="47.29257149285242" lon="11.032281420334147">
    <ele>631.5400000000001</ele>
   </trkpt>
   <trkpt lat="47.292535752853816" lon="11.031065709327276">
    <ele>631.5400000000001</ele>
   </trkpt>
   <trkpt lat="47.292500000000004" lon="11.029850000000001">
    <ele>631.5400000000001</ele>
   </trkpt>
   <trkpt lat="47.2924950037623" lon="11.028920000013317">
    <ele>631.5400000000001</ele>
   </trkpt>
   <trkpt lat="47.29249" lon="11.02799">
    <ele>631.69</ele>
   </trkpt>
   <trkpt lat="47.291970000000006" lon="11.028030000000001">
    <ele>632.57</ele>
   </trkpt>
   <trkpt lat="47.291970000000006" lon="11.0279">
    <ele>632.57</ele>
   </trkpt>
   <trkpt lat="47.292030000000004" lon="11.027330000000001">
    <ele>637.11</ele>
   </trkpt>
   <trkpt lat="47.292030000000004" lon="11.027140000000001">
    <ele>637.11</ele>
   </trkpt>
   <trkpt lat="47.292010000000005" lon="11.02702">
    <ele>637.11</ele>
   </trkpt>
   <trkpt lat="47.29189" lon="11.02668">
    <ele>637.11</ele>
   </trkpt>
   <trkpt lat="47.29186000000001" lon="11.02664">
    <ele>637.11</ele>
   </trkpt>
   <trkpt lat="47.2918" lon="11.0266">
    <ele>637.11</ele>
   </trkpt>
   <trkpt lat="47.291500000000006" lon="11.026560000000002">
    <ele>639.99</ele>
   </trkpt>
   <trkpt lat="47.291360000000005" lon="11.026480000000001">
    <ele>639.99</ele>
   </trkpt>
   <trkpt lat="47.29168000000001" lon="11.02613">
    <ele>637.41</ele>
   </trkpt>
   <trkpt lat="47.29178" lon="11.026060000000001">
    <ele>637.41</ele>
   </trkpt>
   <trkpt lat="47.292010000000005" lon="11.02599">
    <ele>637.1800000000001</ele>
   </trkpt>
   <trkpt lat="47.291850000000004" lon="11.02482">
    <ele>636.3100000000001</ele>
   </trkpt>
   <trkpt lat="47.29171500364063" lon="11.023904997659184">
    <ele>635.1600000000001</ele>
   </trkpt>
   <trkpt lat="47.29158" lon="11.02299">
    <ele>634.57</ele>
   </trkpt>
   <trkpt lat="47.29136251817067" lon="11.021809985454697">
    <ele>634.57</ele>
   </trkpt>
   <trkpt lat="47.291145024228996" lon="11.02062998061453">
    <ele>634.57</ele>
   </trkpt>
   <trkpt lat="47.290927518175195" lon="11.019449985479884">
    <ele>633.4300000000001</ele>
   </trkpt>
   <trkpt lat="47.290710000000004" lon="11.018270000000001">
    <ele>633.4300000000001</ele>
   </trkpt>
   <trkpt lat="47.290490000000005" lon="11.017290000000001">
    <ele>633.4300000000001</ele>
   </trkpt>
   <trkpt lat="47.290330000000004" lon="11.016770000000001">
    <ele>633.4300000000001</ele>
   </trkpt>
   <trkpt lat="47.29012" lon="11.01623">
    <ele>633.4300000000001</ele>
   </trkpt>
   <trkpt lat="47.289880000000004" lon="11.01575">
    <ele>632.29</ele>
   </trkpt>
   <trkpt lat="47.289730000000006" lon="11.01552">
    <ele>632.29</ele>
   </trkpt>
   <trkpt lat="47.28942000000001" lon="11.01506">
    <ele>632.29</ele>
   </trkpt>
   <trkpt lat="47.289" lon="11.014510000000001">
    <ele>632.29</ele>
   </trkpt>
   <trkpt lat="47.288810000000005" lon="11.014230000000001">
    <ele>631.63</ele>
   </trkpt>
   <trkpt lat="47.28851" lon="11.01368">
    <ele>631.63</ele>
   </trkpt>
   <trkpt lat="47.28829" lon="11.013200000000001">
    <ele>631.63</ele>
   </trkpt>
   <trkpt lat="47.28804" lon="11.01248">
    <ele>631.63</ele>
   </trkpt>
   <trkpt lat="47.287798018530104" lon="11.011447981118126">
    <ele>632.3100000000001</ele>
   </trkpt>
   <trkpt lat="47.287556027795475" lon="11.010415971679096">
    <ele>632.9</ele>
   </trkpt>
   <trkpt lat="47.287314027796306" lon="11.009383971683105">
    <ele>633.3100000000001</ele>
   </trkpt>
   <trkpt lat="47.28707201853273" lon="11.008351981130346">
    <ele>633.1600000000001</ele>
   </trkpt>
   <trkpt lat="47.28683" lon="11.007320000000002">
    <ele>633.22</ele>
   </trkpt>
   <trkpt lat="47.28687" lon="11.007280000000002">
    <ele>633.22</ele>
   </trkpt>
   <trkpt lat="47.28687" lon="11.00722">
    <ele>633.22</ele>
   </trkpt>
   <trkpt lat="47.28660000000001" lon="11.006">
    <ele>633.22</ele>
   </trkpt>
   <trkpt lat="47.28633000000001" lon="11.004880000000002">
    <ele>633.22</ele>
   </trkpt>
   <trkpt lat="47.28609500345615" lon="11.003994996254931">
    <ele>633.22</ele>
   </trkpt>
   <trkpt lat="47.28586000000001" lon="11.003110000000001">
    <ele>634.5200000000001</ele>
   </trkpt>
   <trkpt lat="47.28553000604308" lon="11.001929992591831">
    <ele>634.5200000000001</ele>
   </trkpt>
   <trkpt lat="47.2852" lon="11.00075">
    <ele>634.5200000000001</ele>
   </trkpt>
   <trkpt lat="47.284900033347725" lon="10.999511631547286">
    <ele>634.5200000000001</ele>
   </trkpt>
   <trkpt lat="47.28460005335533" lon="10.998273277139278">
    <ele>634.53</ele>
   </trkpt>
   <trkpt lat="47.2843000600231" lon="10.997034936776293">
    <ele>634.53</ele>
   </trkpt>
   <trkpt lat="47.28400005335137" lon="10.995796610458651">
    <ele>634.9800000000001</ele>
   </trkpt>
   <trkpt lat="47.28370003334038" lon="10.99455829818667">
    <ele>634.9800000000001</ele>
   </trkpt>
   <trkpt lat="47.2834" lon="10.99332">
    <ele>634.9800000000001</ele>
   </trkpt>
   <trkpt lat="47.28316" lon="10.992220000000001">
    <ele>634.9800000000001</ele>
   </trkpt>
   <trkpt lat="47.28298500586709" lon="10.991059996258507">
    <ele>634.9800000000001</ele>
   </trkpt>
   <trkpt lat="47.282810000000005" lon="10.9899">
    <ele>634.9800000000001</ele>
   </trkpt>
   <trkpt lat="47.282680000000006" lon="10.989220000000001">
    <ele>634.9800000000001</ele>
   </trkpt>
   <trkpt lat="47.28248000708119" lon="10.988316659758564">
    <ele>637.5400000000001</ele>
   </trkpt>
   <trkpt lat="47.28228000706385" lon="10.98741332634708">
    <ele>637.5400000000001</ele>
   </trkpt>
   <trkpt lat="47.28208" lon="10.98651">
    <ele>637.5400000000001</ele>
   </trkpt>
   <trkpt lat="47.28199" lon="10.986030000000001">
    <ele>637.5400000000001</ele>
   </trkpt>
   <trkpt lat="47.281760000000006" lon="10.98503">
    <ele>637.5400000000001</ele>
   </trkpt>
   <trkpt lat="47.28161" lon="10.9845">
    <ele>637.5400000000001</ele>
   </trkpt>
   <trkpt lat="47.281365001816894" lon="10.983849996934817">
    <ele>637.5400000000001</ele>
   </trkpt>
   <trkpt lat="47.28112" lon="10.9832">
    <ele>637.82</ele>
   </trkpt>
   <trkpt lat="47.28112" lon="10.98315">
    <ele>637.82</ele>
   </trkpt>
   <trkpt lat="47.28114" lon="10.983120000000001">
    <ele>637.82</ele>
   </trkpt>
   <trkpt lat="47.28117" lon="10.983110000000002">
    <ele>637.82</ele>
   </trkpt>
   <trkpt lat="47.28116000000001" lon="10.98296">
    <ele>638.11</ele>
   </trkpt>
   <trkpt lat="47.281060000000004" lon="10.982930000000001">
    <ele>638.3199999999999</ele>
   </trkpt>
   <trkpt lat="47.281000000000006" lon="10.982850000000001">
    <ele>638.3199999999999</ele>
   </trkpt>
   <trkpt lat="47.28096" lon="10.982840000000001">
    <ele>638.4000000000001</ele>
   </trkpt>
   <trkpt lat="47.280910000000006" lon="10.98272">
    <ele>638.4000000000001</ele>
   </trkpt>
   <trkpt lat="47.28074" lon="10.98197">
    <ele>638.2500000000001</ele>
   </trkpt>
   <trkpt lat="47.280680000000004" lon="10.98178">
    <ele>638.2500000000001</ele>
   </trkpt>
   <trkpt lat="47.280550000000005" lon="10.98085">
    <ele>638.08</ele>
   </trkpt>
   <trkpt lat="47.28044751529475" lon="10.979767493754824">
    <ele>638.08</ele>
   </trkpt>
   <trkpt lat="47.28034502039587" lon="10.978684991703616">
    <ele>638.8100000000001</ele>
   </trkpt>
   <trkpt lat="47.28024251530343" lon="10.97760249384676">
    <ele>638.8100000000001</ele>
   </trkpt>
   <trkpt lat="47.28014" lon="10.97652">
    <ele>639.1</ele>
   </trkpt>
   <trkpt lat="47.28002" lon="10.975480000000001">
    <ele>639.1</ele>
   </trkpt>
   <trkpt lat="47.27989" lon="10.974630000000001">
    <ele>639.54</ele>
   </trkpt>
   <trkpt lat="47.27967" lon="10.973490000000002">
    <ele>639.54</ele>
   </trkpt>
   <trkpt lat="47.279500000000006" lon="10.97269">
    <ele>640.63</ele>
   </trkpt>
   <trkpt lat="47.27928000000001" lon="10.97184">
    <ele>640.63</ele>
   </trkpt>
   <trkpt lat="47.27896669064423" lon="10.970789968911662">
    <ele>640.63</ele>
   </trkpt>
   <trkpt lat="47.27865337169731" lon="10.96973995025907">
    <ele>641.09</ele>
   </trkpt>
   <trkpt lat="47.27834004315946" lon="10.968689944042328">
    <ele>641.09</ele>
   </trkpt>
   <trkpt lat="47.27802670503088" lon="10.96763995026153">
    <ele>641.2800000000001</ele>
   </trkpt>
   <trkpt lat="47.27771335731181" lon="10.966589968916772">
    <ele>641.1600000000001</ele>
   </trkpt>
   <trkpt lat="47.27740000000001" lon="10.96554">
    <ele>641.6700000000001</ele>
   </trkpt>
   <trkpt lat="47.27725" lon="10.96508">
    <ele>641.76</ele>
   </trkpt>
   <trkpt lat="47.27695500322425" lon="10.964224995362624">
    <ele>643.05</ele>
   </trkpt>
   <trkpt lat="47.27666000000001" lon="10.963370000000001">
    <ele>641.46</ele>
   </trkpt>
   <trkpt lat="47.276270000000004" lon="10.96244">
    <ele>641.46</ele>
   </trkpt>
   <trkpt lat="47.275830000000006" lon="10.96152">
    <ele>643.15</ele>
   </trkpt>
   <trkpt lat="47.275453337605235" lon="10.960819990051949">
    <ele>643.15</ele>
   </trkpt>
   <trkpt lat="47.27507667094785" lon="10.9601199900693">
    <ele>643.15</ele>
   </trkpt>
   <trkpt lat="47.2747" lon="10.959420000000001">
    <ele>643.38</ele>
   </trkpt>
   <trkpt lat="47.27434667136311" lon="10.95868332344511">
    <ele>643.38</ele>
   </trkpt>
   <trkpt lat="47.273993338005305" lon="10.957946656727563">
    <ele>643.58</ele>
   </trkpt>
   <trkpt lat="47.27364" lon="10.957210000000002">
    <ele>643.58</ele>
   </trkpt>
   <trkpt lat="47.2732800017034" lon="10.956559995335788">
    <ele>643.94</ele>
   </trkpt>
   <trkpt lat="47.272920000000006" lon="10.955910000000001">
    <ele>643.94</ele>
   </trkpt>
   <trkpt lat="47.272690000000004" lon="10.955430000000002">
    <ele>643.66</ele>
   </trkpt>
   <trkpt lat="47.27253" lon="10.955">
    <ele>643.66</ele>
   </trkpt>
   <trkpt lat="47.272380000000005" lon="10.954540000000001">
    <ele>643.66</ele>
   </trkpt>
   <trkpt lat="47.27225000000001" lon="10.95405">
    <ele>643.66</ele>
   </trkpt>
   <trkpt lat="47.27214000000001" lon="10.95353">
    <ele>643.66</ele>
   </trkpt>
   <trkpt lat="47.27195002913072" lon="10.952235981404124">
    <ele>643.66</ele>
   </trkpt>
   <trkpt lat="47.27176004369483" lon="10.950941972098517">
    <ele>643.66</ele>
   </trkpt>
   <trkpt lat="47.271570043692556" lon="10.949647972083763">
    <ele>643.66</ele>
   </trkpt>
   <trkpt lat="47.27138002912406" lon="10.948353981360446">
    <ele>646.9200000000001</ele>
   </trkpt>
   <trkpt lat="47.271190000000004" lon="10.94706">
    <ele>646.9200000000001</ele>
   </trkpt>
   <trkpt lat="47.271100000000004" lon="10.946570000000001">
    <ele>646.9200000000001</ele>
   </trkpt>
   <trkpt lat="47.270970000000005" lon="10.94602">
    <ele>646.9200000000001</ele>
   </trkpt>
   <trkpt lat="47.27073" lon="10.94523">
    <ele>646.9200000000001</ele>
   </trkpt>
   <trkpt lat="47.27028000535782" lon="10.944124990719759">
    <ele>646.9200000000001</ele>
   </trkpt>
   <trkpt lat="47.269830000000006" lon="10.94302">
    <ele>646.9200000000001</ele>
   </trkpt>
   <trkpt lat="47.269580000000005" lon="10.942340000000002">
    <ele>646.9200000000001</ele>
   </trkpt>
   <trkpt lat="47.269400000000005" lon="10.941740000000001">
    <ele>647.0400000000001</ele>
   </trkpt>
   <trkpt lat="47.26921" lon="10.94095">
    <ele>647.27</ele>
   </trkpt>
   <trkpt lat="47.26905500269045" lon="10.94016499775222">
    <ele>647.54</ele>
   </trkpt>
   <trkpt lat="47.2689" lon="10.939380000000002">
    <ele>647.76</ele>
   </trkpt>
   <trkpt lat="47.26865000668976" lon="10.938139994151713">
    <ele>647.96</ele>
   </trkpt>
   <trkpt lat="47.26840000000001" lon="10.936900000000001">
    <ele>648.8000000000001</ele>
   </trkpt>
   <trkpt lat="47.268100000000004" lon="10.93566">
    <ele>649.22</ele>
   </trkpt>
   <trkpt lat="47.26780334354816" lon="10.934576654541853">
    <ele>649.2500000000001</ele>
   </trkpt>
   <trkpt lat="47.26750667688658" lon="10.933493321227331">
    <ele>649.5200000000001</ele>
   </trkpt>
   <trkpt lat="47.267210000000006" lon="10.93241">
    <ele>649.99</ele>
   </trkpt>
   <trkpt lat="47.267050000000005" lon="10.93204">
    <ele>649.99</ele>
   </trkpt>
   <trkpt lat="47.26673" lon="10.931410000000001">
    <ele>650.39</ele>
   </trkpt>
   <trkpt lat="47.266630000000006" lon="10.9311">
    <ele>650.39</ele>
   </trkpt>
   <trkpt lat="47.26636000376575" lon="10.930169995269042">
    <ele>651.21</ele>
   </trkpt>
   <trkpt lat="47.266090000000005" lon="10.92924">
    <ele>651.82</ele>
   </trkpt>
   <trkpt lat="47.26586" lon="10.9282">
    <ele>652.14</ele>
   </trkpt>
   <trkpt lat="47.26572" lon="10.92777">
    <ele>652.78</ele>
   </trkpt>
   <trkpt lat="47.265600000000006" lon="10.92749">
    <ele>652.78</ele>
   </trkpt>
   <trkpt lat="47.265390000000004" lon="10.927150000000001">
    <ele>652.9</ele>
   </trkpt>
   <trkpt lat="47.26520000000001" lon="10.92669">
    <ele>653.07</ele>
   </trkpt>
   <trkpt lat="47.265040000000006" lon="10.926160000000001">
    <ele>653.07</ele>
   </trkpt>
   <trkpt lat="47.26496" lon="10.9258">
    <ele>654.7400000000001</ele>
   </trkpt>
   <trkpt lat="47.264810000000004" lon="10.924930000000002">
    <ele>654.7400000000001</ele>
   </trkpt>
   <trkpt lat="47.26476" lon="10.924710000000001">
    <ele>654.7400000000001</ele>
   </trkpt>
   <trkpt lat="47.26469" lon="10.924520000000001">
    <ele>654.7400000000001</ele>
   </trkpt>
   <trkpt lat="47.264255004208756" lon="10.923529991741141">
    <ele>660.4100000000001</ele>
   </trkpt>
   <trkpt lat="47.26382" lon="10.922540000000001">
    <ele>662.37</ele>
   </trkpt>
   <trkpt lat="47.26361000000001" lon="10.921980000000001">
    <ele>662.37</ele>
   </trkpt>
   <trkpt lat="47.263307511963504" lon="10.921022483585947">
    <ele>663.7</ele>
   </trkpt>
   <trkpt lat="47.26300501595112" lon="10.920064978114274">
    <ele>664.0</ele>
   </trkpt>
   <trkpt lat="47.26270251196305" lon="10.919107483585035">
    <ele>665.33</ele>
   </trkpt>
   <trkpt lat="47.26240000000001" lon="10.91815">
    <ele>665.33</ele>
   </trkpt>
   <trkpt lat="47.2620657448128" lon="10.917068530474507">
    <ele>665.88</ele>
   </trkpt>
   <trkpt lat="47.26173147945106" lon="10.915987074605269">
    <ele>665.88</ele>
   </trkpt>
   <trkpt lat="47.261397203914996" lon="10.914905632392374">
    <ele>665.88</ele>
   </trkpt>
   <trkpt lat="47.2610629182049" lon="10.913824203835901">
    <ele>665.1400000000001</ele>
   </trkpt>
   <trkpt lat="47.260728622320975" lon="10.912742788935937">
    <ele>665.1400000000001</ele>
   </trkpt>
   <trkpt lat="47.26039431626353" lon="10.911661387692563">
    <ele>665.1400000000001</ele>
   </trkpt>
   <trkpt lat="47.26006" lon="10.910580000000001">
    <ele>664.8000000000001</ele>
   </trkpt>
   <trkpt lat="47.259700012201684" lon="10.90939665064016">
    <ele>664.8000000000001</ele>
   </trkpt>
   <trkpt lat="47.25934001222144" lon="10.908213317372116">
    <ele>666.6700000000001</ele>
   </trkpt>
   <trkpt lat="47.25898" lon="10.90703">
    <ele>666.6700000000001</ele>
   </trkpt>
   <trkpt lat="47.258660000000006" lon="10.905830000000002">
    <ele>666.6700000000001</ele>
   </trkpt>
   <trkpt lat="47.25837502735777" lon="10.904708303124387">
    <ele>666.6700000000001</ele>
   </trkpt>
   <trkpt lat="47.25809004376986" lon="10.903586618323125">
    <ele>666.6700000000001</ele>
   </trkpt>
   <trkpt lat="47.257805049236495" lon="10.902464945596433">
    <ele>668.8900000000001</ele>
   </trkpt>
   <trkpt lat="47.2575200437579" lon="10.901343284944524">
    <ele>668.8900000000001</ele>
   </trkpt>
   <trkpt lat="47.2572350273343" lon="10.900221636367604">
    <ele>668.8900000000001</ele>
   </trkpt>
   <trkpt lat="47.25695" lon="10.8991">
    <ele>668.8000000000001</ele>
   </trkpt>
   <trkpt lat="47.2567" lon="10.89822">
    <ele>668.8000000000001</ele>
   </trkpt>
   <trkpt lat="47.256440000000005" lon="10.89741">
    <ele>670.5000000000001</ele>
   </trkpt>
   <trkpt lat="47.25616" lon="10.896690000000001">
    <ele>670.5000000000001</ele>
   </trkpt>
   <trkpt lat="47.2558" lon="10.895890000000001">
    <ele>670.5000000000001</ele>
   </trkpt>
   <trkpt lat="47.25531" lon="10.895000000000001">
    <ele>670.12</ele>
   </trkpt>
   <trkpt lat="47.25470002284958" lon="10.894064221039905">
    <ele>670.12</ele>
   </trkpt>
   <trkpt lat="47.25409003808123" lon="10.893128463637783">
    <ele>670.12</ele>
   </trkpt>
   <trkpt lat="47.25348004569528" lon="10.892192727792947">
    <ele>670.12</ele>
   </trkpt>
   <trkpt lat="47.25287004569205" lon="10.891257013504704">
    <ele>670.12</ele>
   </trkpt>
   <trkpt lat="47.252260038071896" lon="10.890321320772376">
    <ele>674.6500000000001</ele>
   </trkpt>
   <trkpt lat="47.25165002283518" lon="10.889385649595265">
    <ele>674.6500000000001</ele>
   </trkpt>
   <trkpt lat="47.25104" lon="10.88845">
    <ele>674.6500000000001</ele>
   </trkpt>
   <trkpt lat="47.25054" lon="10.887720000000002">
    <ele>674.6500000000001</ele>
   </trkpt>
   <trkpt lat="47.250170000000004" lon="10.88724">
    <ele>674.6500000000001</ele>
   </trkpt>
   <trkpt lat="47.24967" lon="10.88668">
    <ele>674.6500000000001</ele>
   </trkpt>
   <trkpt lat="47.24911" lon="10.88612">
    <ele>674.6500000000001</ele>
   </trkpt>
   <trkpt lat="47.248336007191796" lon="10.885475962337104">
    <ele>674.6500000000001</ele>
   </trkpt>
   <trkpt lat="47.24756201077515" lon="10.884831943496367">
    <ele>677.79</ele>
   </trkpt>
   <trkpt lat="47.24678801075027" lon="10.884187943476817">
    <ele>677.79</ele>
   </trkpt>
   <trkpt lat="47.246014007117374" lon="10.883543962277482">
    <ele>677.79</ele>
   </trkpt>
   <trkpt lat="47.24524" lon="10.882900000000001">
    <ele>677.22</ele>
   </trkpt>
   <trkpt lat="47.24474000000001" lon="10.882470000000001">
    <ele>677.27</ele>
   </trkpt>
   <trkpt lat="47.24416" lon="10.881810000000002">
    <ele>679.27</ele>
   </trkpt>
   <trkpt lat="47.24407" lon="10.881570000000002">
    <ele>679.4300000000001</ele>
   </trkpt>
   <trkpt lat="47.244080000000004" lon="10.881480000000002">
    <ele>679.4300000000001</ele>
   </trkpt>
   <trkpt lat="47.244060000000005" lon="10.88141">
    <ele>679.4300000000001</ele>
   </trkpt>
   <trkpt lat="47.244020000000006" lon="10.881350000000001">
    <ele>679.4300000000001</ele>
   </trkpt>
   <trkpt lat="47.243950000000005" lon="10.88132">
    <ele>679.47</ele>
   </trkpt>
   <trkpt lat="47.24391000000001" lon="10.88133">
    <ele>679.47</ele>
   </trkpt>
   <trkpt lat="47.24374" lon="10.881200000000002">
    <ele>679.47</ele>
   </trkpt>
   <trkpt lat="47.243345002303855" lon="10.880474994626201">
    <ele>680.2800000000001</ele>
   </trkpt>
   <trkpt lat="47.24295" lon="10.879750000000001">
    <ele>680.2800000000001</ele>
   </trkpt>
   <trkpt lat="47.242458012215316" lon="10.878911968864058">
    <ele>681.44</ele>
   </trkpt>
   <trkpt lat="47.241966018320824" lon="10.878073953293157">
    <ele>681.57</ele>
   </trkpt>
   <trkpt lat="47.241474018316744" lon="10.877235953286938">
    <ele>681.9300000000001</ele>
   </trkpt>
   <trkpt lat="47.24098201220329" lon="10.876397968845035">
    <ele>681.9300000000001</ele>
   </trkpt>
   <trkpt lat="47.24049" lon="10.87556">
    <ele>681.9300000000001</ele>
   </trkpt>
   <trkpt lat="47.239930008258284" lon="10.874583312616931">
    <ele>684.62</ele>
   </trkpt>
   <trkpt lat="47.239370008217655" lon="10.873606645879798">
    <ele>684.62</ele>
   </trkpt>
   <trkpt lat="47.23881" lon="10.872630000000001">
    <ele>684.96</ele>
   </trkpt>
   <trkpt lat="47.23836000000001" lon="10.871730000000001">
    <ele>684.71</ele>
   </trkpt>
   <trkpt lat="47.23789000000001" lon="10.870880000000001">
    <ele>684.71</ele>
   </trkpt>
   <trkpt lat="47.2374033409902" lon="10.869943316173478">
    <ele>691.24</ele>
   </trkpt>
   <trkpt lat="47.236916674347306" lon="10.86900664955286">
    <ele>691.24</ele>
   </trkpt>
   <trkpt lat="47.236430000000006" lon="10.868070000000001">
    <ele>691.24</ele>
   </trkpt>
   <trkpt lat="47.23595334080349" lon="10.867143316660393">
    <ele>691.7700000000001</ele>
   </trkpt>
   <trkpt lat="47.235476674135995" lon="10.866216649992374">
    <ele>694.1700000000001</ele>
   </trkpt>
   <trkpt lat="47.23500000000001" lon="10.865290000000002">
    <ele>694.5500000000001</ele>
   </trkpt>
   <trkpt lat="47.234770000000005" lon="10.864700000000001">
    <ele>695.19</ele>
   </trkpt>
   <trkpt lat="47.234500000000004" lon="10.86372">
    <ele>695.84</ele>
   </trkpt>
   <trkpt lat="47.23436" lon="10.862770000000001">
    <ele>696.6000000000001</ele>
   </trkpt>
   <trkpt lat="47.234280004264505" lon="10.861779998518024">
    <ele>696.6000000000001</ele>
   </trkpt>
   <trkpt lat="47.2342" lon="10.860790000000001">
    <ele>696.6000000000001</ele>
   </trkpt>
   <trkpt lat="47.23413" lon="10.860220000000002">
    <ele>696.6000000000001</ele>
   </trkpt>
   <trkpt lat="47.234030000000004" lon="10.8597">
    <ele>696.6000000000001</ele>
   </trkpt>
   <trkpt lat="47.233810000000005" lon="10.85884">
    <ele>724.0500000000001</ele>
   </trkpt>
   <trkpt lat="47.233427513498334" lon="10.857822477934116">
    <ele>724.0500000000001</ele>
   </trkpt>
   <trkpt lat="47.23304501798909" lon="10.856804970556205">
    <ele>724.0500000000001</ele>
   </trkpt>
   <trkpt lat="47.23266251347253" lon="10.8557874778662">
    <ele>724.0500000000001</ele>
   </trkpt>
   <trkpt lat="47.23228" lon="10.85477">
    <ele>734.72</ele>
   </trkpt>
   <trkpt lat="47.23212" lon="10.854370000000001">
    <ele>734.22</ele>
   </trkpt>
   <trkpt lat="47.231950000000005" lon="10.854040000000001">
    <ele>735.04</ele>
   </trkpt>
   <trkpt lat="47.23189000000001" lon="10.85397">
    <ele>735.04</ele>
   </trkpt>
   <trkpt lat="47.23189000000001" lon="10.853850000000001">
    <ele>734.7900000000001</ele>
   </trkpt>
   <trkpt lat="47.23183" lon="10.853710000000001">
    <ele>734.7600000000001</ele>
   </trkpt>
   <trkpt lat="47.23178" lon="10.853670000000001">
    <ele>734.69</ele>
   </trkpt>
   <trkpt lat="47.231680000000004" lon="10.853660000000001">
    <ele>734.69</ele>
   </trkpt>
   <trkpt lat="47.23156" lon="10.85349">
    <ele>734.3700000000001</ele>
   </trkpt>
   <trkpt lat="47.231320000000004" lon="10.85303">
    <ele>732.5400000000001</ele>
   </trkpt>
   <trkpt lat="47.230700000000006" lon="10.85227">
    <ele>732.16</ele>
   </trkpt>
   <trkpt lat="47.23039000000001" lon="10.85185">
    <ele>732.16</ele>
   </trkpt>
   <trkpt lat="47.23017" lon="10.85148">
    <ele>735.65</ele>
   </trkpt>
   <trkpt lat="47.229980000000005" lon="10.851090000000001">
    <ele>735.65</ele>
   </trkpt>
   <trkpt lat="47.229530000000004" lon="10.85003">
    <ele>728.5500000000001</ele>
   </trkpt>
   <trkpt lat="47.22905" lon="10.849">
    <ele>720.4100000000001</ele>
   </trkpt>
   <trkpt lat="47.22881" lon="10.84862">
    <ele>720.4100000000001</ele>
   </trkpt>
   <trkpt lat="47.22825250892896" lon="10.84779247387798">
    <ele>720.4100000000001</ele>
   </trkpt>
   <trkpt lat="47.22769501190011" lon="10.84696496516355">
    <ele>725.1</ele>
   </trkpt>
   <trkpt lat="47.22713750891368" lon="10.846137473856189">
    <ele>720.57</ele>
   </trkpt>
   <trkpt lat="47.226580000000006" lon="10.845310000000001">
    <ele>720.57</ele>
   </trkpt>
   <trkpt lat="47.226093337572145" lon="10.844609987111612">
    <ele>721.9000000000001</ele>
   </trkpt>
   <trkpt lat="47.22560667088107" lon="10.843909987076684">
    <ele>726.6600000000001</ele>
   </trkpt>
   <trkpt lat="47.225120000000004" lon="10.843210000000001">
    <ele>727.0200000000001</ele>
   </trkpt>
   <trkpt lat="47.22478500111848" lon="10.842699996757243">
    <ele>727.0200000000001</ele>
   </trkpt>
   <trkpt lat="47.224450000000004" lon="10.84219">
    <ele>728.0500000000001</ele>
   </trkpt>
   <trkpt lat="47.224090000000004" lon="10.84153">
    <ele>728.0500000000001</ele>
   </trkpt>
   <trkpt lat="47.2237475106266" lon="10.840627482499098">
    <ele>728.0500000000001</ele>
   </trkpt>
   <trkpt lat="47.22340501416651" lon="10.839724976659765">
    <ele>728.0500000000001</ele>
   </trkpt>
   <trkpt lat="47.2230625106199" lon="10.838822482481957">
    <ele>729.6</ele>
   </trkpt>
   <trkpt lat="47.22272" lon="10.83792">
    <ele>729.6</ele>
   </trkpt>
   <trkpt lat="47.22247500205288" lon="10.83723999697223">
    <ele>733.4200000000001</ele>
   </trkpt>
   <trkpt lat="47.22223" lon="10.83656">
    <ele>733.4200000000001</ele>
   </trkpt>
   <trkpt lat="47.22204000000001" lon="10.83596">
    <ele>733.4200000000001</ele>
   </trkpt>
   <trkpt lat="47.22187" lon="10.8352">
    <ele>735.0300000000001</ele>
   </trkpt>
   <trkpt lat="47.22177000000001" lon="10.834480000000001">
    <ele>735.0300000000001</ele>
   </trkpt>
   <trkpt lat="47.22169000887679" lon="10.833469996970683">
    <ele>735.0300000000001</ele>
   </trkpt>
   <trkpt lat="47.22161000887826" lon="10.832459996989328">
    <ele>733.75</ele>
   </trkpt>
   <trkpt lat="47.22153" lon="10.83145">
    <ele>733.75</ele>
   </trkpt>
   <trkpt lat="47.22153" lon="10.83093">
    <ele>733.75</ele>
   </trkpt>
   <trkpt lat="47.22157000000001" lon="10.83041">
    <ele>733.75</ele>
   </trkpt>
   <trkpt lat="47.22167" lon="10.829870000000001">
    <ele>733.75</ele>
   </trkpt>
   <trkpt lat="47.22182" lon="10.829350000000002">
    <ele>725.84</ele>
   </trkpt>
   <trkpt lat="47.221900000000005" lon="10.829120000000001">
    <ele>725.84</ele>
   </trkpt>
   <trkpt lat="47.222100000000005" lon="10.828700000000001">
    <ele>725.84</ele>
   </trkpt>
   <trkpt lat="47.22256000466939" lon="10.827966679407874">
    <ele>725.84</ele>
   </trkpt>
   <trkpt lat="47.22302000465997" lon="10.827233346089738">
    <ele>725.84</ele>
   </trkpt>
   <trkpt lat="47.22348" lon="10.826500000000001">
    <ele>723.8500000000001</ele>
   </trkpt>
   <trkpt lat="47.223780000000005" lon="10.825890000000001">
    <ele>722.47</ele>
   </trkpt>
   <trkpt lat="47.223890000000004" lon="10.825560000000001">
    <ele>722.47</ele>
   </trkpt>
   <trkpt lat="47.22402" lon="10.825030000000002">
    <ele>720.8500000000001</ele>
   </trkpt>
   <trkpt lat="47.224090000000004" lon="10.824620000000001">
    <ele>720.8500000000001</ele>
   </trkpt>
   <trkpt lat="47.224120000000006" lon="10.82408">
    <ele>715.6</ele>
   </trkpt>
   <trkpt lat="47.224120000000006" lon="10.823540000000001">
    <ele>715.5100000000001</ele>
   </trkpt>
   <trkpt lat="47.22402" lon="10.82266">
    <ele>710.99</ele>
   </trkpt>
   <trkpt lat="47.22384001301704" lon="10.821436658335596">
    <ele>710.99</ele>
   </trkpt>
   <trkpt lat="47.22366001301351" lon="10.820213324978441">
    <ele>706.1500000000001</ele>
   </trkpt>
   <trkpt lat="47.22348" lon="10.818990000000001">
    <ele>713.6300000000001</ele>
   </trkpt>
   <trkpt lat="47.22336000000001" lon="10.81845">
    <ele>713.6300000000001</ele>
   </trkpt>
   <trkpt lat="47.223220000000005" lon="10.818000000000001">
    <ele>714.08</ele>
   </trkpt>
   <trkpt lat="47.223020000000005" lon="10.817570000000002">
    <ele>714.08</ele>
   </trkpt>
   <trkpt lat="47.22292" lon="10.817400000000001">
    <ele>712.98</ele>
   </trkpt>
   <trkpt lat="47.222313341369095" lon="10.816439978056536">
    <ele>714.2400000000001</ele>
   </trkpt>
   <trkpt lat="47.221706674719705" lon="10.815479978084296">
    <ele>726.75</ele>
   </trkpt>
   <trkpt lat="47.22110000000001" lon="10.814520000000002">
    <ele>725.5800000000002</ele>
   </trkpt>
   <trkpt lat="47.22095" lon="10.814720000000001">
    <ele>725.5800000000002</ele>
   </trkpt>
   <trkpt lat="47.220800000000004" lon="10.814850000000002">
    <ele>720.8000000000001</ele>
   </trkpt>
   <trkpt lat="47.22059" lon="10.81494">
    <ele>720.69</ele>
   </trkpt>
   <trkpt lat="47.22046" lon="10.81493">
    <ele>720.69</ele>
   </trkpt>
   <trkpt lat="47.22008" lon="10.814770000000001">
    <ele>713.4</ele>
   </trkpt>
   <trkpt lat="47.2199" lon="10.814720000000001">
    <ele>713.4200000000001</ele>
   </trkpt>
   <trkpt lat="47.219730000000006" lon="10.814720000000001">
    <ele>713.4200000000001</ele>
   </trkpt>
   <trkpt lat="47.21956" lon="10.81469">
    <ele>713.4200000000001</ele>
   </trkpt>
   <trkpt lat="47.21932" lon="10.814390000000001">
    <ele>699.57</ele>
   </trkpt>
   <trkpt lat="47.219260000000006" lon="10.814340000000001">
    <ele>699.57</ele>
   </trkpt>
   <trkpt lat="47.219210000000004" lon="10.81432">
    <ele>699.57</ele>
   </trkpt>
   <trkpt lat="47.21907" lon="10.81432">
    <ele>699.57</ele>
   </trkpt>
   <trkpt lat="47.218970000000006" lon="10.814350000000001">
    <ele>699.57</ele>
   </trkpt>
   <trkpt lat="47.218650000000004" lon="10.814570000000002">
    <ele>699.57</ele>
   </trkpt>
   <trkpt lat="47.218500000000006" lon="10.81473">
    <ele>703.4</ele>
   </trkpt>
   <trkpt lat="47.21838" lon="10.814820000000001">
    <ele>703.4</ele>
   </trkpt>
   <trkpt lat="47.21824" lon="10.81487">
    <ele>703.4200000000001</ele>
   </trkpt>
   <trkpt lat="47.218140000000005" lon="10.814860000000001">
    <ele>703.4200000000001</ele>
   </trkpt>
   <trkpt lat="47.21808" lon="10.81478">
    <ele>703.4200000000001</ele>
   </trkpt>
   <trkpt lat="47.21795" lon="10.81447">
    <ele>704.19</ele>
   </trkpt>
   <trkpt lat="47.21791" lon="10.81442">
    <ele>704.19</ele>
   </trkpt>
   <trkpt lat="47.217870000000005" lon="10.81442">
    <ele>704.19</ele>
   </trkpt>
   <trkpt lat="47.21786" lon="10.814350000000001">
    <ele>704.19</ele>
   </trkpt>
   <trkpt lat="47.21755" lon="10.81357">
    <ele>703.7500000000001</ele>
   </trkpt>
   <trkpt lat="47.21746" lon="10.81338">
    <ele>703.73</ele>
   </trkpt>
   <trkpt lat="47.21746" lon="10.81337">
    <ele>703.73</ele>
   </trkpt>
   <trkpt lat="47.21739" lon="10.813220000000001">
    <ele>703.73</ele>
   </trkpt>
   <trkpt lat="47.217060000000004" lon="10.8122">
    <ele>705.9200000000001</ele>
   </trkpt>
   <trkpt lat="47.21697" lon="10.812090000000001">
    <ele>705.95</ele>
   </trkpt>
   <trkpt lat="47.216820000000006" lon="10.812000000000001">
    <ele>706.0900000000001</ele>
   </trkpt>
   <trkpt lat="47.216590000000004" lon="10.81182">
    <ele>706.0900000000001</ele>
   </trkpt>
   <trkpt lat="47.21632" lon="10.811520000000002">
    <ele>707.7800000000001</ele>
   </trkpt>
   <trkpt lat="47.21585" lon="10.81108">
    <ele>708.3100000000001</ele>
   </trkpt>
   <trkpt lat="47.21569" lon="10.81085">
    <ele>708.3100000000001</ele>
   </trkpt>
   <trkpt lat="47.21551" lon="10.810500000000001">
    <ele>708.57</ele>
   </trkpt>
   <trkpt lat="47.21511" lon="10.809320000000001">
    <ele>710.1400000000001</ele>
   </trkpt>
   <trkpt lat="47.214740000000006" lon="10.80896">
    <ele>710.1400000000001</ele>
   </trkpt>
   <trkpt lat="47.21441" lon="10.80846">
    <ele>710.9000000000001</ele>
   </trkpt>
   <trkpt lat="47.21423" lon="10.80812">
    <ele>710.9000000000001</ele>
   </trkpt>
   <trkpt lat="47.214130000000004" lon="10.80802">
    <ele>710.9000000000001</ele>
   </trkpt>
   <trkpt lat="47.214000000000006" lon="10.807970000000001">
    <ele>710.9000000000001</ele>
   </trkpt>
   <trkpt lat="47.21383" lon="10.80794">
    <ele>710.9000000000001</ele>
   </trkpt>
   <trkpt lat="47.21361" lon="10.80794">
    <ele>710.9000000000001</ele>
   </trkpt>
   <trkpt lat="47.21340000000001" lon="10.808000000000002">
    <ele>711.89</ele>
   </trkpt>
   <trkpt lat="47.212990000000005" lon="10.80817">
    <ele>711.89</ele>
   </trkpt>
   <trkpt lat="47.21293000000001" lon="10.80813">
    <ele>711.89</ele>
   </trkpt>
   <trkpt lat="47.212790000000005" lon="10.807300000000001">
    <ele>709.5400000000001</ele>
   </trkpt>
   <trkpt lat="47.212790000000005" lon="10.80714">
    <ele>709.5400000000001</ele>
   </trkpt>
   <trkpt lat="47.212700000000005" lon="10.80695">
    <ele>709.5400000000001</ele>
   </trkpt>
   <trkpt lat="47.21262" lon="10.806650000000001">
    <ele>710.21</ele>
   </trkpt>
   <trkpt lat="47.21256" lon="10.805890000000002">
    <ele>710.21</ele>
   </trkpt>
   <trkpt lat="47.21261500258717" lon="10.805120000688333">
    <ele>710.21</ele>
   </trkpt>
   <trkpt lat="47.21267" lon="10.804350000000001">
    <ele>710.21</ele>
   </trkpt>
   <trkpt lat="47.21257000000001" lon="10.803370000000001">
    <ele>706.83</ele>
   </trkpt>
   <trkpt lat="47.21249" lon="10.80292">
    <ele>706.83</ele>
   </trkpt>
   <trkpt lat="47.212390000000006" lon="10.802480000000001">
    <ele>706.83</ele>
   </trkpt>
   <trkpt lat="47.21235" lon="10.802380000000001">
    <ele>706.83</ele>
   </trkpt>
   <trkpt lat="47.212185002132166" lon="10.801669997529277">
    <ele>706.83</ele>
   </trkpt>
   <trkpt lat="47.21202" lon="10.800960000000002">
    <ele>706.83</ele>
   </trkpt>
   <trkpt lat="47.21188" lon="10.800450000000001">
    <ele>706.83</ele>
   </trkpt>
   <trkpt lat="47.2117" lon="10.799660000000001">
    <ele>706.0900000000001</ele>
   </trkpt>
   <trkpt lat="47.21166" lon="10.799550000000002">
    <ele>706.0900000000001</ele>
   </trkpt>
   <trkpt lat="47.21162" lon="10.799510000000001">
    <ele>699.98</ele>
   </trkpt>
   <trkpt lat="47.21159" lon="10.799510000000001">
    <ele>699.98</ele>
   </trkpt>
   <trkpt lat="47.21105000000001" lon="10.799890000000001">
    <ele>700.2100000000002</ele>
   </trkpt>
   <trkpt lat="47.210980000000006" lon="10.79986">
    <ele>700.6800000000001</ele>
   </trkpt>
   <trkpt lat="47.21096000000001" lon="10.79996">
    <ele>700.6800000000001</ele>
   </trkpt>
   <trkpt lat="47.2109" lon="10.8">
    <ele>701.1500000000001</ele>
   </trkpt>
   <trkpt lat="47.21085" lon="10.800020000000002">
    <ele>701.1500000000001</ele>
   </trkpt>
   <trkpt lat="47.210820000000005" lon="10.8">
    <ele>701.1500000000001</ele>
   </trkpt>
   <trkpt lat="47.21079" lon="10.799790000000002">
    <ele>701.1500000000001</ele>
   </trkpt>
   <trkpt lat="47.21065" lon="10.799330000000001">
    <ele>701.1500000000001</ele>
   </trkpt>
   <trkpt lat="47.210510000000006" lon="10.798770000000001">
    <ele>701.1500000000001</ele>
   </trkpt>
   <trkpt lat="47.21043" lon="10.798250000000001">
    <ele>701.1500000000001</ele>
   </trkpt>
   <trkpt lat="47.210370000000005" lon="10.797460000000001">
    <ele>711.1700000000001</ele>
   </trkpt>
   <trkpt lat="47.210350000000005" lon="10.79742">
    <ele>711.1700000000001</ele>
   </trkpt>
   <trkpt lat="47.21031000000001" lon="10.797400000000001">
    <ele>711.1700000000001</ele>
   </trkpt>
   <trkpt lat="47.20955000000001" lon="10.79748">
    <ele>711.1700000000001</ele>
   </trkpt>
   <trkpt lat="47.20946000000001" lon="10.79747">
    <ele>711.1700000000001</ele>
   </trkpt>
   <trkpt lat="47.20942" lon="10.79743">
    <ele>711.1700000000001</ele>
   </trkpt>
   <trkpt lat="47.209230000000005" lon="10.796830000000002">
    <ele>711.1700000000001</ele>
   </trkpt>
   <trkpt lat="47.20922" lon="10.79676">
    <ele>711.1700000000001</ele>
   </trkpt>
   <trkpt lat="47.209340000000005" lon="10.79672">
    <ele>711.1700000000001</ele>
   </trkpt>
   <trkpt lat="47.20946000000001" lon="10.79662">
    <ele>711.1700000000001</ele>
   </trkpt>
   <trkpt lat="47.209540000000004" lon="10.796460000000002">
    <ele>711.1700000000001</ele>
   </trkpt>
   <trkpt lat="47.209590000000006" lon="10.7963">
    <ele>711.1700000000001</ele>
   </trkpt>
   <trkpt lat="47.20969" lon="10.795670000000001">
    <ele>711.1700000000001</ele>
   </trkpt>
   <trkpt lat="47.20971" lon="10.79517">
    <ele>711.1700000000001</ele>
   </trkpt>
   <trkpt lat="47.209740000000004" lon="10.79495">
    <ele>711.1700000000001</ele>
   </trkpt>
   <trkpt lat="47.209810000000004" lon="10.79476">
    <ele>711.1700000000001</ele>
   </trkpt>
   <trkpt lat="47.21013000000001" lon="10.794270000000001">
    <ele>711.1700000000001</ele>
   </trkpt>
   <trkpt lat="47.210210000000004" lon="10.794110000000002">
    <ele>711.1700000000001</ele>
   </trkpt>
   <trkpt lat="47.210330000000006" lon="10.793830000000002">
    <ele>711.1700000000001</ele>
   </trkpt>
   <trkpt lat="47.21043" lon="10.793520000000001">
    <ele>711.1700000000001</ele>
   </trkpt>
   <trkpt lat="47.21056000772817" lon="10.792576671395382">
    <ele>710.1200000000001</ele>
   </trkpt>
   <trkpt lat="47.210690007713836" lon="10.791633338166182">
    <ele>710.1200000000001</ele>
   </trkpt>
   <trkpt lat="47.210820000000005" lon="10.790690000000001">
    <ele>710.1200000000001</ele>
   </trkpt>
   <trkpt lat="47.21081" lon="10.79025">
    <ele>710.1200000000001</ele>
   </trkpt>
   <trkpt lat="47.21083" lon="10.789560000000002">
    <ele>710.1200000000001</ele>
   </trkpt>
   <trkpt lat="47.210800000000006" lon="10.788900000000002">
    <ele>710.11</ele>
   </trkpt>
   <trkpt lat="47.21074" lon="10.788440000000001">
    <ele>710.11</ele>
   </trkpt>
   <trkpt lat="47.21072" lon="10.788030000000001">
    <ele>710.11</ele>
   </trkpt>
   <trkpt lat="47.210730000000005" lon="10.787600000000001">
    <ele>710.11</ele>
   </trkpt>
   <trkpt lat="47.210860000000004" lon="10.78668">
    <ele>710.11</ele>
   </trkpt>
   <trkpt lat="47.211040000000004" lon="10.786040000000002">
    <ele>710.3900000000001</ele>
   </trkpt>
   <trkpt lat="47.21119" lon="10.78565">
    <ele>710.3900000000001</ele>
   </trkpt>
   <trkpt lat="47.21163000342465" lon="10.784770007189323">
    <ele>710.3900000000001</ele>
   </trkpt>
   <trkpt lat="47.212070000000004" lon="10.783890000000001">
    <ele>710.3900000000001</ele>
   </trkpt>
   <trkpt lat="47.212120000000006" lon="10.783710000000001">
    <ele>710.3900000000001</ele>
   </trkpt>
   <trkpt lat="47.212120000000006" lon="10.78353">
    <ele>710.3900000000001</ele>
   </trkpt>
   <trkpt lat="47.212160000000004" lon="10.783420000000001">
    <ele>710.3900000000001</ele>
   </trkpt>
   <trkpt lat="47.212250000000004" lon="10.7833">
    <ele>710.3900000000001</ele>
   </trkpt>
   <trkpt lat="47.212360000000004" lon="10.78306">
    <ele>710.3900000000001</ele>
   </trkpt>
   <trkpt lat="47.21249" lon="10.78247">
    <ele>710.3900000000001</ele>
   </trkpt>
   <trkpt lat="47.212500000000006" lon="10.78208">
    <ele>710.3900000000001</ele>
   </trkpt>
   <trkpt lat="47.21264" lon="10.78104">
    <ele>707.28</ele>
   </trkpt>
   <trkpt lat="47.212990000000005" lon="10.779910000000001">
    <ele>707.28</ele>
   </trkpt>
   <trkpt lat="47.21318" lon="10.7794">
    <ele>706.5600000000001</ele>
   </trkpt>
   <trkpt lat="47.213190000000004" lon="10.779380000000002">
    <ele>706.5600000000001</ele>
   </trkpt>
   <trkpt lat="47.21322000000001" lon="10.779390000000001">
    <ele>706.5600000000001</ele>
   </trkpt>
   <trkpt lat="47.213260000000005" lon="10.77945">
    <ele>706.5600000000001</ele>
   </trkpt>
   <trkpt lat="47.21334" lon="10.77951">
    <ele>706.5600000000001</ele>
   </trkpt>
   <trkpt lat="47.21336" lon="10.77951">
    <ele>706.5600000000001</ele>
   </trkpt>
   <trkpt lat="47.213390000000004" lon="10.779480000000001">
    <ele>706.5600000000001</ele>
   </trkpt>
   <trkpt lat="47.21369000000001" lon="10.7787">
    <ele>706.5600000000001</ele>
   </trkpt>
   <trkpt lat="47.21403000224262" lon="10.77798500454499">
    <ele>706.5600000000001</ele>
   </trkpt>
   <trkpt lat="47.21437" lon="10.777270000000001">
    <ele>706.5600000000001</ele>
   </trkpt>
   <trkpt lat="47.21480667295631" lon="10.776420013991883">
    <ele>706.5600000000001</ele>
   </trkpt>
   <trkpt lat="47.21524333962656" lon="10.775570013985142">
    <ele>706.5600000000001</ele>
   </trkpt>
   <trkpt lat="47.215680000000006" lon="10.77472">
    <ele>706.5600000000001</ele>
   </trkpt>
   <trkpt lat="47.21609" lon="10.773670000000001">
    <ele>706.83</ele>
   </trkpt>
   <trkpt lat="47.216260000000005" lon="10.77284">
    <ele>706.83</ele>
   </trkpt>
   <trkpt lat="47.21640000401644" lon="10.771880002485078">
    <ele>706.83</ele>
   </trkpt>
   <trkpt lat="47.21654" lon="10.77092">
    <ele>706.83</ele>
   </trkpt>
   <trkpt lat="47.21668000294054" lon="10.770095002298236">
    <ele>706.83</ele>
   </trkpt>
   <trkpt lat="47.216820000000006" lon="10.76927">
    <ele>706.83</ele>
   </trkpt>
   <trkpt lat="47.217040000000004" lon="10.76866">
    <ele>706.83</ele>
   </trkpt>
   <trkpt lat="47.217180000000006" lon="10.76834">
    <ele>706.83</ele>
   </trkpt>
   <trkpt lat="47.217460001116635" lon="10.767820002856762">
    <ele>706.83</ele>
   </trkpt>
   <trkpt lat="47.217740000000006" lon="10.7673">
    <ele>706.83</ele>
   </trkpt>
   <trkpt lat="47.2180450012119" lon="10.766760003206494">
    <ele>706.83</ele>
   </trkpt>
   <trkpt lat="47.21835" lon="10.76622">
    <ele>711.04</ele>
   </trkpt>
   <trkpt lat="47.21846" lon="10.76584">
    <ele>711.04</ele>
   </trkpt>
   <trkpt lat="47.2188" lon="10.765">
    <ele>711.04</ele>
   </trkpt>
   <trkpt lat="47.21886000000001" lon="10.764840000000001">
    <ele>711.04</ele>
   </trkpt>
   <trkpt lat="47.218990000000005" lon="10.76462">
    <ele>711.04</ele>
   </trkpt>
   <trkpt lat="47.21913000000001" lon="10.7642">
    <ele>711.04</ele>
   </trkpt>
   <trkpt lat="47.21933000000001" lon="10.763470000000002">
    <ele>713.67</ele>
   </trkpt>
   <trkpt lat="47.219370000000005" lon="10.763240000000001">
    <ele>713.67</ele>
   </trkpt>
   <trkpt lat="47.219390000000004" lon="10.76271">
    <ele>713.67</ele>
   </trkpt>
   <trkpt lat="47.219370000000005" lon="10.76265">
    <ele>713.67</ele>
   </trkpt>
   <trkpt lat="47.21940000000001" lon="10.76261">
    <ele>713.67</ele>
   </trkpt>
   <trkpt lat="47.21940000000001" lon="10.76246">
    <ele>713.67</ele>
   </trkpt>
   <trkpt lat="47.219500000000004" lon="10.761640000000002">
    <ele>715.2</ele>
   </trkpt>
   <trkpt lat="47.219500000000004" lon="10.76153">
    <ele>715.2</ele>
   </trkpt>
   <trkpt lat="47.219460000000005" lon="10.761470000000001">
    <ele>715.2</ele>
   </trkpt>
   <trkpt lat="47.219460000000005" lon="10.761230000000001">
    <ele>715.2</ele>
   </trkpt>
   <trkpt lat="47.219370000000005" lon="10.76054">
    <ele>711.49</ele>
   </trkpt>
   <trkpt lat="47.21929" lon="10.760440000000001">
    <ele>711.49</ele>
   </trkpt>
   <trkpt lat="47.21927" lon="10.760370000000002">
    <ele>711.49</ele>
   </trkpt>
   <trkpt lat="47.219240000000006" lon="10.75994">
    <ele>711.49</ele>
   </trkpt>
   <trkpt lat="47.219190000000005" lon="10.759680000000001">
    <ele>711.49</ele>
   </trkpt>
   <trkpt lat="47.21897500260375" lon="10.758904996824542">
    <ele>709.4200000000001</ele>
   </trkpt>
   <trkpt lat="47.21876" lon="10.758130000000001">
    <ele>709.4200000000001</ele>
   </trkpt>
   <trkpt lat="47.21876" lon="10.75802">
    <ele>709.4200000000001</ele>
   </trkpt>
   <trkpt lat="47.21878" lon="10.75791">
    <ele>709.4200000000001</ele>
   </trkpt>
   <trkpt lat="47.21884000000001" lon="10.75783">
    <ele>709.4100000000001</ele>
   </trkpt>
   <trkpt lat="47.21934" lon="10.757480000000001">
    <ele>715.0300000000001</ele>
   </trkpt>
   <trkpt lat="47.21942000000001" lon="10.757380000000001">
    <ele>715.19</ele>
   </trkpt>
   <trkpt lat="47.219480000000004" lon="10.757180000000002">
    <ele>716.2</ele>
   </trkpt>
   <trkpt lat="47.21947" lon="10.756910000000001">
    <ele>716.2400000000001</ele>
   </trkpt>
   <trkpt lat="47.21925" lon="10.755820000000002">
    <ele>720.49</ele>
   </trkpt>
   <trkpt lat="47.219030000000004" lon="10.755180000000001">
    <ele>720.69</ele>
   </trkpt>
   <trkpt lat="47.21896" lon="10.754890000000001">
    <ele>720.69</ele>
   </trkpt>
   <trkpt lat="47.218920000000004" lon="10.754620000000001">
    <ele>720.69</ele>
   </trkpt>
   <trkpt lat="47.21886000000001" lon="10.75407">
    <ele>720.69</ele>
   </trkpt>
   <trkpt lat="47.21884000000001" lon="10.75355">
    <ele>720.69</ele>
   </trkpt>
   <trkpt lat="47.21887" lon="10.753350000000001">
    <ele>720.69</ele>
   </trkpt>
   <trkpt lat="47.21894" lon="10.753160000000001">
    <ele>723.7900000000001</ele>
   </trkpt>
   <trkpt lat="47.219060000000006" lon="10.75294">
    <ele>723.7900000000001</ele>
   </trkpt>
   <trkpt lat="47.219190000000005" lon="10.752830000000001">
    <ele>723.7900000000001</ele>
   </trkpt>
   <trkpt lat="47.2199" lon="10.75234">
    <ele>719.9700000000001</ele>
   </trkpt>
   <trkpt lat="47.220040000000004" lon="10.752270000000001">
    <ele>719.9700000000001</ele>
   </trkpt>
   <trkpt lat="47.220490000000005" lon="10.75211">
    <ele>717.72</ele>
   </trkpt>
   <trkpt lat="47.22059" lon="10.752030000000001">
    <ele>717.72</ele>
   </trkpt>
   <trkpt lat="47.22061" lon="10.75196">
    <ele>717.72</ele>
   </trkpt>
   <trkpt lat="47.220600000000005" lon="10.75181">
    <ele>715.32</ele>
   </trkpt>
   <trkpt lat="47.22054000000001" lon="10.751560000000001">
    <ele>715.32</ele>
   </trkpt>
   <trkpt lat="47.220310000000005" lon="10.750850000000002">
    <ele>716.0600000000001</ele>
   </trkpt>
   <trkpt lat="47.22041" lon="10.75078">
    <ele>716.0600000000001</ele>
   </trkpt>
   <trkpt lat="47.22095500035266" lon="10.750510002757894">
    <ele>715.86</ele>
   </trkpt>
   <trkpt lat="47.221500000000006" lon="10.750240000000002">
    <ele>716.22</ele>
   </trkpt>
   <trkpt lat="47.22166000000001" lon="10.750190000000002">
    <ele>716.22</ele>
   </trkpt>
   <trkpt lat="47.22182" lon="10.75017">
    <ele>716.22</ele>
   </trkpt>
   <trkpt lat="47.22261500022756" lon="10.749980002832368">
    <ele>717.19</ele>
   </trkpt>
   <trkpt lat="47.22341" lon="10.74979">
    <ele>717.6300000000001</ele>
   </trkpt>
   <trkpt lat="47.22385999996152" lon="10.749750000343587">
    <ele>717.6300000000001</ele>
   </trkpt>
   <trkpt lat="47.22431" lon="10.74971">
    <ele>720.3000000000001</ele>
   </trkpt>
   <trkpt lat="47.224410000000006" lon="10.749690000000001">
    <ele>720.3000000000001</ele>
   </trkpt>
   <trkpt lat="47.224590000000006" lon="10.749600000000001">
    <ele>720.3000000000001</ele>
   </trkpt>
   <trkpt lat="47.224630000000005" lon="10.74961">
    <ele>720.3000000000001</ele>
   </trkpt>
   <trkpt lat="47.224740000000004" lon="10.749170000000001">
    <ele>721.19</ele>
   </trkpt>
   <trkpt lat="47.22485" lon="10.748930000000001">
    <ele>721.19</ele>
   </trkpt>
   <trkpt lat="47.22534" lon="10.74839">
    <ele>722.11</ele>
   </trkpt>
   <trkpt lat="47.226060000000004" lon="10.747720000000001">
    <ele>726.72</ele>
   </trkpt>
   <trkpt lat="47.22676500207584" lon="10.747020009365476">
    <ele>726.72</ele>
   </trkpt>
   <trkpt lat="47.227470000000004" lon="10.74632">
    <ele>731.6400000000001</ele>
   </trkpt>
   <trkpt lat="47.228010000000005" lon="10.745800000000001">
    <ele>734.4300000000001</ele>
   </trkpt>
   <trkpt lat="47.22833000000001" lon="10.745550000000001">
    <ele>734.5600000000001</ele>
   </trkpt>
   <trkpt lat="47.228795000343474" lon="10.745270002455008">
    <ele>737.63</ele>
   </trkpt>
   <trkpt lat="47.229260000000004" lon="10.744990000000001">
    <ele>741.4200000000001</ele>
   </trkpt>
   <trkpt lat="47.229670000000006" lon="10.74469">
    <ele>742.3000000000001</ele>
   </trkpt>
   <trkpt lat="47.22981" lon="10.744670000000001">
    <ele>743.5100000000001</ele>
   </trkpt>
   <trkpt lat="47.22986" lon="10.744700000000002">
    <ele>743.8</ele>
   </trkpt>
   <trkpt lat="47.229960000000005" lon="10.74465">
    <ele>743.94</ele>
   </trkpt>
   <trkpt lat="47.229980000000005" lon="10.744580000000001">
    <ele>743.7800000000001</ele>
   </trkpt>
   <trkpt lat="47.229980000000005" lon="10.74451">
    <ele>743.7800000000001</ele>
   </trkpt>
   <trkpt lat="47.23006" lon="10.744340000000001">
    <ele>745.1300000000001</ele>
   </trkpt>
   <trkpt lat="47.230500000000006" lon="10.743910000000001">
    <ele>749.85</ele>
   </trkpt>
   <trkpt lat="47.230980001292735" lon="10.743380004721944">
    <ele>753.32</ele>
   </trkpt>
   <trkpt lat="47.231460000000006" lon="10.74285">
    <ele>753.32</ele>
   </trkpt>
   <trkpt lat="47.23189000000001" lon="10.74221">
    <ele>765.6</ele>
   </trkpt>
   <trkpt lat="47.232130000000005" lon="10.741900000000001">
    <ele>765.6</ele>
   </trkpt>
   <trkpt lat="47.232400000000005" lon="10.74164">
    <ele>765.6</ele>
   </trkpt>
   <trkpt lat="47.23277" lon="10.741340000000001">
    <ele>768.57</ele>
   </trkpt>
   <trkpt lat="47.232980000000005" lon="10.74116">
    <ele>772.27</ele>
   </trkpt>
   <trkpt lat="47.233230000000006" lon="10.74088">
    <ele>773.0100000000001</ele>
   </trkpt>
   <trkpt lat="47.23322" lon="10.74088">
    <ele>773.0100000000001</ele>
   </trkpt>
   <trkpt lat="47.23331" lon="10.74079">
    <ele>774.3700000000001</ele>
   </trkpt>
   <trkpt lat="47.233720000000005" lon="10.740440000000001">
    <ele>776.96</ele>
   </trkpt>
   <trkpt lat="47.23393" lon="10.740340000000002">
    <ele>778.84</ele>
   </trkpt>
   <trkpt lat="47.23449" lon="10.740210000000001">
    <ele>780.61</ele>
   </trkpt>
   <trkpt lat="47.234750000000005" lon="10.74018">
    <ele>781.72</ele>
   </trkpt>
   <trkpt lat="47.234820000000006" lon="10.74018">
    <ele>781.83</ele>
   </trkpt>
   <trkpt lat="47.23485" lon="10.740290000000002">
    <ele>781.7400000000001</ele>
   </trkpt>
   <trkpt lat="47.234910000000006" lon="10.74032">
    <ele>781.7400000000001</ele>
   </trkpt>
   <trkpt lat="47.23496" lon="10.740300000000001">
    <ele>781.84</ele>
   </trkpt>
   <trkpt lat="47.23498000000001" lon="10.74028">
    <ele>781.96</ele>
   </trkpt>
   <trkpt lat="47.23501" lon="10.740200000000002">
    <ele>783.8100000000001</ele>
   </trkpt>
   <trkpt lat="47.23500000000001" lon="10.740120000000001">
    <ele>783.8100000000001</ele>
   </trkpt>
   <trkpt lat="47.23568500066824" lon="10.739775004383993">
    <ele>785.76</ele>
   </trkpt>
   <trkpt lat="47.23637" lon="10.73943">
    <ele>786.3000000000001</ele>
   </trkpt>
   <trkpt lat="47.236610000000006" lon="10.73928">
    <ele>786.2500000000001</ele>
   </trkpt>
   <trkpt lat="47.236700000000006" lon="10.73925">
    <ele>786.11</ele>
   </trkpt>
   <trkpt lat="47.23678" lon="10.7392">
    <ele>786.21</ele>
   </trkpt>
   <trkpt lat="47.23682" lon="10.7392">
    <ele>785.45</ele>
   </trkpt>
   <trkpt lat="47.23687" lon="10.73911">
    <ele>786.2600000000001</ele>
   </trkpt>
   <trkpt lat="47.23705" lon="10.738930000000002">
    <ele>786.5000000000001</ele>
   </trkpt>
   <trkpt lat="47.23747" lon="10.738660000000001">
    <ele>787.1700000000001</ele>
   </trkpt>
   <trkpt lat="47.23780000000001" lon="10.738610000000001">
    <ele>786.9</ele>
   </trkpt>
   <trkpt lat="47.238200000000006" lon="10.73868">
    <ele>787.6700000000001</ele>
   </trkpt>
   <trkpt lat="47.238600000000005" lon="10.73873">
    <ele>789.8900000000001</ele>
   </trkpt>
   <trkpt lat="47.23877" lon="10.738800000000001">
    <ele>789.8900000000001</ele>
   </trkpt>
   <trkpt lat="47.23918500032079" lon="10.739109997499254">
    <ele>793.0100000000001</ele>
   </trkpt>
   <trkpt lat="47.2396" lon="10.73942">
    <ele>794.9300000000001</ele>
   </trkpt>
   <trkpt lat="47.2398" lon="10.739540000000002">
    <ele>795.61</ele>
   </trkpt>
   <trkpt lat="47.239940000000004" lon="10.73958">
    <ele>797.6200000000001</ele>
   </trkpt>
   <trkpt lat="47.240100000000005" lon="10.739550000000001">
    <ele>798.8000000000001</ele>
   </trkpt>
   <trkpt lat="47.240210000000005" lon="10.739550000000001">
    <ele>798.8000000000001</ele>
   </trkpt>
   <trkpt lat="47.2406" lon="10.739460000000001">
    <ele>799.46</ele>
   </trkpt>
   <trkpt lat="47.241040000000005" lon="10.73915">
    <ele>790.99</ele>
   </trkpt>
   <trkpt lat="47.24138000000001" lon="10.738790000000002">
    <ele>790.99</ele>
   </trkpt>
   <trkpt lat="47.241670000000006" lon="10.73854">
    <ele>793.72</ele>
   </trkpt>
   <trkpt lat="47.24174000000001" lon="10.738510000000002">
    <ele>793.72</ele>
   </trkpt>
   <trkpt lat="47.24179" lon="10.738510000000002">
    <ele>793.72</ele>
   </trkpt>
   <trkpt lat="47.24188" lon="10.73853">
    <ele>793.72</ele>
   </trkpt>
   <trkpt lat="47.241980000000005" lon="10.738600000000002">
    <ele>795.7900000000001</ele>
   </trkpt>
   <trkpt lat="47.242160000000005" lon="10.73881">
    <ele>796.09</ele>
   </trkpt>
   <trkpt lat="47.242200000000004" lon="10.738840000000001">
    <ele>796.5500000000001</ele>
   </trkpt>
   <trkpt lat="47.242340000000006" lon="10.73886">
    <ele>796.5500000000001</ele>
   </trkpt>
   <trkpt lat="47.24264" lon="10.73878">
    <ele>795.42</ele>
   </trkpt>
   <trkpt lat="47.242760000000004" lon="10.738800000000001">
    <ele>795.42</ele>
   </trkpt>
   <trkpt lat="47.242960000000004" lon="10.738900000000001">
    <ele>804.25</ele>
   </trkpt>
   <trkpt lat="47.243570000000005" lon="10.738930000000002">
    <ele>807.42</ele>
   </trkpt>
   <trkpt lat="47.24381" lon="10.73892">
    <ele>809.0</ele>
   </trkpt>
   <trkpt lat="47.243880000000004" lon="10.738940000000001">
    <ele>809.0</ele>
   </trkpt>
   <trkpt lat="47.24425" lon="10.739180000000001">
    <ele>812.4300000000001</ele>
   </trkpt>
   <trkpt lat="47.244330000000005" lon="10.73924">
    <ele>812.4300000000001</ele>
   </trkpt>
   <trkpt lat="47.244510000000005" lon="10.739450000000001">
    <ele>815.86</ele>
   </trkpt>
   <trkpt lat="47.24459" lon="10.739600000000001">
    <ele>815.86</ele>
   </trkpt>
   <trkpt lat="47.244670000000006" lon="10.739790000000001">
    <ele>815.86</ele>
   </trkpt>
   <trkpt lat="47.24474000000001" lon="10.74004">
    <ele>815.86</ele>
   </trkpt>
   <trkpt lat="47.24486" lon="10.740350000000001">
    <ele>821.8900000000001</ele>
   </trkpt>
   <trkpt lat="47.2449" lon="10.74041">
    <ele>821.8900000000001</ele>
   </trkpt>
   <trkpt lat="47.24499" lon="10.740480000000002">
    <ele>821.8900000000001</ele>
   </trkpt>
   <trkpt lat="47.245110000000004" lon="10.7405">
    <ele>821.8900000000001</ele>
   </trkpt>
   <trkpt lat="47.24531" lon="10.74046">
    <ele>822.5600000000001</ele>
   </trkpt>
   <trkpt lat="47.245360000000005" lon="10.74046">
    <ele>822.5600000000001</ele>
   </trkpt>
   <trkpt lat="47.245430000000006" lon="10.74051">
    <ele>821.8900000000001</ele>
   </trkpt>
   <trkpt lat="47.24568000000001" lon="10.740820000000001">
    <ele>823.74</ele>
   </trkpt>
   <trkpt lat="47.24584" lon="10.741090000000002">
    <ele>823.07</ele>
   </trkpt>
   <trkpt lat="47.24597000000001" lon="10.74126">
    <ele>823.6300000000001</ele>
   </trkpt>
   <trkpt lat="47.246120000000005" lon="10.74141">
    <ele>823.6300000000001</ele>
   </trkpt>
   <trkpt lat="47.246500000000005" lon="10.74089">
    <ele>827.8000000000001</ele>
   </trkpt>
   <trkpt lat="47.24654" lon="10.74088">
    <ele>827.8000000000001</ele>
   </trkpt>
   <trkpt lat="47.24658" lon="10.74089">
    <ele>827.8000000000001</ele>
   </trkpt>
   <trkpt lat="47.246700000000004" lon="10.741060000000001">
    <ele>827.8000000000001</ele>
   </trkpt>
   <trkpt lat="47.24681" lon="10.74116">
    <ele>827.8000000000001</ele>
   </trkpt>
   <trkpt lat="47.24701" lon="10.741290000000001">
    <ele>833.95</ele>
   </trkpt>
   <trkpt lat="47.24716" lon="10.741320000000002">
    <ele>833.95</ele>
   </trkpt>
   <trkpt lat="47.24725" lon="10.74131">
    <ele>833.95</ele>
   </trkpt>
   <trkpt lat="47.24736" lon="10.74126">
    <ele>833.95</ele>
   </trkpt>
   <trkpt lat="47.24781" lon="10.741050000000001">
    <ele>833.9000000000001</ele>
   </trkpt>
   <trkpt lat="47.2479" lon="10.74102">
    <ele>833.9000000000001</ele>
   </trkpt>
   <trkpt lat="47.24813" lon="10.741040000000002">
    <ele>843.8500000000001</ele>
   </trkpt>
   <trkpt lat="47.24833" lon="10.74113">
    <ele>843.8500000000001</ele>
   </trkpt>
   <trkpt lat="47.24848" lon="10.74116">
    <ele>843.8500000000001</ele>
   </trkpt>
   <trkpt lat="47.248580000000004" lon="10.74117">
    <ele>843.8500000000001</ele>
   </trkpt>
   <trkpt lat="47.24869" lon="10.741150000000001">
    <ele>845.19</ele>
   </trkpt>
   <trkpt lat="47.24914500004739" lon="10.740965001630514">
    <ele>845.19</ele>
   </trkpt>
   <trkpt lat="47.2496" lon="10.74078">
    <ele>860.2400000000001</ele>
   </trkpt>
   <trkpt lat="47.249750000000006" lon="10.74075">
    <ele>860.2400000000001</ele>
   </trkpt>
   <trkpt lat="47.249900000000004" lon="10.74075">
    <ele>860.2400000000001</ele>
   </trkpt>
   <trkpt lat="47.25021" lon="10.74079">
    <ele>860.2400000000001</ele>
   </trkpt>
   <trkpt lat="47.250840000000004" lon="10.74097">
    <ele>865.6100000000001</ele>
   </trkpt>
   <trkpt lat="47.25106" lon="10.741000000000001">
    <ele>874.98</ele>
   </trkpt>
   <trkpt lat="47.251470000000005" lon="10.74097">
    <ele>874.98</ele>
   </trkpt>
   <trkpt lat="47.251630000000006" lon="10.74093">
    <ele>878.1500000000001</ele>
   </trkpt>
   <trkpt lat="47.25182" lon="10.740860000000001">
    <ele>880.0100000000001</ele>
   </trkpt>
   <trkpt lat="47.25197000000001" lon="10.74079">
    <ele>880.0100000000001</ele>
   </trkpt>
   <trkpt lat="47.25216" lon="10.74064">
    <ele>880.0100000000001</ele>
   </trkpt>
   <trkpt lat="47.252570000000006" lon="10.740290000000002">
    <ele>890.38</ele>
   </trkpt>
   <trkpt lat="47.25291000000001" lon="10.739980000000001">
    <ele>890.38</ele>
   </trkpt>
   <trkpt lat="47.253060000000005" lon="10.739820000000002">
    <ele>908.39</ele>
   </trkpt>
   <trkpt lat="47.25345" lon="10.739320000000001">
    <ele>908.39</ele>
   </trkpt>
   <trkpt lat="47.253550000000004" lon="10.73919">
    <ele>908.39</ele>
   </trkpt>
   <trkpt lat="47.253600000000006" lon="10.738980000000002">
    <ele>908.39</ele>
   </trkpt>
   <trkpt lat="47.253600000000006" lon="10.73883">
    <ele>916.3700000000001</ele>
   </trkpt>
   <trkpt lat="47.253510000000006" lon="10.73845">
    <ele>916.3700000000001</ele>
   </trkpt>
   <trkpt lat="47.253510000000006" lon="10.7384">
    <ele>916.3700000000001</ele>
   </trkpt>
   <trkpt lat="47.25354" lon="10.73835">
    <ele>916.3700000000001</ele>
   </trkpt>
   <trkpt lat="47.25357" lon="10.738330000000001">
    <ele>916.3700000000001</ele>
   </trkpt>
   <trkpt lat="47.25363" lon="10.73834">
    <ele>916.3700000000001</ele>
   </trkpt>
   <trkpt lat="47.25367000000001" lon="10.73841">
    <ele>916.3700000000001</ele>
   </trkpt>
   <trkpt lat="47.25379" lon="10.73896">
    <ele>915.5000000000001</ele>
   </trkpt>
   <trkpt lat="47.25427500357055" lon="10.739869991606495">
    <ele>915.5000000000001</ele>
   </trkpt>
   <trkpt lat="47.254760000000005" lon="10.74078">
    <ele>943.1</ele>
   </trkpt>
   <trkpt lat="47.25507500124806" lon="10.741314996822666">
    <ele>943.1</ele>
   </trkpt>
   <trkpt lat="47.255390000000006" lon="10.741850000000001">
    <ele>948.2300000000001</ele>
   </trkpt>
   <trkpt lat="47.255610000000004" lon="10.742270000000001">
    <ele>948.2300000000001</ele>
   </trkpt>
   <trkpt lat="47.255660000000006" lon="10.742310000000002">
    <ele>954.2100000000002</ele>
   </trkpt>
   <trkpt lat="47.25571" lon="10.742310000000002">
    <ele>954.2100000000002</ele>
   </trkpt>
   <trkpt lat="47.255750000000006" lon="10.74229">
    <ele>954.2100000000002</ele>
   </trkpt>
   <trkpt lat="47.25578" lon="10.74224">
    <ele>954.2100000000002</ele>
   </trkpt>
   <trkpt lat="47.25578" lon="10.742120000000002">
    <ele>954.2100000000002</ele>
   </trkpt>
   <trkpt lat="47.255610000000004" lon="10.741810000000001">
    <ele>954.2100000000002</ele>
   </trkpt>
   <trkpt lat="47.255520000000004" lon="10.741470000000001">
    <ele>956.34</ele>
   </trkpt>
   <trkpt lat="47.255500000000005" lon="10.74093">
    <ele>960.9200000000001</ele>
   </trkpt>
   <trkpt lat="47.25546000000001" lon="10.740450000000001">
    <ele>960.9200000000001</ele>
   </trkpt>
   <trkpt lat="47.25522" lon="10.739220000000001">
    <ele>968.7700000000001</ele>
   </trkpt>
   <trkpt lat="47.255190000000006" lon="10.738840000000001">
    <ele>968.7700000000001</ele>
   </trkpt>
   <trkpt lat="47.2552" lon="10.738710000000001">
    <ele>975.32</ele>
   </trkpt>
   <trkpt lat="47.25546000000001" lon="10.738000000000001">
    <ele>977.6600000000001</ele>
   </trkpt>
   <trkpt lat="47.2556" lon="10.73783">
    <ele>977.6600000000001</ele>
   </trkpt>
   <trkpt lat="47.255810000000004" lon="10.737660000000002">
    <ele>988.1500000000001</ele>
   </trkpt>
   <trkpt lat="47.25612" lon="10.7376">
    <ele>988.1500000000001</ele>
   </trkpt>
   <trkpt lat="47.2563" lon="10.737620000000001">
    <ele>988.1500000000001</ele>
   </trkpt>
   <trkpt lat="47.25686" lon="10.73775">
    <ele>993.2400000000001</ele>
   </trkpt>
   <trkpt lat="47.25701" lon="10.737810000000001">
    <ele>993.2400000000001</ele>
   </trkpt>
   <trkpt lat="47.257310000000004" lon="10.73797">
    <ele>993.2400000000001</ele>
   </trkpt>
   <trkpt lat="47.257740000454056" lon="10.738259997704429">
    <ele>1000.7000000000002</ele>
   </trkpt>
   <trkpt lat="47.25817000000001" lon="10.73855">
    <ele>1000.7000000000002</ele>
   </trkpt>
   <trkpt lat="47.25836" lon="10.738660000000001">
    <ele>1003.3000000000001</ele>
   </trkpt>
   <trkpt lat="47.258700000000005" lon="10.73878">
    <ele>1003.3000000000001</ele>
   </trkpt>
   <trkpt lat="47.25883" lon="10.738760000000001">
    <ele>1010.72</ele>
   </trkpt>
   <trkpt lat="47.25898" lon="10.738710000000001">
    <ele>1010.72</ele>
   </trkpt>
   <trkpt lat="47.25916" lon="10.73859">
    <ele>1010.72</ele>
   </trkpt>
   <trkpt lat="47.25936" lon="10.738420000000001">
    <ele>1010.72</ele>
   </trkpt>
   <trkpt lat="47.259570000000004" lon="10.738290000000001">
    <ele>1010.72</ele>
   </trkpt>
   <trkpt lat="47.25972" lon="10.738270000000002">
    <ele>1010.72</ele>
   </trkpt>
   <trkpt lat="47.260110000000005" lon="10.73831">
    <ele>1017.9</ele>
   </trkpt>
   <trkpt lat="47.260560000000005" lon="10.7384">
    <ele>1017.9</ele>
   </trkpt>
   <trkpt lat="47.2608" lon="10.738480000000001">
    <ele>1017.9</ele>
   </trkpt>
   <trkpt lat="47.260920000000006" lon="10.73854">
    <ele>1017.9</ele>
   </trkpt>
   <trkpt lat="47.26165" lon="10.739080000000001">
    <ele>1023.6800000000002</ele>
   </trkpt>
   <trkpt lat="47.262280000000004" lon="10.73962">
    <ele>1023.6800000000002</ele>
   </trkpt>
   <trkpt lat="47.26285000000001" lon="10.74">
    <ele>1023.6800000000002</ele>
   </trkpt>
   <trkpt lat="47.26317" lon="10.740110000000001">
    <ele>1028.44</ele>
   </trkpt>
   <trkpt lat="47.263850000000005" lon="10.74028">
    <ele>1028.44</ele>
   </trkpt>
   <trkpt lat="47.264390000000006" lon="10.74052">
    <ele>1028.44</ele>
   </trkpt>
   <trkpt lat="47.26462" lon="10.740580000000001">
    <ele>1028.44</ele>
   </trkpt>
   <trkpt lat="47.26536" lon="10.740710000000002">
    <ele>1028.44</ele>
   </trkpt>
   <trkpt lat="47.26558000000001" lon="10.740820000000001">
    <ele>1033.56</ele>
   </trkpt>
   <trkpt lat="47.26576000000001" lon="10.741000000000001">
    <ele>1033.56</ele>
   </trkpt>
   <trkpt lat="47.26624" lon="10.741620000000001">
    <ele>1033.56</ele>
   </trkpt>
   <trkpt lat="47.26657" lon="10.741840000000002">
    <ele>1035.26</ele>
   </trkpt>
   <trkpt lat="47.266830000000006" lon="10.74188">
    <ele>1035.26</ele>
   </trkpt>
   <trkpt lat="47.26711" lon="10.74187">
    <ele>1035.26</ele>
   </trkpt>
   <trkpt lat="47.26747" lon="10.74182">
    <ele>1042.1100000000001</ele>
   </trkpt>
   <trkpt lat="47.26769" lon="10.74186">
    <ele>1042.1100000000001</ele>
   </trkpt>
   <trkpt lat="47.267900000000004" lon="10.74196">
    <ele>1042.1100000000001</ele>
   </trkpt>
   <trkpt lat="47.268040000000006" lon="10.741990000000001">
    <ele>1042.1100000000001</ele>
   </trkpt>
   <trkpt lat="47.268710000000006" lon="10.74206">
    <ele>1044.93</ele>
   </trkpt>
   <trkpt lat="47.269355000139186" lon="10.742159998796195">
    <ele>1050.3200000000002</ele>
   </trkpt>
   <trkpt lat="47.27" lon="10.742260000000002">
    <ele>1050.3200000000002</ele>
   </trkpt>
   <trkpt lat="47.27026" lon="10.742360000000001">
    <ele>1050.3200000000002</ele>
   </trkpt>
   <trkpt lat="47.270630000000004" lon="10.74244">
    <ele>1050.3200000000002</ele>
   </trkpt>
   <trkpt lat="47.27115000013352" lon="10.742644997966387">
    <ele>1050.3200000000002</ele>
   </trkpt>
   <trkpt lat="47.27167000000001" lon="10.74285">
    <ele>1050.3200000000002</ele>
   </trkpt>
   <trkpt lat="47.272040000000004" lon="10.74294">
    <ele>1084.47</ele>
   </trkpt>
   <trkpt lat="47.27263000008856" lon="10.743009999227581">
    <ele>1084.47</ele>
   </trkpt>
   <trkpt lat="47.27322" lon="10.74308">
    <ele>1084.47</ele>
   </trkpt>
   <trkpt lat="47.27369" lon="10.743170000000001">
    <ele>1084.47</ele>
   </trkpt>
   <trkpt lat="47.27418" lon="10.743310000000001">
    <ele>1084.47</ele>
   </trkpt>
   <trkpt lat="47.274530000000006" lon="10.74338">
    <ele>1084.47</ele>
   </trkpt>
   <trkpt lat="47.274730000000005" lon="10.743390000000002">
    <ele>1084.47</ele>
   </trkpt>
   <trkpt lat="47.27492" lon="10.743350000000001">
    <ele>1084.67</ele>
   </trkpt>
   <trkpt lat="47.27507000000001" lon="10.74328">
    <ele>1084.67</ele>
   </trkpt>
   <trkpt lat="47.27563000050365" lon="10.74292000384841">
    <ele>1084.67</ele>
   </trkpt>
   <trkpt lat="47.27619000000001" lon="10.742560000000001">
    <ele>1084.67</ele>
   </trkpt>
   <trkpt lat="47.27642" lon="10.742360000000001">
    <ele>1084.67</ele>
   </trkpt>
   <trkpt lat="47.276900000000005" lon="10.741850000000001">
    <ele>1119.3700000000001</ele>
   </trkpt>
   <trkpt lat="47.277150000000006" lon="10.74169">
    <ele>1119.3700000000001</ele>
   </trkpt>
   <trkpt lat="47.277240000000006" lon="10.74168">
    <ele>1119.3700000000001</ele>
   </trkpt>
   <trkpt lat="47.277460000000005" lon="10.74172">
    <ele>1119.3700000000001</ele>
   </trkpt>
   <trkpt lat="47.277620000000006" lon="10.74178">
    <ele>1119.3700000000001</ele>
   </trkpt>
   <trkpt lat="47.27828" lon="10.74224">
    <ele>1119.3700000000001</ele>
   </trkpt>
   <trkpt lat="47.278870000000005" lon="10.74261">
    <ele>1119.3700000000001</ele>
   </trkpt>
   <trkpt lat="47.27908" lon="10.74277">
    <ele>1119.3700000000001</ele>
   </trkpt>
   <trkpt lat="47.27955000077386" lon="10.743184996335348">
    <ele>1119.3700000000001</ele>
   </trkpt>
   <trkpt lat="47.28002" lon="10.7436">
    <ele>1119.3700000000001</ele>
   </trkpt>
   <trkpt lat="47.28029" lon="10.74393">
    <ele>1119.3700000000001</ele>
   </trkpt>
   <trkpt lat="47.28047" lon="10.744090000000002">
    <ele>1171.66</ele>
   </trkpt>
   <trkpt lat="47.280840000000005" lon="10.744290000000001">
    <ele>1171.66</ele>
   </trkpt>
   <trkpt lat="47.281130000000005" lon="10.744330000000001">
    <ele>1171.66</ele>
   </trkpt>
   <trkpt lat="47.28141" lon="10.744290000000001">
    <ele>1171.66</ele>
   </trkpt>
   <trkpt lat="47.28154000000001" lon="10.74421">
    <ele>1171.66</ele>
   </trkpt>
   <trkpt lat="47.28164" lon="10.74412">
    <ele>1171.66</ele>
   </trkpt>
   <trkpt lat="47.28179" lon="10.74388">
    <ele>1171.66</ele>
   </trkpt>
   <trkpt lat="47.28197" lon="10.74351">
    <ele>1171.66</ele>
   </trkpt>
   <trkpt lat="47.28202" lon="10.743360000000001">
    <ele>1171.66</ele>
   </trkpt>
   <trkpt lat="47.28201000000001" lon="10.743200000000002">
    <ele>1171.66</ele>
   </trkpt>
   <trkpt lat="47.28197" lon="10.743160000000001">
    <ele>1171.66</ele>
   </trkpt>
   <trkpt lat="47.28193" lon="10.743150000000002">
    <ele>1171.66</ele>
   </trkpt>
   <trkpt lat="47.281870000000005" lon="10.74318">
    <ele>1171.66</ele>
   </trkpt>
   <trkpt lat="47.2817" lon="10.74341">
    <ele>1171.66</ele>
   </trkpt>
   <trkpt lat="47.28155" lon="10.74351">
    <ele>1171.66</ele>
   </trkpt>
   <trkpt lat="47.28141" lon="10.74352">
    <ele>1171.66</ele>
   </trkpt>
   <trkpt lat="47.28101" lon="10.743500000000001">
    <ele>1171.66</ele>
   </trkpt>
   <trkpt lat="47.2809" lon="10.743480000000002">
    <ele>1171.66</ele>
   </trkpt>
   <trkpt lat="47.28083" lon="10.74343">
    <ele>1171.66</ele>
   </trkpt>
   <trkpt lat="47.280280000000005" lon="10.742460000000001">
    <ele>1171.66</ele>
   </trkpt>
   <trkpt lat="47.280190000000005" lon="10.742260000000002">
    <ele>1171.66</ele>
   </trkpt>
   <trkpt lat="47.280030000000004" lon="10.741660000000001">
    <ele>1171.66</ele>
   </trkpt>
   <trkpt lat="47.27949" lon="10.74069">
    <ele>1231.87</ele>
   </trkpt>
   <trkpt lat="47.27915" lon="10.740020000000001">
    <ele>1231.87</ele>
   </trkpt>
   <trkpt lat="47.278710000000004" lon="10.739360000000001">
    <ele>1231.87</ele>
   </trkpt>
   <trkpt lat="47.278510000000004" lon="10.73911">
    <ele>1231.87</ele>
   </trkpt>
   <trkpt lat="47.27835" lon="10.73895">
    <ele>1231.87</ele>
   </trkpt>
   <trkpt lat="47.278020000000005" lon="10.73869">
    <ele>1231.87</ele>
   </trkpt>
   <trkpt lat="47.27798000000001" lon="10.73864">
    <ele>1231.87</ele>
   </trkpt>
   <trkpt lat="47.27796000000001" lon="10.73858">
    <ele>1231.87</ele>
   </trkpt>
   <trkpt lat="47.27798000000001" lon="10.738480000000001">
    <ele>1231.87</ele>
   </trkpt>
   <trkpt lat="47.27803" lon="10.738460000000002">
    <ele>1231.87</ele>
   </trkpt>
   <trkpt lat="47.27807000000001" lon="10.738470000000001">
    <ele>1231.87</ele>
   </trkpt>
   <trkpt lat="47.27826" lon="10.738660000000001">
    <ele>1231.87</ele>
   </trkpt>
   <trkpt lat="47.278780000000005" lon="10.739030000000001">
    <ele>1231.87</ele>
   </trkpt>
   <trkpt lat="47.27893" lon="10.73916">
    <ele>1231.87</ele>
   </trkpt>
   <trkpt lat="47.279340000000005" lon="10.73963">
    <ele>1231.87</ele>
   </trkpt>
   <trkpt lat="47.28002" lon="10.74047">
    <ele>1247.57</ele>
   </trkpt>
   <trkpt lat="47.280150000000006" lon="10.740570000000002">
    <ele>1247.57</ele>
   </trkpt>
   <trkpt lat="47.280280000000005" lon="10.74061">
    <ele>1247.57</ele>
   </trkpt>
   <trkpt lat="47.280390000000004" lon="10.74061">
    <ele>1247.57</ele>
   </trkpt>
   <trkpt lat="47.280530000000006" lon="10.740570000000002">
    <ele>1247.57</ele>
   </trkpt>
   <trkpt lat="47.280640000000005" lon="10.74047">
    <ele>1247.57</ele>
   </trkpt>
   <trkpt lat="47.28087000000001" lon="10.74014">
    <ele>1247.57</ele>
   </trkpt>
   <trkpt lat="47.281150000000004" lon="10.73981">
    <ele>1247.57</ele>
   </trkpt>
   <trkpt lat="47.28132" lon="10.739650000000001">
    <ele>1247.57</ele>
   </trkpt>
   <trkpt lat="47.28164" lon="10.73939">
    <ele>1247.57</ele>
   </trkpt>
   <trkpt lat="47.28181000000001" lon="10.739130000000001">
    <ele>1247.57</ele>
   </trkpt>
   <trkpt lat="47.28192000000001" lon="10.73886">
    <ele>1247.57</ele>
   </trkpt>
   <trkpt lat="47.28210000174516" lon="10.738235001966311">
    <ele>1247.57</ele>
   </trkpt>
   <trkpt lat="47.28228000000001" lon="10.73761">
    <ele>1247.57</ele>
   </trkpt>
   <trkpt lat="47.28239000000001" lon="10.736780000000001">
    <ele>1247.57</ele>
   </trkpt>
   <trkpt lat="47.28253" lon="10.736040000000001">
    <ele>1247.57</ele>
   </trkpt>
   <trkpt lat="47.282540000000004" lon="10.7352">
    <ele>1247.57</ele>
   </trkpt>
   <trkpt lat="47.28249" lon="10.734630000000001">
    <ele>1247.57</ele>
   </trkpt>
   <trkpt lat="47.282540000000004" lon="10.734470000000002">
    <ele>1354.7600000000002</ele>
   </trkpt>
   <trkpt lat="47.28271" lon="10.73413">
    <ele>1354.7600000000002</ele>
   </trkpt>
   <trkpt lat="47.28276" lon="10.733960000000002">
    <ele>1354.7600000000002</ele>
   </trkpt>
   <trkpt lat="47.28287500239077" lon="10.73322000155077">
    <ele>1354.7600000000002</ele>
   </trkpt>
   <trkpt lat="47.282990000000005" lon="10.73248">
    <ele>1354.7600000000002</ele>
   </trkpt>
   <trkpt lat="47.283" lon="10.732130000000002">
    <ele>1354.7600000000002</ele>
   </trkpt>
   <trkpt lat="47.2834" lon="10.73112">
    <ele>1354.7600000000002</ele>
   </trkpt>
   <trkpt lat="47.28347" lon="10.73084">
    <ele>1354.7600000000002</ele>
   </trkpt>
   <trkpt lat="47.28354" lon="10.730390000000002">
    <ele>1354.7600000000002</ele>
   </trkpt>
   <trkpt lat="47.283570000000005" lon="10.730060000000002">
    <ele>1354.7600000000002</ele>
   </trkpt>
   <trkpt lat="47.28356" lon="10.729420000000001">
    <ele>1354.7600000000002</ele>
   </trkpt>
   <trkpt lat="47.28352" lon="10.729170000000002">
    <ele>1354.7600000000002</ele>
   </trkpt>
   <trkpt lat="47.28341" lon="10.728940000000001">
    <ele>1354.7600000000002</ele>
   </trkpt>
   <trkpt lat="47.283120000000004" lon="10.728530000000001">
    <ele>1354.7600000000002</ele>
   </trkpt>
   <trkpt lat="47.28294" lon="10.72831">
    <ele>1354.7600000000002</ele>
   </trkpt>
   <trkpt lat="47.2828" lon="10.728010000000001">
    <ele>1354.7600000000002</ele>
   </trkpt>
   <trkpt lat="47.28262" lon="10.727260000000001">
    <ele>1354.7600000000002</ele>
   </trkpt>
   <trkpt lat="47.282560000000004" lon="10.727150000000002">
    <ele>1354.7600000000002</ele>
   </trkpt>
   <trkpt lat="47.282160000000005" lon="10.726600000000001">
    <ele>1354.7600000000002</ele>
   </trkpt>
   <trkpt lat="47.28192000000001" lon="10.7261">
    <ele>1354.7600000000002</ele>
   </trkpt>
   <trkpt lat="47.28172000000001" lon="10.725530000000001">
    <ele>1354.7600000000002</ele>
   </trkpt>
   <trkpt lat="47.28155" lon="10.724960000000001">
    <ele>1354.7600000000002</ele>
   </trkpt>
   <trkpt lat="47.28134000445382" lon="10.723949996072307">
    <ele>1354.7600000000002</ele>
   </trkpt>
   <trkpt lat="47.281130000000005" lon="10.722940000000001">
    <ele>1354.7600000000002</ele>
   </trkpt>
   <trkpt lat="47.28097" lon="10.72241">
    <ele>1474.88</ele>
   </trkpt>
   <trkpt lat="47.280950000000004" lon="10.722290000000001">
    <ele>1474.88</ele>
   </trkpt>
   <trkpt lat="47.28097" lon="10.721710000000002">
    <ele>1474.88</ele>
   </trkpt>
   <trkpt lat="47.28089000000001" lon="10.72141">
    <ele>1474.88</ele>
   </trkpt>
   <trkpt lat="47.28079" lon="10.721200000000001">
    <ele>1474.88</ele>
   </trkpt>
   <trkpt lat="47.280770000000004" lon="10.72108">
    <ele>1474.88</ele>
   </trkpt>
   <trkpt lat="47.28092" lon="10.72051">
    <ele>1474.88</ele>
   </trkpt>
   <trkpt lat="47.28107000000001" lon="10.71959">
    <ele>1474.88</ele>
   </trkpt>
   <trkpt lat="47.28107000000001" lon="10.71936">
    <ele>1474.88</ele>
   </trkpt>
   <trkpt lat="47.281110000000005" lon="10.719090000000001">
    <ele>1474.88</ele>
   </trkpt>
   <trkpt lat="47.281090000000006" lon="10.71893">
    <ele>1474.88</ele>
   </trkpt>
   <trkpt lat="47.281020000000005" lon="10.718720000000001">
    <ele>1474.88</ele>
   </trkpt>
   <trkpt lat="47.28099" lon="10.718530000000001">
    <ele>1474.88</ele>
   </trkpt>
   <trkpt lat="47.281060000000004" lon="10.718000000000002">
    <ele>1474.88</ele>
   </trkpt>
   <trkpt lat="47.28103" lon="10.717720000000002">
    <ele>1474.88</ele>
   </trkpt>
   <trkpt lat="47.280930000000005" lon="10.717540000000001">
    <ele>1474.88</ele>
   </trkpt>
   <trkpt lat="47.280710000000006" lon="10.71728">
    <ele>1474.88</ele>
   </trkpt>
   <trkpt lat="47.280550000000005" lon="10.717120000000001">
    <ele>1474.88</ele>
   </trkpt>
   <trkpt lat="47.2805" lon="10.717030000000001">
    <ele>1474.88</ele>
   </trkpt>
   <trkpt lat="47.28049" lon="10.71687">
    <ele>1474.88</ele>
   </trkpt>
   <trkpt lat="47.280550000000005" lon="10.71673">
    <ele>1474.88</ele>
   </trkpt>
   <trkpt lat="47.28076" lon="10.716660000000001">
    <ele>1474.88</ele>
   </trkpt>
   <trkpt lat="47.28083" lon="10.71662">
    <ele>1474.88</ele>
   </trkpt>
   <trkpt lat="47.28088" lon="10.716520000000001">
    <ele>1474.88</ele>
   </trkpt>
   <trkpt lat="47.281110000000005" lon="10.715430000000001">
    <ele>1474.88</ele>
   </trkpt>
   <trkpt lat="47.28117" lon="10.714950000000002">
    <ele>1474.88</ele>
   </trkpt>
   <trkpt lat="47.281200000000005" lon="10.714210000000001">
    <ele>1474.88</ele>
   </trkpt>
   <trkpt lat="47.28128" lon="10.71382">
    <ele>1474.88</ele>
   </trkpt>
   <trkpt lat="47.281310000000005" lon="10.713310000000002">
    <ele>1529.5100000000002</ele>
   </trkpt>
   <trkpt lat="47.281290000000006" lon="10.712950000000001">
    <ele>1529.5100000000002</ele>
   </trkpt>
   <trkpt lat="47.281220000000005" lon="10.71244">
    <ele>1529.5100000000002</ele>
   </trkpt>
   <trkpt lat="47.28108" lon="10.712050000000001">
    <ele>1529.5100000000002</ele>
   </trkpt>
   <trkpt lat="47.281090000000006" lon="10.71175">
    <ele>1529.5100000000002</ele>
   </trkpt>
   <trkpt lat="47.28105" lon="10.71151">
    <ele>1529.5100000000002</ele>
   </trkpt>
   <trkpt lat="47.28085" lon="10.71077">
    <ele>1529.5100000000002</ele>
   </trkpt>
   <trkpt lat="47.28063" lon="10.710180000000001">
    <ele>1529.5100000000002</ele>
   </trkpt>
   <trkpt lat="47.2805" lon="10.709940000000001">
    <ele>1529.5100000000002</ele>
   </trkpt>
   <trkpt lat="47.280480000000004" lon="10.70974">
    <ele>1529.5100000000002</ele>
   </trkpt>
   <trkpt lat="47.280620003067604" lon="10.708900002231243">
    <ele>1529.5100000000002</ele>
   </trkpt>
   <trkpt lat="47.28076" lon="10.708060000000001">
    <ele>1537.7200000000003</ele>
   </trkpt>
   <trkpt lat="47.28079" lon="10.70791">
    <ele>1537.7200000000003</ele>
   </trkpt>
   <trkpt lat="47.28087000000001" lon="10.70772">
    <ele>1537.7200000000003</ele>
   </trkpt>
   <trkpt lat="47.28099" lon="10.707630000000002">
    <ele>1537.7200000000003</ele>
   </trkpt>
   <trkpt lat="47.281710000000004" lon="10.707260000000002">
    <ele>1537.7200000000003</ele>
   </trkpt>
   <trkpt lat="47.28190000000001" lon="10.707130000000001">
    <ele>1537.7200000000003</ele>
   </trkpt>
   <trkpt lat="47.28226" lon="10.70683">
    <ele>1537.7200000000003</ele>
   </trkpt>
   <trkpt lat="47.28244" lon="10.706750000000001">
    <ele>1537.7200000000003</ele>
   </trkpt>
   <trkpt lat="47.282540000000004" lon="10.706760000000001">
    <ele>1537.7200000000003</ele>
   </trkpt>
   <trkpt lat="47.28262" lon="10.706800000000001">
    <ele>1537.7200000000003</ele>
   </trkpt>
   <trkpt lat="47.28289" lon="10.706990000000001">
    <ele>1537.7200000000003</ele>
   </trkpt>
   <trkpt lat="47.28296" lon="10.70701">
    <ele>1537.7200000000003</ele>
   </trkpt>
   <trkpt lat="47.28304000000001" lon="10.70697">
    <ele>1537.7200000000003</ele>
   </trkpt>
   <trkpt lat="47.283100000000005" lon="10.70687">
    <ele>1537.7200000000003</ele>
   </trkpt>
   <trkpt lat="47.283170000000005" lon="10.70669">
    <ele>1537.7200000000003</ele>
   </trkpt>
   <trkpt lat="47.28327" lon="10.706100000000001">
    <ele>1537.7200000000003</ele>
   </trkpt>
   <trkpt lat="47.28331000000001" lon="10.70603">
    <ele>1537.7200000000003</ele>
   </trkpt>
   <trkpt lat="47.283500000000004" lon="10.705800000000002">
    <ele>1537.7200000000003</ele>
   </trkpt>
   <trkpt lat="47.28354" lon="10.705660000000002">
    <ele>1537.7200000000003</ele>
   </trkpt>
   <trkpt lat="47.283590000000004" lon="10.70523">
    <ele>1537.7200000000003</ele>
   </trkpt>
   <trkpt lat="47.283710000000006" lon="10.7049">
    <ele>1537.7200000000003</ele>
   </trkpt>
   <trkpt lat="47.28379" lon="10.70462">
    <ele>1537.7200000000003</ele>
   </trkpt>
   <trkpt lat="47.2839" lon="10.70391">
    <ele>1537.7200000000003</ele>
   </trkpt>
   <trkpt lat="47.284040000000005" lon="10.70376">
    <ele>1537.7200000000003</ele>
   </trkpt>
   <trkpt lat="47.28414" lon="10.70362">
    <ele>1537.7200000000003</ele>
   </trkpt>
   <trkpt lat="47.284220000000005" lon="10.70345">
    <ele>1537.7200000000003</ele>
   </trkpt>
   <trkpt lat="47.28427000000001" lon="10.70325">
    <ele>1537.7200000000003</ele>
   </trkpt>
   <trkpt lat="47.28425000000001" lon="10.70306">
    <ele>1609.18</ele>
   </trkpt>
   <trkpt lat="47.28416000000001" lon="10.702610000000002">
    <ele>1609.18</ele>
   </trkpt>
   <trkpt lat="47.284200000000006" lon="10.7025">
    <ele>1609.18</ele>
   </trkpt>
   <trkpt lat="47.28426" lon="10.702470000000002">
    <ele>1609.18</ele>
   </trkpt>
   <trkpt lat="47.284530000000004" lon="10.70242">
    <ele>1609.18</ele>
   </trkpt>
   <trkpt lat="47.28461" lon="10.70232">
    <ele>1609.18</ele>
   </trkpt>
   <trkpt lat="47.28491" lon="10.701590000000001">
    <ele>1609.18</ele>
   </trkpt>
   <trkpt lat="47.28502" lon="10.701410000000001">
    <ele>1609.18</ele>
   </trkpt>
   <trkpt lat="47.28548000000001" lon="10.70085">
    <ele>1609.18</ele>
   </trkpt>
   <trkpt lat="47.28558" lon="10.70058">
    <ele>1609.18</ele>
   </trkpt>
   <trkpt lat="47.28562" lon="10.700510000000001">
    <ele>1609.18</ele>
   </trkpt>
   <trkpt lat="47.28587" lon="10.7003">
    <ele>1609.18</ele>
   </trkpt>
   <trkpt lat="47.28595000000001" lon="10.700180000000001">
    <ele>1609.18</ele>
   </trkpt>
   <trkpt lat="47.286080000000005" lon="10.699910000000001">
    <ele>1609.18</ele>
   </trkpt>
   <trkpt lat="47.286170000000006" lon="10.699610000000002">
    <ele>1609.18</ele>
   </trkpt>
   <trkpt lat="47.28623" lon="10.69951">
    <ele>1609.18</ele>
   </trkpt>
   <trkpt lat="47.286370000000005" lon="10.6994">
    <ele>1609.18</ele>
   </trkpt>
   <trkpt lat="47.28642000000001" lon="10.699340000000001">
    <ele>1609.18</ele>
   </trkpt>
   <trkpt lat="47.286480000000005" lon="10.69923">
    <ele>1609.18</ele>
   </trkpt>
   <trkpt lat="47.286570000000005" lon="10.698960000000001">
    <ele>1609.18</ele>
   </trkpt>
   <trkpt lat="47.286730000000006" lon="10.698820000000001">
    <ele>1609.18</ele>
   </trkpt>
   <trkpt lat="47.286880000000004" lon="10.698730000000001">
    <ele>1609.18</ele>
   </trkpt>
   <trkpt lat="47.287130000000005" lon="10.69861">
    <ele>1609.18</ele>
   </trkpt>
   <trkpt lat="47.287290000000006" lon="10.69852">
    <ele>1609.18</ele>
   </trkpt>
   <trkpt lat="47.28781" lon="10.69813">
    <ele>1609.18</ele>
   </trkpt>
   <trkpt lat="47.28822000096496" lon="10.697625004092195">
    <ele>1609.18</ele>
   </trkpt>
   <trkpt lat="47.288630000000005" lon="10.697120000000002">
    <ele>1609.18</ele>
   </trkpt>
   <trkpt lat="47.28875000000001" lon="10.696940000000001">
    <ele>1609.18</ele>
   </trkpt>
   <trkpt lat="47.288990000000005" lon="10.69646">
    <ele>1609.18</ele>
   </trkpt>
   <trkpt lat="47.28911" lon="10.696100000000001">
    <ele>1609.18</ele>
   </trkpt>
   <trkpt lat="47.289190000000005" lon="10.695630000000001">
    <ele>1605.8100000000002</ele>
   </trkpt>
   <trkpt lat="47.28922000000001" lon="10.69504">
    <ele>1605.8100000000002</ele>
   </trkpt>
   <trkpt lat="47.2892" lon="10.694180000000001">
    <ele>1605.8100000000002</ele>
   </trkpt>
   <trkpt lat="47.28925" lon="10.69374">
    <ele>1605.8100000000002</ele>
   </trkpt>
   <trkpt lat="47.28934" lon="10.6934">
    <ele>1605.8100000000002</ele>
   </trkpt>
   <trkpt lat="47.28958" lon="10.692670000000001">
    <ele>1605.8100000000002</ele>
   </trkpt>
   <trkpt lat="47.289730000000006" lon="10.692070000000001">
    <ele>1605.8100000000002</ele>
   </trkpt>
   <trkpt lat="47.28980000000001" lon="10.691540000000002">
    <ele>1605.8100000000002</ele>
   </trkpt>
   <trkpt lat="47.28985" lon="10.6911">
    <ele>1605.8100000000002</ele>
   </trkpt>
   <trkpt lat="47.28985" lon="10.69095">
    <ele>1605.8100000000002</ele>
   </trkpt>
   <trkpt lat="47.28976" lon="10.68994">
    <ele>1605.8100000000002</ele>
   </trkpt>
   <trkpt lat="47.289820000000006" lon="10.68917">
    <ele>1605.8100000000002</ele>
   </trkpt>
   <trkpt lat="47.289820000000006" lon="10.688960000000002">
    <ele>1605.8100000000002</ele>
   </trkpt>
   <trkpt lat="47.28969000000001" lon="10.688260000000001">
    <ele>1605.8100000000002</ele>
   </trkpt>
   <trkpt lat="47.289640000000006" lon="10.68762">
    <ele>1605.8100000000002</ele>
   </trkpt>
   <trkpt lat="47.289590000000004" lon="10.68729">
    <ele>1605.8100000000002</ele>
   </trkpt>
   <trkpt lat="47.28943" lon="10.686670000000001">
    <ele>1605.8100000000002</ele>
   </trkpt>
   <trkpt lat="47.289300000000004" lon="10.68565">
    <ele>1605.8100000000002</ele>
   </trkpt>
   <trkpt lat="47.28920500501176" lon="10.684574997905013">
    <ele>1713.0500000000002</ele>
   </trkpt>
   <trkpt lat="47.28911" lon="10.6835">
    <ele>1713.0500000000002</ele>
   </trkpt>
   <trkpt lat="47.289120000000004" lon="10.683240000000001">
    <ele>1713.0500000000002</ele>
   </trkpt>
   <trkpt lat="47.28922000000001" lon="10.682500000000001">
    <ele>1713.0500000000002</ele>
   </trkpt>
   <trkpt lat="47.2892" lon="10.682260000000001">
    <ele>1713.0500000000002</ele>
   </trkpt>
   <trkpt lat="47.289100000000005" lon="10.68176">
    <ele>1713.0500000000002</ele>
   </trkpt>
   <trkpt lat="47.28895000000001" lon="10.68134">
    <ele>1713.0500000000002</ele>
   </trkpt>
   <trkpt lat="47.288850000000004" lon="10.68119">
    <ele>1713.0500000000002</ele>
   </trkpt>
   <trkpt lat="47.28869" lon="10.681000000000001">
    <ele>1713.0500000000002</ele>
   </trkpt>
   <trkpt lat="47.28826" lon="10.680620000000001">
    <ele>1713.0500000000002</ele>
   </trkpt>
   <trkpt lat="47.288160000000005" lon="10.680470000000001">
    <ele>1713.0500000000002</ele>
   </trkpt>
   <trkpt lat="47.28810000000001" lon="10.68031">
    <ele>1713.0500000000002</ele>
   </trkpt>
   <trkpt lat="47.288090000000004" lon="10.68017">
    <ele>1713.0500000000002</ele>
   </trkpt>
   <trkpt lat="47.28810000000001" lon="10.67955">
    <ele>1713.0500000000002</ele>
   </trkpt>
   <trkpt lat="47.288070000000005" lon="10.67938">
    <ele>1713.0500000000002</ele>
   </trkpt>
   <trkpt lat="47.287980000000005" lon="10.679210000000001">
    <ele>1709.1600000000003</ele>
   </trkpt>
   <trkpt lat="47.287760000000006" lon="10.678880000000001">
    <ele>1709.1600000000003</ele>
   </trkpt>
   <trkpt lat="47.28766" lon="10.678640000000001">
    <ele>1709.1600000000003</ele>
   </trkpt>
   <trkpt lat="47.28743" lon="10.677950000000001">
    <ele>1709.1600000000003</ele>
   </trkpt>
   <trkpt lat="47.287330000000004" lon="10.677520000000001">
    <ele>1709.1600000000003</ele>
   </trkpt>
   <trkpt lat="47.287330000000004" lon="10.676290000000002">
    <ele>1709.1600000000003</ele>
   </trkpt>
   <trkpt lat="47.28736000517159" lon="10.675200000471133">
    <ele>1709.1600000000003</ele>
   </trkpt>
   <trkpt lat="47.28739" lon="10.67411">
    <ele>1709.1600000000003</ele>
   </trkpt>
   <trkpt lat="47.28735" lon="10.67328">
    <ele>1803.3200000000002</ele>
   </trkpt>
   <trkpt lat="47.287380000000006" lon="10.67308">
    <ele>1803.3200000000002</ele>
   </trkpt>
   <trkpt lat="47.28755" lon="10.672680000000001">
    <ele>1803.3200000000002</ele>
   </trkpt>
   <trkpt lat="47.287580000000005" lon="10.672540000000001">
    <ele>1803.3200000000002</ele>
   </trkpt>
   <trkpt lat="47.28759" lon="10.67237">
    <ele>1803.3200000000002</ele>
   </trkpt>
   <trkpt lat="47.287510000000005" lon="10.671830000000002">
    <ele>1803.3200000000002</ele>
   </trkpt>
   <trkpt lat="47.287510000000005" lon="10.671560000000001">
    <ele>1803.3200000000002</ele>
   </trkpt>
   <trkpt lat="47.28754000000001" lon="10.671420000000001">
    <ele>1803.3200000000002</ele>
   </trkpt>
   <trkpt lat="47.287890000000004" lon="10.671040000000001">
    <ele>1803.3200000000002</ele>
   </trkpt>
   <trkpt lat="47.287960000000005" lon="10.67092">
    <ele>1803.3200000000002</ele>
   </trkpt>
   <trkpt lat="47.288090000000004" lon="10.670570000000001">
    <ele>1803.3200000000002</ele>
   </trkpt>
   <trkpt lat="47.288160000000005" lon="10.670150000000001">
    <ele>1803.3200000000002</ele>
   </trkpt>
   <trkpt lat="47.28817" lon="10.66994">
    <ele>1803.3200000000002</ele>
   </trkpt>
   <trkpt lat="47.28815" lon="10.669830000000001">
    <ele>1803.3200000000002</ele>
   </trkpt>
   <trkpt lat="47.288090000000004" lon="10.66966">
    <ele>1803.3200000000002</ele>
   </trkpt>
   <trkpt lat="47.287890000000004" lon="10.669360000000001">
    <ele>1803.3200000000002</ele>
   </trkpt>
   <trkpt lat="47.28779" lon="10.669270000000001">
    <ele>1803.3200000000002</ele>
   </trkpt>
   <trkpt lat="47.28766" lon="10.669210000000001">
    <ele>1803.3200000000002</ele>
   </trkpt>
   <trkpt lat="47.28746" lon="10.66923">
    <ele>1803.3200000000002</ele>
   </trkpt>
   <trkpt lat="47.287220000000005" lon="10.669300000000002">
    <ele>1803.3200000000002</ele>
   </trkpt>
   <trkpt lat="47.28701" lon="10.669490000000001">
    <ele>1803.3200000000002</ele>
   </trkpt>
   <trkpt lat="47.286910000000006" lon="10.66961">
    <ele>1803.3200000000002</ele>
   </trkpt>
   <trkpt lat="47.28685" lon="10.66962">
    <ele>1803.3200000000002</ele>
   </trkpt>
   <trkpt lat="47.28680000000001" lon="10.669590000000001">
    <ele>1803.3200000000002</ele>
   </trkpt>
   <trkpt lat="47.28676" lon="10.66952">
    <ele>1803.3200000000002</ele>
   </trkpt>
   <trkpt lat="47.28676" lon="10.66942">
    <ele>1803.3200000000002</ele>
   </trkpt>
   <trkpt lat="47.28679" lon="10.669300000000002">
    <ele>1803.3200000000002</ele>
   </trkpt>
   <trkpt lat="47.28696" lon="10.668890000000001">
    <ele>1803.3200000000002</ele>
   </trkpt>
   <trkpt lat="47.28708" lon="10.668700000000001">
    <ele>1803.3200000000002</ele>
   </trkpt>
   <trkpt lat="47.287330000000004" lon="10.66844">
    <ele>1803.3200000000002</ele>
   </trkpt>
   <trkpt lat="47.28754000000001" lon="10.668040000000001">
    <ele>1851.68</ele>
   </trkpt>
   <trkpt lat="47.28782" lon="10.66741">
    <ele>1851.68</ele>
   </trkpt>
   <trkpt lat="47.28792000000001" lon="10.667240000000001">
    <ele>1851.68</ele>
   </trkpt>
   <trkpt lat="47.28808" lon="10.66707">
    <ele>1851.68</ele>
   </trkpt>
   <trkpt lat="47.28819000000001" lon="10.66685">
    <ele>1851.68</ele>
   </trkpt>
   <trkpt lat="47.28822" lon="10.666670000000002">
    <ele>1851.68</ele>
   </trkpt>
   <trkpt lat="47.28828000000001" lon="10.665890000000001">
    <ele>1851.68</ele>
   </trkpt>
   <trkpt lat="47.288230000000006" lon="10.66535">
    <ele>1851.65</ele>
   </trkpt>
   <trkpt lat="47.28808500321457" lon="10.664494997862736">
    <ele>1851.65</ele>
   </trkpt>
   <trkpt lat="47.287940000000006" lon="10.663640000000001">
    <ele>1851.65</ele>
   </trkpt>
   <trkpt lat="47.287870000000005" lon="10.663110000000001">
    <ele>1851.65</ele>
   </trkpt>
   <trkpt lat="47.287760000000006" lon="10.662540000000002">
    <ele>1851.65</ele>
   </trkpt>
   <trkpt lat="47.28764" lon="10.6621">
    <ele>1851.65</ele>
   </trkpt>
   <trkpt lat="47.28761" lon="10.661930000000002">
    <ele>1851.65</ele>
   </trkpt>
   <trkpt lat="47.28754000000001" lon="10.661430000000001">
    <ele>1851.65</ele>
   </trkpt>
   <trkpt lat="47.287490000000005" lon="10.6608">
    <ele>1891.5900000000001</ele>
   </trkpt>
   <trkpt lat="47.287470000000006" lon="10.660260000000001">
    <ele>1891.5900000000001</ele>
   </trkpt>
   <trkpt lat="47.287420000000004" lon="10.659880000000001">
    <ele>1891.5900000000001</ele>
   </trkpt>
   <trkpt lat="47.28723" lon="10.658930000000002">
    <ele>1891.5900000000001</ele>
   </trkpt>
   <trkpt lat="47.28725000000001" lon="10.65858">
    <ele>1891.5900000000001</ele>
   </trkpt>
   <trkpt lat="47.28736000000001" lon="10.65783">
    <ele>1891.5900000000001</ele>
   </trkpt>
   <trkpt lat="47.28737" lon="10.6575">
    <ele>1891.5900000000001</ele>
   </trkpt>
   <trkpt lat="47.287330000000004" lon="10.65653">
    <ele>1887.21</ele>
   </trkpt>
   <trkpt lat="47.287380000000006" lon="10.655970000000002">
    <ele>1887.21</ele>
   </trkpt>
   <trkpt lat="47.287380000000006" lon="10.65564">
    <ele>1894.1000000000001</ele>
   </trkpt>
   <trkpt lat="47.28736000000001" lon="10.65553">
    <ele>1894.1000000000001</ele>
   </trkpt>
   <trkpt lat="47.28721" lon="10.655040000000001">
    <ele>1894.1000000000001</ele>
   </trkpt>
   <trkpt lat="47.28716000000001" lon="10.65474">
    <ele>1894.1000000000001</ele>
   </trkpt>
   <trkpt lat="47.28716000000001" lon="10.653860000000002">
    <ele>1894.1000000000001</ele>
   </trkpt>
   <trkpt lat="47.287200000000006" lon="10.65286">
    <ele>1894.1000000000001</ele>
   </trkpt>
   <trkpt lat="47.287200000000006" lon="10.65173">
    <ele>1866.2900000000002</ele>
   </trkpt>
   <trkpt lat="47.28716000434803" lon="10.650729999209116">
    <ele>1866.2900000000002</ele>
   </trkpt>
   <trkpt lat="47.28712" lon="10.649730000000002">
    <ele>1866.2900000000002</ele>
   </trkpt>
   <trkpt lat="47.2871" lon="10.64957">
    <ele>1866.2900000000002</ele>
   </trkpt>
   <trkpt lat="47.286880000000004" lon="10.64874">
    <ele>1848.54</ele>
   </trkpt>
   <trkpt lat="47.28681" lon="10.648530000000001">
    <ele>1848.54</ele>
   </trkpt>
   <trkpt lat="47.28654" lon="10.647950000000002">
    <ele>1848.54</ele>
   </trkpt>
   <trkpt lat="47.28651000000001" lon="10.647780000000001">
    <ele>1840.78</ele>
   </trkpt>
   <trkpt lat="47.28653334286408" lon="10.646733334209417">
    <ele>1840.78</ele>
   </trkpt>
   <trkpt lat="47.286556676198494" lon="10.645686667495239">
    <ele>1840.78</ele>
   </trkpt>
   <trkpt lat="47.28658" lon="10.64464">
    <ele>1840.78</ele>
   </trkpt>
   <trkpt lat="47.286500000000004" lon="10.64404">
    <ele>1819.73</ele>
   </trkpt>
   <trkpt lat="47.286390000000004" lon="10.64358">
    <ele>1819.73</ele>
   </trkpt>
   <trkpt lat="47.28611" lon="10.64281">
    <ele>1819.73</ele>
   </trkpt>
   <trkpt lat="47.28602" lon="10.6422">
    <ele>1819.73</ele>
   </trkpt>
   <trkpt lat="47.28582" lon="10.64112">
    <ele>1819.73</ele>
   </trkpt>
   <trkpt lat="47.28575000000001" lon="10.640960000000002">
    <ele>1819.73</ele>
   </trkpt>
   <trkpt lat="47.28558" lon="10.640770000000002">
    <ele>1819.73</ele>
   </trkpt>
   <trkpt lat="47.28555" lon="10.64071">
    <ele>1819.73</ele>
   </trkpt>
   <trkpt lat="47.285450000000004" lon="10.639940000000001">
    <ele>1790.68</ele>
   </trkpt>
   <trkpt lat="47.28539000000001" lon="10.639800000000001">
    <ele>1790.68</ele>
   </trkpt>
   <trkpt lat="47.28492000000001" lon="10.639240000000001">
    <ele>1790.68</ele>
   </trkpt>
   <trkpt lat="47.28461" lon="10.63912">
    <ele>1790.68</ele>
   </trkpt>
   <trkpt lat="47.2845" lon="10.638990000000002">
    <ele>1790.68</ele>
   </trkpt>
   <trkpt lat="47.284440000000004" lon="10.63882">
    <ele>1790.68</ele>
   </trkpt>
   <trkpt lat="47.28443" lon="10.638660000000002">
    <ele>1782.15</ele>
   </trkpt>
   <trkpt lat="47.284490000000005" lon="10.638060000000001">
    <ele>1782.15</ele>
   </trkpt>
   <trkpt lat="47.284440000000004" lon="10.637770000000002">
    <ele>1782.15</ele>
   </trkpt>
   <trkpt lat="47.28405" lon="10.636780000000002">
    <ele>1782.15</ele>
   </trkpt>
   <trkpt lat="47.284000000000006" lon="10.636600000000001">
    <ele>1782.15</ele>
   </trkpt>
   <trkpt lat="47.283950000000004" lon="10.63611">
    <ele>1782.15</ele>
   </trkpt>
   <trkpt lat="47.28380500176762" lon="10.635459997904453">
    <ele>1782.15</ele>
   </trkpt>
   <trkpt lat="47.283660000000005" lon="10.634810000000002">
    <ele>1782.15</ele>
   </trkpt>
   <trkpt lat="47.283660000000005" lon="10.63469">
    <ele>1782.15</ele>
   </trkpt>
   <trkpt lat="47.28372" lon="10.634300000000001">
    <ele>1782.15</ele>
   </trkpt>
   <trkpt lat="47.283710000000006" lon="10.63415">
    <ele>1782.15</ele>
   </trkpt>
   <trkpt lat="47.28367" lon="10.63405">
    <ele>1782.15</ele>
   </trkpt>
   <trkpt lat="47.28349" lon="10.6339">
    <ele>1782.15</ele>
   </trkpt>
   <trkpt lat="47.283390000000004" lon="10.63377">
    <ele>1782.15</ele>
   </trkpt>
   <trkpt lat="47.28333000000001" lon="10.63354">
    <ele>1782.15</ele>
   </trkpt>
   <trkpt lat="47.28329" lon="10.63282">
    <ele>1782.15</ele>
   </trkpt>
   <trkpt lat="47.283300000000004" lon="10.63272">
    <ele>1782.15</ele>
   </trkpt>
   <trkpt lat="47.28334" lon="10.63258">
    <ele>1782.15</ele>
   </trkpt>
   <trkpt lat="47.283480000000004" lon="10.632390000000001">
    <ele>1782.15</ele>
   </trkpt>
   <trkpt lat="47.283550000000005" lon="10.632240000000001">
    <ele>1670.66</ele>
   </trkpt>
   <trkpt lat="47.28356" lon="10.632000000000001">
    <ele>1670.66</ele>
   </trkpt>
   <trkpt lat="47.28345" lon="10.631720000000001">
    <ele>1670.66</ele>
   </trkpt>
   <trkpt lat="47.28331000000001" lon="10.631450000000001">
    <ele>1670.66</ele>
   </trkpt>
   <trkpt lat="47.28327" lon="10.631290000000002">
    <ele>1670.66</ele>
   </trkpt>
   <trkpt lat="47.283240000000006" lon="10.630840000000001">
    <ele>1670.66</ele>
   </trkpt>
   <trkpt lat="47.283190000000005" lon="10.63057">
    <ele>1670.66</ele>
   </trkpt>
   <trkpt lat="47.28295000000001" lon="10.629740000000002">
    <ele>1670.66</ele>
   </trkpt>
   <trkpt lat="47.282900000000005" lon="10.629510000000002">
    <ele>1670.66</ele>
   </trkpt>
   <trkpt lat="47.282880000000006" lon="10.629240000000001">
    <ele>1670.66</ele>
   </trkpt>
   <trkpt lat="47.282880000000006" lon="10.6288">
    <ele>1670.66</ele>
   </trkpt>
   <trkpt lat="47.28284000000001" lon="10.628480000000001">
    <ele>1670.66</ele>
   </trkpt>
   <trkpt lat="47.28287" lon="10.628390000000001">
    <ele>1670.66</ele>
   </trkpt>
   <trkpt lat="47.28295000000001" lon="10.628350000000001">
    <ele>1670.66</ele>
   </trkpt>
   <trkpt lat="47.28302" lon="10.62845">
    <ele>1670.66</ele>
   </trkpt>
   <trkpt lat="47.28316" lon="10.628950000000001">
    <ele>1670.66</ele>
   </trkpt>
   <trkpt lat="47.28325" lon="10.629130000000002">
    <ele>1670.66</ele>
   </trkpt>
   <trkpt lat="47.28369000000001" lon="10.629650000000002">
    <ele>1670.66</ele>
   </trkpt>
   <trkpt lat="47.28387000000001" lon="10.63002">
    <ele>1670.66</ele>
   </trkpt>
   <trkpt lat="47.28396" lon="10.630090000000001">
    <ele>1670.7800000000002</ele>
   </trkpt>
   <trkpt lat="47.28403" lon="10.630090000000001">
    <ele>1673.42</ele>
   </trkpt>
   <trkpt lat="47.284090000000006" lon="10.63005">
    <ele>1675.89</ele>
   </trkpt>
   <trkpt lat="47.284130000000005" lon="10.629980000000002">
    <ele>1675.89</ele>
   </trkpt>
   <trkpt lat="47.284150000000004" lon="10.629840000000002">
    <ele>1675.89</ele>
   </trkpt>
   <trkpt lat="47.28408" lon="10.629610000000001">
    <ele>1675.89</ele>
   </trkpt>
   <trkpt lat="47.284060000000004" lon="10.62939">
    <ele>1675.89</ele>
   </trkpt>
   <trkpt lat="47.284060000000004" lon="10.62903">
    <ele>1675.89</ele>
   </trkpt>
   <trkpt lat="47.28412" lon="10.62836">
    <ele>1675.89</ele>
   </trkpt>
   <trkpt lat="47.28412" lon="10.62809">
    <ele>1675.89</ele>
   </trkpt>
   <trkpt lat="47.28407000000001" lon="10.627780000000001">
    <ele>1675.89</ele>
   </trkpt>
   <trkpt lat="47.284000000000006" lon="10.627540000000002">
    <ele>1675.89</ele>
   </trkpt>
   <trkpt lat="47.283710000000006" lon="10.62686">
    <ele>1675.89</ele>
   </trkpt>
   <trkpt lat="47.283590000000004" lon="10.626290000000001">
    <ele>1626.4600000000003</ele>
   </trkpt>
   <trkpt lat="47.28336" lon="10.62575">
    <ele>1626.4600000000003</ele>
   </trkpt>
   <trkpt lat="47.283300000000004" lon="10.62556">
    <ele>1626.4600000000003</ele>
   </trkpt>
   <trkpt lat="47.283240000000006" lon="10.624450000000001">
    <ele>1626.4600000000003</ele>
   </trkpt>
   <trkpt lat="47.28327" lon="10.62339">
    <ele>1626.4600000000003</ele>
   </trkpt>
   <trkpt lat="47.283260000000006" lon="10.622770000000001">
    <ele>1622.98</ele>
   </trkpt>
   <trkpt lat="47.28323" lon="10.622570000000001">
    <ele>1622.98</ele>
   </trkpt>
   <trkpt lat="47.28295000000001" lon="10.62152">
    <ele>1616.5900000000001</ele>
   </trkpt>
   <trkpt lat="47.28293" lon="10.62134">
    <ele>1616.53</ele>
   </trkpt>
   <trkpt lat="47.28295000000001" lon="10.621200000000002">
    <ele>1614.03</ele>
   </trkpt>
   <trkpt lat="47.28304000000001" lon="10.6209">
    <ele>1611.9800000000002</ele>
   </trkpt>
   <trkpt lat="47.28314" lon="10.620500000000002">
    <ele>1611.04</ele>
   </trkpt>
   <trkpt lat="47.283240000000006" lon="10.619940000000001">
    <ele>1606.72</ele>
   </trkpt>
   <trkpt lat="47.283240000000006" lon="10.619380000000001">
    <ele>1606.72</ele>
   </trkpt>
   <trkpt lat="47.283260000000006" lon="10.61926">
    <ele>1606.72</ele>
   </trkpt>
   <trkpt lat="47.28338" lon="10.61885">
    <ele>1596.3400000000001</ele>
   </trkpt>
   <trkpt lat="47.28354" lon="10.617740000000001">
    <ele>1596.3400000000001</ele>
   </trkpt>
   <trkpt lat="47.283550000000005" lon="10.61758">
    <ele>1596.3400000000001</ele>
   </trkpt>
   <trkpt lat="47.28351000000001" lon="10.61674">
    <ele>1567.13</ele>
   </trkpt>
   <trkpt lat="47.28356" lon="10.616150000000001">
    <ele>1567.13</ele>
   </trkpt>
   <trkpt lat="47.28383" lon="10.61542">
    <ele>1567.13</ele>
   </trkpt>
   <trkpt lat="47.2839" lon="10.61532">
    <ele>1567.13</ele>
   </trkpt>
   <trkpt lat="47.2841" lon="10.61517">
    <ele>1567.13</ele>
   </trkpt>
   <trkpt lat="47.284150000000004" lon="10.61505">
    <ele>1567.13</ele>
   </trkpt>
   <trkpt lat="47.284200000000006" lon="10.614170000000001">
    <ele>1567.13</ele>
   </trkpt>
   <trkpt lat="47.284220000000005" lon="10.614070000000002">
    <ele>1567.13</ele>
   </trkpt>
   <trkpt lat="47.284440000000004" lon="10.61372">
    <ele>1567.13</ele>
   </trkpt>
   <trkpt lat="47.28448" lon="10.61354">
    <ele>1567.13</ele>
   </trkpt>
   <trkpt lat="47.284560000000006" lon="10.612670000000001">
    <ele>1567.13</ele>
   </trkpt>
   <trkpt lat="47.28457" lon="10.612390000000001">
    <ele>1512.4400000000003</ele>
   </trkpt>
   <trkpt lat="47.28461" lon="10.61223">
    <ele>1512.4400000000003</ele>
   </trkpt>
   <trkpt lat="47.28464" lon="10.61218">
    <ele>1512.4400000000003</ele>
   </trkpt>
   <trkpt lat="47.2847" lon="10.612150000000002">
    <ele>1512.4400000000003</ele>
   </trkpt>
   <trkpt lat="47.28502" lon="10.61212">
    <ele>1512.4400000000003</ele>
   </trkpt>
   <trkpt lat="47.28513" lon="10.61205">
    <ele>1512.4400000000003</ele>
   </trkpt>
   <trkpt lat="47.28524" lon="10.61186">
    <ele>1512.4400000000003</ele>
   </trkpt>
   <trkpt lat="47.28533" lon="10.61158">
    <ele>1512.4400000000003</ele>
   </trkpt>
   <trkpt lat="47.28539000000001" lon="10.611460000000001">
    <ele>1512.4400000000003</ele>
   </trkpt>
   <trkpt lat="47.285450000000004" lon="10.61139">
    <ele>1512.4400000000003</ele>
   </trkpt>
   <trkpt lat="47.28573" lon="10.61123">
    <ele>1512.4400000000003</ele>
   </trkpt>
   <trkpt lat="47.28593" lon="10.611020000000002">
    <ele>1512.4400000000003</ele>
   </trkpt>
   <trkpt lat="47.286120000000004" lon="10.6109">
    <ele>1512.4400000000003</ele>
   </trkpt>
   <trkpt lat="47.286150000000006" lon="10.61082">
    <ele>1512.4400000000003</ele>
   </trkpt>
   <trkpt lat="47.28614" lon="10.61078">
    <ele>1512.4400000000003</ele>
   </trkpt>
   <trkpt lat="47.286100000000005" lon="10.610710000000001">
    <ele>1512.4400000000003</ele>
   </trkpt>
   <trkpt lat="47.28604000000001" lon="10.610710000000001">
    <ele>1512.4400000000003</ele>
   </trkpt>
   <trkpt lat="47.28586000000001" lon="10.61078">
    <ele>1512.4400000000003</ele>
   </trkpt>
   <trkpt lat="47.285360000000004" lon="10.610890000000001">
    <ele>1487.19</ele>
   </trkpt>
   <trkpt lat="47.28519000000001" lon="10.61101">
    <ele>1487.19</ele>
   </trkpt>
   <trkpt lat="47.28515" lon="10.611020000000002">
    <ele>1487.19</ele>
   </trkpt>
   <trkpt lat="47.285090000000004" lon="10.610940000000001">
    <ele>1487.19</ele>
   </trkpt>
   <trkpt lat="47.28510000000001" lon="10.610890000000001">
    <ele>1487.19</ele>
   </trkpt>
   <trkpt lat="47.285340000000005" lon="10.610650000000001">
    <ele>1487.19</ele>
   </trkpt>
   <trkpt lat="47.28558" lon="10.610230000000001">
    <ele>1487.19</ele>
   </trkpt>
   <trkpt lat="47.286080000000005" lon="10.609670000000001">
    <ele>1470.9800000000002</ele>
   </trkpt>
   <trkpt lat="47.28616" lon="10.609630000000001">
    <ele>1470.9800000000002</ele>
   </trkpt>
   <trkpt lat="47.286390000000004" lon="10.609620000000001">
    <ele>1477.18</ele>
   </trkpt>
   <trkpt lat="47.286480000000005" lon="10.609580000000001">
    <ele>1477.18</ele>
   </trkpt>
   <trkpt lat="47.28654" lon="10.60951">
    <ele>1477.18</ele>
   </trkpt>
   <trkpt lat="47.28680000000001" lon="10.608640000000001">
    <ele>1477.18</ele>
   </trkpt>
   <trkpt lat="47.286820000000006" lon="10.608450000000001">
    <ele>1477.18</ele>
   </trkpt>
   <trkpt lat="47.28679" lon="10.60809">
    <ele>1477.18</ele>
   </trkpt>
   <trkpt lat="47.286820000000006" lon="10.60795">
    <ele>1477.18</ele>
   </trkpt>
   <trkpt lat="47.28685" lon="10.60792">
    <ele>1477.18</ele>
   </trkpt>
   <trkpt lat="47.28689000000001" lon="10.607930000000001">
    <ele>1477.18</ele>
   </trkpt>
   <trkpt lat="47.287130000000005" lon="10.608110000000002">
    <ele>1477.18</ele>
   </trkpt>
   <trkpt lat="47.28721" lon="10.608110000000002">
    <ele>1477.18</ele>
   </trkpt>
   <trkpt lat="47.28725000000001" lon="10.60806">
    <ele>1477.18</ele>
   </trkpt>
   <trkpt lat="47.28741" lon="10.60767">
    <ele>1477.18</ele>
   </trkpt>
   <trkpt lat="47.2875" lon="10.60757">
    <ele>1477.18</ele>
   </trkpt>
   <trkpt lat="47.287600000000005" lon="10.607500000000002">
    <ele>1477.18</ele>
   </trkpt>
   <trkpt lat="47.287620000000004" lon="10.607470000000001">
    <ele>1477.18</ele>
   </trkpt>
   <trkpt lat="47.287620000000004" lon="10.607420000000001">
    <ele>1477.18</ele>
   </trkpt>
   <trkpt lat="47.28759" lon="10.607330000000001">
    <ele>1477.18</ele>
   </trkpt>
   <trkpt lat="47.28757" lon="10.6073">
    <ele>1477.18</ele>
   </trkpt>
   <trkpt lat="47.28752" lon="10.6073">
    <ele>1477.18</ele>
   </trkpt>
   <trkpt lat="47.28716000000001" lon="10.607510000000001">
    <ele>1477.18</ele>
   </trkpt>
   <trkpt lat="47.287090000000006" lon="10.60754">
    <ele>1398.67</ele>
   </trkpt>
   <trkpt lat="47.28703" lon="10.607510000000001">
    <ele>1398.67</ele>
   </trkpt>
   <trkpt lat="47.28701" lon="10.607470000000001">
    <ele>1398.67</ele>
   </trkpt>
   <trkpt lat="47.28701" lon="10.6074">
    <ele>1398.67</ele>
   </trkpt>
   <trkpt lat="47.2873" lon="10.60698">
    <ele>1398.67</ele>
   </trkpt>
   <trkpt lat="47.287380000000006" lon="10.606890000000002">
    <ele>1398.67</ele>
   </trkpt>
   <trkpt lat="47.28748" lon="10.606810000000001">
    <ele>1398.67</ele>
   </trkpt>
   <trkpt lat="47.287560000000006" lon="10.606760000000001">
    <ele>1398.67</ele>
   </trkpt>
   <trkpt lat="47.287670000000006" lon="10.606720000000001">
    <ele>1398.67</ele>
   </trkpt>
   <trkpt lat="47.288000000000004" lon="10.60673">
    <ele>1398.67</ele>
   </trkpt>
   <trkpt lat="47.288120000000006" lon="10.60669">
    <ele>1398.67</ele>
   </trkpt>
   <trkpt lat="47.28821000000001" lon="10.606610000000002">
    <ele>1398.67</ele>
   </trkpt>
   <trkpt lat="47.288450000000005" lon="10.60617">
    <ele>1398.67</ele>
   </trkpt>
   <trkpt lat="47.28857000000001" lon="10.60607">
    <ele>1398.67</ele>
   </trkpt>
   <trkpt lat="47.28916" lon="10.60566">
    <ele>1398.67</ele>
   </trkpt>
   <trkpt lat="47.28933000000001" lon="10.605580000000002">
    <ele>1398.67</ele>
   </trkpt>
   <trkpt lat="47.28936" lon="10.605550000000001">
    <ele>1398.4</ele>
   </trkpt>
   <trkpt lat="47.289370000000005" lon="10.605490000000001">
    <ele>1398.4</ele>
   </trkpt>
   <trkpt lat="47.28936" lon="10.605440000000002">
    <ele>1398.4</ele>
   </trkpt>
   <trkpt lat="47.289300000000004" lon="10.60538">
    <ele>1397.78</ele>
   </trkpt>
   <trkpt lat="47.288900000000005" lon="10.60527">
    <ele>1394.68</ele>
   </trkpt>
   <trkpt lat="47.28884" lon="10.60523">
    <ele>1393.8700000000001</ele>
   </trkpt>
   <trkpt lat="47.288810000000005" lon="10.60519">
    <ele>1393.8700000000001</ele>
   </trkpt>
   <trkpt lat="47.28877000000001" lon="10.60504">
    <ele>1393.8700000000001</ele>
   </trkpt>
   <trkpt lat="47.289030000000004" lon="10.604970000000002">
    <ele>1393.8700000000001</ele>
   </trkpt>
   <trkpt lat="47.289550000000006" lon="10.60487">
    <ele>1393.8700000000001</ele>
   </trkpt>
   <trkpt lat="47.289970000000004" lon="10.60473">
    <ele>1393.8700000000001</ele>
   </trkpt>
   <trkpt lat="47.2905" lon="10.60448">
    <ele>1393.8700000000001</ele>
   </trkpt>
   <trkpt lat="47.2909" lon="10.60421">
    <ele>1393.8700000000001</ele>
   </trkpt>
   <trkpt lat="47.29168000000001" lon="10.60377">
    <ele>1393.8700000000001</ele>
   </trkpt>
   <trkpt lat="47.291810000000005" lon="10.60373">
    <ele>1393.8700000000001</ele>
   </trkpt>
   <trkpt lat="47.292120000000004" lon="10.60368">
    <ele>1393.8700000000001</ele>
   </trkpt>
   <trkpt lat="47.29225" lon="10.60364">
    <ele>1393.8700000000001</ele>
   </trkpt>
   <trkpt lat="47.29263" lon="10.60344">
    <ele>1358.2500000000002</ele>
   </trkpt>
   <trkpt lat="47.29276" lon="10.6034">
    <ele>1358.2500000000002</ele>
   </trkpt>
   <trkpt lat="47.29292" lon="10.603390000000001">
    <ele>1358.2500000000002</ele>
   </trkpt>
   <trkpt lat="47.293400000000005" lon="10.60345">
    <ele>1358.2500000000002</ele>
   </trkpt>
   <trkpt lat="47.29384" lon="10.6034">
    <ele>1358.2500000000002</ele>
   </trkpt>
   <trkpt lat="47.29406" lon="10.60341">
    <ele>1358.2500000000002</ele>
   </trkpt>
   <trkpt lat="47.294160000000005" lon="10.603390000000001">
    <ele>1358.2500000000002</ele>
   </trkpt>
   <trkpt lat="47.29444" lon="10.60326">
    <ele>1358.2500000000002</ele>
   </trkpt>
   <trkpt lat="47.29459000000001" lon="10.603140000000002">
    <ele>1358.2500000000002</ele>
   </trkpt>
   <trkpt lat="47.294850000000004" lon="10.602860000000002">
    <ele>1358.2500000000002</ele>
   </trkpt>
   <trkpt lat="47.294920000000005" lon="10.602810000000002">
    <ele>1358.2500000000002</ele>
   </trkpt>
   <trkpt lat="47.294970000000006" lon="10.60279">
    <ele>1358.2500000000002</ele>
   </trkpt>
   <trkpt lat="47.295190000000005" lon="10.60279">
    <ele>1358.2500000000002</ele>
   </trkpt>
   <trkpt lat="47.29527" lon="10.60275">
    <ele>1358.2500000000002</ele>
   </trkpt>
   <trkpt lat="47.29533000000001" lon="10.602670000000002">
    <ele>1358.2500000000002</ele>
   </trkpt>
   <trkpt lat="47.29547" lon="10.60241">
    <ele>1358.2500000000002</ele>
   </trkpt>
   <trkpt lat="47.295840000000005" lon="10.60218">
    <ele>1358.2500000000002</ele>
   </trkpt>
   <trkpt lat="47.29612" lon="10.602070000000001">
    <ele>1358.2500000000002</ele>
   </trkpt>
   <trkpt lat="47.29646" lon="10.601980000000001">
    <ele>1358.2500000000002</ele>
   </trkpt>
   <trkpt lat="47.296960000000006" lon="10.601920000000002">
    <ele>1367.92</ele>
   </trkpt>
   <trkpt lat="47.29713" lon="10.601880000000001">
    <ele>1367.92</ele>
   </trkpt>
   <trkpt lat="47.297470000000004" lon="10.60168">
    <ele>1367.92</ele>
   </trkpt>
   <trkpt lat="47.29782" lon="10.601540000000002">
    <ele>1368.5500000000002</ele>
   </trkpt>
   <trkpt lat="47.298230000000004" lon="10.601410000000001">
    <ele>1368.5500000000002</ele>
   </trkpt>
   <trkpt lat="47.298390000000005" lon="10.60138">
    <ele>1368.5500000000002</ele>
   </trkpt>
   <trkpt lat="47.2986" lon="10.60139">
    <ele>1368.5500000000002</ele>
   </trkpt>
   <trkpt lat="47.298790000000004" lon="10.60144">
    <ele>1368.5500000000002</ele>
   </trkpt>
   <trkpt lat="47.298930000000006" lon="10.601500000000001">
    <ele>1368.5500000000002</ele>
   </trkpt>
   <trkpt lat="47.29903" lon="10.60158">
    <ele>1368.5500000000002</ele>
   </trkpt>
   <trkpt lat="47.299170000000004" lon="10.60177">
    <ele>1368.5500000000002</ele>
   </trkpt>
   <trkpt lat="47.29959" lon="10.60279">
    <ele>1368.5500000000002</ele>
   </trkpt>
   <trkpt lat="47.29974000000001" lon="10.603240000000001">
    <ele>1347.48</ele>
   </trkpt>
   <trkpt lat="47.30001" lon="10.603710000000001">
    <ele>1347.48</ele>
   </trkpt>
   <trkpt lat="47.30013" lon="10.60406">
    <ele>1347.48</ele>
   </trkpt>
   <trkpt lat="47.30030000000001" lon="10.604370000000001">
    <ele>1347.48</ele>
   </trkpt>
   <trkpt lat="47.30041000000001" lon="10.604940000000001">
    <ele>1347.48</ele>
   </trkpt>
   <trkpt lat="47.30048000000001" lon="10.605220000000001">
    <ele>1347.48</ele>
   </trkpt>
   <trkpt lat="47.300560000000004" lon="10.605450000000001">
    <ele>1347.48</ele>
   </trkpt>
   <trkpt lat="47.300610000000006" lon="10.605730000000001">
    <ele>1347.48</ele>
   </trkpt>
   <trkpt lat="47.300630000000005" lon="10.60608">
    <ele>1347.48</ele>
   </trkpt>
   <trkpt lat="47.30062" lon="10.606330000000002">
    <ele>1347.48</ele>
   </trkpt>
   <trkpt lat="47.30053" lon="10.6067">
    <ele>1347.48</ele>
   </trkpt>
   <trkpt lat="47.30053" lon="10.60678">
    <ele>1347.48</ele>
   </trkpt>
   <trkpt lat="47.30055" lon="10.60682">
    <ele>1347.48</ele>
   </trkpt>
   <trkpt lat="47.3006" lon="10.60684">
    <ele>1347.48</ele>
   </trkpt>
   <trkpt lat="47.30068000000001" lon="10.606750000000002">
    <ele>1347.48</ele>
   </trkpt>
   <trkpt lat="47.3008" lon="10.60584">
    <ele>1347.48</ele>
   </trkpt>
   <trkpt lat="47.3008" lon="10.60562">
    <ele>1332.92</ele>
   </trkpt>
   <trkpt lat="47.30075" lon="10.605260000000001">
    <ele>1332.92</ele>
   </trkpt>
   <trkpt lat="47.300740000000005" lon="10.60499">
    <ele>1332.92</ele>
   </trkpt>
   <trkpt lat="47.300760000000004" lon="10.60449">
    <ele>1332.92</ele>
   </trkpt>
   <trkpt lat="47.300560000000004" lon="10.60346">
    <ele>1330.1100000000001</ele>
   </trkpt>
   <trkpt lat="47.3006" lon="10.60274">
    <ele>1321.5</ele>
   </trkpt>
   <trkpt lat="47.300610000000006" lon="10.601840000000001">
    <ele>1321.5</ele>
   </trkpt>
   <trkpt lat="47.30051" lon="10.601260000000002">
    <ele>1321.5</ele>
   </trkpt>
   <trkpt lat="47.30046" lon="10.601090000000001">
    <ele>1340.6</ele>
   </trkpt>
   <trkpt lat="47.300320000000006" lon="10.60074">
    <ele>1340.6</ele>
   </trkpt>
   <trkpt lat="47.30031" lon="10.600620000000001">
    <ele>1340.6</ele>
   </trkpt>
   <trkpt lat="47.300320000000006" lon="10.600150000000001">
    <ele>1340.6</ele>
   </trkpt>
   <trkpt lat="47.300360000000005" lon="10.59997">
    <ele>1340.6</ele>
   </trkpt>
   <trkpt lat="47.30075500199774" lon="10.599305004843126">
    <ele>1340.6</ele>
   </trkpt>
   <trkpt lat="47.30115000000001" lon="10.598640000000001">
    <ele>1340.6</ele>
   </trkpt>
   <trkpt lat="47.30180000000001" lon="10.597750000000001">
    <ele>1340.6</ele>
   </trkpt>
   <trkpt lat="47.30209000000001" lon="10.59744">
    <ele>1329.39</ele>
   </trkpt>
   <trkpt lat="47.30252" lon="10.597140000000001">
    <ele>1329.39</ele>
   </trkpt>
   <trkpt lat="47.30266" lon="10.597000000000001">
    <ele>1329.39</ele>
   </trkpt>
   <trkpt lat="47.30286" lon="10.596760000000002">
    <ele>1329.39</ele>
   </trkpt>
   <trkpt lat="47.30324" lon="10.59642">
    <ele>1329.39</ele>
   </trkpt>
   <trkpt lat="47.303360000000005" lon="10.59636">
    <ele>1329.39</ele>
   </trkpt>
   <trkpt lat="47.30373" lon="10.596250000000001">
    <ele>1329.39</ele>
   </trkpt>
   <trkpt lat="47.30382" lon="10.596250000000001">
    <ele>1329.39</ele>
   </trkpt>
   <trkpt lat="47.30393" lon="10.59628">
    <ele>1329.39</ele>
   </trkpt>
   <trkpt lat="47.304140000000004" lon="10.59646">
    <ele>1332.8300000000002</ele>
   </trkpt>
   <trkpt lat="47.304210000000005" lon="10.5965">
    <ele>1332.8300000000002</ele>
   </trkpt>
   <trkpt lat="47.304280000000006" lon="10.5965">
    <ele>1332.8300000000002</ele>
   </trkpt>
   <trkpt lat="47.304370000000006" lon="10.59646">
    <ele>1332.8300000000002</ele>
   </trkpt>
   <trkpt lat="47.30447" lon="10.59636">
    <ele>1332.8300000000002</ele>
   </trkpt>
   <trkpt lat="47.304520000000004" lon="10.59628">
    <ele>1332.8300000000002</ele>
   </trkpt>
   <trkpt lat="47.304550000000006" lon="10.59614">
    <ele>1332.8300000000002</ele>
   </trkpt>
   <trkpt lat="47.304520000000004" lon="10.595770000000002">
    <ele>1332.8300000000002</ele>
   </trkpt>
   <trkpt lat="47.30458" lon="10.595410000000001">
    <ele>1332.8300000000002</ele>
   </trkpt>
   <trkpt lat="47.30458" lon="10.59533">
    <ele>1332.8300000000002</ele>
   </trkpt>
   <trkpt lat="47.304480000000005" lon="10.594940000000001">
    <ele>1328.94</ele>
   </trkpt>
   <trkpt lat="47.304390000000005" lon="10.59473">
    <ele>1328.94</ele>
   </trkpt>
   <trkpt lat="47.304370000000006" lon="10.59459">
    <ele>1328.94</ele>
   </trkpt>
   <trkpt lat="47.30444000000001" lon="10.594180000000001">
    <ele>1328.94</ele>
   </trkpt>
   <trkpt lat="47.30445" lon="10.593800000000002">
    <ele>1328.94</ele>
   </trkpt>
   <trkpt lat="47.304480000000005" lon="10.59359">
    <ele>1328.94</ele>
   </trkpt>
   <trkpt lat="47.304660002019915" lon="10.592920002029924">
    <ele>1328.94</ele>
   </trkpt>
   <trkpt lat="47.304840000000006" lon="10.592250000000002">
    <ele>1323.18</ele>
   </trkpt>
   <trkpt lat="47.305060000000005" lon="10.591690000000002">
    <ele>1323.18</ele>
   </trkpt>
   <trkpt lat="47.30548" lon="10.59084">
    <ele>1323.18</ele>
   </trkpt>
   <trkpt lat="47.30561" lon="10.590670000000001">
    <ele>1323.18</ele>
   </trkpt>
   <trkpt lat="47.305870000000006" lon="10.590420000000002">
    <ele>1323.18</ele>
   </trkpt>
   <trkpt lat="47.306070000000005" lon="10.590160000000001">
    <ele>1323.18</ele>
   </trkpt>
   <trkpt lat="47.30631" lon="10.58965">
    <ele>1323.11</ele>
   </trkpt>
   <trkpt lat="47.30642" lon="10.589490000000001">
    <ele>1323.11</ele>
   </trkpt>
   <trkpt lat="47.30664" lon="10.58933">
    <ele>1323.11</ele>
   </trkpt>
   <trkpt lat="47.306720000000006" lon="10.589210000000001">
    <ele>1323.11</ele>
   </trkpt>
   <trkpt lat="47.30677000000001" lon="10.589020000000001">
    <ele>1323.11</ele>
   </trkpt>
   <trkpt lat="47.306720000000006" lon="10.58872">
    <ele>1323.11</ele>
   </trkpt>
   <trkpt lat="47.306720000000006" lon="10.58848">
    <ele>1323.11</ele>
   </trkpt>
   <trkpt lat="47.3068" lon="10.58821">
    <ele>1323.11</ele>
   </trkpt>
   <trkpt lat="47.306985004382355" lon="10.58720500357414">
    <ele>1323.69</ele>
   </trkpt>
   <trkpt lat="47.307170000000006" lon="10.586200000000002">
    <ele>1326.27</ele>
   </trkpt>
   <trkpt lat="47.30724000000001" lon="10.585980000000001">
    <ele>1326.27</ele>
   </trkpt>
   <trkpt lat="47.3074" lon="10.585690000000001">
    <ele>1319.0900000000001</ele>
   </trkpt>
   <trkpt lat="47.307700000000004" lon="10.585370000000001">
    <ele>1318.8200000000002</ele>
   </trkpt>
   <trkpt lat="47.308080000000004" lon="10.58511">
    <ele>1318.71</ele>
   </trkpt>
   <trkpt lat="47.30854" lon="10.584750000000001">
    <ele>1319.73</ele>
   </trkpt>
   <trkpt lat="47.30876000000001" lon="10.58455">
    <ele>1321.91</ele>
   </trkpt>
   <trkpt lat="47.308800000000005" lon="10.58446">
    <ele>1321.91</ele>
   </trkpt>
   <trkpt lat="47.308890000000005" lon="10.58439">
    <ele>1322.21</ele>
   </trkpt>
   <trkpt lat="47.30899" lon="10.584340000000001">
    <ele>1322.21</ele>
   </trkpt>
   <trkpt lat="47.30908" lon="10.584330000000001">
    <ele>1322.21</ele>
   </trkpt>
   <trkpt lat="47.30921000000001" lon="10.58441">
    <ele>1321.95</ele>
   </trkpt>
   <trkpt lat="47.30939" lon="10.584570000000001">
    <ele>1321.95</ele>
   </trkpt>
   <trkpt lat="47.30946" lon="10.58459">
    <ele>1322.7900000000002</ele>
   </trkpt>
   <trkpt lat="47.30957" lon="10.58454">
    <ele>1322.7900000000002</ele>
   </trkpt>
   <trkpt lat="47.309630000000006" lon="10.584470000000001">
    <ele>1318.0200000000002</ele>
   </trkpt>
   <trkpt lat="47.309720000000006" lon="10.58425">
    <ele>1318.0200000000002</ele>
   </trkpt>
   <trkpt lat="47.309950001739956" lon="10.583620002703823">
    <ele>1318.0200000000002</ele>
   </trkpt>
   <trkpt lat="47.31018" lon="10.58299">
    <ele>1318.0200000000002</ele>
   </trkpt>
   <trkpt lat="47.31018" lon="10.58276">
    <ele>1318.0200000000002</ele>
   </trkpt>
   <trkpt lat="47.310050000000004" lon="10.5822">
    <ele>1316.99</ele>
   </trkpt>
   <trkpt lat="47.31006000000001" lon="10.582040000000001">
    <ele>1316.99</ele>
   </trkpt>
   <trkpt lat="47.31022" lon="10.580960000000001">
    <ele>1316.99</ele>
   </trkpt>
   <trkpt lat="47.310570000000006" lon="10.58019">
    <ele>1316.99</ele>
   </trkpt>
   <trkpt lat="47.310610000000004" lon="10.5799">
    <ele>1316.99</ele>
   </trkpt>
   <trkpt lat="47.31058" lon="10.579460000000001">
    <ele>1314.33</ele>
   </trkpt>
   <trkpt lat="47.31064000000001" lon="10.57919">
    <ele>1314.33</ele>
   </trkpt>
   <trkpt lat="47.31087" lon="10.57882">
    <ele>1318.4900000000002</ele>
   </trkpt>
   <trkpt lat="47.31128500111726" lon="10.57830500408895">
    <ele>1318.4900000000002</ele>
   </trkpt>
   <trkpt lat="47.3117" lon="10.57779">
    <ele>1318.4900000000002</ele>
   </trkpt>
   <trkpt lat="47.311780000000006" lon="10.577570000000001">
    <ele>1318.4900000000002</ele>
   </trkpt>
   <trkpt lat="47.311800000000005" lon="10.577380000000002">
    <ele>1318.4900000000002</ele>
   </trkpt>
   <trkpt lat="47.31179" lon="10.577200000000001">
    <ele>1318.4900000000002</ele>
   </trkpt>
   <trkpt lat="47.31167000000001" lon="10.57634">
    <ele>1287.32</ele>
   </trkpt>
   <trkpt lat="47.3117" lon="10.575930000000001">
    <ele>1287.32</ele>
   </trkpt>
   <trkpt lat="47.31181" lon="10.57553">
    <ele>1287.32</ele>
   </trkpt>
   <trkpt lat="47.312045002055676" lon="10.574840003112053">
    <ele>1287.32</ele>
   </trkpt>
   <trkpt lat="47.31228" lon="10.574150000000001">
    <ele>1280.13</ele>
   </trkpt>
   <trkpt lat="47.312380000000005" lon="10.57357">
    <ele>1280.2300000000002</ele>
   </trkpt>
   <trkpt lat="47.312430000000006" lon="10.573400000000001">
    <ele>1280.2300000000002</ele>
   </trkpt>
   <trkpt lat="47.31271" lon="10.57268">
    <ele>1279.3300000000002</ele>
   </trkpt>
   <trkpt lat="47.312920000000005" lon="10.572320000000001">
    <ele>1279.3300000000002</ele>
   </trkpt>
   <trkpt lat="47.31297000000001" lon="10.572170000000002">
    <ele>1279.3300000000002</ele>
   </trkpt>
   <trkpt lat="47.31304" lon="10.57158">
    <ele>1275.2100000000003</ele>
   </trkpt>
   <trkpt lat="47.3132" lon="10.57098">
    <ele>1275.2100000000003</ele>
   </trkpt>
   <trkpt lat="47.313385003812314" lon="10.570045003221509">
    <ele>1278.1100000000001</ele>
   </trkpt>
   <trkpt lat="47.313570000000006" lon="10.56911">
    <ele>1272.69</ele>
   </trkpt>
   <trkpt lat="47.3136" lon="10.568330000000001">
    <ele>1272.69</ele>
   </trkpt>
   <trkpt lat="47.31364000000001" lon="10.568180000000002">
    <ele>1267.14</ele>
   </trkpt>
   <trkpt lat="47.31394667390752" lon="10.567266677311636">
    <ele>1273.32</ele>
   </trkpt>
   <trkpt lat="47.31425334055928" lon="10.56635334402286">
    <ele>1265.7900000000002</ele>
   </trkpt>
   <trkpt lat="47.31456000000001" lon="10.56544">
    <ele>1265.7900000000002</ele>
   </trkpt>
   <trkpt lat="47.31467000000001" lon="10.564950000000001">
    <ele>1260.94</ele>
   </trkpt>
   <trkpt lat="47.314690000000006" lon="10.564520000000002">
    <ele>1260.94</ele>
   </trkpt>
   <trkpt lat="47.31468" lon="10.564290000000002">
    <ele>1260.94</ele>
   </trkpt>
   <trkpt lat="47.314620000000005" lon="10.563830000000001">
    <ele>1250.5700000000002</ele>
   </trkpt>
   <trkpt lat="47.31463" lon="10.56352">
    <ele>1250.5700000000002</ele>
   </trkpt>
   <trkpt lat="47.31467000000001" lon="10.563360000000001">
    <ele>1250.5700000000002</ele>
   </trkpt>
   <trkpt lat="47.31477" lon="10.56315">
    <ele>1243.16</ele>
   </trkpt>
   <trkpt lat="47.31508" lon="10.56268">
    <ele>1243.16</ele>
   </trkpt>
   <trkpt lat="47.315180000000005" lon="10.562470000000001">
    <ele>1243.16</ele>
   </trkpt>
   <trkpt lat="47.315250000000006" lon="10.562240000000001">
    <ele>1243.16</ele>
   </trkpt>
   <trkpt lat="47.315340000000006" lon="10.561710000000001">
    <ele>1243.16</ele>
   </trkpt>
   <trkpt lat="47.31557" lon="10.56109">
    <ele>1243.16</ele>
   </trkpt>
   <trkpt lat="47.31570000000001" lon="10.56062">
    <ele>1243.16</ele>
   </trkpt>
   <trkpt lat="47.31591" lon="10.5601">
    <ele>1214.22</ele>
   </trkpt>
   <trkpt lat="47.31613000317686" lon="10.559245003569163">
    <ele>1214.22</ele>
   </trkpt>
   <trkpt lat="47.31635000000001" lon="10.558390000000001">
    <ele>1214.22</ele>
   </trkpt>
   <trkpt lat="47.31644000000001" lon="10.55816">
    <ele>1214.22</ele>
   </trkpt>
   <trkpt lat="47.3168" lon="10.55746">
    <ele>1214.22</ele>
   </trkpt>
   <trkpt lat="47.316860000000005" lon="10.55727">
    <ele>1214.22</ele>
   </trkpt>
   <trkpt lat="47.316860000000005" lon="10.556700000000001">
    <ele>1213.1000000000001</ele>
   </trkpt>
   <trkpt lat="47.31689" lon="10.55658">
    <ele>1213.1000000000001</ele>
   </trkpt>
   <trkpt lat="47.31694" lon="10.55648">
    <ele>1213.1000000000001</ele>
   </trkpt>
   <trkpt lat="47.31707" lon="10.556360000000002">
    <ele>1213.1000000000001</ele>
   </trkpt>
   <trkpt lat="47.31714" lon="10.556230000000001">
    <ele>1208.5700000000002</ele>
   </trkpt>
   <trkpt lat="47.317170000000004" lon="10.5561">
    <ele>1208.5700000000002</ele>
   </trkpt>
   <trkpt lat="47.317150000000005" lon="10.55593">
    <ele>1208.5700000000002</ele>
   </trkpt>
   <trkpt lat="47.317060000000005" lon="10.555620000000001">
    <ele>1208.5700000000002</ele>
   </trkpt>
   <trkpt lat="47.31705" lon="10.555390000000001">
    <ele>1205.8200000000002</ele>
   </trkpt>
   <trkpt lat="47.31707" lon="10.55517">
    <ele>1205.8200000000002</ele>
   </trkpt>
   <trkpt lat="47.31718" lon="10.55488">
    <ele>1204.22</ele>
   </trkpt>
   <trkpt lat="47.31756000000001" lon="10.554160000000001">
    <ele>1199.33</ele>
   </trkpt>
   <trkpt lat="47.31794000000001" lon="10.553120000000002">
    <ele>1194.8400000000001</ele>
   </trkpt>
   <trkpt lat="47.318290000000005" lon="10.55221">
    <ele>1189.7600000000002</ele>
   </trkpt>
   <trkpt lat="47.318360000000006" lon="10.551950000000001">
    <ele>1188.23</ele>
   </trkpt>
   <trkpt lat="47.318470000000005" lon="10.55117">
    <ele>1183.98</ele>
   </trkpt>
   <trkpt lat="47.318540000000006" lon="10.55095">
    <ele>1183.5</ele>
   </trkpt>
   <trkpt lat="47.31883000172423" lon="10.55031000363885">
    <ele>1183.1200000000001</ele>
   </trkpt>
   <trkpt lat="47.319120000000005" lon="10.54967">
    <ele>1183.27</ele>
   </trkpt>
   <trkpt lat="47.319320000000005" lon="10.549380000000001">
    <ele>1182.91</ele>
   </trkpt>
   <trkpt lat="47.319410000000005" lon="10.549230000000001">
    <ele>1182.5100000000002</ele>
   </trkpt>
   <trkpt lat="47.31954" lon="10.54884">
    <ele>1182.15</ele>
   </trkpt>
   <trkpt lat="47.3196" lon="10.54847">
    <ele>1181.3700000000001</ele>
   </trkpt>
   <trkpt lat="47.31971" lon="10.548160000000001">
    <ele>1180.65</ele>
   </trkpt>
   <trkpt lat="47.31996" lon="10.54766">
    <ele>1178.7500000000002</ele>
   </trkpt>
   <trkpt lat="47.320080000000004" lon="10.54742">
    <ele>1178.2400000000002</ele>
   </trkpt>
   <trkpt lat="47.320330000000006" lon="10.546550000000002">
    <ele>1176.3700000000001</ele>
   </trkpt>
   <trkpt lat="47.32060000227006" lon="10.54582000385916">
    <ele>1175.7900000000002</ele>
   </trkpt>
   <trkpt lat="47.320870000000006" lon="10.54509">
    <ele>1174.08</ele>
   </trkpt>
   <trkpt lat="47.32121" lon="10.544110000000002">
    <ele>1171.8000000000002</ele>
   </trkpt>
   <trkpt lat="47.32155" lon="10.54349">
    <ele>1170.15</ele>
   </trkpt>
   <trkpt lat="47.321780001451124" lon="10.542920002387023">
    <ele>1168.5500000000002</ele>
   </trkpt>
   <trkpt lat="47.322010000000006" lon="10.54235">
    <ele>1166.41</ele>
   </trkpt>
   <trkpt lat="47.32215" lon="10.541910000000001">
    <ele>1164.7800000000002</ele>
   </trkpt>
   <trkpt lat="47.322340000000004" lon="10.54109">
    <ele>1161.2</ele>
   </trkpt>
   <trkpt lat="47.32244000000001" lon="10.54085">
    <ele>1160.66</ele>
   </trkpt>
   <trkpt lat="47.32269" lon="10.540410000000001">
    <ele>1158.05</ele>
   </trkpt>
   <trkpt lat="47.322880000000005" lon="10.540280000000001">
    <ele>1156.8</ele>
   </trkpt>
   <trkpt lat="47.32303" lon="10.540090000000001">
    <ele>1154.5500000000002</ele>
   </trkpt>
   <trkpt lat="47.323080000000004" lon="10.53997">
    <ele>1153.1299999999999</ele>
   </trkpt>
   <trkpt lat="47.323100000000004" lon="10.53983">
    <ele>1153.1299999999999</ele>
   </trkpt>
   <trkpt lat="47.32305" lon="10.53936">
    <ele>1147.65</ele>
   </trkpt>
   <trkpt lat="47.323060000000005" lon="10.539150000000001">
    <ele>1147.65</ele>
   </trkpt>
   <trkpt lat="47.323220000000006" lon="10.53833">
    <ele>1141.8400000000001</ele>
   </trkpt>
   <trkpt lat="47.32340000000001" lon="10.5371">
    <ele>1133.7</ele>
   </trkpt>
   <trkpt lat="47.32349000000001" lon="10.53668">
    <ele>1129.91</ele>
   </trkpt>
   <trkpt lat="47.323750000000004" lon="10.536050000000001">
    <ele>1125.9</ele>
   </trkpt>
   <trkpt lat="47.324000000000005" lon="10.53523">
    <ele>1117.72</ele>
   </trkpt>
   <trkpt lat="47.324090000000005" lon="10.5348">
    <ele>1115.58</ele>
   </trkpt>
   <trkpt lat="47.324175001969905" lon="10.534125001178227">
    <ele>1111.92</ele>
   </trkpt>
   <trkpt lat="47.32426" lon="10.53345">
    <ele>1108.1100000000001</ele>
   </trkpt>
   <trkpt lat="47.3243" lon="10.533280000000001">
    <ele>1106.8999999999999</ele>
   </trkpt>
   <trkpt lat="47.32437" lon="10.533090000000001">
    <ele>1105.5700000000002</ele>
   </trkpt>
   <trkpt lat="47.32446" lon="10.53301">
    <ele>1104.6</ele>
   </trkpt>
   <trkpt lat="47.324560000000005" lon="10.53297">
    <ele>1103.05</ele>
   </trkpt>
   <trkpt lat="47.325070000000004" lon="10.532900000000001">
    <ele>1094.69</ele>
   </trkpt>
   <trkpt lat="47.32522" lon="10.53284">
    <ele>1094.69</ele>
   </trkpt>
   <trkpt lat="47.32576" lon="10.53245">
    <ele>1086.2200000000003</ele>
   </trkpt>
   <trkpt lat="47.32587" lon="10.532430000000002">
    <ele>1086.2200000000003</ele>
   </trkpt>
   <trkpt lat="47.32593000000001" lon="10.532440000000001">
    <ele>1085.24</ele>
   </trkpt>
   <trkpt lat="47.326080000000005" lon="10.53251">
    <ele>1083.11</ele>
   </trkpt>
   <trkpt lat="47.326170000000005" lon="10.532630000000001">
    <ele>1081.9500000000003</ele>
   </trkpt>
   <trkpt lat="47.326640000000005" lon="10.53354">
    <ele>1068.5800000000002</ele>
   </trkpt>
   <trkpt lat="47.32687000000001" lon="10.533880000000002">
    <ele>1064.23</ele>
   </trkpt>
   <trkpt lat="47.32739" lon="10.534460000000001">
    <ele>1055.19</ele>
   </trkpt>
   <trkpt lat="47.327770000806126" lon="10.534849997342691">
    <ele>1052.7000000000003</ele>
   </trkpt>
   <trkpt lat="47.32815" lon="10.535240000000002">
    <ele>1044.5</ele>
   </trkpt>
   <trkpt lat="47.3286450024428" lon="10.535984993061742">
    <ele>1035.3600000000001</ele>
   </trkpt>
   <trkpt lat="47.32914" lon="10.53673">
    <ele>1026.99</ele>
   </trkpt>
   <trkpt lat="47.3296150025725" lon="10.537484993358577">
    <ele>1016.3300000000002</ele>
   </trkpt>
   <trkpt lat="47.330090000000006" lon="10.53824">
    <ele>1010.37</ele>
   </trkpt>
   <trkpt lat="47.33059" lon="10.53917">
    <ele>1000.7700000000001</ele>
   </trkpt>
   <trkpt lat="47.33104" lon="10.539840000000002">
    <ele>994.69</ele>
   </trkpt>
   <trkpt lat="47.331140000000005" lon="10.539860000000001">
    <ele>994.0300000000001</ele>
   </trkpt>
   <trkpt lat="47.33119000000001" lon="10.539810000000001">
    <ele>994.0300000000001</ele>
   </trkpt>
   <trkpt lat="47.3312" lon="10.53968">
    <ele>992.7300000000001</ele>
   </trkpt>
   <trkpt lat="47.33117000000001" lon="10.53959">
    <ele>992.7300000000001</ele>
   </trkpt>
   <trkpt lat="47.33106" lon="10.53946">
    <ele>991.3100000000001</ele>
   </trkpt>
   <trkpt lat="47.33093" lon="10.53927">
    <ele>990.11</ele>
   </trkpt>
   <trkpt lat="47.330760000000005" lon="10.53885">
    <ele>985.86</ele>
   </trkpt>
   <trkpt lat="47.33070000000001" lon="10.53866">
    <ele>985.86</ele>
   </trkpt>
   <trkpt lat="47.330650000000006" lon="10.538390000000001">
    <ele>984.01</ele>
   </trkpt>
   <trkpt lat="47.330650000000006" lon="10.53805">
    <ele>982.5300000000001</ele>
   </trkpt>
   <trkpt lat="47.330690000000004" lon="10.537870000000002">
    <ele>981.62</ele>
   </trkpt>
   <trkpt lat="47.330760000000005" lon="10.53763">
    <ele>981.07</ele>
   </trkpt>
   <trkpt lat="47.33103000231336" lon="10.536895003855618">
    <ele>980.69</ele>
   </trkpt>
   <trkpt lat="47.331300000000006" lon="10.53616">
    <ele>979.49</ele>
   </trkpt>
   <trkpt lat="47.330574008049815" lon="10.53547996261626">
    <ele>980.46</ele>
   </trkpt>
   <trkpt lat="47.329848012077434" lon="10.534799943928018">
    <ele>982.7600000000001</ele>
   </trkpt>
   <trkpt lat="47.32912201208308" lon="10.534119943934394">
    <ele>986.4200000000001</ele>
   </trkpt>
   <trkpt lat="47.32839600806697" lon="10.5334399626345">
    <ele>992.62</ele>
   </trkpt>
   <trkpt lat="47.327670000000005" lon="10.532760000000001">
    <ele>998.75</ele>
   </trkpt>
   <trkpt lat="47.32721" lon="10.532190000000002">
    <ele>1001.2700000000001</ele>
   </trkpt>
   <trkpt lat="47.326750000000004" lon="10.53139">
    <ele>1002.8700000000001</ele>
   </trkpt>
   <trkpt lat="47.326530000000005" lon="10.53091">
    <ele>1003.2</ele>
   </trkpt>
   <trkpt lat="47.32631000000001" lon="10.530320000000001">
    <ele>1003.3700000000001</ele>
   </trkpt>
   <trkpt lat="47.32608500266028" lon="10.529534996587689">
    <ele>1002.4900000000001</ele>
   </trkpt>
   <trkpt lat="47.325860000000006" lon="10.52875">
    <ele>1001.25</ele>
   </trkpt>
   <trkpt lat="47.325700000000005" lon="10.52828">
    <ele>999.3400000000001</ele>
   </trkpt>
   <trkpt lat="47.325520000000004" lon="10.52787">
    <ele>999.3400000000001</ele>
   </trkpt>
   <trkpt lat="47.325140005121376" lon="10.52710332232111">
    <ele>997.1200000000001</ele>
   </trkpt>
   <trkpt lat="47.32476000513023" lon="10.526336655672461">
    <ele>994.19</ele>
   </trkpt>
   <trkpt lat="47.324380000000005" lon="10.52557">
    <ele>991.94</ele>
   </trkpt>
   <trkpt lat="47.324220000000004" lon="10.52533">
    <ele>991.0300000000001</ele>
   </trkpt>
   <trkpt lat="47.324020000000004" lon="10.525070000000001">
    <ele>989.99</ele>
   </trkpt>
   <trkpt lat="47.32387000000001" lon="10.52491">
    <ele>989.1500000000001</ele>
   </trkpt>
   <trkpt lat="47.32345000071186" lon="10.524529997054726">
    <ele>987.86</ele>
   </trkpt>
   <trkpt lat="47.32303" lon="10.52415">
    <ele>986.95</ele>
   </trkpt>
   <trkpt lat="47.32282000000001" lon="10.52388">
    <ele>986.71</ele>
   </trkpt>
   <trkpt lat="47.322700000000005" lon="10.52369">
    <ele>986.7300000000001</ele>
   </trkpt>
   <trkpt lat="47.322540000000004" lon="10.523390000000001">
    <ele>986.95</ele>
   </trkpt>
   <trkpt lat="47.3224" lon="10.52307">
    <ele>987.5800000000002</ele>
   </trkpt>
   <trkpt lat="47.32226000000001" lon="10.52265">
    <ele>988.23</ele>
   </trkpt>
   <trkpt lat="47.32211" lon="10.52209">
    <ele>989.6300000000001</ele>
   </trkpt>
   <trkpt lat="47.32202" lon="10.521830000000001">
    <ele>989.6300000000001</ele>
   </trkpt>
   <trkpt lat="47.32182" lon="10.521370000000001">
    <ele>992.96</ele>
   </trkpt>
   <trkpt lat="47.321580000000004" lon="10.52096">
    <ele>994.1200000000001</ele>
   </trkpt>
   <trkpt lat="47.321490000000004" lon="10.520840000000002">
    <ele>994.4600000000002</ele>
   </trkpt>
   <trkpt lat="47.32098333701025" lon="10.520193320980677">
    <ele>995.8800000000001</ele>
   </trkpt>
   <trkpt lat="47.320476670383115" lon="10.519546654364644">
    <ele>996.5</ele>
   </trkpt>
   <trkpt lat="47.319970000000005" lon="10.5189">
    <ele>997.2</ele>
   </trkpt>
   <trkpt lat="47.31962000169252" lon="10.518274995848428">
    <ele>997.96</ele>
   </trkpt>
   <trkpt lat="47.31927" lon="10.517650000000001">
    <ele>998.4200000000001</ele>
   </trkpt>
   <trkpt lat="47.31909" lon="10.517290000000001">
    <ele>998.75</ele>
   </trkpt>
   <trkpt lat="47.318780000000004" lon="10.51659">
    <ele>998.9700000000001</ele>
   </trkpt>
   <trkpt lat="47.318560000000005" lon="10.516020000000001">
    <ele>999.2900000000001</ele>
   </trkpt>
   <trkpt lat="47.31831000244192" lon="10.515274996558707">
    <ele>999.6</ele>
   </trkpt>
   <trkpt lat="47.31806" lon="10.51453">
    <ele>999.84</ele>
   </trkpt>
   <trkpt lat="47.31785000000001" lon="10.514130000000002">
    <ele>1000.2300000000001</ele>
   </trkpt>
   <trkpt lat="47.317550000000004" lon="10.513720000000001">
    <ele>1000.3000000000002</ele>
   </trkpt>
   <trkpt lat="47.31734" lon="10.513480000000001">
    <ele>1000.61</ele>
   </trkpt>
   <trkpt lat="47.31703" lon="10.513190000000002">
    <ele>1000.9000000000001</ele>
   </trkpt>
   <trkpt lat="47.316790000000005" lon="10.51294">
    <ele>1001.1600000000001</ele>
   </trkpt>
   <trkpt lat="47.316570000000006" lon="10.51266">
    <ele>1001.2800000000002</ele>
   </trkpt>
   <trkpt lat="47.31613500207064" lon="10.511979994495292">
    <ele>1001.5</ele>
   </trkpt>
   <trkpt lat="47.31570000000001" lon="10.5113">
    <ele>1001.49</ele>
   </trkpt>
   <trkpt lat="47.315540000000006" lon="10.51101">
    <ele>1001.05</ele>
   </trkpt>
   <trkpt lat="47.315340000000006" lon="10.510580000000001">
    <ele>1000.54</ele>
   </trkpt>
   <trkpt lat="47.31514000000001" lon="10.51003">
    <ele>999.77</ele>
   </trkpt>
   <trkpt lat="47.31505000000001" lon="10.509830000000001">
    <ele>998.92</ele>
   </trkpt>
   <trkpt lat="47.31492" lon="10.5096">
    <ele>998.92</ele>
   </trkpt>
   <trkpt lat="47.31443" lon="10.5089">
    <ele>997.71</ele>
   </trkpt>
   <trkpt lat="47.314220000000006" lon="10.508420000000001">
    <ele>997.5100000000001</ele>
   </trkpt>
   <trkpt lat="47.31411000000001" lon="10.50805">
    <ele>997.62</ele>
   </trkpt>
   <trkpt lat="47.313880000000005" lon="10.506870000000001">
    <ele>997.9300000000001</ele>
   </trkpt>
   <trkpt lat="47.3138" lon="10.50661">
    <ele>997.9300000000001</ele>
   </trkpt>
   <trkpt lat="47.31371" lon="10.506340000000002">
    <ele>997.9300000000001</ele>
   </trkpt>
   <trkpt lat="47.313190000000006" lon="10.505270000000001">
    <ele>998.3100000000001</ele>
   </trkpt>
   <trkpt lat="47.313050000000004" lon="10.50492">
    <ele>998.3900000000001</ele>
   </trkpt>
   <trkpt lat="47.31288000000001" lon="10.504380000000001">
    <ele>998.7900000000001</ele>
   </trkpt>
   <trkpt lat="47.31255" lon="10.50318">
    <ele>1002.59</ele>
   </trkpt>
   <trkpt lat="47.312340000000006" lon="10.502540000000002">
    <ele>1003.98</ele>
   </trkpt>
   <trkpt lat="47.31214000000001" lon="10.50211">
    <ele>1005.29</ele>
   </trkpt>
   <trkpt lat="47.31177" lon="10.501460000000002">
    <ele>1006.1900000000002</ele>
   </trkpt>
   <trkpt lat="47.31163" lon="10.501180000000002">
    <ele>1006.6700000000002</ele>
   </trkpt>
   <trkpt lat="47.31119" lon="10.50036">
    <ele>1007.0600000000001</ele>
   </trkpt>
   <trkpt lat="47.31100000000001" lon="10.49995">
    <ele>1007.2700000000001</ele>
   </trkpt>
   <trkpt lat="47.31085" lon="10.49957">
    <ele>1007.29</ele>
   </trkpt>
   <trkpt lat="47.31072" lon="10.499070000000001">
    <ele>1007.4500000000002</ele>
   </trkpt>
   <trkpt lat="47.3106" lon="10.498180000000001">
    <ele>1008.45</ele>
   </trkpt>
   <trkpt lat="47.3105400072957" lon="10.49688499857516">
    <ele>1011.0700000000002</ele>
   </trkpt>
   <trkpt lat="47.310480000000005" lon="10.49559">
    <ele>1011.42</ele>
   </trkpt>
   <trkpt lat="47.31044000000001" lon="10.495370000000001">
    <ele>1010.7600000000001</ele>
   </trkpt>
   <trkpt lat="47.31018" lon="10.49445">
    <ele>1008.11</ele>
   </trkpt>
   <trkpt lat="47.30998" lon="10.49323">
    <ele>1006.32</ele>
   </trkpt>
   <trkpt lat="47.30995" lon="10.49313">
    <ele>1006.32</ele>
   </trkpt>
   <trkpt lat="47.30969" lon="10.49261">
    <ele>1005.49</ele>
   </trkpt>
   <trkpt lat="47.3096" lon="10.4923">
    <ele>1005.1100000000001</ele>
   </trkpt>
   <trkpt lat="47.30955" lon="10.49206">
    <ele>1004.95</ele>
   </trkpt>
   <trkpt lat="47.309450000000005" lon="10.49112">
    <ele>1004.27</ele>
   </trkpt>
   <trkpt lat="47.30932000000001" lon="10.4908">
    <ele>1004.2600000000001</ele>
   </trkpt>
   <trkpt lat="47.30921000000001" lon="10.490620000000002">
    <ele>1004.2600000000001</ele>
   </trkpt>
   <trkpt lat="47.30908" lon="10.49046">
    <ele>1004.38</ele>
   </trkpt>
   <trkpt lat="47.308780000000006" lon="10.49017">
    <ele>1004.7099999999999</ele>
   </trkpt>
   <trkpt lat="47.30863" lon="10.489920000000001">
    <ele>1004.7099999999999</ele>
   </trkpt>
   <trkpt lat="47.30843" lon="10.489640000000001">
    <ele>1005.4300000000001</ele>
   </trkpt>
   <trkpt lat="47.308130000000006" lon="10.48934">
    <ele>1005.4300000000001</ele>
   </trkpt>
   <trkpt lat="47.307430001669175" lon="10.488709991605464">
    <ele>1005.9100000000001</ele>
   </trkpt>
   <trkpt lat="47.30673" lon="10.48808">
    <ele>1006.69</ele>
   </trkpt>
   <trkpt lat="47.306490000000004" lon="10.487810000000001">
    <ele>1006.82</ele>
   </trkpt>
   <trkpt lat="47.30622" lon="10.48746">
    <ele>1007.02</ele>
   </trkpt>
   <trkpt lat="47.30583000000001" lon="10.48686">
    <ele>1007.26</ele>
   </trkpt>
   <trkpt lat="47.305620000000005" lon="10.48658">
    <ele>1007.3199999999999</ele>
   </trkpt>
   <trkpt lat="47.30523" lon="10.48614">
    <ele>1007.6700000000001</ele>
   </trkpt>
   <trkpt lat="47.304520000000004" lon="10.4855">
    <ele>1008.4699999999999</ele>
   </trkpt>
   <trkpt lat="47.304050000000004" lon="10.485140000000001">
    <ele>1009.02</ele>
   </trkpt>
   <trkpt lat="47.303580000000004" lon="10.48483">
    <ele>1009.3500000000001</ele>
   </trkpt>
   <trkpt lat="47.303230000000006" lon="10.484480000000001">
    <ele>1009.6700000000001</ele>
   </trkpt>
   <trkpt lat="47.30295" lon="10.48412">
    <ele>1009.7200000000001</ele>
   </trkpt>
   <trkpt lat="47.30248" lon="10.48337">
    <ele>1010.3600000000001</ele>
   </trkpt>
   <trkpt lat="47.30179000274289" lon="10.482584989826034">
    <ele>1011.3800000000001</ele>
   </trkpt>
   <trkpt lat="47.301100000000005" lon="10.481800000000002">
    <ele>1012.2300000000001</ele>
   </trkpt>
   <trkpt lat="47.30071" lon="10.48132">
    <ele>1013.05</ele>
   </trkpt>
   <trkpt lat="47.30053" lon="10.481050000000002">
    <ele>1013.3199999999999</ele>
   </trkpt>
   <trkpt lat="47.300380000000004" lon="10.48085">
    <ele>1013.5899999999999</ele>
   </trkpt>
   <trkpt lat="47.29993" lon="10.48046">
    <ele>1013.7900000000002</ele>
   </trkpt>
   <trkpt lat="47.29972" lon="10.48024">
    <ele>1013.8500000000001</ele>
   </trkpt>
   <trkpt lat="47.29952" lon="10.47995">
    <ele>1014.0100000000001</ele>
   </trkpt>
   <trkpt lat="47.29934" lon="10.479560000000001">
    <ele>1014.17</ele>
   </trkpt>
   <trkpt lat="47.29909000000001" lon="10.47873">
    <ele>1014.3600000000001</ele>
   </trkpt>
   <trkpt lat="47.2989150020369" lon="10.478039997583013">
    <ele>1014.4399999999999</ele>
   </trkpt>
   <trkpt lat="47.29874" lon="10.477350000000001">
    <ele>1014.5500000000001</ele>
   </trkpt>
   <trkpt lat="47.29863" lon="10.476750000000001">
    <ele>1014.62</ele>
   </trkpt>
   <trkpt lat="47.29858" lon="10.47638">
    <ele>1014.69</ele>
   </trkpt>
   <trkpt lat="47.29851000000001" lon="10.475570000000001">
    <ele>1015.1000000000001</ele>
   </trkpt>
   <trkpt lat="47.29849" lon="10.474770000000001">
    <ele>1015.6899999999999</ele>
   </trkpt>
   <trkpt lat="47.29851602197897" lon="10.47364600221688">
    <ele>1016.41</ele>
   </trkpt>
   <trkpt lat="47.298542032968435" lon="10.472522003327633">
    <ele>1017.0700000000002</ele>
   </trkpt>
   <trkpt lat="47.298568032968326" lon="10.471398003332729">
    <ele>1017.52</ele>
   </trkpt>
   <trkpt lat="47.29859402197864" lon="10.470274002232628">
    <ele>1018.11</ele>
   </trkpt>
   <trkpt lat="47.29862000000001" lon="10.46915">
    <ele>1018.8700000000001</ele>
   </trkpt>
   <trkpt lat="47.298633342984694" lon="10.468096667182797">
    <ele>1019.6200000000001</ele>
   </trkpt>
   <trkpt lat="47.29864667631823" lon="10.467043333834152">
    <ele>1019.8000000000001</ele>
   </trkpt>
   <trkpt lat="47.298660000000005" lon="10.465990000000001">
    <ele>1020.7600000000001</ele>
   </trkpt>
   <trkpt lat="47.298640000000006" lon="10.465530000000001">
    <ele>1021.09</ele>
   </trkpt>
   <trkpt lat="47.29852" lon="10.4646">
    <ele>1021.2800000000002</ele>
   </trkpt>
   <trkpt lat="47.29843" lon="10.46418">
    <ele>1021.62</ele>
   </trkpt>
   <trkpt lat="47.298120005921874" lon="10.463014993240705">
    <ele>1022.5600000000001</ele>
   </trkpt>
   <trkpt lat="47.297810000000005" lon="10.46185">
    <ele>1023.5500000000002</ele>
   </trkpt>
   <trkpt lat="47.29759336101846" lon="10.460721643542314">
    <ele>1024.31</ele>
   </trkpt>
   <trkpt lat="47.29737671096206" lon="10.45959329633093">
    <ele>1024.52</ele>
   </trkpt>
   <trkpt lat="47.29716004983098" lon="10.458464958366168">
    <ele>1024.92</ele>
   </trkpt>
   <trkpt lat="47.296943377625375" lon="10.457336629648362">
    <ele>1025.08</ele>
   </trkpt>
   <trkpt lat="47.29672669434545" lon="10.456208310177832">
    <ele>1025.29</ele>
   </trkpt>
   <trkpt lat="47.296510000000005" lon="10.45508">
    <ele>1025.62</ele>
   </trkpt>
   <trkpt lat="47.296440000000004" lon="10.454740000000001">
    <ele>1025.4500000000003</ele>
   </trkpt>
   <trkpt lat="47.29627000000001" lon="10.454130000000001">
    <ele>1025.52</ele>
   </trkpt>
   <trkpt lat="47.29603" lon="10.45362">
    <ele>1026.3500000000001</ele>
   </trkpt>
   <trkpt lat="47.29589000000001" lon="10.453380000000001">
    <ele>1026.63</ele>
   </trkpt>
   <trkpt lat="47.295640000000006" lon="10.453050000000001">
    <ele>1028.1200000000001</ele>
   </trkpt>
   <trkpt lat="47.29522" lon="10.45255">
    <ele>1029.3700000000001</ele>
   </trkpt>
   <trkpt lat="47.29504000000001" lon="10.452290000000001">
    <ele>1030.01</ele>
   </trkpt>
   <trkpt lat="47.294850000000004" lon="10.451920000000001">
    <ele>1030.1299999999999</ele>
   </trkpt>
   <trkpt lat="47.294740000000004" lon="10.45167">
    <ele>1029.97</ele>
   </trkpt>
   <trkpt lat="47.29464" lon="10.451360000000001">
    <ele>1029.8</ele>
   </trkpt>
   <trkpt lat="47.294560000000004" lon="10.45106">
    <ele>1029.3100000000002</ele>
   </trkpt>
   <trkpt lat="47.29449" lon="10.45063">
    <ele>1029.0000000000002</ele>
   </trkpt>
   <trkpt lat="47.29446" lon="10.45029">
    <ele>1028.6699999999998</ele>
   </trkpt>
   <trkpt lat="47.29444" lon="10.44965">
    <ele>1028.0200000000002</ele>
   </trkpt>
   <trkpt lat="47.29445500461454" lon="10.448620000269022">
    <ele>1028.6699999999998</ele>
   </trkpt>
   <trkpt lat="47.294470000000004" lon="10.447590000000002">
    <ele>1029.47</ele>
   </trkpt>
   <trkpt lat="47.294450000000005" lon="10.44707">
    <ele>1029.97</ele>
   </trkpt>
   <trkpt lat="47.29437" lon="10.446150000000001">
    <ele>1031.18</ele>
   </trkpt>
   <trkpt lat="47.294270000000004" lon="10.44536">
    <ele>1031.92</ele>
   </trkpt>
   <trkpt lat="47.29412000000001" lon="10.44448">
    <ele>1032.51</ele>
   </trkpt>
   <trkpt lat="47.293980000000005" lon="10.443810000000001">
    <ele>1033.18</ele>
   </trkpt>
   <trkpt lat="47.29377" lon="10.44298">
    <ele>1033.7</ele>
   </trkpt>
   <trkpt lat="47.29348" lon="10.44208">
    <ele>1034.78</ele>
   </trkpt>
   <trkpt lat="47.29309000000001" lon="10.44105">
    <ele>1035.3600000000001</ele>
   </trkpt>
   <trkpt lat="47.29282000179545" lon="10.440404996673502">
    <ele>1036.3300000000002</ele>
   </trkpt>
   <trkpt lat="47.292550000000006" lon="10.439760000000001">
    <ele>1037.28</ele>
   </trkpt>
   <trkpt lat="47.292080000000006" lon="10.438730000000001">
    <ele>1038.99</ele>
   </trkpt>
   <trkpt lat="47.291740000000004" lon="10.438030000000001">
    <ele>1041.0400000000002</ele>
   </trkpt>
   <trkpt lat="47.291410000000006" lon="10.437410000000002">
    <ele>1042.96</ele>
   </trkpt>
   <trkpt lat="47.2910150021101" lon="10.436704994642401">
    <ele>1049.35</ele>
   </trkpt>
   <trkpt lat="47.290620000000004" lon="10.436000000000002">
    <ele>1051.7</ele>
   </trkpt>
   <trkpt lat="47.29008" lon="10.435110000000002">
    <ele>1057.8100000000002</ele>
   </trkpt>
   <trkpt lat="47.289663336893085" lon="10.434469989911205">
    <ele>1059.29</ele>
   </trkpt>
   <trkpt lat="47.28924667022311" lon="10.433829989906233">
    <ele>1062.3100000000002</ele>
   </trkpt>
   <trkpt lat="47.288830000000004" lon="10.433190000000002">
    <ele>1063.99</ele>
   </trkpt>
   <trkpt lat="47.28866000000001" lon="10.432910000000001">
    <ele>1064.2800000000002</ele>
   </trkpt>
   <trkpt lat="47.28842" lon="10.43243">
    <ele>1064.45</ele>
   </trkpt>
   <trkpt lat="47.28821000000001" lon="10.431970000000002">
    <ele>1065.11</ele>
   </trkpt>
   <trkpt lat="47.28792500200537" lon="10.43128999632221">
    <ele>1065.5800000000002</ele>
   </trkpt>
   <trkpt lat="47.28764" lon="10.430610000000001">
    <ele>1065.93</ele>
   </trkpt>
   <trkpt lat="47.28734" lon="10.43004">
    <ele>1065.43</ele>
   </trkpt>
   <trkpt lat="47.2871" lon="10.429670000000002">
    <ele>1064.17</ele>
   </trkpt>
   <trkpt lat="47.28699" lon="10.429400000000001">
    <ele>1062.99</ele>
   </trkpt>
   <trkpt lat="47.28687" lon="10.42918">
    <ele>1062.99</ele>
   </trkpt>
   <trkpt lat="47.2865400008481" lon="10.42868999665172">
    <ele>1060.17</ele>
   </trkpt>
   <trkpt lat="47.286210000000004" lon="10.4282">
    <ele>1059.3799999999999</ele>
   </trkpt>
   <trkpt lat="47.28564001181618" lon="10.427375964489013">
    <ele>1054.74</ele>
   </trkpt>
   <trkpt lat="47.285070017725616" lon="10.4265519467364">
    <ele>1052.0200000000002</ele>
   </trkpt>
   <trkpt lat="47.2845000177286" lon="10.425727946741608">
    <ele>1047.97</ele>
   </trkpt>
   <trkpt lat="47.28393001182533" lon="10.424903964504086">
    <ele>1045.08</ele>
   </trkpt>
   <trkpt lat="47.28336" lon="10.42408">
    <ele>1044.66</ele>
   </trkpt>
   <trkpt lat="47.28286000000001" lon="10.42326">
    <ele>1045.39</ele>
   </trkpt>
   <trkpt lat="47.282540000000004" lon="10.42256">
    <ele>1045.39</ele>
   </trkpt>
   <trkpt lat="47.28228000000001" lon="10.421850000000001">
    <ele>1046.2900000000002</ele>
   </trkpt>
   <trkpt lat="47.28211" lon="10.421230000000001">
    <ele>1046.6100000000001</ele>
   </trkpt>
   <trkpt lat="47.28193" lon="10.4204">
    <ele>1047.67</ele>
   </trkpt>
   <trkpt lat="47.28179" lon="10.41947">
    <ele>1047.94</ele>
   </trkpt>
   <trkpt lat="47.28163000000001" lon="10.418330000000001">
    <ele>1047.92</ele>
   </trkpt>
   <trkpt lat="47.2815" lon="10.41749">
    <ele>1048.07</ele>
   </trkpt>
   <trkpt lat="47.281290000000006" lon="10.416640000000001">
    <ele>1048.1599999999999</ele>
   </trkpt>
   <trkpt lat="47.28117" lon="10.41623">
    <ele>1048.18</ele>
   </trkpt>
   <trkpt lat="47.28094" lon="10.415650000000001">
    <ele>1048.5900000000001</ele>
   </trkpt>
   <trkpt lat="47.28046667701974" lon="10.414559980537557">
    <ele>1049.11</ele>
   </trkpt>
   <trkpt lat="47.27999334370398" lon="10.413469980578403">
    <ele>1050.27</ele>
   </trkpt>
   <trkpt lat="47.279520000000005" lon="10.41238">
    <ele>1050.8500000000001</ele>
   </trkpt>
   <trkpt lat="47.27917" lon="10.411700000000002">
    <ele>1051.41</ele>
   </trkpt>
   <trkpt lat="47.27859" lon="10.41092">
    <ele>1052.21</ele>
   </trkpt>
   <trkpt lat="47.278150000000004" lon="10.410400000000001">
    <ele>1052.6100000000001</ele>
   </trkpt>
   <trkpt lat="47.277910000000006" lon="10.41008">
    <ele>1052.98</ele>
   </trkpt>
   <trkpt lat="47.277300000000004" lon="10.409120000000001">
    <ele>1053.45</ele>
   </trkpt>
   <trkpt lat="47.276970000000006" lon="10.40868">
    <ele>1053.77</ele>
   </trkpt>
   <trkpt lat="47.276770000000006" lon="10.40845">
    <ele>1054.0500000000002</ele>
   </trkpt>
   <trkpt lat="47.27613000178102" lon="10.407814992346744">
    <ele>1054.4600000000003</ele>
   </trkpt>
   <trkpt lat="47.275490000000005" lon="10.40718">
    <ele>1054.93</ele>
   </trkpt>
   <trkpt lat="47.27492666988684" lon="10.406576653878483">
    <ele>1055.22</ele>
   </trkpt>
   <trkpt lat="47.27436333660699" lon="10.405973320602644">
    <ele>1056.0500000000002</ele>
   </trkpt>
   <trkpt lat="47.2738" lon="10.405370000000001">
    <ele>1056.54</ele>
   </trkpt>
   <trkpt lat="47.273520000000005" lon="10.40502">
    <ele>1056.67</ele>
   </trkpt>
   <trkpt lat="47.273140000000005" lon="10.404330000000002">
    <ele>1057.04</ele>
   </trkpt>
   <trkpt lat="47.27304" lon="10.404190000000002">
    <ele>1057.29</ele>
   </trkpt>
   <trkpt lat="47.27291" lon="10.404050000000002">
    <ele>1057.6000000000001</ele>
   </trkpt>
   <trkpt lat="47.27275" lon="10.40394">
    <ele>1058.0</ele>
   </trkpt>
   <trkpt lat="47.272600000000004" lon="10.40389">
    <ele>1058.15</ele>
   </trkpt>
   <trkpt lat="47.272450000000006" lon="10.403880000000001">
    <ele>1058.4600000000003</ele>
   </trkpt>
   <trkpt lat="47.27217" lon="10.40394">
    <ele>1058.78</ele>
   </trkpt>
   <trkpt lat="47.271950000000004" lon="10.403970000000001">
    <ele>1059.2700000000002</ele>
   </trkpt>
   <trkpt lat="47.271710000000006" lon="10.40395">
    <ele>1059.93</ele>
   </trkpt>
   <trkpt lat="47.27154" lon="10.403920000000001">
    <ele>1059.93</ele>
   </trkpt>
   <trkpt lat="47.27149000000001" lon="10.403870000000001">
    <ele>1059.96</ele>
   </trkpt>
   <trkpt lat="47.27093000000001" lon="10.403770000000002">
    <ele>1059.0300000000002</ele>
   </trkpt>
   <trkpt lat="47.27085" lon="10.40379">
    <ele>1059.0300000000002</ele>
   </trkpt>
   <trkpt lat="47.27017000000001" lon="10.40367">
    <ele>1059.19</ele>
   </trkpt>
   <trkpt lat="47.270030000000006" lon="10.40361">
    <ele>1059.19</ele>
   </trkpt>
   <trkpt lat="47.269850000000005" lon="10.403500000000001">
    <ele>1060.18</ele>
   </trkpt>
   <trkpt lat="47.26975" lon="10.403410000000001">
    <ele>1060.18</ele>
   </trkpt>
   <trkpt lat="47.26943000000001" lon="10.402940000000001">
    <ele>1060.95</ele>
   </trkpt>
   <trkpt lat="47.268890000000006" lon="10.402410000000001">
    <ele>1061.43</ele>
   </trkpt>
   <trkpt lat="47.26879" lon="10.40234">
    <ele>1061.43</ele>
   </trkpt>
   <trkpt lat="47.26847" lon="10.4022">
    <ele>1061.3300000000002</ele>
   </trkpt>
   <trkpt lat="47.26834" lon="10.4021">
    <ele>1061.3700000000001</ele>
   </trkpt>
   <trkpt lat="47.26803" lon="10.40163">
    <ele>1062.6</ele>
   </trkpt>
   <trkpt lat="47.26787" lon="10.40145">
    <ele>1064.17</ele>
   </trkpt>
   <trkpt lat="47.26731" lon="10.401090000000002">
    <ele>1065.5</ele>
   </trkpt>
   <trkpt lat="47.26713" lon="10.40093">
    <ele>1065.95</ele>
   </trkpt>
   <trkpt lat="47.26686" lon="10.4006">
    <ele>1066.0200000000002</ele>
   </trkpt>
   <trkpt lat="47.266650000000006" lon="10.400400000000001">
    <ele>1065.8100000000002</ele>
   </trkpt>
   <trkpt lat="47.26637" lon="10.400210000000001">
    <ele>1065.02</ele>
   </trkpt>
   <trkpt lat="47.26585" lon="10.399970000000001">
    <ele>1064.3600000000001</ele>
   </trkpt>
   <trkpt lat="47.265570000000004" lon="10.3998">
    <ele>1064.63</ele>
   </trkpt>
   <trkpt lat="47.265240000000006" lon="10.39949">
    <ele>1064.94</ele>
   </trkpt>
   <trkpt lat="47.26509" lon="10.3993">
    <ele>1064.94</ele>
   </trkpt>
   <trkpt lat="47.26489" lon="10.398990000000001">
    <ele>1065.25</ele>
   </trkpt>
   <trkpt lat="47.26451" lon="10.39821">
    <ele>1065.49</ele>
   </trkpt>
   <trkpt lat="47.264390000000006" lon="10.397900000000002">
    <ele>1065.72</ele>
   </trkpt>
   <trkpt lat="47.26417000000001" lon="10.39713">
    <ele>1065.98</ele>
   </trkpt>
   <trkpt lat="47.264070000000004" lon="10.396880000000001">
    <ele>1066.0</ele>
   </trkpt>
   <trkpt lat="47.26388" lon="10.396540000000002">
    <ele>1066.17</ele>
   </trkpt>
   <trkpt lat="47.263690000000004" lon="10.39629">
    <ele>1066.3500000000001</ele>
   </trkpt>
   <trkpt lat="47.26315" lon="10.39581">
    <ele>1066.42</ele>
   </trkpt>
   <trkpt lat="47.26287000000001" lon="10.395430000000001">
    <ele>1066.7900000000002</ele>
   </trkpt>
   <trkpt lat="47.262640000000005" lon="10.39492">
    <ele>1067.32</ele>
   </trkpt>
   <trkpt lat="47.26254" lon="10.39446">
    <ele>1068.0500000000002</ele>
   </trkpt>
   <trkpt lat="47.26247" lon="10.393920000000001">
    <ele>1068.2500000000002</ele>
   </trkpt>
   <trkpt lat="47.262370000000004" lon="10.393490000000002">
    <ele>1068.09</ele>
   </trkpt>
   <trkpt lat="47.26203" lon="10.392610000000001">
    <ele>1067.88</ele>
   </trkpt>
   <trkpt lat="47.26193000000001" lon="10.39203">
    <ele>1067.79</ele>
   </trkpt>
   <trkpt lat="47.261810000000004" lon="10.391490000000001">
    <ele>1067.83</ele>
   </trkpt>
   <trkpt lat="47.26169" lon="10.39104">
    <ele>1068.09</ele>
   </trkpt>
   <trkpt lat="47.261610000000005" lon="10.39084">
    <ele>1068.27</ele>
   </trkpt>
   <trkpt lat="47.26137000000001" lon="10.390500000000001">
    <ele>1068.81</ele>
   </trkpt>
   <trkpt lat="47.26127" lon="10.39024">
    <ele>1069.22</ele>
   </trkpt>
   <trkpt lat="47.261050000000004" lon="10.38944">
    <ele>1069.91</ele>
   </trkpt>
   <trkpt lat="47.26095" lon="10.38888">
    <ele>1070.92</ele>
   </trkpt>
   <trkpt lat="47.26098667361132" lon="10.387986667853264">
    <ele>1073.5100000000002</ele>
   </trkpt>
   <trkpt lat="47.26102334028008" lon="10.387093334469029">
    <ele>1073.5</ele>
   </trkpt>
   <trkpt lat="47.26106" lon="10.3862">
    <ele>1072.2200000000003</ele>
   </trkpt>
   <trkpt lat="47.261100000000006" lon="10.38591">
    <ele>1071.5100000000002</ele>
   </trkpt>
   <trkpt lat="47.261320000000005" lon="10.38518">
    <ele>1070.8600000000001</ele>
   </trkpt>
   <trkpt lat="47.26136" lon="10.38498">
    <ele>1070.8300000000002</ele>
   </trkpt>
   <trkpt lat="47.26136" lon="10.38474">
    <ele>1070.67</ele>
   </trkpt>
   <trkpt lat="47.26122000324225" lon="10.383874997636386">
    <ele>1070.77</ele>
   </trkpt>
   <trkpt lat="47.26108000000001" lon="10.38301">
    <ele>1070.96</ele>
   </trkpt>
   <trkpt lat="47.260960000000004" lon="10.382510000000002">
    <ele>1071.1200000000001</ele>
   </trkpt>
   <trkpt lat="47.26064" lon="10.381530000000001">
    <ele>1071.5100000000002</ele>
   </trkpt>
   <trkpt lat="47.26062" lon="10.381400000000001">
    <ele>1071.5100000000002</ele>
   </trkpt>
   <trkpt lat="47.260630000000006" lon="10.38123">
    <ele>1071.47</ele>
   </trkpt>
   <trkpt lat="47.26070000000001" lon="10.38105">
    <ele>1071.47</ele>
   </trkpt>
   <trkpt lat="47.26070000000001" lon="10.38096">
    <ele>1071.47</ele>
   </trkpt>
   <trkpt lat="47.26059" lon="10.3803">
    <ele>1071.66</ele>
   </trkpt>
   <trkpt lat="47.260580000000004" lon="10.38011">
    <ele>1071.66</ele>
   </trkpt>
   <trkpt lat="47.260670000000005" lon="10.379480000000001">
    <ele>1072.3500000000001</ele>
   </trkpt>
   <trkpt lat="47.26066" lon="10.37931">
    <ele>1072.51</ele>
   </trkpt>
   <trkpt lat="47.26044" lon="10.378440000000001">
    <ele>1073.17</ele>
   </trkpt>
   <trkpt lat="47.26035" lon="10.37795">
    <ele>1073.3300000000002</ele>
   </trkpt>
   <trkpt lat="47.26035" lon="10.377780000000001">
    <ele>1073.48</ele>
   </trkpt>
   <trkpt lat="47.260400000000004" lon="10.3772">
    <ele>1073.63</ele>
   </trkpt>
   <trkpt lat="47.260400000000004" lon="10.376930000000002">
    <ele>1073.63</ele>
   </trkpt>
   <trkpt lat="47.2603" lon="10.37649">
    <ele>1073.77</ele>
   </trkpt>
   <trkpt lat="47.25999" lon="10.375630000000001">
    <ele>1074.03</ele>
   </trkpt>
   <trkpt lat="47.25986" lon="10.37517">
    <ele>1074.2900000000002</ele>
   </trkpt>
   <trkpt lat="47.259640000000005" lon="10.3739">
    <ele>1075.13</ele>
   </trkpt>
   <trkpt lat="47.25956" lon="10.373280000000001">
    <ele>1075.79</ele>
   </trkpt>
   <trkpt lat="47.259550000000004" lon="10.37301">
    <ele>1076.2800000000002</ele>
   </trkpt>
   <trkpt lat="47.25956" lon="10.37278">
    <ele>1076.8</ele>
   </trkpt>
   <trkpt lat="47.25961" lon="10.372530000000001">
    <ele>1077.01</ele>
   </trkpt>
   <trkpt lat="47.2597" lon="10.372240000000001">
    <ele>1077.0900000000001</ele>
   </trkpt>
   <trkpt lat="47.25985000000001" lon="10.37199">
    <ele>1076.98</ele>
   </trkpt>
   <trkpt lat="47.26019" lon="10.37151">
    <ele>1076.3700000000001</ele>
   </trkpt>
   <trkpt lat="47.260360000000006" lon="10.37115">
    <ele>1076.06</ele>
   </trkpt>
   <trkpt lat="47.26057" lon="10.37026">
    <ele>1076.03</ele>
   </trkpt>
   <trkpt lat="47.260760000000005" lon="10.369660000000001">
    <ele>1076.3400000000001</ele>
   </trkpt>
   <trkpt lat="47.260850000000005" lon="10.369290000000001">
    <ele>1076.3400000000001</ele>
   </trkpt>
   <trkpt lat="47.261070000000004" lon="10.36813">
    <ele>1076.96</ele>
   </trkpt>
   <trkpt lat="47.26126000000001" lon="10.36738">
    <ele>1077.0700000000002</ele>
   </trkpt>
   <trkpt lat="47.26142" lon="10.36688">
    <ele>1077.71</ele>
   </trkpt>
   <trkpt lat="47.26165" lon="10.36627">
    <ele>1077.71</ele>
   </trkpt>
   <trkpt lat="47.26192500164878" lon="10.365665003017956">
    <ele>1077.62</ele>
   </trkpt>
   <trkpt lat="47.26220000000001" lon="10.365060000000001">
    <ele>1078.23</ele>
   </trkpt>
   <trkpt lat="47.262570000000004" lon="10.36401">
    <ele>1079.4099999999999</ele>
   </trkpt>
   <trkpt lat="47.262660000000004" lon="10.36369">
    <ele>1079.4099999999999</ele>
   </trkpt>
   <trkpt lat="47.262820000000005" lon="10.36303">
    <ele>1079.75</ele>
   </trkpt>
   <trkpt lat="47.262930000000004" lon="10.36219">
    <ele>1080.3100000000002</ele>
   </trkpt>
   <trkpt lat="47.262950000000004" lon="10.36166">
    <ele>1080.57</ele>
   </trkpt>
   <trkpt lat="47.26292" lon="10.36092">
    <ele>1080.8600000000001</ele>
   </trkpt>
   <trkpt lat="47.262890000000006" lon="10.360420000000001">
    <ele>1081.35</ele>
   </trkpt>
   <trkpt lat="47.262820000000005" lon="10.35993">
    <ele>1081.5</ele>
   </trkpt>
   <trkpt lat="47.26265" lon="10.35908">
    <ele>1081.8000000000002</ele>
   </trkpt>
   <trkpt lat="47.262440000000005" lon="10.358260000000001">
    <ele>1082.24</ele>
   </trkpt>
   <trkpt lat="47.26232" lon="10.357380000000001">
    <ele>1082.2800000000002</ele>
   </trkpt>
   <trkpt lat="47.26231000000001" lon="10.356800000000002">
    <ele>1082.3400000000001</ele>
   </trkpt>
   <trkpt lat="47.26233000540748" lon="10.355685000433452">
    <ele>1083.1399999999999</ele>
   </trkpt>
   <trkpt lat="47.262350000000005" lon="10.35457">
    <ele>1084.8600000000001</ele>
   </trkpt>
   <trkpt lat="47.26240000000001" lon="10.353710000000001">
    <ele>1085.88</ele>
   </trkpt>
   <trkpt lat="47.26240000000001" lon="10.35332">
    <ele>1086.3200000000002</ele>
   </trkpt>
   <trkpt lat="47.26234" lon="10.35247">
    <ele>1087.48</ele>
   </trkpt>
   <trkpt lat="47.26234" lon="10.351780000000002">
    <ele>1088.36</ele>
   </trkpt>
   <trkpt lat="47.26220000000001" lon="10.350980000000002">
    <ele>1090.18</ele>
   </trkpt>
   <trkpt lat="47.26208500448893" lon="10.349964997863427">
    <ele>1091.5700000000002</ele>
   </trkpt>
   <trkpt lat="47.261970000000005" lon="10.34895">
    <ele>1093.69</ele>
   </trkpt>
   <trkpt lat="47.26185500283312" lon="10.3481449983521">
    <ele>1096.96</ele>
   </trkpt>
   <trkpt lat="47.26174" lon="10.34734">
    <ele>1098.02</ele>
   </trkpt>
   <trkpt lat="47.2616" lon="10.346810000000001">
    <ele>1099.78</ele>
   </trkpt>
   <trkpt lat="47.261225004701465" lon="10.345764992462858">
    <ele>1103.0</ele>
   </trkpt>
   <trkpt lat="47.260850000000005" lon="10.34472">
    <ele>1104.65</ele>
   </trkpt>
   <trkpt lat="47.26073" lon="10.34429">
    <ele>1104.5500000000002</ele>
   </trkpt>
   <trkpt lat="47.260670000000005" lon="10.34421">
    <ele>1104.5500000000002</ele>
   </trkpt>
   <trkpt lat="47.260580000000004" lon="10.344130000000002">
    <ele>1103.8700000000001</ele>
   </trkpt>
   <trkpt lat="47.26052000000001" lon="10.344100000000001">
    <ele>1103.8700000000001</ele>
   </trkpt>
   <trkpt lat="47.26041000000001" lon="10.34411">
    <ele>1102.6</ele>
   </trkpt>
   <trkpt lat="47.26019" lon="10.34421">
    <ele>1102.15</ele>
   </trkpt>
   <trkpt lat="47.26012" lon="10.3442">
    <ele>1101.5600000000002</ele>
   </trkpt>
   <trkpt lat="47.26006" lon="10.34415">
    <ele>1101.5600000000002</ele>
   </trkpt>
   <trkpt lat="47.259890000000006" lon="10.343950000000001">
    <ele>1101.23</ele>
   </trkpt>
   <trkpt lat="47.25968" lon="10.34378">
    <ele>1100.8300000000002</ele>
   </trkpt>
   <trkpt lat="47.25961" lon="10.34368">
    <ele>1100.36</ele>
   </trkpt>
   <trkpt lat="47.25954" lon="10.343390000000001">
    <ele>1100.26</ele>
   </trkpt>
   <trkpt lat="47.259550000000004" lon="10.34322">
    <ele>1100.26</ele>
   </trkpt>
   <trkpt lat="47.25959" lon="10.343010000000001">
    <ele>1099.91</ele>
   </trkpt>
   <trkpt lat="47.25959" lon="10.34285">
    <ele>1099.91</ele>
   </trkpt>
   <trkpt lat="47.25954" lon="10.34262">
    <ele>1098.93</ele>
   </trkpt>
   <trkpt lat="47.25927500186725" lon="10.341969996819055">
    <ele>1097.9</ele>
   </trkpt>
   <trkpt lat="47.25901" lon="10.341320000000001">
    <ele>1096.16</ele>
   </trkpt>
   <trkpt lat="47.25893000000001" lon="10.34107">
    <ele>1095.8700000000001</ele>
   </trkpt>
   <trkpt lat="47.258840000000006" lon="10.340900000000001">
    <ele>1095.2700000000002</ele>
   </trkpt>
   <trkpt lat="47.25876" lon="10.340800000000002">
    <ele>1094.54</ele>
   </trkpt>
   <trkpt lat="47.25835000000001" lon="10.34008">
    <ele>1092.8200000000002</ele>
   </trkpt>
   <trkpt lat="47.258280000000006" lon="10.33988">
    <ele>1092.67</ele>
   </trkpt>
   <trkpt lat="47.25811" lon="10.33914">
    <ele>1092.77</ele>
   </trkpt>
   <trkpt lat="47.25806" lon="10.33877">
    <ele>1092.81</ele>
   </trkpt>
   <trkpt lat="47.258030000000005" lon="10.3384">
    <ele>1093.0600000000002</ele>
   </trkpt>
   <trkpt lat="47.25804" lon="10.337330000000001">
    <ele>1094.33</ele>
   </trkpt>
   <trkpt lat="47.25798" lon="10.336950000000002">
    <ele>1094.4</ele>
   </trkpt>
   <trkpt lat="47.25789" lon="10.336580000000001">
    <ele>1094.87</ele>
   </trkpt>
   <trkpt lat="47.25763500304109" lon="10.335749996147683">
    <ele>1095.22</ele>
   </trkpt>
   <trkpt lat="47.257380000000005" lon="10.33492">
    <ele>1095.6100000000001</ele>
   </trkpt>
   <trkpt lat="47.25717000259422" lon="10.33414999700205">
    <ele>1096.39</ele>
   </trkpt>
   <trkpt lat="47.25696000000001" lon="10.33338">
    <ele>1097.1200000000001</ele>
   </trkpt>
   <trkpt lat="47.256780000000006" lon="10.332880000000001">
    <ele>1096.53</ele>
   </trkpt>
   <trkpt lat="47.25634" lon="10.33182">
    <ele>1096.3700000000001</ele>
   </trkpt>
   <trkpt lat="47.25608000220342" lon="10.331094996208888">
    <ele>1097.9</ele>
   </trkpt>
   <trkpt lat="47.25582000000001" lon="10.33037">
    <ele>1098.78</ele>
   </trkpt>
   <trkpt lat="47.255630000000004" lon="10.3297">
    <ele>1099.51</ele>
   </trkpt>
   <trkpt lat="47.25545" lon="10.32867">
    <ele>1099.85</ele>
   </trkpt>
   <trkpt lat="47.255390000000006" lon="10.328470000000001">
    <ele>1100.0400000000002</ele>
   </trkpt>
   <trkpt lat="47.255160000000004" lon="10.32788">
    <ele>1100.0500000000002</ele>
   </trkpt>
   <trkpt lat="47.25504" lon="10.32764">
    <ele>1100.0500000000002</ele>
   </trkpt>
   <trkpt lat="47.25469000136701" lon="10.327069996157338">
    <ele>1099.96</ele>
   </trkpt>
   <trkpt lat="47.254340000000006" lon="10.326500000000001">
    <ele>1100.3400000000001</ele>
   </trkpt>
   <trkpt lat="47.254000000000005" lon="10.325880000000002">
    <ele>1100.56</ele>
   </trkpt>
   <trkpt lat="47.253800000000005" lon="10.325460000000001">
    <ele>1100.8600000000001</ele>
   </trkpt>
   <trkpt lat="47.25372" lon="10.325090000000001">
    <ele>1101.07</ele>
   </trkpt>
   <trkpt lat="47.253600000000006" lon="10.324010000000001">
    <ele>1101.4400000000003</ele>
   </trkpt>
   <trkpt lat="47.253510000000006" lon="10.323490000000001">
    <ele>1101.55</ele>
   </trkpt>
   <trkpt lat="47.25343" lon="10.323220000000001">
    <ele>1101.5400000000002</ele>
   </trkpt>
   <trkpt lat="47.25311000000001" lon="10.32263">
    <ele>1101.97</ele>
   </trkpt>
   <trkpt lat="47.25276" lon="10.322170000000002">
    <ele>1101.9</ele>
   </trkpt>
   <trkpt lat="47.25254" lon="10.321900000000001">
    <ele>1101.73</ele>
   </trkpt>
   <trkpt lat="47.25207" lon="10.32144">
    <ele>1101.49</ele>
   </trkpt>
   <trkpt lat="47.251850000000005" lon="10.32126">
    <ele>1101.0000000000002</ele>
   </trkpt>
   <trkpt lat="47.25175" lon="10.321090000000002">
    <ele>1100.8600000000001</ele>
   </trkpt>
   <trkpt lat="47.25159000000001" lon="10.320680000000001">
    <ele>1102.4</ele>
   </trkpt>
   <trkpt lat="47.25148" lon="10.320490000000001">
    <ele>1103.96</ele>
   </trkpt>
   <trkpt lat="47.25114000000001" lon="10.31999">
    <ele>1106.96</ele>
   </trkpt>
   <trkpt lat="47.250710000000005" lon="10.31916">
    <ele>1111.58</ele>
   </trkpt>
   <trkpt lat="47.25057" lon="10.31882">
    <ele>1113.7</ele>
   </trkpt>
   <trkpt lat="47.25027" lon="10.31769">
    <ele>1118.6</ele>
   </trkpt>
   <trkpt lat="47.249950000000005" lon="10.316650000000001">
    <ele>1120.94</ele>
   </trkpt>
   <trkpt lat="47.24978" lon="10.315990000000001">
    <ele>1122.8400000000001</ele>
   </trkpt>
   <trkpt lat="47.2496" lon="10.315150000000001">
    <ele>1124.18</ele>
   </trkpt>
   <trkpt lat="47.249480000000005" lon="10.31446">
    <ele>1123.8000000000002</ele>
   </trkpt>
   <trkpt lat="47.249320000000004" lon="10.313400000000001">
    <ele>1120.91</ele>
   </trkpt>
   <trkpt lat="47.24918" lon="10.312850000000001">
    <ele>1117.2900000000002</ele>
   </trkpt>
   <trkpt lat="47.24904" lon="10.31155">
    <ele>1113.8600000000001</ele>
   </trkpt>
   <trkpt lat="47.24898" lon="10.31136">
    <ele>1113.6000000000001</ele>
   </trkpt>
   <trkpt lat="47.248760000000004" lon="10.31099">
    <ele>1112.0700000000002</ele>
   </trkpt>
   <trkpt lat="47.24853" lon="10.31052">
    <ele>1110.72</ele>
   </trkpt>
   <trkpt lat="47.24842" lon="10.31042">
    <ele>1110.54</ele>
   </trkpt>
   <trkpt lat="47.248290000000004" lon="10.31019">
    <ele>1110.43</ele>
   </trkpt>
   <trkpt lat="47.24821000000001" lon="10.309610000000001">
    <ele>1110.65</ele>
   </trkpt>
   <trkpt lat="47.24814000000001" lon="10.30929">
    <ele>1110.7</ele>
   </trkpt>
   <trkpt lat="47.24804" lon="10.308900000000001">
    <ele>1110.7</ele>
   </trkpt>
   <trkpt lat="47.247910000000005" lon="10.30846">
    <ele>1111.16</ele>
   </trkpt>
   <trkpt lat="47.24777500258105" lon="10.307689998048824">
    <ele>1111.42</ele>
   </trkpt>
   <trkpt lat="47.247640000000004" lon="10.306920000000002">
    <ele>1113.07</ele>
   </trkpt>
   <trkpt lat="47.24757" lon="10.30592">
    <ele>1113.49</ele>
   </trkpt>
   <trkpt lat="47.24745" lon="10.305340000000001">
    <ele>1113.61</ele>
   </trkpt>
   <trkpt lat="47.247420000000005" lon="10.30489">
    <ele>1113.66</ele>
   </trkpt>
   <trkpt lat="47.24729000000001" lon="10.303690000000001">
    <ele>1114.4</ele>
   </trkpt>
   <trkpt lat="47.24719" lon="10.303370000000001">
    <ele>1114.8</ele>
   </trkpt>
   <trkpt lat="47.24696" lon="10.302850000000001">
    <ele>1115.8400000000001</ele>
   </trkpt>
   <trkpt lat="47.24687" lon="10.30254">
    <ele>1116.3400000000001</ele>
   </trkpt>
   <trkpt lat="47.2468" lon="10.30211">
    <ele>1116.69</ele>
   </trkpt>
   <trkpt lat="47.24676" lon="10.301960000000001">
    <ele>1116.78</ele>
   </trkpt>
   <trkpt lat="47.24665" lon="10.30175">
    <ele>1116.83</ele>
   </trkpt>
   <trkpt lat="47.24631" lon="10.301400000000001">
    <ele>1117.0</ele>
   </trkpt>
   <trkpt lat="47.246230000000004" lon="10.30127">
    <ele>1116.8200000000002</ele>
   </trkpt>
   <trkpt lat="47.24616" lon="10.30109">
    <ele>1116.8200000000002</ele>
   </trkpt>
   <trkpt lat="47.2459800042079" lon="10.30010499658447">
    <ele>1116.3899999999999</ele>
   </trkpt>
   <trkpt lat="47.2458" lon="10.29912">
    <ele>1116.49</ele>
   </trkpt>
   <trkpt lat="47.245685002470644" lon="10.29836999852705">
    <ele>1117.1200000000001</ele>
   </trkpt>
   <trkpt lat="47.24557" lon="10.29762">
    <ele>1117.5700000000002</ele>
   </trkpt>
   <trkpt lat="47.245340000000006" lon="10.29687">
    <ele>1118.0700000000002</ele>
   </trkpt>
   <trkpt lat="47.24508500199183" lon="10.296194996776865">
    <ele>1118.19</ele>
   </trkpt>
   <trkpt lat="47.24483" lon="10.295520000000002">
    <ele>1118.33</ele>
   </trkpt>
   <trkpt lat="47.24476000000001" lon="10.295380000000002">
    <ele>1118.3400000000001</ele>
   </trkpt>
   <trkpt lat="47.24459" lon="10.295150000000001">
    <ele>1118.44</ele>
   </trkpt>
   <trkpt lat="47.24396333487159" lon="10.294729990065653">
    <ele>1118.83</ele>
   </trkpt>
   <trkpt lat="47.24333666820849" lon="10.294309990068195">
    <ele>1118.9600000000003</ele>
   </trkpt>
   <trkpt lat="47.24271" lon="10.293890000000001">
    <ele>1119.52</ele>
   </trkpt>
   <trkpt lat="47.242250000000006" lon="10.293550000000002">
    <ele>1119.78</ele>
   </trkpt>
   <trkpt lat="47.24199" lon="10.293330000000001">
    <ele>1119.9</ele>
   </trkpt>
   <trkpt lat="47.24183000000001" lon="10.29315">
    <ele>1120.0100000000002</ele>
   </trkpt>
   <trkpt lat="47.241580000000006" lon="10.29273">
    <ele>1120.88</ele>
   </trkpt>
   <trkpt lat="47.24130000130244" lon="10.29218999721161">
    <ele>1121.3500000000001</ele>
   </trkpt>
   <trkpt lat="47.241020000000006" lon="10.29165">
    <ele>1121.7700000000002</ele>
   </trkpt>
   <trkpt lat="47.240790000000004" lon="10.29105">
    <ele>1122.0400000000002</ele>
   </trkpt>
   <trkpt lat="47.24062000000001" lon="10.290600000000001">
    <ele>1122.45</ele>
   </trkpt>
   <trkpt lat="47.24031" lon="10.28964">
    <ele>1123.7700000000002</ele>
   </trkpt>
   <trkpt lat="47.24022" lon="10.28926">
    <ele>1124.32</ele>
   </trkpt>
   <trkpt lat="47.240190000000005" lon="10.28902">
    <ele>1124.32</ele>
   </trkpt>
   <trkpt lat="47.240190000000005" lon="10.288440000000001">
    <ele>1125.21</ele>
   </trkpt>
   <trkpt lat="47.24025" lon="10.288150000000002">
    <ele>1125.64</ele>
   </trkpt>
   <trkpt lat="47.24053334083326" lon="10.287220010027912">
    <ele>1126.0100000000002</ele>
   </trkpt>
   <trkpt lat="47.24081667414198" lon="10.286290010108827">
    <ele>1126.97</ele>
   </trkpt>
   <trkpt lat="47.2411" lon="10.28536">
    <ele>1127.99</ele>
   </trkpt>
   <trkpt lat="47.241200000000006" lon="10.284830000000001">
    <ele>1127.99</ele>
   </trkpt>
   <trkpt lat="47.241220000000006" lon="10.283760000000001">
    <ele>1128.47</ele>
   </trkpt>
   <trkpt lat="47.241290000000006" lon="10.283380000000001">
    <ele>1129.27</ele>
   </trkpt>
   <trkpt lat="47.24143" lon="10.28297">
    <ele>1129.27</ele>
   </trkpt>
   <trkpt lat="47.241600000000005" lon="10.28269">
    <ele>1129.58</ele>
   </trkpt>
   <trkpt lat="47.24184" lon="10.2824">
    <ele>1129.71</ele>
   </trkpt>
   <trkpt lat="47.24213" lon="10.28217">
    <ele>1130.29</ele>
   </trkpt>
   <trkpt lat="47.242450000000005" lon="10.28185">
    <ele>1130.89</ele>
   </trkpt>
   <trkpt lat="47.242720000000006" lon="10.281460000000001">
    <ele>1131.13</ele>
   </trkpt>
   <trkpt lat="47.24297000000001" lon="10.280930000000001">
    <ele>1131.64</ele>
   </trkpt>
   <trkpt lat="47.24316" lon="10.28029">
    <ele>1132.5200000000002</ele>
   </trkpt>
   <trkpt lat="47.24327" lon="10.279760000000001">
    <ele>1132.5200000000002</ele>
   </trkpt>
   <trkpt lat="47.24335000000001" lon="10.27913">
    <ele>1133.5900000000001</ele>
   </trkpt>
   <trkpt lat="47.24338" lon="10.27842">
    <ele>1133.89</ele>
   </trkpt>
   <trkpt lat="47.243370000000006" lon="10.277840000000001">
    <ele>1134.3700000000001</ele>
   </trkpt>
   <trkpt lat="47.243325003970135" lon="10.276884999249674">
    <ele>1135.38</ele>
   </trkpt>
   <trkpt lat="47.243280000000006" lon="10.27593">
    <ele>1135.7</ele>
   </trkpt>
   <trkpt lat="47.24333000000001" lon="10.27532">
    <ele>1136.24</ele>
   </trkpt>
   <trkpt lat="47.2434" lon="10.27495">
    <ele>1136.65</ele>
   </trkpt>
   <trkpt lat="47.243520000000004" lon="10.274610000000001">
    <ele>1136.92</ele>
   </trkpt>
   <trkpt lat="47.24362000000001" lon="10.274420000000001">
    <ele>1136.92</ele>
   </trkpt>
   <trkpt lat="47.24395500101918" lon="10.273940003011123">
    <ele>1137.79</ele>
   </trkpt>
   <trkpt lat="47.24429000000001" lon="10.27346">
    <ele>1138.29</ele>
   </trkpt>
   <trkpt lat="47.24443" lon="10.273140000000001">
    <ele>1138.29</ele>
   </trkpt>
   <trkpt lat="47.24447000000001" lon="10.272960000000001">
    <ele>1138.97</ele>
   </trkpt>
   <trkpt lat="47.244510000000005" lon="10.272680000000001">
    <ele>1138.97</ele>
   </trkpt>
   <trkpt lat="47.24457" lon="10.271870000000002">
    <ele>1139.47</ele>
   </trkpt>
   <trkpt lat="47.2447" lon="10.27134">
    <ele>1139.85</ele>
   </trkpt>
   <trkpt lat="47.244780000000006" lon="10.27116">
    <ele>1140.19</ele>
   </trkpt>
   <trkpt lat="47.24501" lon="10.270850000000001">
    <ele>1140.19</ele>
   </trkpt>
   <trkpt lat="47.24522" lon="10.270660000000001">
    <ele>1140.19</ele>
   </trkpt>
   <trkpt lat="47.245630000000006" lon="10.27041">
    <ele>1141.45</ele>
   </trkpt>
   <trkpt lat="47.24578" lon="10.270290000000001">
    <ele>1141.45</ele>
   </trkpt>
   <trkpt lat="47.245920000000005" lon="10.27011">
    <ele>1141.45</ele>
   </trkpt>
   <trkpt lat="47.24611" lon="10.26978">
    <ele>1141.41</ele>
   </trkpt>
   <trkpt lat="47.24651" lon="10.26872">
    <ele>1141.2600000000002</ele>
   </trkpt>
   <trkpt lat="47.24684000782011" lon="10.267770011927588">
    <ele>1141.2300000000002</ele>
   </trkpt>
   <trkpt lat="47.247170007788725" lon="10.266820012018117">
    <ele>1144.71</ele>
   </trkpt>
   <trkpt lat="47.2475" lon="10.265870000000001">
    <ele>1151.9</ele>
   </trkpt>
   <trkpt lat="47.24759" lon="10.26533">
    <ele>1155.19</ele>
   </trkpt>
   <trkpt lat="47.24761" lon="10.26509">
    <ele>1157.1200000000001</ele>
   </trkpt>
   <trkpt lat="47.247600000000006" lon="10.26472">
    <ele>1158.14</ele>
   </trkpt>
   <trkpt lat="47.24752" lon="10.26393">
    <ele>1161.45</ele>
   </trkpt>
   <trkpt lat="47.24752" lon="10.26351">
    <ele>1164.38</ele>
   </trkpt>
   <trkpt lat="47.24756000000001" lon="10.26312">
    <ele>1165.51</ele>
   </trkpt>
   <trkpt lat="47.24774000183995" lon="10.262470002201265">
    <ele>1171.88</ele>
   </trkpt>
   <trkpt lat="47.24792" lon="10.26182">
    <ele>1175.5200000000002</ele>
   </trkpt>
   <trkpt lat="47.248020000000004" lon="10.261270000000001">
    <ele>1178.15</ele>
   </trkpt>
   <trkpt lat="47.24808" lon="10.260710000000001">
    <ele>1181.0800000000002</ele>
   </trkpt>
   <trkpt lat="47.24808" lon="10.260280000000002">
    <ele>1183.47</ele>
   </trkpt>
   <trkpt lat="47.248050000000006" lon="10.25984">
    <ele>1185.2800000000002</ele>
   </trkpt>
   <trkpt lat="47.247910000000005" lon="10.259210000000001">
    <ele>1191.24</ele>
   </trkpt>
   <trkpt lat="47.247580000000006" lon="10.2583">
    <ele>1195.66</ele>
   </trkpt>
   <trkpt lat="47.2475" lon="10.257610000000001">
    <ele>1202.5700000000002</ele>
   </trkpt>
   <trkpt lat="47.24759" lon="10.25656">
    <ele>1205.66</ele>
   </trkpt>
   <trkpt lat="47.24759" lon="10.25632">
    <ele>1210.45</ele>
   </trkpt>
   <trkpt lat="47.247550000000004" lon="10.25603">
    <ele>1210.45</ele>
   </trkpt>
   <trkpt lat="47.24748" lon="10.25572">
    <ele>1212.01</ele>
   </trkpt>
   <trkpt lat="47.24736" lon="10.25539">
    <ele>1214.5</ele>
   </trkpt>
   <trkpt lat="47.247220000000006" lon="10.25514">
    <ele>1216.01</ele>
   </trkpt>
   <trkpt lat="47.247040000000005" lon="10.254900000000001">
    <ele>1217.2200000000003</ele>
   </trkpt>
   <trkpt lat="47.246770000000005" lon="10.254660000000001">
    <ele>1218.7100000000003</ele>
   </trkpt>
   <trkpt lat="47.24653000000001" lon="10.2544">
    <ele>1219.5200000000002</ele>
   </trkpt>
   <trkpt lat="47.246370000000006" lon="10.254150000000001">
    <ele>1220.05</ele>
   </trkpt>
   <trkpt lat="47.24616" lon="10.253580000000001">
    <ele>1221.42</ele>
   </trkpt>
   <trkpt lat="47.246100000000006" lon="10.253160000000001">
    <ele>1223.06</ele>
   </trkpt>
   <trkpt lat="47.246100000000006" lon="10.25266">
    <ele>1223.54</ele>
   </trkpt>
   <trkpt lat="47.246215002050334" lon="10.251970001622052">
    <ele>1224.5300000000002</ele>
   </trkpt>
   <trkpt lat="47.24633" lon="10.251280000000001">
    <ele>1225.6299999999999</ele>
   </trkpt>
   <trkpt lat="47.246340000000004" lon="10.25108">
    <ele>1226.0900000000001</ele>
   </trkpt>
   <trkpt lat="47.246300000000005" lon="10.250570000000002">
    <ele>1228.13</ele>
   </trkpt>
   <trkpt lat="47.24624000000001" lon="10.25026">
    <ele>1228.8400000000001</ele>
   </trkpt>
   <trkpt lat="47.24609" lon="10.249780000000001">
    <ele>1230.97</ele>
   </trkpt>
   <trkpt lat="47.246010000000005" lon="10.24942">
    <ele>1233.75</ele>
   </trkpt>
   <trkpt lat="47.24597000000001" lon="10.248980000000001">
    <ele>1235.21</ele>
   </trkpt>
   <trkpt lat="47.245990000000006" lon="10.248320000000001">
    <ele>1239.0</ele>
   </trkpt>
   <trkpt lat="47.24606000000001" lon="10.247750000000002">
    <ele>1241.41</ele>
   </trkpt>
   <trkpt lat="47.246050000000004" lon="10.24735">
    <ele>1244.1200000000001</ele>
   </trkpt>
   <trkpt lat="47.246" lon="10.24694">
    <ele>1247.0</ele>
   </trkpt>
   <trkpt lat="47.245940000000004" lon="10.246580000000002">
    <ele>1248.5300000000002</ele>
   </trkpt>
   <trkpt lat="47.245920000000005" lon="10.24629">
    <ele>1250.52</ele>
   </trkpt>
   <trkpt lat="47.245920000000005" lon="10.245980000000001">
    <ele>1251.68</ele>
   </trkpt>
   <trkpt lat="47.246" lon="10.245450000000002">
    <ele>1257.64</ele>
   </trkpt>
   <trkpt lat="47.246280000000006" lon="10.244660000000001">
    <ele>1260.14</ele>
   </trkpt>
   <trkpt lat="47.24635000000001" lon="10.2443">
    <ele>1262.0900000000001</ele>
   </trkpt>
   <trkpt lat="47.24638" lon="10.243960000000001">
    <ele>1264.0800000000002</ele>
   </trkpt>
   <trkpt lat="47.246370000000006" lon="10.24369">
    <ele>1264.8400000000001</ele>
   </trkpt>
   <trkpt lat="47.246320000000004" lon="10.243360000000001">
    <ele>1267.3400000000001</ele>
   </trkpt>
   <trkpt lat="47.246050000000004" lon="10.24235">
    <ele>1270.89</ele>
   </trkpt>
   <trkpt lat="47.246" lon="10.242">
    <ele>1271.66</ele>
   </trkpt>
   <trkpt lat="47.245990000000006" lon="10.24154">
    <ele>1274.3200000000002</ele>
   </trkpt>
   <trkpt lat="47.246010000000005" lon="10.24111">
    <ele>1275.3100000000002</ele>
   </trkpt>
   <trkpt lat="47.24611000463326" lon="10.24008000175476">
    <ele>1279.7900000000002</ele>
   </trkpt>
   <trkpt lat="47.246210000000005" lon="10.23905">
    <ele>1281.76</ele>
   </trkpt>
   <trkpt lat="47.24624000000001" lon="10.23836">
    <ele>1285.66</ele>
   </trkpt>
   <trkpt lat="47.246210000000005" lon="10.237850000000002">
    <ele>1286.68</ele>
   </trkpt>
   <trkpt lat="47.24622" lon="10.237400000000001">
    <ele>1288.16</ele>
   </trkpt>
   <trkpt lat="47.246280000000006" lon="10.237100000000002">
    <ele>1290.3300000000002</ele>
   </trkpt>
   <trkpt lat="47.2464" lon="10.2368">
    <ele>1291.9</ele>
   </trkpt>
   <trkpt lat="47.246660000000006" lon="10.236260000000001">
    <ele>1292.65</ele>
   </trkpt>
   <trkpt lat="47.24692" lon="10.23554">
    <ele>1296.44</ele>
   </trkpt>
   <trkpt lat="47.24709000000001" lon="10.2352">
    <ele>1298.7900000000002</ele>
   </trkpt>
   <trkpt lat="47.24743" lon="10.234670000000001">
    <ele>1300.71</ele>
   </trkpt>
   <trkpt lat="47.24756000000001" lon="10.234430000000001">
    <ele>1302.8000000000002</ele>
   </trkpt>
   <trkpt lat="47.24786" lon="10.23353">
    <ele>1306.16</ele>
   </trkpt>
   <trkpt lat="47.248020000000004" lon="10.233220000000001">
    <ele>1307.5500000000002</ele>
   </trkpt>
   <trkpt lat="47.248180000000005" lon="10.23304">
    <ele>1308.5300000000002</ele>
   </trkpt>
   <trkpt lat="47.24835" lon="10.232890000000001">
    <ele>1308.5300000000002</ele>
   </trkpt>
   <trkpt lat="47.248800000084096" lon="10.23268000183445">
    <ele>1310.17</ele>
   </trkpt>
   <trkpt lat="47.24925" lon="10.232470000000001">
    <ele>1311.56</ele>
   </trkpt>
   <trkpt lat="47.249520000000004" lon="10.2322">
    <ele>1312.66</ele>
   </trkpt>
   <trkpt lat="47.24972" lon="10.231950000000001">
    <ele>1313.43</ele>
   </trkpt>
   <trkpt lat="47.249860000000005" lon="10.23174">
    <ele>1313.43</ele>
   </trkpt>
   <trkpt lat="47.249970000000005" lon="10.231530000000001">
    <ele>1314.27</ele>
   </trkpt>
   <trkpt lat="47.250280000000004" lon="10.23081">
    <ele>1315.71</ele>
   </trkpt>
   <trkpt lat="47.25058000268131" lon="10.230025004444437">
    <ele>1317.11</ele>
   </trkpt>
   <trkpt lat="47.25088" lon="10.22924">
    <ele>1318.88</ele>
   </trkpt>
   <trkpt lat="47.251250000000006" lon="10.228110000000001">
    <ele>1320.8600000000001</ele>
   </trkpt>
   <trkpt lat="47.251400000000004" lon="10.227590000000001">
    <ele>1322.3100000000002</ele>
   </trkpt>
   <trkpt lat="47.25146" lon="10.22727">
    <ele>1322.3100000000002</ele>
   </trkpt>
   <trkpt lat="47.25148" lon="10.226980000000001">
    <ele>1322.3100000000002</ele>
   </trkpt>
   <trkpt lat="47.251470000000005" lon="10.22667">
    <ele>1325.11</ele>
   </trkpt>
   <trkpt lat="47.25139" lon="10.22624">
    <ele>1325.11</ele>
   </trkpt>
   <trkpt lat="47.251290000000004" lon="10.22583">
    <ele>1326.6100000000001</ele>
   </trkpt>
   <trkpt lat="47.251250000000006" lon="10.22558">
    <ele>1326.6100000000001</ele>
   </trkpt>
   <trkpt lat="47.25124" lon="10.225370000000002">
    <ele>1327.08</ele>
   </trkpt>
   <trkpt lat="47.25128" lon="10.22497">
    <ele>1328.3600000000001</ele>
   </trkpt>
   <trkpt lat="47.251400000000004" lon="10.22455">
    <ele>1328.3600000000001</ele>
   </trkpt>
   <trkpt lat="47.25159000000001" lon="10.224200000000002">
    <ele>1328.43</ele>
   </trkpt>
   <trkpt lat="47.25184" lon="10.223930000000001">
    <ele>1328.2900000000002</ele>
   </trkpt>
   <trkpt lat="47.252" lon="10.223830000000001">
    <ele>1329.3799999999999</ele>
   </trkpt>
   <trkpt lat="47.25218" lon="10.22376">
    <ele>1330.4900000000002</ele>
   </trkpt>
   <trkpt lat="47.25244000000001" lon="10.22375">
    <ele>1330.4900000000002</ele>
   </trkpt>
   <trkpt lat="47.252570000000006" lon="10.223790000000001">
    <ele>1330.4900000000002</ele>
   </trkpt>
   <trkpt lat="47.252840000000006" lon="10.22391">
    <ele>1330.4900000000002</ele>
   </trkpt>
   <trkpt lat="47.25358000000001" lon="10.22456">
    <ele>1330.4900000000002</ele>
   </trkpt>
   <trkpt lat="47.25394000000001" lon="10.224760000000002">
    <ele>1330.4900000000002</ele>
   </trkpt>
   <trkpt lat="47.25435" lon="10.224770000000001">
    <ele>1330.4900000000002</ele>
   </trkpt>
   <trkpt lat="47.254720000000006" lon="10.22461">
    <ele>1330.8600000000001</ele>
   </trkpt>
   <trkpt lat="47.255" lon="10.224290000000002">
    <ele>1330.8600000000001</ele>
   </trkpt>
   <trkpt lat="47.25518" lon="10.22375">
    <ele>1330.8600000000001</ele>
   </trkpt>
   <trkpt lat="47.255230000000005" lon="10.223170000000001">
    <ele>1330.8600000000001</ele>
   </trkpt>
   <trkpt lat="47.255220004977" lon="10.22209999946781">
    <ele>1330.8600000000001</ele>
   </trkpt>
   <trkpt lat="47.255210000000005" lon="10.22103">
    <ele>1339.68</ele>
   </trkpt>
   <trkpt lat="47.25522" lon="10.22071">
    <ele>1339.68</ele>
   </trkpt>
   <trkpt lat="47.255280000000006" lon="10.220410000000001">
    <ele>1344.15</ele>
   </trkpt>
   <trkpt lat="47.255660000000006" lon="10.219370000000001">
    <ele>1346.87</ele>
   </trkpt>
   <trkpt lat="47.255983338416286" lon="10.218603342768281">
    <ele>1348.45</ele>
   </trkpt>
   <trkpt lat="47.256306671719194" lon="10.217836676173869">
    <ele>1351.05</ele>
   </trkpt>
   <trkpt lat="47.25663" lon="10.217070000000001">
    <ele>1354.43</ele>
   </trkpt>
   <trkpt lat="47.25676000000001" lon="10.216640000000002">
    <ele>1354.43</ele>
   </trkpt>
   <trkpt lat="47.25685000000001" lon="10.21607">
    <ele>1357.4400000000003</ele>
   </trkpt>
   <trkpt lat="47.256820000000005" lon="10.215010000000001">
    <ele>1359.3700000000001</ele>
   </trkpt>
   <trkpt lat="47.256840000000004" lon="10.214720000000002">
    <ele>1359.3700000000001</ele>
   </trkpt>
   <trkpt lat="47.25688" lon="10.21447">
    <ele>1360.3100000000002</ele>
   </trkpt>
   <trkpt lat="47.257020000000004" lon="10.214020000000001">
    <ele>1361.3500000000001</ele>
   </trkpt>
   <trkpt lat="47.257160000000006" lon="10.213750000000001">
    <ele>1362.84</ele>
   </trkpt>
   <trkpt lat="47.257510001432" lon="10.213190003592972">
    <ele>1364.66</ele>
   </trkpt>
   <trkpt lat="47.25786" lon="10.21263">
    <ele>1368.2</ele>
   </trkpt>
   <trkpt lat="47.25827000196738" lon="10.21196000516393">
    <ele>1369.7100000000003</ele>
   </trkpt>
   <trkpt lat="47.258680000000005" lon="10.21129">
    <ele>1372.65</ele>
   </trkpt>
   <trkpt lat="47.25883" lon="10.211">
    <ele>1373.63</ele>
   </trkpt>
   <trkpt lat="47.25893000000001" lon="10.21076">
    <ele>1374.1000000000001</ele>
   </trkpt>
   <trkpt lat="47.259100000000004" lon="10.210260000000002">
    <ele>1375.7100000000003</ele>
   </trkpt>
   <trkpt lat="47.259290002312305" lon="10.209535002502669">
    <ele>1377.4</ele>
   </trkpt>
   <trkpt lat="47.25948" lon="10.208810000000001">
    <ele>1379.88</ele>
   </trkpt>
   <trkpt lat="47.25954" lon="10.208440000000001">
    <ele>1380.66</ele>
   </trkpt>
   <trkpt lat="47.25956" lon="10.20813">
    <ele>1381.38</ele>
   </trkpt>
   <trkpt lat="47.25954" lon="10.20786">
    <ele>1381.7</ele>
   </trkpt>
   <trkpt lat="47.2595" lon="10.20766">
    <ele>1382.92</ele>
   </trkpt>
   <trkpt lat="47.25940000000001" lon="10.207370000000001">
    <ele>1383.72</ele>
   </trkpt>
   <trkpt lat="47.25912" lon="10.206700000000001">
    <ele>1387.15</ele>
   </trkpt>
   <trkpt lat="47.259040000000006" lon="10.206320000000002">
    <ele>1390.38</ele>
   </trkpt>
   <trkpt lat="47.258950000000006" lon="10.20528">
    <ele>1392.89</ele>
   </trkpt>
   <trkpt lat="47.25887334613801" lon="10.204066663111623">
    <ele>1394.7500000000002</ele>
   </trkpt>
   <trkpt lat="47.2587966794687" lon="10.202853329736731">
    <ele>1401.85</ele>
   </trkpt>
   <trkpt lat="47.258720000000004" lon="10.201640000000001">
    <ele>1405.5300000000002</ele>
   </trkpt>
   <trkpt lat="47.258720000000004" lon="10.201250000000002">
    <ele>1409.66</ele>
   </trkpt>
   <trkpt lat="47.25876" lon="10.20077">
    <ele>1411.19</ele>
   </trkpt>
   <trkpt lat="47.25883" lon="10.20031">
    <ele>1412.9600000000003</ele>
   </trkpt>
   <trkpt lat="47.25889" lon="10.199670000000001">
    <ele>1417.21</ele>
   </trkpt>
   <trkpt lat="47.258860000000006" lon="10.19913">
    <ele>1418.67</ele>
   </trkpt>
   <trkpt lat="47.258720000000004" lon="10.19824">
    <ele>1421.67</ele>
   </trkpt>
   <trkpt lat="47.258720000000004" lon="10.19772">
    <ele>1422.92</ele>
   </trkpt>
   <trkpt lat="47.25878" lon="10.197360000000002">
    <ele>1424.2700000000002</ele>
   </trkpt>
   <trkpt lat="47.258880000000005" lon="10.19705">
    <ele>1424.8100000000002</ele>
   </trkpt>
   <trkpt lat="47.259" lon="10.196800000000001">
    <ele>1425.2900000000002</ele>
   </trkpt>
   <trkpt lat="47.25936500174653" lon="10.196160004473603">
    <ele>1425.5900000000001</ele>
   </trkpt>
   <trkpt lat="47.259730000000005" lon="10.19552">
    <ele>1424.63</ele>
   </trkpt>
   <trkpt lat="47.26001" lon="10.195070000000001">
    <ele>1424.17</ele>
   </trkpt>
   <trkpt lat="47.26019" lon="10.194840000000001">
    <ele>1423.81</ele>
   </trkpt>
   <trkpt lat="47.26033" lon="10.19472">
    <ele>1423.4</ele>
   </trkpt>
   <trkpt lat="47.260540000000006" lon="10.19463">
    <ele>1422.98</ele>
   </trkpt>
   <trkpt lat="47.260780000000004" lon="10.194650000000001">
    <ele>1421.9</ele>
   </trkpt>
   <trkpt lat="47.26124" lon="10.194730000000002">
    <ele>1418.5400000000002</ele>
   </trkpt>
   <trkpt lat="47.261390000000006" lon="10.19472">
    <ele>1417.2900000000002</ele>
   </trkpt>
   <trkpt lat="47.26149" lon="10.194690000000001">
    <ele>1416.5800000000002</ele>
   </trkpt>
   <trkpt lat="47.261700000000005" lon="10.194540000000002">
    <ele>1414.5200000000002</ele>
   </trkpt>
   <trkpt lat="47.26178" lon="10.19444">
    <ele>1414.5200000000002</ele>
   </trkpt>
   <trkpt lat="47.261880000000005" lon="10.194280000000001">
    <ele>1412.98</ele>
   </trkpt>
   <trkpt lat="47.26193000000001" lon="10.194130000000001">
    <ele>1411.8400000000001</ele>
   </trkpt>
   <trkpt lat="47.262" lon="10.193750000000001">
    <ele>1410.29</ele>
   </trkpt>
   <trkpt lat="47.262010000000004" lon="10.19354">
    <ele>1409.61</ele>
   </trkpt>
   <trkpt lat="47.261990000000004" lon="10.19339">
    <ele>1409.22</ele>
   </trkpt>
   <trkpt lat="47.261790000000005" lon="10.19261">
    <ele>1405.6200000000001</ele>
   </trkpt>
   <trkpt lat="47.26178" lon="10.19246">
    <ele>1405.1</ele>
   </trkpt>
   <trkpt lat="47.261790000000005" lon="10.19233">
    <ele>1404.64</ele>
   </trkpt>
   <trkpt lat="47.26187" lon="10.191820000000002">
    <ele>1403.2000000000003</ele>
   </trkpt>
   <trkpt lat="47.261860000000006" lon="10.19161">
    <ele>1402.8600000000001</ele>
   </trkpt>
   <trkpt lat="47.2618" lon="10.19109">
    <ele>1401.61</ele>
   </trkpt>
   <trkpt lat="47.261770000000006" lon="10.190290000000001">
    <ele>1399.3700000000001</ele>
   </trkpt>
   <trkpt lat="47.261720000000004" lon="10.18987">
    <ele>1398.7800000000002</ele>
   </trkpt>
   <trkpt lat="47.26167" lon="10.18969">
    <ele>1398.6900000000003</ele>
   </trkpt>
   <trkpt lat="47.26156" lon="10.18931">
    <ele>1398.5800000000002</ele>
   </trkpt>
   <trkpt lat="47.26142" lon="10.189">
    <ele>1398.73</ele>
   </trkpt>
   <trkpt lat="47.261070000000004" lon="10.18851">
    <ele>1400.0</ele>
   </trkpt>
   <trkpt lat="47.26095" lon="10.18842">
    <ele>1401.0500000000002</ele>
   </trkpt>
   <trkpt lat="47.26082" lon="10.18842">
    <ele>1401.27</ele>
   </trkpt>
   <trkpt lat="47.260740000000006" lon="10.188460000000001">
    <ele>1401.5300000000002</ele>
   </trkpt>
   <trkpt lat="47.260670000000005" lon="10.18852">
    <ele>1401.5300000000002</ele>
   </trkpt>
   <trkpt lat="47.260600000000004" lon="10.188640000000001">
    <ele>1401.91</ele>
   </trkpt>
   <trkpt lat="47.260380000000005" lon="10.189210000000001">
    <ele>1406.46</ele>
   </trkpt>
   <trkpt lat="47.260250000000006" lon="10.18959">
    <ele>1409.41</ele>
   </trkpt>
   <trkpt lat="47.26003" lon="10.190370000000001">
    <ele>1414.42</ele>
   </trkpt>
   <trkpt lat="47.25981" lon="10.191310000000001">
    <ele>1420.05</ele>
   </trkpt>
   <trkpt lat="47.259660000000004" lon="10.192150000000002">
    <ele>1425.5900000000001</ele>
   </trkpt>
   <trkpt lat="47.259550000000004" lon="10.19317">
    <ele>1429.3200000000002</ele>
   </trkpt>
   <trkpt lat="47.25949000000001" lon="10.193280000000001">
    <ele>1430.5500000000002</ele>
   </trkpt>
   <trkpt lat="47.25945" lon="10.193320000000002">
    <ele>1430.5500000000002</ele>
   </trkpt>
   <trkpt lat="47.25941" lon="10.193330000000001">
    <ele>1430.5500000000002</ele>
   </trkpt>
   <trkpt lat="47.259330000000006" lon="10.19331">
    <ele>1431.0900000000001</ele>
   </trkpt>
   <trkpt lat="47.259260000000005" lon="10.193240000000001">
    <ele>1431.68</ele>
   </trkpt>
   <trkpt lat="47.25923" lon="10.19316">
    <ele>1431.68</ele>
   </trkpt>
   <trkpt lat="47.259220000000006" lon="10.193050000000001">
    <ele>1432.3400000000001</ele>
   </trkpt>
   <trkpt lat="47.259330000000006" lon="10.192300000000001">
    <ele>1434.4800000000002</ele>
   </trkpt>
   <trkpt lat="47.25938000000001" lon="10.19175">
    <ele>1439.3</ele>
   </trkpt>
   <trkpt lat="47.25939" lon="10.19142">
    <ele>1441.8500000000001</ele>
   </trkpt>
   <trkpt lat="47.259350000000005" lon="10.190660000000001">
    <ele>1448.08</ele>
   </trkpt>
   <trkpt lat="47.25929000000001" lon="10.19022">
    <ele>1448.08</ele>
   </trkpt>
   <trkpt lat="47.25912500197264" lon="10.189544997858802">
    <ele>1453.5</ele>
   </trkpt>
   <trkpt lat="47.25896" lon="10.188870000000001">
    <ele>1457.42</ele>
   </trkpt>
   <trkpt lat="47.25892" lon="10.18856">
    <ele>1460.46</ele>
   </trkpt>
   <trkpt lat="47.258990000000004" lon="10.187710000000001">
    <ele>1465.66</ele>
   </trkpt>
   <trkpt lat="47.25920000000001" lon="10.186490000000001">
    <ele>1471.23</ele>
   </trkpt>
   <trkpt lat="47.259240000000005" lon="10.186100000000001">
    <ele>1473.0100000000002</ele>
   </trkpt>
   <trkpt lat="47.25923" lon="10.185690000000001">
    <ele>1476.5000000000002</ele>
   </trkpt>
   <trkpt lat="47.25916" lon="10.185250000000002">
    <ele>1479.3</ele>
   </trkpt>
   <trkpt lat="47.259100000000004" lon="10.185030000000001">
    <ele>1480.8700000000001</ele>
   </trkpt>
   <trkpt lat="47.25896" lon="10.184650000000001">
    <ele>1481.7600000000002</ele>
   </trkpt>
   <trkpt lat="47.25873000000001" lon="10.18426">
    <ele>1487.24</ele>
   </trkpt>
   <trkpt lat="47.2584" lon="10.183860000000001">
    <ele>1488.7400000000002</ele>
   </trkpt>
   <trkpt lat="47.25833" lon="10.18388">
    <ele>1489.1200000000001</ele>
   </trkpt>
   <trkpt lat="47.258070000000004" lon="10.1836">
    <ele>1489.4</ele>
   </trkpt>
   <trkpt lat="47.258010000000006" lon="10.183480000000001">
    <ele>1489.3700000000001</ele>
   </trkpt>
   <trkpt lat="47.25798" lon="10.18336">
    <ele>1489.3700000000001</ele>
   </trkpt>
   <trkpt lat="47.257720000000006" lon="10.1834">
    <ele>1489.19</ele>
   </trkpt>
   <trkpt lat="47.2573" lon="10.18354">
    <ele>1489.14</ele>
   </trkpt>
   <trkpt lat="47.257180000000005" lon="10.18355">
    <ele>1489.0700000000002</ele>
   </trkpt>
   <trkpt lat="47.25661" lon="10.18346">
    <ele>1489.99</ele>
   </trkpt>
   <trkpt lat="47.256370000000004" lon="10.183480000000001">
    <ele>1490.21</ele>
   </trkpt>
   <trkpt lat="47.25607" lon="10.183670000000001">
    <ele>1489.5200000000002</ele>
   </trkpt>
   <trkpt lat="47.25600000000001" lon="10.1837">
    <ele>1489.5200000000002</ele>
   </trkpt>
   <trkpt lat="47.25591000000001" lon="10.1837">
    <ele>1489.5200000000002</ele>
   </trkpt>
   <trkpt lat="47.25583" lon="10.18365">
    <ele>1488.2</ele>
   </trkpt>
   <trkpt lat="47.25555000000001" lon="10.18345">
    <ele>1487.4900000000002</ele>
   </trkpt>
   <trkpt lat="47.255390000000006" lon="10.183240000000001">
    <ele>1486.82</ele>
   </trkpt>
   <trkpt lat="47.25494500423056" lon="10.18224499146891">
    <ele>1482.7800000000002</ele>
   </trkpt>
   <trkpt lat="47.25450000000001" lon="10.18125">
    <ele>1478.5800000000002</ele>
   </trkpt>
   <trkpt lat="47.25441000000001" lon="10.18112">
    <ele>1478.5800000000002</ele>
   </trkpt>
   <trkpt lat="47.254310000000004" lon="10.18102">
    <ele>1478.5800000000002</ele>
   </trkpt>
   <trkpt lat="47.25408" lon="10.18088">
    <ele>1475.06</ele>
   </trkpt>
   <trkpt lat="47.253930000000004" lon="10.18083">
    <ele>1475.06</ele>
   </trkpt>
   <trkpt lat="47.25367000000001" lon="10.18082">
    <ele>1473.3400000000001</ele>
   </trkpt>
   <trkpt lat="47.25357" lon="10.18078">
    <ele>1473.3400000000001</ele>
   </trkpt>
   <trkpt lat="47.253240000000005" lon="10.180570000000001">
    <ele>1472.02</ele>
   </trkpt>
   <trkpt lat="47.253080000000004" lon="10.180520000000001">
    <ele>1470.21</ele>
   </trkpt>
   <trkpt lat="47.25298" lon="10.180530000000001">
    <ele>1470.21</ele>
   </trkpt>
   <trkpt lat="47.25265" lon="10.18065">
    <ele>1469.21</ele>
   </trkpt>
   <trkpt lat="47.252520000000004" lon="10.180670000000001">
    <ele>1468.7</ele>
   </trkpt>
   <trkpt lat="47.252340000000004" lon="10.18063">
    <ele>1467.2200000000003</ele>
   </trkpt>
   <trkpt lat="47.25218" lon="10.180520000000001">
    <ele>1466.2</ele>
   </trkpt>
   <trkpt lat="47.251920000000005" lon="10.180290000000001">
    <ele>1464.32</ele>
   </trkpt>
   <trkpt lat="47.251810000000006" lon="10.18022">
    <ele>1464.32</ele>
   </trkpt>
   <trkpt lat="47.25148" lon="10.18007">
    <ele>1462.42</ele>
   </trkpt>
   <trkpt lat="47.2511" lon="10.17975">
    <ele>1460.55</ele>
   </trkpt>
   <trkpt lat="47.25097" lon="10.179680000000001">
    <ele>1459.5800000000002</ele>
   </trkpt>
   <trkpt lat="47.250750000000004" lon="10.179620000000002">
    <ele>1457.75</ele>
   </trkpt>
   <trkpt lat="47.250690000000006" lon="10.179580000000001">
    <ele>1457.75</ele>
   </trkpt>
   <trkpt lat="47.250600000000006" lon="10.17946">
    <ele>1457.2500000000002</ele>
   </trkpt>
   <trkpt lat="47.25048" lon="10.179250000000001">
    <ele>1455.63</ele>
   </trkpt>
   <trkpt lat="47.25012" lon="10.17838">
    <ele>1452.5700000000002</ele>
   </trkpt>
   <trkpt lat="47.24974000245558" lon="10.177644994931015">
    <ele>1450.53</ele>
   </trkpt>
   <trkpt lat="47.24936" lon="10.176910000000001">
    <ele>1447.17</ele>
   </trkpt>
   <trkpt lat="47.24927" lon="10.176820000000001">
    <ele>1447.17</ele>
   </trkpt>
   <trkpt lat="47.24906000000001" lon="10.176720000000001">
    <ele>1445.51</ele>
   </trkpt>
   <trkpt lat="47.24884" lon="10.176580000000001">
    <ele>1444.9</ele>
   </trkpt>
   <trkpt lat="47.24870000000001" lon="10.176430000000002">
    <ele>1445.01</ele>
   </trkpt>
   <trkpt lat="47.24848" lon="10.176010000000002">
    <ele>1444.28</ele>
   </trkpt>
   <trkpt lat="47.248400000000004" lon="10.17594">
    <ele>1444.2700000000002</ele>
   </trkpt>
   <trkpt lat="47.248270000000005" lon="10.175880000000001">
    <ele>1444.46</ele>
   </trkpt>
   <trkpt lat="47.248070000000006" lon="10.175830000000001">
    <ele>1444.68</ele>
   </trkpt>
   <trkpt lat="47.24763" lon="10.17577">
    <ele>1446.32</ele>
   </trkpt>
   <trkpt lat="47.24727" lon="10.175500000000001">
    <ele>1447.8200000000002</ele>
   </trkpt>
   <trkpt lat="47.24694" lon="10.175370000000001">
    <ele>1448.94</ele>
   </trkpt>
   <trkpt lat="47.24683" lon="10.17529">
    <ele>1449.24</ele>
   </trkpt>
   <trkpt lat="47.24676" lon="10.17519">
    <ele>1449.7000000000003</ele>
   </trkpt>
   <trkpt lat="47.246320000000004" lon="10.17481">
    <ele>1451.6200000000001</ele>
   </trkpt>
   <trkpt lat="47.246210000000005" lon="10.17469">
    <ele>1451.6200000000001</ele>
   </trkpt>
   <trkpt lat="47.24613" lon="10.17455">
    <ele>1452.42</ele>
   </trkpt>
   <trkpt lat="47.24606000000001" lon="10.174370000000001">
    <ele>1452.8400000000001</ele>
   </trkpt>
   <trkpt lat="47.245920000000005" lon="10.173850000000002">
    <ele>1453.8600000000001</ele>
   </trkpt>
   <trkpt lat="47.24586" lon="10.17374">
    <ele>1453.8600000000001</ele>
   </trkpt>
   <trkpt lat="47.24577000000001" lon="10.17369">
    <ele>1454.6000000000001</ele>
   </trkpt>
   <trkpt lat="47.245650000000005" lon="10.173680000000001">
    <ele>1454.6000000000001</ele>
   </trkpt>
   <trkpt lat="47.24533" lon="10.1737">
    <ele>1456.0300000000002</ele>
   </trkpt>
   <trkpt lat="47.245250000000006" lon="10.173680000000001">
    <ele>1456.0300000000002</ele>
   </trkpt>
   <trkpt lat="47.245180000000005" lon="10.17361">
    <ele>1456.32</ele>
   </trkpt>
   <trkpt lat="47.245050000000006" lon="10.173300000000001">
    <ele>1456.65</ele>
   </trkpt>
   <trkpt lat="47.24499" lon="10.17326">
    <ele>1456.65</ele>
   </trkpt>
   <trkpt lat="47.244930000000004" lon="10.173250000000001">
    <ele>1456.88</ele>
   </trkpt>
   <trkpt lat="47.24461" lon="10.173250000000001">
    <ele>1458.18</ele>
   </trkpt>
   <trkpt lat="47.2445" lon="10.173340000000001">
    <ele>1458.18</ele>
   </trkpt>
   <trkpt lat="47.24401" lon="10.173520000000002">
    <ele>1459.95</ele>
   </trkpt>
   <trkpt lat="47.24394" lon="10.173530000000001">
    <ele>1459.95</ele>
   </trkpt>
   <trkpt lat="47.24378" lon="10.17351">
    <ele>1460.3400000000001</ele>
   </trkpt>
   <trkpt lat="47.2436" lon="10.17336">
    <ele>1461.5</ele>
   </trkpt>
   <trkpt lat="47.243080000000006" lon="10.17271">
    <ele>1462.45</ele>
   </trkpt>
   <trkpt lat="47.242740000000005" lon="10.17242">
    <ele>1462.3100000000002</ele>
   </trkpt>
   <trkpt lat="47.24264" lon="10.172260000000001">
    <ele>1462.08</ele>
   </trkpt>
   <trkpt lat="47.24248" lon="10.171890000000001">
    <ele>1461.92</ele>
   </trkpt>
   <trkpt lat="47.242340000000006" lon="10.17167">
    <ele>1461.8200000000002</ele>
   </trkpt>
   <trkpt lat="47.24213" lon="10.171570000000001">
    <ele>1461.3400000000001</ele>
   </trkpt>
   <trkpt lat="47.24206" lon="10.171520000000001">
    <ele>1461.3400000000001</ele>
   </trkpt>
   <trkpt lat="47.241910000000004" lon="10.17129">
    <ele>1461.1900000000003</ele>
   </trkpt>
   <trkpt lat="47.241870000000006" lon="10.171190000000001">
    <ele>1461.1900000000003</ele>
   </trkpt>
   <trkpt lat="47.24177" lon="10.170770000000001">
    <ele>1461.1900000000003</ele>
   </trkpt>
   <trkpt lat="47.24177" lon="10.170580000000001">
    <ele>1461.1000000000001</ele>
   </trkpt>
   <trkpt lat="47.24181" lon="10.17022">
    <ele>1461.03</ele>
   </trkpt>
   <trkpt lat="47.241800000000005" lon="10.17014">
    <ele>1461.03</ele>
   </trkpt>
   <trkpt lat="47.24175" lon="10.170020000000001">
    <ele>1460.9800000000002</ele>
   </trkpt>
   <trkpt lat="47.241710000000005" lon="10.16999">
    <ele>1460.9800000000002</ele>
   </trkpt>
   <trkpt lat="47.24154" lon="10.16998">
    <ele>1460.68</ele>
   </trkpt>
   <trkpt lat="47.24082000000001" lon="10.170350000000001">
    <ele>1460.18</ele>
   </trkpt>
   <trkpt lat="47.240640000000006" lon="10.17036">
    <ele>1459.9700000000003</ele>
   </trkpt>
   <trkpt lat="47.240100000000005" lon="10.17028">
    <ele>1458.52</ele>
   </trkpt>
   <trkpt lat="47.239900000000006" lon="10.17022">
    <ele>1458.23</ele>
   </trkpt>
   <trkpt lat="47.239720000000005" lon="10.17008">
    <ele>1458.0600000000002</ele>
   </trkpt>
   <trkpt lat="47.239560000000004" lon="10.169860000000002">
    <ele>1457.4</ele>
   </trkpt>
   <trkpt lat="47.239380000000004" lon="10.16947">
    <ele>1457.24</ele>
   </trkpt>
   <trkpt lat="47.23888" lon="10.168650000000001">
    <ele>1457.64</ele>
   </trkpt>
   <trkpt lat="47.238600000000005" lon="10.16811">
    <ele>1457.5</ele>
   </trkpt>
   <trkpt lat="47.23845000000001" lon="10.16774">
    <ele>1457.3500000000001</ele>
   </trkpt>
   <trkpt lat="47.2381" lon="10.167280000000002">
    <ele>1456.69</ele>
   </trkpt>
   <trkpt lat="47.237950000000005" lon="10.16693">
    <ele>1456.5800000000002</ele>
   </trkpt>
   <trkpt lat="47.237860000000005" lon="10.166820000000001">
    <ele>1456.3700000000001</ele>
   </trkpt>
   <trkpt lat="47.23772" lon="10.166730000000001">
    <ele>1456.25</ele>
   </trkpt>
   <trkpt lat="47.2376" lon="10.16674">
    <ele>1456.25</ele>
   </trkpt>
   <trkpt lat="47.23747" lon="10.16679">
    <ele>1455.7900000000002</ele>
   </trkpt>
   <trkpt lat="47.2374" lon="10.16679">
    <ele>1455.7900000000002</ele>
   </trkpt>
   <trkpt lat="47.23734" lon="10.166770000000001">
    <ele>1455.6100000000001</ele>
   </trkpt>
   <trkpt lat="47.2369000004516" lon="10.166489997745304">
    <ele>1455.3700000000001</ele>
   </trkpt>
   <trkpt lat="47.23646" lon="10.166210000000001">
    <ele>1454.9900000000002</ele>
   </trkpt>
   <trkpt lat="47.23628" lon="10.166060000000002">
    <ele>1454.83</ele>
   </trkpt>
   <trkpt lat="47.235600000000005" lon="10.1653">
    <ele>1454.4800000000002</ele>
   </trkpt>
   <trkpt lat="47.2355" lon="10.165170000000002">
    <ele>1454.43</ele>
   </trkpt>
   <trkpt lat="47.23546" lon="10.165030000000002">
    <ele>1454.43</ele>
   </trkpt>
   <trkpt lat="47.235380000000006" lon="10.16454">
    <ele>1454.2700000000002</ele>
   </trkpt>
   <trkpt lat="47.23534" lon="10.164380000000001">
    <ele>1454.2100000000003</ele>
   </trkpt>
   <trkpt lat="47.235220000000005" lon="10.164190000000001">
    <ele>1453.99</ele>
   </trkpt>
   <trkpt lat="47.235150000000004" lon="10.16411">
    <ele>1453.99</ele>
   </trkpt>
   <trkpt lat="47.23508" lon="10.164050000000001">
    <ele>1453.8700000000001</ele>
   </trkpt>
   <trkpt lat="47.23496" lon="10.16402">
    <ele>1453.57</ele>
   </trkpt>
   <trkpt lat="47.23489000000001" lon="10.16404">
    <ele>1453.21</ele>
   </trkpt>
   <trkpt lat="47.23467" lon="10.16417">
    <ele>1452.9900000000002</ele>
   </trkpt>
   <trkpt lat="47.2346" lon="10.164190000000001">
    <ele>1452.44</ele>
   </trkpt>
   <trkpt lat="47.23378" lon="10.164250000000001">
    <ele>1451.2500000000002</ele>
   </trkpt>
   <trkpt lat="47.23351" lon="10.164230000000002">
    <ele>1450.5</ele>
   </trkpt>
   <trkpt lat="47.233380000000004" lon="10.164190000000001">
    <ele>1450.05</ele>
   </trkpt>
   <trkpt lat="47.23310000000001" lon="10.164050000000001">
    <ele>1449.2900000000002</ele>
   </trkpt>
   <trkpt lat="47.233000000000004" lon="10.16403">
    <ele>1449.2900000000002</ele>
   </trkpt>
   <trkpt lat="47.23288" lon="10.16404">
    <ele>1448.91</ele>
   </trkpt>
   <trkpt lat="47.23272" lon="10.16398">
    <ele>1448.66</ele>
   </trkpt>
   <trkpt lat="47.232060000000004" lon="10.163480000000002">
    <ele>1447.38</ele>
   </trkpt>
   <trkpt lat="47.23198000000001" lon="10.163390000000001">
    <ele>1446.77</ele>
   </trkpt>
   <trkpt lat="47.23183" lon="10.163160000000001">
    <ele>1446.44</ele>
   </trkpt>
   <trkpt lat="47.23167" lon="10.16262">
    <ele>1445.17</ele>
   </trkpt>
   <trkpt lat="47.23156" lon="10.162370000000001">
    <ele>1445.17</ele>
   </trkpt>
   <trkpt lat="47.23133000000001" lon="10.16192">
    <ele>1444.16</ele>
   </trkpt>
   <trkpt lat="47.231280000000005" lon="10.161710000000001">
    <ele>1444.16</ele>
   </trkpt>
   <trkpt lat="47.23114" lon="10.160850000000002">
    <ele>1441.9400000000003</ele>
   </trkpt>
   <trkpt lat="47.231080000000006" lon="10.160620000000002">
    <ele>1441.9400000000003</ele>
   </trkpt>
   <trkpt lat="47.23093" lon="10.16022">
    <ele>1441.06</ele>
   </trkpt>
   <trkpt lat="47.23084" lon="10.160060000000001">
    <ele>1440.46</ele>
   </trkpt>
   <trkpt lat="47.23049" lon="10.15958">
    <ele>1439.3600000000001</ele>
   </trkpt>
   <trkpt lat="47.23022" lon="10.15939">
    <ele>1438.7</ele>
   </trkpt>
   <trkpt lat="47.23001000000001" lon="10.159210000000002">
    <ele>1437.6000000000001</ele>
   </trkpt>
   <trkpt lat="47.22957" lon="10.15853">
    <ele>1436.5700000000002</ele>
   </trkpt>
   <trkpt lat="47.22932" lon="10.158330000000001">
    <ele>1435.7700000000002</ele>
   </trkpt>
   <trkpt lat="47.228950000000005" lon="10.1582">
    <ele>1435.2600000000002</ele>
   </trkpt>
   <trkpt lat="47.228770000000004" lon="10.15821">
    <ele>1435.07</ele>
   </trkpt>
   <trkpt lat="47.228440000000006" lon="10.158280000000001">
    <ele>1434.26</ele>
   </trkpt>
   <trkpt lat="47.228260000000006" lon="10.15826">
    <ele>1434.2400000000002</ele>
   </trkpt>
   <trkpt lat="47.22765500018693" lon="10.15813999865497">
    <ele>1434.2400000000002</ele>
   </trkpt>
   <trkpt lat="47.227050000000006" lon="10.15802">
    <ele>1435.0900000000001</ele>
   </trkpt>
   <trkpt lat="47.22679" lon="10.15787">
    <ele>1436.02</ele>
   </trkpt>
   <trkpt lat="47.22652" lon="10.15755">
    <ele>1436.7800000000002</ele>
   </trkpt>
   <trkpt lat="47.226420000000005" lon="10.15736">
    <ele>1436.7800000000002</ele>
   </trkpt>
   <trkpt lat="47.22623" lon="10.156730000000001">
    <ele>1438.38</ele>
   </trkpt>
   <trkpt lat="47.226090000000006" lon="10.156490000000002">
    <ele>1438.66</ele>
   </trkpt>
   <trkpt lat="47.225930000000005" lon="10.156270000000001">
    <ele>1439.18</ele>
   </trkpt>
   <trkpt lat="47.22574" lon="10.156130000000001">
    <ele>1439.5900000000001</ele>
   </trkpt>
   <trkpt lat="47.225260000000006" lon="10.155830000000002">
    <ele>1440.69</ele>
   </trkpt>
   <trkpt lat="47.224940000000004" lon="10.155520000000001">
    <ele>1441.92</ele>
   </trkpt>
   <trkpt lat="47.22455" lon="10.15498">
    <ele>1442.8100000000002</ele>
   </trkpt>
   <trkpt lat="47.224380000000004" lon="10.154800000000002">
    <ele>1444.01</ele>
   </trkpt>
   <trkpt lat="47.22397000048156" lon="10.154439997143527">
    <ele>1444.8400000000001</ele>
   </trkpt>
   <trkpt lat="47.223560000000006" lon="10.15408">
    <ele>1445.84</ele>
   </trkpt>
   <trkpt lat="47.22287" lon="10.15353">
    <ele>1447.3300000000002</ele>
   </trkpt>
   <trkpt lat="47.222120000000004" lon="10.153">
    <ele>1449.0</ele>
   </trkpt>
   <trkpt lat="47.22172500039163" lon="10.152679997572212">
    <ele>1450.28</ele>
   </trkpt>
   <trkpt lat="47.22133" lon="10.152360000000002">
    <ele>1452.0900000000001</ele>
   </trkpt>
   <trkpt lat="47.22099" lon="10.152140000000001">
    <ele>1452.32</ele>
   </trkpt>
   <trkpt lat="47.2203" lon="10.151810000000001">
    <ele>1454.2400000000002</ele>
   </trkpt>
   <trkpt lat="47.21963" lon="10.15141">
    <ele>1455.89</ele>
   </trkpt>
   <trkpt lat="47.21947" lon="10.15135">
    <ele>1455.89</ele>
   </trkpt>
   <trkpt lat="47.219120000000004" lon="10.151280000000002">
    <ele>1457.03</ele>
   </trkpt>
   <trkpt lat="47.218590000000006" lon="10.151340000000001">
    <ele>1457.68</ele>
   </trkpt>
   <trkpt lat="47.21846" lon="10.1513">
    <ele>1457.5800000000002</ele>
   </trkpt>
   <trkpt lat="47.218300000000006" lon="10.151200000000001">
    <ele>1457.33</ele>
   </trkpt>
   <trkpt lat="47.217940000000006" lon="10.150820000000001">
    <ele>1455.8000000000002</ele>
   </trkpt>
   <trkpt lat="47.21782" lon="10.15066">
    <ele>1455.3700000000001</ele>
   </trkpt>
   <trkpt lat="47.217380000000006" lon="10.15018">
    <ele>1454.52</ele>
   </trkpt>
   <trkpt lat="47.21696000155246" lon="10.149584995304638">
    <ele>1454.05</ele>
   </trkpt>
   <trkpt lat="47.21654" lon="10.148990000000001">
    <ele>1453.5900000000001</ele>
   </trkpt>
   <trkpt lat="47.21584000000001" lon="10.148380000000001">
    <ele>1451.95</ele>
   </trkpt>
   <trkpt lat="47.21548500094257" lon="10.147934997122553">
    <ele>1449.27</ele>
   </trkpt>
   <trkpt lat="47.21513" lon="10.147490000000001">
    <ele>1446.69</ele>
   </trkpt>
   <trkpt lat="47.214960000000005" lon="10.147310000000001">
    <ele>1445.88</ele>
   </trkpt>
   <trkpt lat="47.21445000000001" lon="10.14699">
    <ele>1442.77</ele>
   </trkpt>
   <trkpt lat="47.21416000000001" lon="10.146680000000002">
    <ele>1440.0000000000002</ele>
   </trkpt>
   <trkpt lat="47.21371500091534" lon="10.146169995472691">
    <ele>1437.3400000000001</ele>
   </trkpt>
   <trkpt lat="47.21327" lon="10.145660000000001">
    <ele>1436.3400000000001</ele>
   </trkpt>
   <trkpt lat="47.212680000000006" lon="10.14493">
    <ele>1435.69</ele>
   </trkpt>
   <trkpt lat="47.21262" lon="10.144870000000001">
    <ele>1435.6100000000001</ele>
   </trkpt>
   <trkpt lat="47.212500000000006" lon="10.1448">
    <ele>1435.5000000000002</ele>
   </trkpt>
   <trkpt lat="47.21209" lon="10.14474">
    <ele>1435.4600000000003</ele>
   </trkpt>
   <trkpt lat="47.212" lon="10.1447">
    <ele>1435.54</ele>
   </trkpt>
   <trkpt lat="47.21190000000001" lon="10.144620000000002">
    <ele>1435.54</ele>
   </trkpt>
   <trkpt lat="47.21181000000001" lon="10.14447">
    <ele>1435.63</ele>
   </trkpt>
   <trkpt lat="47.21146500225763" lon="10.143764995608867">
    <ele>1436.0900000000001</ele>
   </trkpt>
   <trkpt lat="47.21112" lon="10.14306">
    <ele>1436.95</ele>
   </trkpt>
   <trkpt lat="47.210840000000005" lon="10.14269">
    <ele>1439.3400000000001</ele>
   </trkpt>
   <trkpt lat="47.2107" lon="10.14301">
    <ele>1441.27</ele>
   </trkpt>
   <trkpt lat="47.21065" lon="10.143210000000002">
    <ele>1442.5</ele>
   </trkpt>
   <trkpt lat="47.21058000000001" lon="10.144120000000001">
    <ele>1444.22</ele>
   </trkpt>
   <trkpt lat="47.210550000000005" lon="10.14423">
    <ele>1444.69</ele>
   </trkpt>
   <trkpt lat="47.210390000000004" lon="10.14451">
    <ele>1444.7800000000002</ele>
   </trkpt>
   <trkpt lat="47.210550000000005" lon="10.14488">
    <ele>1444.76</ele>
   </trkpt>
   <trkpt lat="47.210770000000004" lon="10.145510000000002">
    <ele>1443.65</ele>
   </trkpt>
   <trkpt lat="47.21076" lon="10.145620000000001">
    <ele>1443.3600000000001</ele>
   </trkpt>
   <trkpt lat="47.210910000000005" lon="10.14587">
    <ele>1443.19</ele>
   </trkpt>
   <trkpt lat="47.21125000000001" lon="10.1461">
    <ele>1442.2100000000003</ele>
   </trkpt>
   <trkpt lat="47.211420000000004" lon="10.146320000000001">
    <ele>1442.0600000000002</ele>
   </trkpt>
   <trkpt lat="47.21184" lon="10.14736">
    <ele>1446.63</ele>
   </trkpt>
   <trkpt lat="47.21210000000001" lon="10.147900000000002">
    <ele>1447.1200000000001</ele>
   </trkpt>
   <trkpt lat="47.212050000000005" lon="10.148060000000001">
    <ele>1447.1200000000001</ele>
   </trkpt>
   <trkpt lat="47.21190000000001" lon="10.148150000000001">
    <ele>1447.1200000000001</ele>
   </trkpt>
   <trkpt lat="47.21182" lon="10.14827">
    <ele>1447.1200000000001</ele>
   </trkpt>
  </trkseg>
 </trk>
</gpx>
